{
    "structural_factor": 2.5528893707517093,
    "functional_factor": -69.98441765823408
}