{
    "structural_factor": 2.322664589474587,
    "functional_factor": -112.08865674426148
}