{
    "structural_factor": 1.9319743644984821,
    "functional_factor": -268.54216337000616
}