{
    "structural_factor": 1.0513772967561477,
    "functional_factor": 1.3780939423061487
}