{
    "structural_factor": 2.4071881493177685,
    "functional_factor": 4.956814194460575
}