{
    "structural_factor": 1.4294965949258658,
    "functional_factor": 1.9741294663615527
}