{
    "structural_factor": 1.3924152520956574,
    "functional_factor": 1.5511545745894104
}