{
    "structural_factor": 1.4285809419498954,
    "functional_factor": 1.420965229002041
}