{
    "structural_factor": 1.2820325501643668,
    "functional_factor": 1.4192780541685999
}