{
    "structural_factor": 2.386631447602213,
    "functional_factor": 27.50255507173483
}