{
    "structural_factor": 2.304055746439602,
    "functional_factor": 4.063690645433497
}