{
    "structural_factor": 2.5712657273455655,
    "functional_factor": 6.654581931525034
}