{
    "structural_factor": 2.170338854522207,
    "functional_factor": 10.051338893588463
}