{
    "structural_factor": 2.0404461933013276,
    "functional_factor": 36.62525044282059
}