{
    "structural_factor": 1.3126381740133666,
    "functional_factor": 1.3698715558314163
}