{
    "structural_factor": 1.22901688188456,
    "functional_factor": 1.3830782617604165
}