{
    "structural_factor": 1.4320583217187601,
    "functional_factor": 1.5219585557516635
}