{
    "structural_factor": 1.257085081209185,
    "functional_factor": 1.339455821656068
}