{
    "structural_factor": 2.4635215368788197,
    "functional_factor": 12.863888327367675
}