{
    "structural_factor": 1.124018954650993,
    "functional_factor": 1.372683932698933
}