{
    "structural_factor": 1.1829546399632662,
    "functional_factor": 1.4658925963259715
}