{
    "structural_factor": 1.3031755845716206,
    "functional_factor": 1.6693678881026475
}