{
    "structural_factor": 2.1850198375137833,
    "functional_factor": 6.327430324295583
}