{
    "structural_factor": 1.2608830025711741,
    "functional_factor": 1.35359303283249
}