{
    "structural_factor": 1.3259146369898114,
    "functional_factor": 2.0655468811705355
}