{
    "structural_factor": 1.9682378918951482,
    "functional_factor": 102.13120694911446
}