{
    "structural_factor": 2.1509690264068766,
    "functional_factor": 20.523064161696553
}