{
    "structural_factor": 1.923461798920007,
    "functional_factor": -20.642397655806892
}