{
    "structural_factor": 2.0737022555233056,
    "functional_factor": 6.180974670704442
}