{
    "structural_factor": 1.3039393481668413,
    "functional_factor": 1.7979045379766552
}