{
    "structural_factor": 1.2529749258439853,
    "functional_factor": 1.4367417296561105
}