{
    "structural_factor": 2.2222562256338954,
    "functional_factor": -28.325236965045328
}