{
    "structural_factor": 2.0486351483545437,
    "functional_factor": 258.58936733633067
}