{
    "structural_factor": 1.3046847773090584,
    "functional_factor": 1.5295038537544419
}