{
    "structural_factor": 2.421974607095374,
    "functional_factor": 16.48627470832562
}