{
    "structural_factor": 1.9260773571688845,
    "functional_factor": 4.299339197912195
}