{
    "structural_factor": 2.125152246128134,
    "functional_factor": 6.129743840147823
}