{
    "structural_factor": 1.1469456951134613,
    "functional_factor": 1.4017421570701443
}