{
    "structural_factor": 2.155553268265587,
    "functional_factor": -10754.07566515458
}