{
    "structural_factor": 1.2994881875854107,
    "functional_factor": 1.846958246139216
}