{
    "structural_factor": 1.2267717157066353,
    "functional_factor": 1.4257715556002823
}