{
    "structural_factor": 2.2287506898199467,
    "functional_factor": 8.194592482648769
}