{
    "structural_factor": 1.2501849180611302,
    "functional_factor": 1.3029572498129336
}