{
    "structural_factor": 1.11919133758594,
    "functional_factor": 1.8757984006279498
}