{
    "structural_factor": 1.4897203364115572,
    "functional_factor": 1.5583935175846506
}