{
    "structural_factor": 2.1682827735466286,
    "functional_factor": 19.37177450979741
}