{
    "structural_factor": 1.0110034001693446,
    "functional_factor": 1.3789166163971982
}