{
    "structural_factor": 1.297222887917496,
    "functional_factor": 1.3132895715117558
}