{
    "structural_factor": 1.183289300749355,
    "functional_factor": 1.8948066622859476
}