{
    "structural_factor": 1.2360467086733193,
    "functional_factor": 1.4201080942805777
}