{
    "structural_factor": 2.2231284735493264,
    "functional_factor": 51.725856545279974
}