{
    "structural_factor": 2.0970885056007083,
    "functional_factor": 1.2578813344175397
}