{
    "structural_factor": 3.252202976744912,
    "functional_factor": 1.189138219522736
}