{
    "structural_factor": 1.2031803013651092,
    "functional_factor": 1.2457565142148852
}