{
    "structural_factor": 1.4494293667842748,
    "functional_factor": 4.167501342135589
}