{
    "structural_factor": 2.2505643329068854,
    "functional_factor": 2.498924000636774
}