{
    "structural_factor": 1.6846846137425953,
    "functional_factor": 1.3965249643398103
}