{
    "structural_factor": 4.003762240886125,
    "functional_factor": 2.4967287552156674
}