{
    "structural_factor": 3.5028928770656913,
    "functional_factor": 1.1352968847319587
}