{
    "structural_factor": 1.4497576785898305,
    "functional_factor": 1.0000022117042968
}