{
    "structural_factor": 1.8496877099811821,
    "functional_factor": 4.163436893738402
}