{
    "structural_factor": 1.9763553819064854,
    "functional_factor": 1.413614598481247
}