{
    "structural_factor": 1.1577883110414824,
    "functional_factor": 1.2407685715495302
}