{
    "structural_factor": 2.140825206305084,
    "functional_factor": 1.0001714525048997
}