{
    "structural_factor": 2.000257186422948,
    "functional_factor": 2.7760955466139907
}