{
    "structural_factor": 4.004171721611328,
    "functional_factor": 2.4961927769383
}