{
    "structural_factor": 1.949416991385591,
    "functional_factor": 1.922994636513252
}