{
    "structural_factor": 1.099809887071395,
    "functional_factor": 2.0838381988779457
}