{
    "structural_factor": 2.9996282081778465,
    "functional_factor": 0.9999822598613084
}