{
    "structural_factor": 4.006192961561314,
    "functional_factor": 1.1879917292982318
}