{
    "structural_factor": 2.7509963335438012,
    "functional_factor": 1.315064665589639
}