{
    "structural_factor": 1.1241256374653354,
    "functional_factor": 1.060596473152764
}