{
    "structural_factor": 1.4403849158925284,
    "functional_factor": 1.2138678282645994
}