{
    "structural_factor": 1.9786208805461387,
    "functional_factor": 1.5397870811440981
}