{
    "structural_factor": 1.7840200778205086,
    "functional_factor": 1.0000696754127443
}