{
    "structural_factor": 1.649468790277121,
    "functional_factor": 1.922695330666471
}