{
    "structural_factor": 2.500520109735054,
    "functional_factor": 1.4701444209661505
}