{
    "structural_factor": 1.7496048016781305,
    "functional_factor": 1.922472964922213
}