{
    "structural_factor": 2.751475053789894,
    "functional_factor": 2.271995112007503
}