{
    "structural_factor": 3.753188968187774,
    "functional_factor": 1.5606118445552897
}