{
    "structural_factor": 1.0998325741235537,
    "functional_factor": 3.1242642802923175
}