{
    "structural_factor": 1.1999012635232427,
    "functional_factor": 2.7787573850700586
}