{
    "structural_factor": 2.5069303099847278,
    "functional_factor": 1.2456235510613427
}