{
    "structural_factor": 2.5014478544129584,
    "functional_factor": 2.7748796322010727
}