{
    "structural_factor": 2.2505529928771026,
    "functional_factor": 3.5717299308367974
}