{
    "structural_factor": 1.849552051215884,
    "functional_factor": 1.9232877672044109
}