{
    "structural_factor": 1.3999130782063316,
    "functional_factor": 2.4992813342920392
}