{
    "structural_factor": 2.1666618704936367,
    "functional_factor": 1.0981845484310233
}