{
    "structural_factor": 1.9001896681238146,
    "functional_factor": 3.5712636680280565
}