{
    "structural_factor": 2.0603241955760496,
    "functional_factor": 1.0001817412289489
}