{
    "structural_factor": 3.5032476718448806,
    "functional_factor": 2.270035494710258
}