{
    "structural_factor": 3.754171151594383,
    "functional_factor": 2.7730815632092725
}