{
    "structural_factor": 1.9194214983204891,
    "functional_factor": 1.0949586663716653
}