{
    "structural_factor": 1.3016994811631604,
    "functional_factor": 1.4683365934903403
}