{
    "structural_factor": 1.899554323058786,
    "functional_factor": 1.000051152016048
}