{
    "structural_factor": 1.299824308051832,
    "functional_factor": 2.501863255423673
}