{
    "structural_factor": 3.00200920134407,
    "functional_factor": 2.081214232937249
}