{
    "structural_factor": 1.4113438915526815,
    "functional_factor": 1.2584369292489574
}