{
    "structural_factor": 3.501915814767207,
    "functional_factor": 1.3147643557204434
}