{
    "structural_factor": 2.000243003840367,
    "functional_factor": 2.499904954146167
}