{
    "structural_factor": 3.250642443811306,
    "functional_factor": 1.562200444517924
}