{
    "structural_factor": 1.441958051307727,
    "functional_factor": 1.0161314003335487
}