{
    "structural_factor": 4.004029741072861,
    "functional_factor": 2.27060263601246
}