{
    "structural_factor": 1.4648552166162967,
    "functional_factor": 1.0371921220826885
}