{
    "structural_factor": 3.2515305996335035,
    "functional_factor": 1.663264681585256
}