{
    "structural_factor": 1.7004791661578755,
    "functional_factor": 1.6635991842336058
}