{
    "structural_factor": 1.9983922525980344,
    "functional_factor": 1.012026030915184
}