{
    "structural_factor": 1.199858196691224,
    "functional_factor": 2.5009839467509485
}