{
    "structural_factor": 2.5002790572840334,
    "functional_factor": 1.9218218043831163
}