{
    "structural_factor": 1.9197096727810807,
    "functional_factor": 1.5461905781994496
}