{
    "structural_factor": 2.000031680728383,
    "functional_factor": 1.7855589160024652
}