{
    "structural_factor": 1.472161483265697,
    "functional_factor": 1.0028134274208071
}