{
    "structural_factor": 1.3999841496759688,
    "functional_factor": 2.7776738842924833
}