{
    "structural_factor": 1.5495652024335427,
    "functional_factor": 4.161519237709008
}