{
    "structural_factor": 1.948694125769047,
    "functional_factor": 1.0869523848320133
}