{
    "structural_factor": 1.2994805308114175,
    "functional_factor": 4.171129828056682
}