{
    "structural_factor": 1.9235536726477085,
    "functional_factor": 1.033473552461268
}