{
    "structural_factor": 1.34990899181022,
    "functional_factor": 3.576008485454305
}