{
    "structural_factor": 3.501105042303095,
    "functional_factor": 1.5617773587376864
}