{
    "structural_factor": 3.7536176484150126,
    "functional_factor": 2.774431112819075
}