{
    "structural_factor": 1.4000914569054168,
    "functional_factor": 2.0827973984569224
}