{
    "structural_factor": 1.2498572708142532,
    "functional_factor": 2.499466919945084
}