{
    "structural_factor": 1.316414090455737,
    "functional_factor": 1.2994041229650075
}