{
    "structural_factor": 1.5495540552285592,
    "functional_factor": 1.0000735527020892
}