{
    "structural_factor": 2.250692230012727,
    "functional_factor": 3.1239346495735583
}