{
    "structural_factor": 1.8459562205817157,
    "functional_factor": 1.107908690607246
}