{
    "structural_factor": 1.699604977068445,
    "functional_factor": 4.159904024718321
}