{
    "structural_factor": 1.2498279979480797,
    "functional_factor": 1.7861223712256726
}