{
    "structural_factor": 0.9997543256518767,
    "functional_factor": 1.0000329507974997
}