{
    "structural_factor": 1.7489816881964235,
    "functional_factor": 1.0867997438086687
}