{
    "structural_factor": 2.7495609263642486,
    "functional_factor": 1.0000133722064437
}