{
    "structural_factor": 1.2497145701528403,
    "functional_factor": 1.0000421685903376
}