{
    "structural_factor": 1.9987462984056084,
    "functional_factor": 1.2834776382766904
}