{
    "structural_factor": 1.2046286798511454,
    "functional_factor": 1.086304466874293
}