{
    "structural_factor": 1.6500642166308024,
    "functional_factor": 3.1238651411369593
}