{
    "structural_factor": 3.5010922194936236,
    "functional_factor": 1.663170794893665
}