{
    "structural_factor": 2.2517392991867764,
    "functional_factor": 1.5608164885782818
}