{
    "structural_factor": 1.351018539955369,
    "functional_factor": 1.561228852327296
}