{
    "structural_factor": 2.034883920043159,
    "functional_factor": 1.2931018539992787
}