{
    "structural_factor": 1.6499606475597663,
    "functional_factor": 2.272299990509595
}