{
    "structural_factor": 1.8001018008811478,
    "functional_factor": 3.571111703337585
}