{
    "structural_factor": 1.1499457827595425,
    "functional_factor": 1.5620443405783606
}