{
    "structural_factor": 3.2509512956926105,
    "functional_factor": 1.5617091490260062
}