{
    "structural_factor": 2.000373369278605,
    "functional_factor": 3.5716952313797568
}