{
    "structural_factor": 3.501693133208499,
    "functional_factor": 1.2485818086124878
}