{
    "structural_factor": 1.1999273382107623,
    "functional_factor": 2.7803149522401203
}