{
    "structural_factor": 3.250677104262341,
    "functional_factor": 1.0861408539861581
}