{
    "structural_factor": 1.750148717967484,
    "functional_factor": 3.570843665571158
}