{
    "structural_factor": 1.7493658494246367,
    "functional_factor": 1.92264351478921
}