{
    "structural_factor": 1.2913808108015623,
    "functional_factor": 1.0084786236649739
}