{
    "structural_factor": 4.003224278738598,
    "functional_factor": 1.9210865893402496
}