{
    "structural_factor": 2.254613280366797,
    "functional_factor": 1.312930074408511
}