{
    "structural_factor": 2.1413884107546646,
    "functional_factor": 0.9999109966200792
}