{
    "structural_factor": 1.8994482501467762,
    "functional_factor": 1.9227212101600912
}