{
    "structural_factor": 2.5005642413786853,
    "functional_factor": 2.2711925649099576
}