{
    "structural_factor": 1.9511174595362824,
    "functional_factor": 1.2809709097316235
}