{
    "structural_factor": 1.0498651089802338,
    "functional_factor": 3.5724333388599967
}