{
    "structural_factor": 1.7010999019448703,
    "functional_factor": 1.0014144511669676
}