{
    "structural_factor": 1.7496823978752882,
    "functional_factor": 1.0000139823334346
}