{
    "structural_factor": 4.004460628358949,
    "functional_factor": 3.12239951742897
}