{
    "structural_factor": 1.849306896707127,
    "functional_factor": 1.9225890749146557
}