{
    "structural_factor": 1.5311916812288302,
    "functional_factor": 1.0012908211359415
}