{
    "structural_factor": 2.7511079401268446,
    "functional_factor": 1.6628164576172844
}