{
    "structural_factor": 2.1059003987851113,
    "functional_factor": 1.3965052397828828
}