{
    "structural_factor": 1.8495868377480065,
    "functional_factor": 4.164516743809232
}