{
    "structural_factor": 2.749567824468078,
    "functional_factor": 0.9999838002888072
}