{
    "structural_factor": 2.318463772260031,
    "functional_factor": 1.0005773688895983
}