{
    "structural_factor": 1.1496069676053464,
    "functional_factor": 1.7861433086745357
}