{
    "structural_factor": 3.750062442210767,
    "functional_factor": 1.0863467620359943
}