{
    "structural_factor": 1.0994615381522592,
    "functional_factor": 1.9231204995592597
}