{
    "structural_factor": 1.6996662927740438,
    "functional_factor": 1.0000116165831547
}