{
    "structural_factor": 1.2000665067940124,
    "functional_factor": 1.664091580120482
}