{
    "structural_factor": 1.3902966363883136,
    "functional_factor": 1.3479092978057332
}