{
    "structural_factor": 1.6076179157679213,
    "functional_factor": 1.2683765655821837
}