{
    "structural_factor": 1.2498635303767238,
    "functional_factor": 2.4998505917459317
}