{
    "structural_factor": 1.1998189632765897,
    "functional_factor": 0.9999924824630976
}