{
    "structural_factor": 3.0012753018834304,
    "functional_factor": 1.6634269837750582
}