{
    "structural_factor": 1.3994198070167372,
    "functional_factor": 1.922970289292793
}