{
    "structural_factor": 2.7500590090872428,
    "functional_factor": 1.9224731328039688
}