{
    "structural_factor": 1.9500029687346683,
    "functional_factor": 2.500021638302042
}