{
    "structural_factor": 1.6071182175696064,
    "functional_factor": 1.4179025392492723
}