{
    "structural_factor": 1.0498690153920267,
    "functional_factor": 3.1245879016545546
}