{
    "structural_factor": 3.751549334498483,
    "functional_factor": 1.3881735590641813
}