{
    "structural_factor": 2.3643540971824395,
    "functional_factor": 1.0065525864377127
}