{
    "structural_factor": 2.1449189091603373,
    "functional_factor": 1.0191562279513802
}