{
    "structural_factor": 1.4710959815590723,
    "functional_factor": 1.0107051842758918
}