{
    "structural_factor": 1.1495061365206112,
    "functional_factor": 4.167350874016722
}