{
    "structural_factor": 3.0012917094599794,
    "functional_factor": 1.5614752068904463
}