{
    "structural_factor": 1.7353078586877175,
    "functional_factor": 1.2796424381261158
}