{
    "structural_factor": 1.5002387271105053,
    "functional_factor": 1.6638600120219793
}