{
    "structural_factor": 1.410872013505613,
    "functional_factor": 1.0386751636684968
}