{
    "structural_factor": 1.588307326342131,
    "functional_factor": 1.0009709394403825
}