{
    "structural_factor": 2.185316651022372,
    "functional_factor": 1.0002070810870194
}