{
    "structural_factor": 3.0012727133332535,
    "functional_factor": 3.121764253675912
}