{
    "structural_factor": 1.76687223746732,
    "functional_factor": 1.1913288910976192
}