{
    "structural_factor": 1.5499885938597486,
    "functional_factor": 2.777827055101814
}