{
    "structural_factor": 3.5024634540011625,
    "functional_factor": 1.1888940687639427
}