{
    "structural_factor": 0.9995534471427536,
    "functional_factor": 4.16486558745597
}