{
    "structural_factor": 1.2499414572330512,
    "functional_factor": 3.567731592321317
}