{
    "structural_factor": 2.0001195715250337,
    "functional_factor": 2.778175671695487
}