{
    "structural_factor": 2.0260471204434296,
    "functional_factor": 1.4513197086323557
}