{
    "structural_factor": 1.5000221795873445,
    "functional_factor": 3.126371993060736
}