{
    "structural_factor": 1.3508867178574067,
    "functional_factor": 1.5616598565618383
}