{
    "structural_factor": 1.5001833723121527,
    "functional_factor": 1.013068108746689
}