{
    "structural_factor": 1.252920567480014,
    "functional_factor": 1.466650410098865
}