{
    "structural_factor": 1.9999597503209743,
    "functional_factor": 1.1361430824299292
}