{
    "structural_factor": 3.000695146273638,
    "functional_factor": 1.1895384867578354
}