{
    "structural_factor": 0.9998613245396787,
    "functional_factor": 3.569888945113732
}