{
    "structural_factor": 1.6998728839754225,
    "functional_factor": 1.7851396029502105
}