{
    "structural_factor": 1.0503191412823205,
    "functional_factor": 1.2485342264635249
}