{
    "structural_factor": 1.3000381282017066,
    "functional_factor": 2.0833324765190215
}