{
    "structural_factor": 1.949979342500457,
    "functional_factor": 1.663749760342848
}