{
    "structural_factor": 2.500356748619395,
    "functional_factor": 1.6633603597487647
}