{
    "structural_factor": 3.0016757952511464,
    "functional_factor": 1.469713463506529
}