{
    "structural_factor": 2.2502205584977397,
    "functional_factor": 2.500607332914681
}