{
    "structural_factor": 2.2502006816145346,
    "functional_factor": 2.2725374407626977
}