{
    "structural_factor": 2.000030658513941,
    "functional_factor": 2.271004573507596
}