{
    "structural_factor": 1.833207144110882,
    "functional_factor": 1.0843236571841135
}