{
    "structural_factor": 1.3498585196879758,
    "functional_factor": 3.570878961630929
}