{
    "structural_factor": 1.1497442048652307,
    "functional_factor": 2.0840322820327737
}