{
    "structural_factor": 1.3501662849390648,
    "functional_factor": 1.6635086978541105
}