{
    "structural_factor": 4.006310270024624,
    "functional_factor": 1.1342923535153513
}