{
    "structural_factor": 1.899810384655498,
    "functional_factor": 1.785688884857844
}