{
    "structural_factor": 3.502822527271533,
    "functional_factor": 1.4696355272540305
}