{
    "structural_factor": 3.000039522347733,
    "functional_factor": 4.166703868772853
}