{
    "structural_factor": 2.5004047237700453,
    "functional_factor": 2.0831317894685166
}