{
    "structural_factor": 1.5999702514148169,
    "functional_factor": 1.6640739179304136
}