{
    "structural_factor": 2.2680831010510016,
    "functional_factor": 1.180332861280801
}