{
    "structural_factor": 1.8639371183078548,
    "functional_factor": 1.34075490208056
}