{
    "structural_factor": 1.794304660865806,
    "functional_factor": 1.3112497404124261
}