{
    "structural_factor": 1.7001448956201424,
    "functional_factor": 1.6638613082477998
}