{
    "structural_factor": 2.000110814469326,
    "functional_factor": 2.272745222792486
}