{
    "structural_factor": 1.4999969634917873,
    "functional_factor": 2.7782649716350085
}