{
    "structural_factor": 2.7508006639477474,
    "functional_factor": 1.6625613343892454
}