{
    "structural_factor": 1.8501558879471636,
    "functional_factor": 2.5019466002181723
}