{
    "structural_factor": 0.9995283622760798,
    "functional_factor": 1.9235514702926786
}