{
    "structural_factor": 2.4996590577345237,
    "functional_factor": 1.000003464489205
}