{
    "structural_factor": 2.7516364932775157,
    "functional_factor": 1.2481442886837404
}