{
    "structural_factor": 0.9997862459630683,
    "functional_factor": 1.1899724266572569
}