{
    "structural_factor": 3.5011591921771683,
    "functional_factor": 4.172053418525124
}