{
    "structural_factor": 1.4856621077396197,
    "functional_factor": 1.059415749346568
}