{
    "structural_factor": 1.5496964829834858,
    "functional_factor": 1.0000229642362894
}