{
    "structural_factor": 4.004503718200987,
    "functional_factor": 1.6618668662524252
}