{
    "structural_factor": 1.1998211119594486,
    "functional_factor": 2.50094448525407
}