{
    "structural_factor": 2.74988030840764,
    "functional_factor": 4.161884016475351
}