{
    "structural_factor": 2.0002035370205307,
    "functional_factor": 3.126124560196596
}