{
    "structural_factor": 2.253263084830495,
    "functional_factor": 1.38679420836523
}