{
    "structural_factor": 2.7506308824949293,
    "functional_factor": 1.5619237709973492
}