{
    "structural_factor": 2.369517884496979,
    "functional_factor": 1.0014133217104604
}