{
    "structural_factor": 2.3703670189821455,
    "functional_factor": 1.001139345224257
}