{
    "structural_factor": 4.004988534683189,
    "functional_factor": 1.3865365999617567
}