{
    "structural_factor": 1.7500268450500402,
    "functional_factor": 2.501385701492218
}