{
    "structural_factor": 2.2546754688346304,
    "functional_factor": 1.312805317479664
}