{
    "structural_factor": 1.3997901606847598,
    "functional_factor": 1.7858539862785987
}