{
    "structural_factor": 1.6000447513819591,
    "functional_factor": 3.124357623219457
}