{
    "structural_factor": 1.9073448729274103,
    "functional_factor": 1.131678749505665
}