{
    "structural_factor": 3.2531519485598004,
    "functional_factor": 2.4966737675421395
}