{
    "structural_factor": 1.497508923912693,
    "functional_factor": 1.4233546544562048
}