{
    "structural_factor": 1.3999250212342131,
    "functional_factor": 3.1248575363000475
}