{
    "structural_factor": 1.3507683644802482,
    "functional_factor": 1.561974720024986
}