{
    "structural_factor": 1.9993195356610496,
    "functional_factor": 1.9222161193862366
}