{
    "structural_factor": 1.7990105478186222,
    "functional_factor": 1.086920985678709
}