{
    "structural_factor": 1.4999178730456497,
    "functional_factor": 2.7761038719539157
}