{
    "structural_factor": 1.1499117838608675,
    "functional_factor": 1.6636199977244102
}