{
    "structural_factor": 1.2499561235286334,
    "functional_factor": 2.083691842772408
}