{
    "structural_factor": 1.4742332588504534,
    "functional_factor": 1.0011865624569753
}