{
    "structural_factor": 1.5500628399695073,
    "functional_factor": 3.1241996300927974
}