{
    "structural_factor": 1.5516008960280077,
    "functional_factor": 1.5606401946406532
}