{
    "structural_factor": 0.9999171001479102,
    "functional_factor": 1.2490484535759965
}