{
    "structural_factor": 1.5675248990897406,
    "functional_factor": 1.2167178726302763
}