{
    "structural_factor": 1.550106734338248,
    "functional_factor": 2.082596955211954
}