{
    "structural_factor": 1.0497736757432834,
    "functional_factor": 2.499308595108708
}