{
    "structural_factor": 1.5884682005876873,
    "functional_factor": 1.0009440731770614
}