{
    "structural_factor": 1.8502529313276386,
    "functional_factor": 2.0831572017807525
}