{
    "structural_factor": 2.5001733860337967,
    "functional_factor": 1.7858006083229185
}