{
    "structural_factor": 2.0003508134783794,
    "functional_factor": 1.6636954321685435
}