{
    "structural_factor": 1.5500279346392885,
    "functional_factor": 2.272778267751101
}