{
    "structural_factor": 1.9877564459931354,
    "functional_factor": 1.2575939832876526
}