{
    "structural_factor": 2.267853989091221,
    "functional_factor": 1.018846441843696
}