{
    "structural_factor": 2.750853566196911,
    "functional_factor": 2.4970584874946185
}