{
    "structural_factor": 1.6994785037679263,
    "functional_factor": 1.9230963690731082
}