{
    "structural_factor": 1.7244827324310703,
    "functional_factor": 1.0000954624249632
}