{
    "structural_factor": 1.650337116660698,
    "functional_factor": 2.083722550067247
}