{
    "structural_factor": 1.6000778242303881,
    "functional_factor": 2.0832300298859407
}