{
    "structural_factor": 3.252371164606231,
    "functional_factor": 3.1228062670337633
}