{
    "structural_factor": 1.1505664232799062,
    "functional_factor": 1.3147451008283404
}