{
    "structural_factor": 1.0998591804489422,
    "functional_factor": 2.7783963996166077
}