{
    "structural_factor": 1.2500911893709805,
    "functional_factor": 1.6641250954922244
}