{
    "structural_factor": 2.751238161172897,
    "functional_factor": 2.0808886333902468
}