{
    "structural_factor": 1.099794046130923,
    "functional_factor": 1.0000010464070375
}