{
    "structural_factor": 1.8002064723691704,
    "functional_factor": 2.083491878143689
}