{
    "structural_factor": 1.6641089046899398,
    "functional_factor": 1.1068574392146096
}