{
    "structural_factor": 1.6982471991719819,
    "functional_factor": 1.0872177639792304
}