{
    "structural_factor": 2.2498296466838554,
    "functional_factor": 1.9228563514520427
}