{
    "structural_factor": 1.5503240525191688,
    "functional_factor": 1.6639959124057926
}