{
    "structural_factor": 1.9000642537158439,
    "functional_factor": 1.7856085735940272
}