{
    "structural_factor": 4.006359839543491,
    "functional_factor": 1.1878245968418941
}