{
    "structural_factor": 1.9496649989107118,
    "functional_factor": 4.170252429277449
}