{
    "structural_factor": 1.202232367484554,
    "functional_factor": 1.3857090328153152
}