{
    "structural_factor": 1.4248690423845407,
    "functional_factor": 1.1834794109865685
}