{
    "structural_factor": 2.0032144319102883,
    "functional_factor": 1.559917904261341
}