{
    "structural_factor": 2.9995294558547245,
    "functional_factor": 0.9999974422123477
}