{
    "structural_factor": 0.9992175027863529,
    "functional_factor": 1.6647120223736032
}