{
    "structural_factor": 1.0486146918184998,
    "functional_factor": 1.0392718670984615
}