{
    "structural_factor": 1.724018947463615,
    "functional_factor": 1.000388734061673
}