{
    "structural_factor": 1.9994901099515807,
    "functional_factor": 1.9216633497548474
}