{
    "structural_factor": 1.8500523106415194,
    "functional_factor": 2.778725093655717
}