{
    "structural_factor": 1.600054265436118,
    "functional_factor": 3.1245422036531614
}