{
    "structural_factor": 1.7496031091146338,
    "functional_factor": 1.0000514071086286
}