{
    "structural_factor": 2.75139052126734,
    "functional_factor": 1.4698919256306182
}