{
    "structural_factor": 1.5000043495890303,
    "functional_factor": 1.562458909149329
}