{
    "structural_factor": 3.502712679358922,
    "functional_factor": 1.3878225394962813
}