{
    "structural_factor": 2.2504375877125935,
    "functional_factor": 3.125819130988453
}