{
    "structural_factor": 3.5031409656725168,
    "functional_factor": 1.7840793556330845
}