{
    "structural_factor": 1.2498229067308926,
    "functional_factor": 1.7855856875593408
}