{
    "structural_factor": 2.49891794371316,
    "functional_factor": 0.9993633963398441
}