{
    "structural_factor": 1.8397246420933118,
    "functional_factor": 1.5286022478959567
}