{
    "structural_factor": 1.0998041436079689,
    "functional_factor": 2.4987074317890405
}