{
    "structural_factor": 3.755543016579038,
    "functional_factor": 1.134362219366333
}