{
    "structural_factor": 3.0016997368455614,
    "functional_factor": 3.5666773577417805
}