{
    "structural_factor": 2.2009284988239064,
    "functional_factor": 0.9999515421341242
}