{
    "structural_factor": 3.753734097427159,
    "functional_factor": 1.2478165506332186
}