{
    "structural_factor": 1.5993783793416323,
    "functional_factor": 1.9225471234005178
}