{
    "structural_factor": 3.75306407570943,
    "functional_factor": 1.6624057419002647
}