{
    "structural_factor": 2.1955971741998215,
    "functional_factor": 1.083529581184096
}