{
    "structural_factor": 1.1998471770577932,
    "functional_factor": 2.499883384250044
}