{
    "structural_factor": 3.252998998732235,
    "functional_factor": 1.1887793609735233
}