{
    "structural_factor": 1.0995269543188544,
    "functional_factor": 2.272772325075247
}