{
    "structural_factor": 1.049882467444231,
    "functional_factor": 3.5711289399252806
}