{
    "structural_factor": 1.9816940344686218,
    "functional_factor": 1.0399475815907007
}