{
    "structural_factor": 2.2503510712598915,
    "functional_factor": 2.272294940824324
}