{
    "structural_factor": 2.21786488230489,
    "functional_factor": 1.0136104930324759
}