{
    "structural_factor": 1.8617673552836607,
    "functional_factor": 1.2239095845349734
}