{
    "structural_factor": 3.0008148947674207,
    "functional_factor": 1.9216788984848956
}