{
    "structural_factor": 1.1496089606753108,
    "functional_factor": 1.7857710713090604
}