{
    "structural_factor": 4.00396987838502,
    "functional_factor": 3.120718077774172
}