{
    "structural_factor": 1.149540977652768,
    "functional_factor": 4.165731876184571
}