{
    "structural_factor": 1.1998545112898118,
    "functional_factor": 2.49983950310766
}