{
    "structural_factor": 1.9502867745957253,
    "functional_factor": 3.122325492645641
}