{
    "structural_factor": 4.004717018065615,
    "functional_factor": 1.9205324192749489
}