{
    "structural_factor": 0.9999303095446654,
    "functional_factor": 1.470457620789512
}