{
    "structural_factor": 3.252836250240335,
    "functional_factor": 2.2697650318704836
}