{
    "structural_factor": 2.0935180186183397,
    "functional_factor": 1.0514358519852431
}