{
    "structural_factor": 1.9992236207427847,
    "functional_factor": 1.0866823388345097
}