{
    "structural_factor": 1.325277604579389,
    "functional_factor": 1.0236078461220006
}