{
    "structural_factor": 3.752847968737388,
    "functional_factor": 1.5609495223042418
}