{
    "structural_factor": 1.85009349159054,
    "functional_factor": 1.7853723194831428
}