{
    "structural_factor": 1.249466312754081,
    "functional_factor": 4.164390986868969
}