{
    "structural_factor": 1.6667741888447491,
    "functional_factor": 1.5465625190491643
}