{
    "structural_factor": 1.900243709465405,
    "functional_factor": 2.0840347124057486
}