{
    "structural_factor": 2.50092758748067,
    "functional_factor": 2.271292778913823
}