{
    "structural_factor": 1.1510086185168522,
    "functional_factor": 1.386853814459919
}