{
    "structural_factor": 1.8870776510565628,
    "functional_factor": 1.1767674954358132
}