{
    "structural_factor": 3.251721689922341,
    "functional_factor": 2.7738291602000635
}