{
    "structural_factor": 3.001710018406919,
    "functional_factor": 2.269822486492506
}