{
    "structural_factor": 1.9001683919956298,
    "functional_factor": 2.2721583308607265
}