{
    "structural_factor": 2.250197923299266,
    "functional_factor": 1.7853732463735763
}