{
    "structural_factor": 1.530866400750777,
    "functional_factor": 1.0014189070157975
}