{
    "structural_factor": 1.3992302601672582,
    "functional_factor": 1.0083391766680303
}