{
    "structural_factor": 1.1499041936364351,
    "functional_factor": 2.498603020972803
}