{
    "structural_factor": 2.7510291649982976,
    "functional_factor": 1.5615540236140497
}