{
    "structural_factor": 1.6537633987816343,
    "functional_factor": 1.2729405156595788
}