{
    "structural_factor": 1.8500935000460481,
    "functional_factor": 3.1256284500049847
}