{
    "structural_factor": 1.0498791704985206,
    "functional_factor": 3.1249669273826557
}