{
    "structural_factor": 1.0497709409214624,
    "functional_factor": 2.273393456492045
}