{
    "structural_factor": 1.4075765160253109,
    "functional_factor": 1.0023937014127744
}