{
    "structural_factor": 1.6993759409325744,
    "functional_factor": 1.9225976915230127
}