{
    "structural_factor": 2.5010547808542984,
    "functional_factor": 2.7770506001522497
}