{
    "structural_factor": 2.250552598693831,
    "functional_factor": 2.5000703236519404
}