{
    "structural_factor": 1.7523879037122159,
    "functional_factor": 1.0695535183855702
}