{
    "structural_factor": 1.399720237325642,
    "functional_factor": 1.0000314264689243
}