{
    "structural_factor": 1.799621499658473,
    "functional_factor": 1.0000344623882333
}