{
    "structural_factor": 1.8000820722344768,
    "functional_factor": 2.2727787020020793
}