{
    "structural_factor": 0.999554497092844,
    "functional_factor": 4.168708134148018
}