{
    "structural_factor": 1.605764587903052,
    "functional_factor": 1.5563547406834377
}