{
    "structural_factor": 1.0994489604299025,
    "functional_factor": 1.9227112344515402
}