{
    "structural_factor": 1.9499163727791047,
    "functional_factor": 1.7848217211252198
}