{
    "structural_factor": 1.6619386716719209,
    "functional_factor": 1.2664713728851755
}