{
    "structural_factor": 1.3499479494451179,
    "functional_factor": 1.7850840934771903
}