{
    "structural_factor": 1.0498505445887232,
    "functional_factor": 2.4992078520235377
}