{
    "structural_factor": 2.5005895241899583,
    "functional_factor": 1.6635674677752457
}