{
    "structural_factor": 1.2112349849113828,
    "functional_factor": 1.3035719156086965
}