{
    "structural_factor": 1.700054601266848,
    "functional_factor": 2.2718724099263325
}