{
    "structural_factor": 0.9997969455968824,
    "functional_factor": 2.500184211057099
}