{
    "structural_factor": 1.349748299852174,
    "functional_factor": 1.0000040767129414
}