{
    "structural_factor": 2.362566506470955,
    "functional_factor": 1.2560725577272152
}