{
    "structural_factor": 4.005102826023612,
    "functional_factor": 2.0802700278131416
}