{
    "structural_factor": 1.349982582087166,
    "functional_factor": 1.6639542514909262
}