{
    "structural_factor": 0.9996383455551753,
    "functional_factor": 1.470427075852415
}