{
    "structural_factor": 1.782349240900442,
    "functional_factor": 1.2551295515175198
}