{
    "structural_factor": 1.2008321645592122,
    "functional_factor": 1.5615060246125632
}