{
    "structural_factor": 1.950272652317798,
    "functional_factor": 1.6634783592295486
}