{
    "structural_factor": 1.8490104811465657,
    "functional_factor": 1.0869186507696564
}