{
    "structural_factor": 3.5019364107660564,
    "functional_factor": 1.4696665584489745
}