{
    "structural_factor": 1.4499430283658143,
    "functional_factor": 3.1254101693764187
}