{
    "structural_factor": 1.5494453662838523,
    "functional_factor": 1.9232526284320839
}