{
    "structural_factor": 1.8506272505453316,
    "functional_factor": 1.6626587873922767
}