{
    "structural_factor": 1.7500613327395576,
    "functional_factor": 2.5008352930729147
}