{
    "structural_factor": 1.1026699725788078,
    "functional_factor": 1.2458434836311547
}