{
    "structural_factor": 2.0153245520195204,
    "functional_factor": 1.377843908259868
}