{
    "structural_factor": 1.8817985083739288,
    "functional_factor": 1.3647561947578561
}