{
    "structural_factor": 1.9501051521204744,
    "functional_factor": 2.272101218027277
}