{
    "structural_factor": 1.0496121903576876,
    "functional_factor": 1.5628016966614808
}