{
    "structural_factor": 1.5438827620964988,
    "functional_factor": 1.0013506981893296
}