{
    "structural_factor": 3.2531283922560346,
    "functional_factor": 3.5690221956992567
}