{
    "structural_factor": 1.649648577054866,
    "functional_factor": 1.0000341603900298
}