{
    "structural_factor": 1.4216536931146437,
    "functional_factor": 1.0459208014617467
}