{
    "structural_factor": 2.2516029845242733,
    "functional_factor": 1.5611038259146104
}