{
    "structural_factor": 2.7494607145350276,
    "functional_factor": 1.000020405697726
}