{
    "structural_factor": 1.8590741792870817,
    "functional_factor": 1.5547610299968053
}