{
    "structural_factor": 2.2503382365667393,
    "functional_factor": 1.7851909569403104
}