{
    "structural_factor": 1.4498904003700235,
    "functional_factor": 2.500022915491124
}