{
    "structural_factor": 1.9500953080270431,
    "functional_factor": 3.1242017972344587
}