{
    "structural_factor": 1.7644634487975737,
    "functional_factor": 1.5490024985440125
}