{
    "structural_factor": 1.2669372626707591,
    "functional_factor": 1.2321700445002606
}