{
    "structural_factor": 1.2508088894471237,
    "functional_factor": 1.561510645602774
}