{
    "structural_factor": 2.4999154922883715,
    "functional_factor": 4.163485383477736
}