{
    "structural_factor": 1.6499688252378737,
    "functional_factor": 2.083337903325032
}