{
    "structural_factor": 1.1001686284782703,
    "functional_factor": 1.3154780918618292
}