{
    "structural_factor": 1.0994071371216518,
    "functional_factor": 1.923779662376798
}