{
    "structural_factor": 3.5026812736100914,
    "functional_factor": 2.2710865551727455
}