{
    "structural_factor": 2.4994800513883444,
    "functional_factor": 1.086540826325958
}