{
    "structural_factor": 1.049831204718275,
    "functional_factor": 2.273485556773326
}