{
    "structural_factor": 1.1002216499855448,
    "functional_factor": 1.2486736723263234
}