{
    "structural_factor": 3.4997178713823067,
    "functional_factor": 0.999926768425892
}