{
    "structural_factor": 2.0003053648379105,
    "functional_factor": 2.499438808427378
}