{
    "structural_factor": 3.5030677206100043,
    "functional_factor": 1.6627964943122155
}