{
    "structural_factor": 1.1498650456755268,
    "functional_factor": 3.5754761689234913
}