{
    "structural_factor": 1.0494850766908153,
    "functional_factor": 1.7863809341288022
}