{
    "structural_factor": 1.7996154217194058,
    "functional_factor": 1.0000273958778223
}