{
    "structural_factor": 1.2499057667128772,
    "functional_factor": 3.573126795248755
}