{
    "structural_factor": 1.1497763362539462,
    "functional_factor": 2.2726765834847127
}