{
    "structural_factor": 1.8500813218711578,
    "functional_factor": 2.501672320180659
}