{
    "structural_factor": 4.0035301783367085,
    "functional_factor": 1.6623039925635967
}