{
    "structural_factor": 1.4500417425519638,
    "functional_factor": 1.6642141873367844
}