{
    "structural_factor": 1.8501068062182295,
    "functional_factor": 3.5713882236021988
}