{
    "structural_factor": 1.653764652406129,
    "functional_factor": 1.5585608812488494
}