{
    "structural_factor": 2.1234411931076274,
    "functional_factor": 0.9997142183152932
}