{
    "structural_factor": 1.299853095130289,
    "functional_factor": 1.7860429966391003
}