{
    "structural_factor": 1.3500425182510234,
    "functional_factor": 1.663591859919811
}