{
    "structural_factor": 1.8002781860592458,
    "functional_factor": 2.082236109280365
}