{
    "structural_factor": 1.1499551013489577,
    "functional_factor": 1.66351403352875
}