{
    "structural_factor": 3.001642231621905,
    "functional_factor": 3.1238701893057175
}