{
    "structural_factor": 1.5844521778742806,
    "functional_factor": 1.0035117986807456
}