{
    "structural_factor": 3.250497346157752,
    "functional_factor": 1.086177705027859
}