{
    "structural_factor": 0.9994697069623532,
    "functional_factor": 1.664695085587151
}