{
    "structural_factor": 1.9999542539961945,
    "functional_factor": 1.66386955751413
}