{
    "structural_factor": 1.0498498828600407,
    "functional_factor": 2.7754915711596015
}