{
    "structural_factor": 1.496290411017553,
    "functional_factor": 1.4250325617373927
}