{
    "structural_factor": 3.753745675490253,
    "functional_factor": 3.1188058285672073
}