{
    "structural_factor": 1.5794087678210809,
    "functional_factor": 1.0311561943546215
}