{
    "structural_factor": 4.0051139149196135,
    "functional_factor": 1.3136081950934988
}