{
    "structural_factor": 1.560479625741072,
    "functional_factor": 1.2899672860572426
}