{
    "structural_factor": 1.5497964167070237,
    "functional_factor": 1.785229410410582
}