{
    "structural_factor": 2.499771007582542,
    "functional_factor": 1.9224863272317154
}