{
    "structural_factor": 0.9997239359965597,
    "functional_factor": 1.5624240891139765
}