{
    "structural_factor": 1.1997342129373336,
    "functional_factor": 1.0000328149678623
}