{
    "structural_factor": 1.399487195232692,
    "functional_factor": 4.166638186022395
}