{
    "structural_factor": 3.2519380017282757,
    "functional_factor": 2.269935846267736
}