{
    "structural_factor": 2.1409531124544605,
    "functional_factor": 1.0001288975323124
}