{
    "structural_factor": 1.3999710041968654,
    "functional_factor": 2.2724531624817925
}