{
    "structural_factor": 3.000638331206455,
    "functional_factor": 1.2487192178606017
}