{
    "structural_factor": 1.4713979336541294,
    "functional_factor": 1.0034595976251384
}