{
    "structural_factor": 1.2998732432583222,
    "functional_factor": 1.7858007042257125
}