{
    "structural_factor": 1.1498413685301798,
    "functional_factor": 3.122830609314496
}