{
    "structural_factor": 1.2758753537051555,
    "functional_factor": 1.2889191103173268
}