{
    "structural_factor": 1.5994149970527591,
    "functional_factor": 1.923102797876395
}