{
    "structural_factor": 1.7504064560427741,
    "functional_factor": 1.6635112484393544
}