{
    "structural_factor": 1.4500113560007004,
    "functional_factor": 3.126690345987291
}