{
    "structural_factor": 1.9500916403587847,
    "functional_factor": 1.6633484522224509
}