{
    "structural_factor": 1.1497563395834491,
    "functional_factor": 1.000024205113622
}