{
    "structural_factor": 1.2499470616259145,
    "functional_factor": 2.083528119697833
}