{
    "structural_factor": 1.835182344074215,
    "functional_factor": 1.0833605670708428
}