{
    "structural_factor": 1.8001662746990346,
    "functional_factor": 1.663494523957673
}