{
    "structural_factor": 4.003953165491604,
    "functional_factor": 3.1221333211179534
}