{
    "structural_factor": 3.2501814545832515,
    "functional_factor": 1.9223694405598168
}