{
    "structural_factor": 0.9996719691920354,
    "functional_factor": 2.2731998850505986
}