{
    "structural_factor": 0.9998141537615189,
    "functional_factor": 1.0000142772136655
}