{
    "structural_factor": 2.4331606594573607,
    "functional_factor": 1.0012058674958018
}