{
    "structural_factor": 3.753595016946474,
    "functional_factor": 1.6620468057792912
}