{
    "structural_factor": 2.250547423545742,
    "functional_factor": 1.562084014104541
}