{
    "structural_factor": 2.5008819397677686,
    "functional_factor": 1.1357251758262428
}