{
    "structural_factor": 1.9502970104234953,
    "functional_factor": 3.1237966647146385
}