{
    "structural_factor": 1.1495940063540484,
    "functional_factor": 2.083163756875289
}