{
    "structural_factor": 1.4994596273982064,
    "functional_factor": 4.167849378821957
}