{
    "structural_factor": 3.001703015627518,
    "functional_factor": 2.271797111585685
}