{
    "structural_factor": 1.7499299451205903,
    "functional_factor": 2.272279337246807
}