{
    "structural_factor": 3.001958053512804,
    "functional_factor": 2.2710968825023197
}