{
    "structural_factor": 1.950196553919985,
    "functional_factor": 3.5711110564230255
}