{
    "structural_factor": 1.4498075313286654,
    "functional_factor": 3.5740641711577656
}