{
    "structural_factor": 2.750149611392738,
    "functional_factor": 1.9221918652532992
}