{
    "structural_factor": 1.604118542727672,
    "functional_factor": 1.5580999633476678
}