{
    "structural_factor": 1.6002515354861984,
    "functional_factor": 2.083307660246122
}