{
    "structural_factor": 1.4996974177000293,
    "functional_factor": 1.0000243462855216
}