{
    "structural_factor": 1.099743747069916,
    "functional_factor": 1.0000365123893562
}