{
    "structural_factor": 1.0009685446401295,
    "functional_factor": 1.188204268679662
}