{
    "structural_factor": 1.7247152227425622,
    "functional_factor": 0.9999479087589315
}