{
    "structural_factor": 0.9994919577583447,
    "functional_factor": 1.9230609483380092
}