{
    "structural_factor": 1.3498466060486078,
    "functional_factor": 2.5005220203246017
}