{
    "structural_factor": 1.3498904996567505,
    "functional_factor": 2.7778517180184057
}