{
    "structural_factor": 3.000501481951416,
    "functional_factor": 1.9218643425056008
}