{
    "structural_factor": 1.7999272799560557,
    "functional_factor": 3.123246425874153
}