{
    "structural_factor": 3.250085971025104,
    "functional_factor": 1.086223357622977
}