{
    "structural_factor": 1.3033334639676255,
    "functional_factor": 1.2457711154225553
}