{
    "structural_factor": 1.3497032985488222,
    "functional_factor": 1.0000300459254021
}