{
    "structural_factor": 1.5994041497189102,
    "functional_factor": 1.9227183406961053
}