{
    "structural_factor": 1.5498281598928831,
    "functional_factor": 1.664365595863645
}