{
    "structural_factor": 1.0994711626259086,
    "functional_factor": 1.6637212315920444
}