{
    "structural_factor": 1.7835742590417605,
    "functional_factor": 1.0002005600191959
}