{
    "structural_factor": 1.1498918950241699,
    "functional_factor": 3.1263351208277967
}