{
    "structural_factor": 1.1997462027300465,
    "functional_factor": 1.7860124984804702
}