{
    "structural_factor": 1.1831241343917793,
    "functional_factor": 1.1561790125935794
}