{
    "structural_factor": 1.5999778925348043,
    "functional_factor": 2.272524182406217
}