{
    "structural_factor": 1.099876373084669,
    "functional_factor": 1.5622053415775639
}