{
    "structural_factor": 3.7523492773987797,
    "functional_factor": 4.165261958615894
}