{
    "structural_factor": 4.006871952122597,
    "functional_factor": 2.2676428684868486
}