{
    "structural_factor": 4.002586577179678,
    "functional_factor": 2.49835227036585
}