{
    "structural_factor": 1.600238787496267,
    "functional_factor": 2.082763593440993
}