{
    "structural_factor": 1.9504749175273906,
    "functional_factor": 2.0820318022393502
}