{
    "structural_factor": 2.0002417819748692,
    "functional_factor": 2.498658813208814
}