{
    "structural_factor": 1.2497586930965723,
    "functional_factor": 1.0000196464621596
}