{
    "structural_factor": 1.0498753815159385,
    "functional_factor": 2.499608468105545
}