{
    "structural_factor": 2.9996021223525338,
    "functional_factor": 0.9999586764523078
}