{
    "structural_factor": 3.749804545605527,
    "functional_factor": 0.9998738827747048
}