{
    "structural_factor": 3.251475131337979,
    "functional_factor": 1.6627637180717314
}