{
    "structural_factor": 2.0003038224569543,
    "functional_factor": 2.5002292921423566
}