{
    "structural_factor": 1.1001215037209797,
    "functional_factor": 1.3878404619390072
}