{
    "structural_factor": 2.000540929485164,
    "functional_factor": 2.08255745614356
}