{
    "structural_factor": 1.4002411291026724,
    "functional_factor": 1.663484665785602
}