{
    "structural_factor": 2.5004808521461133,
    "functional_factor": 1.3881945955091957
}