{
    "structural_factor": 1.0499024338640475,
    "functional_factor": 2.5002442296535383
}