{
    "structural_factor": 1.2499169145173523,
    "functional_factor": 2.776389170690069
}