{
    "structural_factor": 1.7498623386170704,
    "functional_factor": 1.7853624481588484
}