{
    "structural_factor": 1.5683154014223082,
    "functional_factor": 1.25828178422547
}