{
    "structural_factor": 1.3999618718723152,
    "functional_factor": 2.776547620355135
}