{
    "structural_factor": 2.2548007436985076,
    "functional_factor": 1.2124280382201704
}