{
    "structural_factor": 1.7501059741945746,
    "functional_factor": 2.5008625685057106
}