{
    "structural_factor": 3.5020540025164983,
    "functional_factor": 3.122853617626316
}