{
    "structural_factor": 3.752565607565339,
    "functional_factor": 1.9212884445304872
}