{
    "structural_factor": 2.500203484403361,
    "functional_factor": 1.189726304133968
}