{
    "structural_factor": 1.2500077189078431,
    "functional_factor": 3.1266355582716003
}