{
    "structural_factor": 1.499613689755814,
    "functional_factor": 4.164455386882951
}