{
    "structural_factor": 3.002142880512272,
    "functional_factor": 1.3875092605231523
}