{
    "structural_factor": 1.0499312081242933,
    "functional_factor": 3.125688524066272
}