{
    "structural_factor": 1.7988228681487521,
    "functional_factor": 1.0869640233297988
}