{
    "structural_factor": 1.699662877256061,
    "functional_factor": 1.000018892407653
}