{
    "structural_factor": 3.0016247630738344,
    "functional_factor": 1.2483892184927867
}