{
    "structural_factor": 4.003295611490081,
    "functional_factor": 2.080498722381363
}