{
    "structural_factor": 3.7544090330371658,
    "functional_factor": 2.0806731533002947
}