{
    "structural_factor": 1.1498445015994094,
    "functional_factor": 2.778729543439993
}