{
    "structural_factor": 1.23206844827119,
    "functional_factor": 1.0126353171997997
}