{
    "structural_factor": 1.29968985790251,
    "functional_factor": 1.0000434166326033
}