{
    "structural_factor": 3.252995827543536,
    "functional_factor": 1.2478969903576247
}