{
    "structural_factor": 1.2498613341536797,
    "functional_factor": 3.570393280286377
}