{
    "structural_factor": 1.8001827083807562,
    "functional_factor": 2.2718199163544495
}