{
    "structural_factor": 2.750807895375524,
    "functional_factor": 2.271664826192869
}