{
    "structural_factor": 3.251131460598189,
    "functional_factor": 1.3150755810377839
}