{
    "structural_factor": 3.2506480840227723,
    "functional_factor": 1.3882873164587117
}