{
    "structural_factor": 1.1504328302127271,
    "functional_factor": 1.5614097401263973
}