{
    "structural_factor": 1.6544478413052708,
    "functional_factor": 1.1529020406085562
}