{
    "structural_factor": 2.500096132388802,
    "functional_factor": 1.7862848662390765
}