{
    "structural_factor": 3.7542857564165475,
    "functional_factor": 1.1348593942904284
}