{
    "structural_factor": 1.049855866043299,
    "functional_factor": 2.0837947931173177
}