{
    "structural_factor": 3.7526701965982894,
    "functional_factor": 1.3147616546580088
}