{
    "structural_factor": 2.5008744680784885,
    "functional_factor": 2.498878163820409
}