{
    "structural_factor": 1.449977768425412,
    "functional_factor": 2.5005089635648345
}