{
    "structural_factor": 1.7619955634319462,
    "functional_factor": 1.5520703329212062
}