{
    "structural_factor": 2.9999169072085907,
    "functional_factor": 1.921484718179919
}