{
    "structural_factor": 1.6495490679762985,
    "functional_factor": 1.0000719072665325
}