{
    "structural_factor": 1.6588803449404037,
    "functional_factor": 1.229351840106883
}