{
    "structural_factor": 1.1497208359838245,
    "functional_factor": 1.7859343620560213
}