{
    "structural_factor": 1.7000133887088407,
    "functional_factor": 3.5685642879409385
}