{
    "structural_factor": 3.5035784059629904,
    "functional_factor": 1.1885365717334362
}