{
    "structural_factor": 1.2002861834904568,
    "functional_factor": 1.5620337631397956
}