{
    "structural_factor": 1.8995981848596386,
    "functional_factor": 1.0000498705030458
}