{
    "structural_factor": 1.8495681201144616,
    "functional_factor": 1.0000310621176993
}