{
    "structural_factor": 1.8677098961906635,
    "functional_factor": 1.547537144788592
}