{
    "structural_factor": 1.2525509436699689,
    "functional_factor": 1.4673995949478436
}