{
    "structural_factor": 2.200821299213261,
    "functional_factor": 0.9998312267540267
}