{
    "structural_factor": 3.2514314950290872,
    "functional_factor": 4.158113379040989
}