{
    "structural_factor": 1.7560848267680886,
    "functional_factor": 1.0025583870560135
}