{
    "structural_factor": 2.249497738437075,
    "functional_factor": 1.000030277526117
}