{
    "structural_factor": 3.7530188095200083,
    "functional_factor": 1.0854588712030135
}