{
    "structural_factor": 1.3034765353477116,
    "functional_factor": 1.4666058514739115
}