{
    "structural_factor": 1.0994553790563257,
    "functional_factor": 1.6647247658103006
}