{
    "structural_factor": 2.0040274177138255,
    "functional_factor": 1.5593266982654106
}