{
    "structural_factor": 2.49803657445317,
    "functional_factor": 1.0000353120707024
}