{
    "structural_factor": 1.7026253807147864,
    "functional_factor": 1.0007082730532753
}