{
    "structural_factor": 1.9001530646285347,
    "functional_factor": 3.1246474637135133
}