{
    "structural_factor": 1.399659402494366,
    "functional_factor": 1.0000482858031976
}