{
    "structural_factor": 3.002052095543245,
    "functional_factor": 3.5672961222111033
}