{
    "structural_factor": 3.503973453871446,
    "functional_factor": 1.1347370681246607
}