{
    "structural_factor": 1.6501180101055388,
    "functional_factor": 1.784706908242069
}