{
    "structural_factor": 1.0994748946587256,
    "functional_factor": 1.9228829919353871
}