{
    "structural_factor": 2.5014804816191707,
    "functional_factor": 1.248269064818699
}