{
    "structural_factor": 2.7504256896420953,
    "functional_factor": 1.1360801685847195
}