{
    "structural_factor": 1.900245831583877,
    "functional_factor": 3.1213610706500865
}