{
    "structural_factor": 2.0009697531192434,
    "functional_factor": 1.1358037989575103
}