{
    "structural_factor": 1.499926150186875,
    "functional_factor": 1.7857961120362411
}