{
    "structural_factor": 2.081736128096676,
    "functional_factor": 1.0000024098742073
}