{
    "structural_factor": 0.9998656605040984,
    "functional_factor": 2.777916625847303
}