{
    "structural_factor": 2.2493235785297823,
    "functional_factor": 1.9224822680937486
}