{
    "structural_factor": 1.7001608689663266,
    "functional_factor": 1.6633159993053175
}