{
    "structural_factor": 1.2994518707370541,
    "functional_factor": 1.922739473709088
}