{
    "structural_factor": 1.9356586123880306,
    "functional_factor": 1.329270596619299
}