{
    "structural_factor": 1.8501583546904163,
    "functional_factor": 2.2713808937521196
}