{
    "structural_factor": 1.0497883956627392,
    "functional_factor": 1.0000383471792567
}