{
    "structural_factor": 2.2504235326297906,
    "functional_factor": 2.780254848164258
}