{
    "structural_factor": 1.3498713129872522,
    "functional_factor": 3.1246196906797623
}