{
    "structural_factor": 1.6159800521278431,
    "functional_factor": 1.0674069155634565
}