{
    "structural_factor": 1.3235598494712113,
    "functional_factor": 1.2267081856159943
}