{
    "structural_factor": 2.5003388206108297,
    "functional_factor": 4.166301376714808
}