{
    "structural_factor": 1.4508742429177781,
    "functional_factor": 1.5612591163035683
}