{
    "structural_factor": 2.50147879272583,
    "functional_factor": 1.1889957122260255
}