{
    "structural_factor": 1.9000797066116795,
    "functional_factor": 2.2722899855289285
}