{
    "structural_factor": 1.9641368326419675,
    "functional_factor": 1.1278773082527878
}