{
    "structural_factor": 2.250582270371494,
    "functional_factor": 3.122549565691482
}