{
    "structural_factor": 3.749884807934526,
    "functional_factor": 0.9998917463609664
}