{
    "structural_factor": 1.849350818652905,
    "functional_factor": 4.167759070824773
}