{
    "structural_factor": 1.450029780603178,
    "functional_factor": 1.785864373296975
}