{
    "structural_factor": 1.5326881611591046,
    "functional_factor": 1.2017369888508458
}