{
    "structural_factor": 1.4480844839344857,
    "functional_factor": 1.0118086899417793
}