{
    "structural_factor": 1.5494160088359539,
    "functional_factor": 1.9231875231982485
}