{
    "structural_factor": 1.91226662402931,
    "functional_factor": 1.2037605821289028
}