{
    "structural_factor": 1.1286638259269615,
    "functional_factor": 1.0565162573004458
}