{
    "structural_factor": 1.6496113447282525,
    "functional_factor": 1.0000430652207135
}