{
    "structural_factor": 2.2498044815340634,
    "functional_factor": 4.168062452238024
}