{
    "structural_factor": 3.001828417283664,
    "functional_factor": 3.1224104492048297
}