{
    "structural_factor": 1.9989492715982449,
    "functional_factor": 1.0869235023050932
}