{
    "structural_factor": 1.3995176086778343,
    "functional_factor": 1.9227994774102644
}