{
    "structural_factor": 1.9610244597398314,
    "functional_factor": 1.000998249617088
}