{
    "structural_factor": 3.0028538690925024,
    "functional_factor": 2.7742746032596495
}