{
    "structural_factor": 1.249940151651352,
    "functional_factor": 2.775745513578561
}