{
    "structural_factor": 3.001861388815782,
    "functional_factor": 2.7773177081733933
}