{
    "structural_factor": 1.3138807325950774,
    "functional_factor": 1.037118887183337
}