{
    "structural_factor": 2.3009418978385305,
    "functional_factor": 1.2897728505602712
}