{
    "structural_factor": 1.95010360470288,
    "functional_factor": 1.6635032679302584
}