{
    "structural_factor": 2.249795823044597,
    "functional_factor": 1.7849718235130152
}