{
    "structural_factor": 3.7547372603408022,
    "functional_factor": 3.564221479430547
}