{
    "structural_factor": 2.5004592823542073,
    "functional_factor": 2.2702307300546494
}