{
    "structural_factor": 0.9993639326787831,
    "functional_factor": 1.664435043705177
}