{
    "structural_factor": 1.7999727442408393,
    "functional_factor": 1.085980679071289
}