{
    "structural_factor": 0.9998268154352289,
    "functional_factor": 1.2491762644375146
}