{
    "structural_factor": 1.4500570931027497,
    "functional_factor": 2.0832505595841573
}