{
    "structural_factor": 2.751672602518994,
    "functional_factor": 3.5702590705766326
}