{
    "structural_factor": 1.049788649811168,
    "functional_factor": 2.083109779721681
}