{
    "structural_factor": 1.9995055982143348,
    "functional_factor": 4.16540873727615
}