{
    "structural_factor": 2.0013467411252233,
    "functional_factor": 1.3590567497187873
}