{
    "structural_factor": 1.8503035889150752,
    "functional_factor": 3.568281074772416
}