{
    "structural_factor": 1.9500755937881102,
    "functional_factor": 2.775988917903267
}