{
    "structural_factor": 1.3999261323888228,
    "functional_factor": 2.5003565533266423
}