{
    "structural_factor": 1.4501730897442062,
    "functional_factor": 1.6633393863807204
}