{
    "structural_factor": 1.1497711276841482,
    "functional_factor": 2.0825590777695235
}