{
    "structural_factor": 1.4999909283573785,
    "functional_factor": 2.500375942605364
}