{
    "structural_factor": 1.8993672585470762,
    "functional_factor": 1.9226378580085497
}