{
    "structural_factor": 1.5862992551844852,
    "functional_factor": 1.1414697290765994
}