{
    "structural_factor": 1.650026004297918,
    "functional_factor": 3.5713250267642884
}