{
    "structural_factor": 3.002623979206131,
    "functional_factor": 2.081979696538227
}