{
    "structural_factor": 1.8994640078555014,
    "functional_factor": 4.168748899625411
}