{
    "structural_factor": 1.8500642512021042,
    "functional_factor": 2.2722032939100254
}