{
    "structural_factor": 2.0506122197981953,
    "functional_factor": 1.1829288723068005
}