{
    "structural_factor": 1.7494863186294611,
    "functional_factor": 4.166562975633436
}