{
    "structural_factor": 1.349882176966164,
    "functional_factor": 1.7853670436551339
}