{
    "structural_factor": 1.149435682548622,
    "functional_factor": 1.924055517465628
}