{
    "structural_factor": 2.7516320671916206,
    "functional_factor": 2.0815493356044548
}