{
    "structural_factor": 3.2527305583112387,
    "functional_factor": 1.7839162405144513
}