{
    "structural_factor": 1.6996539181238233,
    "functional_factor": 1.000036937880567
}