{
    "structural_factor": 1.949541453243305,
    "functional_factor": 1.000060101769245
}