{
    "structural_factor": 1.2014500402212187,
    "functional_factor": 1.3137937503050672
}