{
    "structural_factor": 3.2506735533531197,
    "functional_factor": 1.921798318146533
}