{
    "structural_factor": 3.2508360688006457,
    "functional_factor": 1.4703934286344402
}