{
    "structural_factor": 3.252078888849068,
    "functional_factor": 2.497175919136376
}