{
    "structural_factor": 0.9998480903113894,
    "functional_factor": 1.3881753619139277
}