{
    "structural_factor": 1.7503288517588678,
    "functional_factor": 1.6638343366239572
}