{
    "structural_factor": 1.9501192449009617,
    "functional_factor": 1.7849834027726876
}