{
    "structural_factor": 4.005117848656245,
    "functional_factor": 1.3140274317335938
}