{
    "structural_factor": 3.000788517304937,
    "functional_factor": 1.1358882692647017
}