{
    "structural_factor": 1.9999562616571271,
    "functional_factor": 2.2724604452498993
}