{
    "structural_factor": 1.6500343335584977,
    "functional_factor": 2.272078428497692
}