{
    "structural_factor": 2.7511379440145234,
    "functional_factor": 2.083125491428945
}