{
    "structural_factor": 1.9093545155859821,
    "functional_factor": 1.079556493224187
}