{
    "structural_factor": 1.499986802663206,
    "functional_factor": 2.7770533886610753
}