{
    "structural_factor": 2.24676388254112,
    "functional_factor": 1.0006963439795618
}