{
    "structural_factor": 1.049830236597718,
    "functional_factor": 1.3880815128462494
}