{
    "structural_factor": 1.3999194429475983,
    "functional_factor": 2.272428320396276
}