{
    "structural_factor": 2.250717353995112,
    "functional_factor": 2.082876424650959
}