{
    "structural_factor": 1.6499188701478227,
    "functional_factor": 2.5001957089034788
}