{
    "structural_factor": 1.3978724374008484,
    "functional_factor": 1.0481730973888044
}