{
    "structural_factor": 1.8000699995905922,
    "functional_factor": 3.125918827459682
}