{
    "structural_factor": 1.750177863475632,
    "functional_factor": 1.7844880423617206
}