{
    "structural_factor": 3.252240061179263,
    "functional_factor": 2.0820217977520388
}