{
    "structural_factor": 1.2997500617871662,
    "functional_factor": 1.0000165246124653
}