{
    "structural_factor": 4.002344546530721,
    "functional_factor": 1.085532050562773
}