{
    "structural_factor": 1.4240148610393932,
    "functional_factor": 1.3161428923675464
}