{
    "structural_factor": 1.7990075484100796,
    "functional_factor": 1.0868491862216159
}