{
    "structural_factor": 1.3501686831333342,
    "functional_factor": 1.561939260286592
}