{
    "structural_factor": 1.5499681811268655,
    "functional_factor": 3.570061565873889
}