{
    "structural_factor": 1.3899716052520696,
    "functional_factor": 1.2777228289229348
}