{
    "structural_factor": 1.349607673690689,
    "functional_factor": 4.1647916165903816
}