{
    "structural_factor": 1.780845183163676,
    "functional_factor": 1.1163113835902307
}