{
    "structural_factor": 3.5008587997870277,
    "functional_factor": 1.3150530045142723
}