{
    "structural_factor": 1.4499681605109804,
    "functional_factor": 3.123741921903283
}