{
    "structural_factor": 1.7500353339743857,
    "functional_factor": 2.2737706640976008
}