{
    "structural_factor": 1.550077331300933,
    "functional_factor": 3.5712769707403638
}