{
    "structural_factor": 3.0005036133663463,
    "functional_factor": 1.7851424093113117
}