{
    "structural_factor": 1.2499886536374005,
    "functional_factor": 3.128292655462433
}