{
    "structural_factor": 1.0499573826735369,
    "functional_factor": 1.315311976967235
}