{
    "structural_factor": 1.8496942097709848,
    "functional_factor": 1.0000061917492067
}