{
    "structural_factor": 1.899743373319263,
    "functional_factor": 4.163622747898722
}