{
    "structural_factor": 1.8438403257221783,
    "functional_factor": 0.9998524755919369
}