{
    "structural_factor": 1.9501116067420576,
    "functional_factor": 2.272599691848506
}