{
    "structural_factor": 1.0499212992959996,
    "functional_factor": 1.2489885009487676
}