{
    "structural_factor": 1.9182953339486661,
    "functional_factor": 1.303019503337069
}