{
    "structural_factor": 1.900237552597249,
    "functional_factor": 2.272470293080874
}