{
    "structural_factor": 1.5995027566178983,
    "functional_factor": 4.165448370338718
}