{
    "structural_factor": 1.249436120160126,
    "functional_factor": 1.92361663817129
}