{
    "structural_factor": 1.9549523044772263,
    "functional_factor": 1.2425683897652111
}