{
    "structural_factor": 1.200120980815129,
    "functional_factor": 1.6640555249247837
}