{
    "structural_factor": 3.501643441924313,
    "functional_factor": 1.4699932603775991
}