{
    "structural_factor": 1.1996330264280024,
    "functional_factor": 2.2738052253524885
}