{
    "structural_factor": 1.9988809923444115,
    "functional_factor": 1.0868420647249046
}