{
    "structural_factor": 3.7535983484680924,
    "functional_factor": 1.1886669100027776
}