{
    "structural_factor": 4.004430674801041,
    "functional_factor": 1.9204348101859492
}