{
    "structural_factor": 1.750029120439254,
    "functional_factor": 2.7787990087253744
}