{
    "structural_factor": 1.7505264949890567,
    "functional_factor": 1.6632902297201486
}