{
    "structural_factor": 1.0497504570971798,
    "functional_factor": 2.271966134000638
}