{
    "structural_factor": 3.0005411144202205,
    "functional_factor": 4.159088365695368
}