{
    "structural_factor": 1.150421409996656,
    "functional_factor": 1.561711765548023
}