{
    "structural_factor": 1.4251225441677893,
    "functional_factor": 1.2923660863431035
}