{
    "structural_factor": 2.0003649883719152,
    "functional_factor": 2.0821338686459816
}