{
    "structural_factor": 1.3185653122970091,
    "functional_factor": 1.3685497775978959
}