{
    "structural_factor": 1.950104391148374,
    "functional_factor": 1.785792196385174
}