{
    "structural_factor": 1.700213794528516,
    "functional_factor": 2.0835071924481956
}