{
    "structural_factor": 2.2503540480681137,
    "functional_factor": 2.2711714385029644
}