{
    "structural_factor": 1.7999314540614901,
    "functional_factor": 1.7855385930151062
}