{
    "structural_factor": 1.099435444106856,
    "functional_factor": 1.9237475153249206
}