{
    "structural_factor": 2.37267128813299,
    "functional_factor": 1.0028904976054087
}