{
    "structural_factor": 2.250822348923508,
    "functional_factor": 2.0820361914783967
}