{
    "structural_factor": 1.3494128722247893,
    "functional_factor": 1.9233220102972095
}