{
    "structural_factor": 2.26054714757012,
    "functional_factor": 1.309246479911542
}