{
    "structural_factor": 1.5028897863763948,
    "functional_factor": 1.5592010663489757
}