{
    "structural_factor": 1.199585602769262,
    "functional_factor": 4.168703323500441
}