{
    "structural_factor": 1.2999030686472222,
    "functional_factor": 2.7786233585533986
}