{
    "structural_factor": 2.2495607678162095,
    "functional_factor": 1.9226789949862941
}