{
    "structural_factor": 3.503092732931789,
    "functional_factor": 1.4691077051224222
}