{
    "structural_factor": 1.9495986986165414,
    "functional_factor": 4.16576031985169
}