{
    "structural_factor": 1.5377267248764686,
    "functional_factor": 1.1370581771911243
}