{
    "structural_factor": 1.3460738236101093,
    "functional_factor": 1.2703771949227511
}