{
    "structural_factor": 3.5024579749219558,
    "functional_factor": 1.3873639508781561
}