{
    "structural_factor": 4.001609497035959,
    "functional_factor": 1.3877652980190318
}