{
    "structural_factor": 1.049639370634233,
    "functional_factor": 1.786445377435054
}