{
    "structural_factor": 2.7512871877369185,
    "functional_factor": 1.387713373501138
}