{
    "structural_factor": 1.7765087840680633,
    "functional_factor": 1.32885335494123
}