{
    "structural_factor": 0.9995606075253106,
    "functional_factor": 1.7868132023166676
}