{
    "structural_factor": 2.145930100427891,
    "functional_factor": 1.233077057849041
}