{
    "structural_factor": 1.9998785305779492,
    "functional_factor": 1.7855187158714738
}