{
    "structural_factor": 1.6501266836419994,
    "functional_factor": 2.7775700360339566
}