{
    "structural_factor": 3.750032186284268,
    "functional_factor": 1.0862838738182723
}