{
    "structural_factor": 1.850658998816277,
    "functional_factor": 1.6635943812652505
}