{
    "structural_factor": 1.3501749756004997,
    "functional_factor": 1.6634286550184125
}