{
    "structural_factor": 1.4113828299967994,
    "functional_factor": 1.4583599279799315
}