{
    "structural_factor": 1.1002780094913638,
    "functional_factor": 1.2487146822690536
}