{
    "structural_factor": 2.5004444439317624,
    "functional_factor": 1.3880452043983245
}