{
    "structural_factor": 3.5026493112470973,
    "functional_factor": 3.1228907085930957
}