{
    "structural_factor": 1.9517095386237013,
    "functional_factor": 1.4409755790562842
}