{
    "structural_factor": 1.449433132293601,
    "functional_factor": 1.9227293143006154
}