{
    "structural_factor": 1.848833159593319,
    "functional_factor": 1.0443569612620078
}