{
    "structural_factor": 3.7551171082229327,
    "functional_factor": 3.5650449599480605
}