{
    "structural_factor": 3.5044022725920505,
    "functional_factor": 2.7731362931191166
}