{
    "structural_factor": 2.0217429043415835,
    "functional_factor": 1.000116287164954
}