{
    "structural_factor": 4.005544726625439,
    "functional_factor": 3.1188798581300547
}