{
    "structural_factor": 3.251434638132164,
    "functional_factor": 1.2485745931081786
}