{
    "structural_factor": 2.000314497042664,
    "functional_factor": 1.1360745449722105
}