{
    "structural_factor": 1.5257076134236685,
    "functional_factor": 1.1871041486680034
}