{
    "structural_factor": 3.7525577512383146,
    "functional_factor": 1.560652108368108
}