{
    "structural_factor": 1.645487031068516,
    "functional_factor": 1.0006549750694895
}