{
    "structural_factor": 1.4498731896825683,
    "functional_factor": 1.7857386171416099
}