{
    "structural_factor": 1.4494759960968036,
    "functional_factor": 4.166987249463503
}