{
    "structural_factor": 1.349897772597143,
    "functional_factor": 3.5708460378318203
}