{
    "structural_factor": 1.9002075982874684,
    "functional_factor": 2.5002508322729864
}