{
    "structural_factor": 1.6994638573598824,
    "functional_factor": 1.9229007791216544
}