{
    "structural_factor": 1.699944893019429,
    "functional_factor": 2.5015264570507987
}