{
    "structural_factor": 1.6694354898586634,
    "functional_factor": 1.33003469633718
}