{
    "structural_factor": 1.7503904034444437,
    "functional_factor": 1.6634717770758425
}