{
    "structural_factor": 1.5999099321260517,
    "functional_factor": 2.777327623431324
}