{
    "structural_factor": 1.3498537828955222,
    "functional_factor": 1.1015282620409046
}