{
    "structural_factor": 1.099562229590972,
    "functional_factor": 4.167389925419124
}