{
    "structural_factor": 1.8094338475847807,
    "functional_factor": 1.0044467123284397
}