{
    "structural_factor": 1.7078333128455674,
    "functional_factor": 1.260112554756371
}