{
    "structural_factor": 1.9006781971362565,
    "functional_factor": 1.6634986809948935
}