{
    "structural_factor": 1.4999922738083484,
    "functional_factor": 2.7774794296846146
}