{
    "structural_factor": 0.9998693957373577,
    "functional_factor": 2.777967673672747
}