{
    "structural_factor": 1.150519884676287,
    "functional_factor": 1.0375153448011778
}