{
    "structural_factor": 1.3050110311420353,
    "functional_factor": 1.4643977258201224
}