{
    "structural_factor": 1.9995696065214132,
    "functional_factor": 4.1640057681333404
}