{
    "structural_factor": 1.149765797991363,
    "functional_factor": 1.0000431163654486
}