{
    "structural_factor": 1.1499554880748313,
    "functional_factor": 1.3879395880698153
}