{
    "structural_factor": 1.7496048157239845,
    "functional_factor": 1.000042518497459
}