{
    "structural_factor": 3.754447002330671,
    "functional_factor": 2.774436073491482
}