{
    "structural_factor": 1.449443794570413,
    "functional_factor": 1.9220271117482206
}