{
    "structural_factor": 1.6700898274246128,
    "functional_factor": 1.2879650314586273
}