{
    "structural_factor": 1.29972819306047,
    "functional_factor": 1.0000419906882783
}