{
    "structural_factor": 1.549582022905951,
    "functional_factor": 1.9230617466173139
}