{
    "structural_factor": 1.3496970494268017,
    "functional_factor": 1.0000497016151682
}