{
    "structural_factor": 3.250801921718097,
    "functional_factor": 4.167974927063839
}