{
    "structural_factor": 1.59995788807642,
    "functional_factor": 3.1268171412029573
}