{
    "structural_factor": 2.4995424627128955,
    "functional_factor": 1.0000248971700068
}