{
    "structural_factor": 1.0498144155626472,
    "functional_factor": 1.3882352272536989
}