{
    "structural_factor": 2.2506090745823255,
    "functional_factor": 2.4992261526502766
}