{
    "structural_factor": 3.0026265221989688,
    "functional_factor": 2.4976693294727217
}