{
    "structural_factor": 1.0998502756159039,
    "functional_factor": 2.7782352513936384
}