{
    "structural_factor": 1.9501411845706247,
    "functional_factor": 2.0823793422674943
}