{
    "structural_factor": 1.79623146795879,
    "functional_factor": 1.2365974834562392
}