{
    "structural_factor": 1.2077793705726496,
    "functional_factor": 1.3072319439887081
}