{
    "structural_factor": 1.2499370933541527,
    "functional_factor": 2.7770046950458083
}