{
    "structural_factor": 1.9621436806251404,
    "functional_factor": 1.0000786875584862
}