{
    "structural_factor": 1.9390674279117461,
    "functional_factor": 1.4904110926644347
}