{
    "structural_factor": 3.0015362018587854,
    "functional_factor": 2.082474431256936
}