{
    "structural_factor": 1.7494036254764056,
    "functional_factor": 1.9225439943320939
}