{
    "structural_factor": 2.2527011405948048,
    "functional_factor": 1.5603573527314611
}