{
    "structural_factor": 0.999723014199136,
    "functional_factor": 1.3883848216298798
}