{
    "structural_factor": 1.499665807752763,
    "functional_factor": 1.0000667397975185
}