{
    "structural_factor": 1.9988061916009043,
    "functional_factor": 1.0868389819466235
}