{
    "structural_factor": 2.351540872904954,
    "functional_factor": 1.1951560303799436
}