{
    "structural_factor": 1.1494277094330987,
    "functional_factor": 1.9233231328343363
}