{
    "structural_factor": 3.502447635713914,
    "functional_factor": 3.5676134831237185
}