{
    "structural_factor": 1.2999069915251742,
    "functional_factor": 3.5709891944629284
}