{
    "structural_factor": 1.3494432194844583,
    "functional_factor": 4.16655065580824
}