{
    "structural_factor": 1.5495412396026194,
    "functional_factor": 4.16208896722837
}