{
    "structural_factor": 1.5304047016493643,
    "functional_factor": 1.0017064714162087
}