{
    "structural_factor": 1.8495006576359811,
    "functional_factor": 1.0000572152695737
}