{
    "structural_factor": 1.900106152030024,
    "functional_factor": 2.2722759386227684
}