{
    "structural_factor": 1.3014544267984078,
    "functional_factor": 1.46928055489178
}