{
    "structural_factor": 2.254920351912858,
    "functional_factor": 1.3128219339612406
}