{
    "structural_factor": 1.8502477986502868,
    "functional_factor": 3.1241491143587927
}