{
    "structural_factor": 1.3500303107932679,
    "functional_factor": 2.082909514978982
}