{
    "structural_factor": 3.5040441018068824,
    "functional_factor": 2.0806994418373685
}