{
    "structural_factor": 3.4996237455452515,
    "functional_factor": 1.0862968102241277
}