{
    "structural_factor": 2.2564263186734212,
    "functional_factor": 1.4663013755500807
}