{
    "structural_factor": 1.7000245784028654,
    "functional_factor": 2.7789350221025604
}