{
    "structural_factor": 0.9996887561231136,
    "functional_factor": 1.7865841324356686
}