{
    "structural_factor": 3.502259885197286,
    "functional_factor": 3.122418893084947
}