{
    "structural_factor": 1.7999678389312272,
    "functional_factor": 1.7853259632960756
}