{
    "structural_factor": 2.4317299292134686,
    "functional_factor": 1.0016808119537974
}