{
    "structural_factor": 1.799474080691229,
    "functional_factor": 1.9226350493957438
}