{
    "structural_factor": 1.6495300939881106,
    "functional_factor": 1.9222112751278007
}