{
    "structural_factor": 3.0005949313292573,
    "functional_factor": 1.315277783203197
}