{
    "structural_factor": 3.500816864301159,
    "functional_factor": 1.085971033676865
}