{
    "structural_factor": 2.4981171090649843,
    "functional_factor": 0.9998730699347375
}