{
    "structural_factor": 1.65041818663395,
    "functional_factor": 1.6633455660691108
}