{
    "structural_factor": 3.5024937223738353,
    "functional_factor": 3.567921072667143
}