{
    "structural_factor": 0.9997384544588462,
    "functional_factor": 2.2727126266662854
}