{
    "structural_factor": 1.950205526777287,
    "functional_factor": 1.6627857602701108
}