{
    "structural_factor": 4.003539997772449,
    "functional_factor": 1.085408083440756
}