{
    "structural_factor": 4.005164998192052,
    "functional_factor": 1.7833950496542286
}