{
    "structural_factor": 4.004698689992144,
    "functional_factor": 1.6618119515362688
}