{
    "structural_factor": 1.2499030696721258,
    "functional_factor": 2.501000654244558
}