{
    "structural_factor": 2.7508070744476805,
    "functional_factor": 1.2488425782592776
}