{
    "structural_factor": 1.0498980620285685,
    "functional_factor": 3.574164593397968
}