{
    "structural_factor": 0.9998844005383613,
    "functional_factor": 3.5717038654506634
}