{
    "structural_factor": 1.497596867133985,
    "functional_factor": 1.2973880660710588
}