{
    "structural_factor": 4.005688468354787,
    "functional_factor": 1.4684548335131478
}