{
    "structural_factor": 1.950141684545718,
    "functional_factor": 2.500707158412587
}