{
    "structural_factor": 1.2000124182960874,
    "functional_factor": 1.6642440741117939
}