{
    "structural_factor": 2.2506392897151795,
    "functional_factor": 3.1227757260623763
}