{
    "structural_factor": 1.750159589316405,
    "functional_factor": 3.568228902391101
}