{
    "structural_factor": 4.004665231915613,
    "functional_factor": 1.1349917637943403
}