{
    "structural_factor": 1.1499040925789974,
    "functional_factor": 2.7773086165775243
}