{
    "structural_factor": 1.9476775884329214,
    "functional_factor": 1.3545436461118663
}