{
    "structural_factor": 1.327632648273626,
    "functional_factor": 1.0219522633849352
}