{
    "structural_factor": 2.2498900799031443,
    "functional_factor": 4.166250451690491
}