{
    "structural_factor": 1.5500318019140702,
    "functional_factor": 2.272639549921424
}