{
    "structural_factor": 1.5494890036361384,
    "functional_factor": 4.16813729245087
}