{
    "structural_factor": 1.449886249973282,
    "functional_factor": 3.57394097611222
}