{
    "structural_factor": 1.9082172851286234,
    "functional_factor": 1.2754170609073865
}