{
    "structural_factor": 1.4907691934078098,
    "functional_factor": 1.019373530807311
}