{
    "structural_factor": 0.9995366866507609,
    "functional_factor": 1.6646347777029469
}