{
    "structural_factor": 1.7503022901051861,
    "functional_factor": 2.0824316179824742
}