{
    "structural_factor": 3.502184597527975,
    "functional_factor": 1.5614812367396773
}