{
    "structural_factor": 1.1575104192560037,
    "functional_factor": 1.0791829911450497
}