{
    "structural_factor": 2.7489785940116294,
    "functional_factor": 1.0866655319028213
}