{
    "structural_factor": 1.6069604364398657,
    "functional_factor": 1.0813067232161586
}