{
    "structural_factor": 1.2498720890437065,
    "functional_factor": 1.7858848648949595
}