{
    "structural_factor": 1.8000816668850121,
    "functional_factor": 2.499280095085904
}