{
    "structural_factor": 1.2998129672814038,
    "functional_factor": 1.7854914081496078
}