{
    "structural_factor": 1.9003171808158752,
    "functional_factor": 2.0830455169427204
}