{
    "structural_factor": 2.249511879082809,
    "functional_factor": 1.086617408079853
}