{
    "structural_factor": 1.0497489627113958,
    "functional_factor": 1.4703912525501874
}