{
    "structural_factor": 3.5016412830671464,
    "functional_factor": 3.1237250510607955
}