{
    "structural_factor": 3.251024128990771,
    "functional_factor": 1.3148100251095047
}