{
    "structural_factor": 1.6501762733120617,
    "functional_factor": 1.663966008540484
}