{
    "structural_factor": 2.7507273593820125,
    "functional_factor": 1.1894331226887231
}