{
    "structural_factor": 1.0498115444695246,
    "functional_factor": 0.9999837017725708
}