{
    "structural_factor": 1.8496662899952414,
    "functional_factor": 1.0000446872633246
}