{
    "structural_factor": 2.7508686065153043,
    "functional_factor": 1.785115887196174
}