{
    "structural_factor": 1.2942786414195147,
    "functional_factor": 1.006185723351888
}