{
    "structural_factor": 1.0998968312791322,
    "functional_factor": 1.5624481321578734
}