{
    "structural_factor": 1.1493493695784445,
    "functional_factor": 1.9235393384732231
}