{
    "structural_factor": 1.2823967876392752,
    "functional_factor": 1.3529965457467648
}