{
    "structural_factor": 1.6999422156867277,
    "functional_factor": 3.1232587871373005
}