{
    "structural_factor": 3.5008082831235323,
    "functional_factor": 4.162939710842677
}