{
    "structural_factor": 1.3541244274998536,
    "functional_factor": 1.4656429882336142
}