{
    "structural_factor": 1.101345830628161,
    "functional_factor": 1.313928214807342
}