{
    "structural_factor": 1.8000742193820518,
    "functional_factor": 3.5716755500282034
}