{
    "structural_factor": 1.0497872992124075,
    "functional_factor": 2.271744484497013
}