{
    "structural_factor": 2.3719906739234915,
    "functional_factor": 1.0003202837111762
}