{
    "structural_factor": 1.943296227291031,
    "functional_factor": 1.2856090356679666
}