{
    "structural_factor": 1.449974657698792,
    "functional_factor": 3.1242869098410075
}