{
    "structural_factor": 3.5032400326913034,
    "functional_factor": 2.0811804575486565
}