{
    "structural_factor": 1.4499358757442782,
    "functional_factor": 2.5000632929799873
}