{
    "structural_factor": 3.252186161766257,
    "functional_factor": 3.569822811854238
}