{
    "structural_factor": 1.3500543942458043,
    "functional_factor": 2.081422239650144
}