{
    "structural_factor": 1.5857878545375803,
    "functional_factor": 1.012577246343311
}