{
    "structural_factor": 3.5030179227064915,
    "functional_factor": 2.4976164023917615
}