{
    "structural_factor": 2.081485171618685,
    "functional_factor": 1.0001170520367335
}