{
    "structural_factor": 1.4499827360584987,
    "functional_factor": 2.776234281032905
}