{
    "structural_factor": 1.2999430450232714,
    "functional_factor": 2.777800607719293
}