{
    "structural_factor": 1.7501268951508118,
    "functional_factor": 2.7768445497426013
}