{
    "structural_factor": 1.7502359559809648,
    "functional_factor": 2.776255591056747
}