{
    "structural_factor": 1.9843676083812494,
    "functional_factor": 1.0877308045660516
}