{
    "structural_factor": 1.2499560128049778,
    "functional_factor": 3.5717995029540965
}