{
    "structural_factor": 0.9994851658731594,
    "functional_factor": 1.7864907401706802
}