{
    "structural_factor": 3.25170782084345,
    "functional_factor": 1.3149578545831326
}