{
    "structural_factor": 1.549821812259406,
    "functional_factor": 1.7851537777819075
}