{
    "structural_factor": 1.5505163262221682,
    "functional_factor": 1.662470318893412
}