{
    "structural_factor": 3.5024441601014296,
    "functional_factor": 1.6623835851565119
}