{
    "structural_factor": 1.3999773249151721,
    "functional_factor": 3.571535378140617
}