{
    "structural_factor": 3.2527826977068335,
    "functional_factor": 3.1227115249053106
}