{
    "structural_factor": 3.2520684099076362,
    "functional_factor": 1.248309752110952
}