{
    "structural_factor": 1.5012356883017481,
    "functional_factor": 1.5613119549366417
}