{
    "structural_factor": 1.741435261666023,
    "functional_factor": 1.3154862932506806
}