{
    "structural_factor": 1.9500654031396627,
    "functional_factor": 1.7848998366022912
}