{
    "structural_factor": 1.4738074827196492,
    "functional_factor": 1.0018030327594671
}