{
    "structural_factor": 3.754652042581965,
    "functional_factor": 2.0804958307451424
}