{
    "structural_factor": 1.2994854774093612,
    "functional_factor": 1.9235562065979879
}