{
    "structural_factor": 1.8503261530048567,
    "functional_factor": 1.6635587677846482
}