{
    "structural_factor": 1.74964363126462,
    "functional_factor": 1.0000465762495228
}