{
    "structural_factor": 1.0998741917489554,
    "functional_factor": 2.7768418984638985
}