{
    "structural_factor": 1.7488365887097552,
    "functional_factor": 1.087015403634681
}