{
    "structural_factor": 2.250396034153637,
    "functional_factor": 3.5690540745209143
}