{
    "structural_factor": 3.0019326012616996,
    "functional_factor": 2.4977996526852837
}