{
    "structural_factor": 1.5999905462229087,
    "functional_factor": 2.272560248635093
}