{
    "structural_factor": 1.64998236871021,
    "functional_factor": 2.2717257231772625
}