{
    "structural_factor": 1.7501126175954835,
    "functional_factor": 2.2737969836107417
}