{
    "structural_factor": 1.0492900284434454,
    "functional_factor": 1.664886692551253
}