{
    "structural_factor": 3.752361130912026,
    "functional_factor": 3.123411199023892
}