{
    "structural_factor": 3.752926996116153,
    "functional_factor": 3.5655369547270186
}