{
    "structural_factor": 1.5986293534169893,
    "functional_factor": 1.2756776268656838
}