{
    "structural_factor": 1.2497642088950485,
    "functional_factor": 1.0000182548206409
}