{
    "structural_factor": 1.9494129477020499,
    "functional_factor": 1.922695128131321
}