{
    "structural_factor": 1.149889404370562,
    "functional_factor": 2.7755943596864756
}