{
    "structural_factor": 3.00184747366736,
    "functional_factor": 1.3149299417694267
}