{
    "structural_factor": 2.7513156959482292,
    "functional_factor": 1.135645592494353
}