{
    "structural_factor": 3.5032252828128887,
    "functional_factor": 1.5605479416997545
}