{
    "structural_factor": 2.5022584938249386,
    "functional_factor": 1.3874885582951804
}