{
    "structural_factor": 1.2498683326851383,
    "functional_factor": 2.500201136702476
}