{
    "structural_factor": 1.5499212661667912,
    "functional_factor": 2.500930154051133
}