{
    "structural_factor": 1.6994174106172752,
    "functional_factor": 4.1645744107240485
}