{
    "structural_factor": 3.000384921354685,
    "functional_factor": 1.785558034517034
}