{
    "structural_factor": 1.0498364458238818,
    "functional_factor": 1.2490646973178121
}