{
    "structural_factor": 1.6500195672673708,
    "functional_factor": 2.777331237671317
}