{
    "structural_factor": 3.252109343310558,
    "functional_factor": 2.270982772520423
}