{
    "structural_factor": 4.002916530657604,
    "functional_factor": 1.662784474124064
}