{
    "structural_factor": 1.7501598250381118,
    "functional_factor": 3.568210321902822
}