{
    "structural_factor": 3.5036215141651077,
    "functional_factor": 1.2479027399633593
}