{
    "structural_factor": 2.314133496255314,
    "functional_factor": 1.0025518674106053
}