{
    "structural_factor": 1.616436936591867,
    "functional_factor": 1.179871086276457
}