{
    "structural_factor": 2.2498544676737833,
    "functional_factor": 1.136375157511579
}