{
    "structural_factor": 1.7499804208124181,
    "functional_factor": 2.2721841868578583
}