{
    "structural_factor": 2.103443495283754,
    "functional_factor": 1.3281519907209205
}