{
    "structural_factor": 1.7994389602423708,
    "functional_factor": 1.922888489457894
}