{
    "structural_factor": 1.5999976492566932,
    "functional_factor": 3.5701803641271876
}