{
    "structural_factor": 1.6990465901540708,
    "functional_factor": 1.086800686407388
}