{
    "structural_factor": 3.754013170411584,
    "functional_factor": 1.4687945359181784
}