{
    "structural_factor": 1.0998899564962759,
    "functional_factor": 2.5011747773987816
}