{
    "structural_factor": 1.6652161036197783,
    "functional_factor": 1.0000260335820832
}