{
    "structural_factor": 1.1495398879184817,
    "functional_factor": 4.162928466043582
}