{
    "structural_factor": 1.3635306279164285,
    "functional_factor": 1.1907562719602454
}