{
    "structural_factor": 3.2518701180229255,
    "functional_factor": 3.1235654084724467
}