{
    "structural_factor": 0.9994042240124912,
    "functional_factor": 1.9236481191198316
}