{
    "structural_factor": 2.5001882314092816,
    "functional_factor": 1.6638093977436927
}