{
    "structural_factor": 1.7996350487527444,
    "functional_factor": 1.0000388285284914
}