{
    "structural_factor": 3.752209904280164,
    "functional_factor": 1.4689669772018432
}