{
    "structural_factor": 2.0001179983005004,
    "functional_factor": 1.136127887514216
}