{
    "structural_factor": 2.5014611193752514,
    "functional_factor": 1.1891717858730142
}