{
    "structural_factor": 2.1983185943111296,
    "functional_factor": 1.0011427939577369
}