{
    "structural_factor": 1.1502474111665824,
    "functional_factor": 1.470310310165713
}