{
    "structural_factor": 1.7501626495812697,
    "functional_factor": 3.5732217982937584
}