{
    "structural_factor": 1.9086362790498383,
    "functional_factor": 1.2403685653368686
}