{
    "structural_factor": 1.7000681873600312,
    "functional_factor": 2.5002628822879718
}