{
    "structural_factor": 1.550086469443263,
    "functional_factor": 2.083113928723174
}