{
    "structural_factor": 1.499728650974736,
    "functional_factor": 1.0000197938850204
}