{
    "structural_factor": 1.2499351515222226,
    "functional_factor": 2.082845249082667
}