{
    "structural_factor": 1.6496323845164065,
    "functional_factor": 1.0000531719874577
}