{
    "structural_factor": 3.250501131217019,
    "functional_factor": 4.164901726351108
}