{
    "structural_factor": 3.251163515508381,
    "functional_factor": 1.2486459654828932
}