{
    "structural_factor": 2.250541341774806,
    "functional_factor": 3.567610400105915
}