{
    "structural_factor": 1.9505182229949762,
    "functional_factor": 3.123477884151679
}