{
    "structural_factor": 1.0995067352520072,
    "functional_factor": 4.165254526985398
}