{
    "structural_factor": 1.749949163278624,
    "functional_factor": 2.501054541612988
}