{
    "structural_factor": 1.199996716326544,
    "functional_factor": 1.6639301269992695
}