{
    "structural_factor": 1.8000259337442372,
    "functional_factor": 2.272301611258766
}