{
    "structural_factor": 3.0024903573925252,
    "functional_factor": 2.773575770855087
}