{
    "structural_factor": 1.2497486658147203,
    "functional_factor": 2.2725788295968234
}