{
    "structural_factor": 1.4495326688208745,
    "functional_factor": 1.9225518252030775
}