{
    "structural_factor": 1.6499843485523407,
    "functional_factor": 3.1235706630588647
}