{
    "structural_factor": 1.5273950885175656,
    "functional_factor": 1.22660282100518
}