{
    "structural_factor": 1.499872077254358,
    "functional_factor": 2.272553107085724
}