{
    "structural_factor": 1.1494345539193516,
    "functional_factor": 4.169671223050178
}