{
    "structural_factor": 1.0495667759917546,
    "functional_factor": 1.7860570916543648
}