{
    "structural_factor": 1.7000749266280784,
    "functional_factor": 2.777779133009115
}