{
    "structural_factor": 2.139925267032932,
    "functional_factor": 1.0006638060717234
}