{
    "structural_factor": 1.8826609407525692,
    "functional_factor": 1.0947336546909037
}