{
    "structural_factor": 3.0016297353917607,
    "functional_factor": 2.773055348011462
}