{
    "structural_factor": 1.9004838358100402,
    "functional_factor": 1.6633888789551547
}