{
    "structural_factor": 1.1994168032270098,
    "functional_factor": 1.922689471487338
}