{
    "structural_factor": 1.2985734587569757,
    "functional_factor": 1.0531728376215788
}