{
    "structural_factor": 1.549482391508084,
    "functional_factor": 4.165402709821664
}