{
    "structural_factor": 3.0026062499316812,
    "functional_factor": 1.2477611650271418
}