{
    "structural_factor": 0.9996537359130745,
    "functional_factor": 1.4711599580782515
}