{
    "structural_factor": 3.5045759297323107,
    "functional_factor": 2.7746747187548606
}