{
    "structural_factor": 1.550197145511493,
    "functional_factor": 1.6640129081330735
}