{
    "structural_factor": 2.0118507439822846,
    "functional_factor": 1.380132225600656
}