{
    "structural_factor": 2.236687462813987,
    "functional_factor": 1.2818964345842356
}