{
    "structural_factor": 1.5000332154012725,
    "functional_factor": 2.0826635693010256
}