{
    "structural_factor": 1.449913427639029,
    "functional_factor": 2.500996830278084
}