{
    "structural_factor": 1.8540264808473002,
    "functional_factor": 1.229052119344896
}