{
    "structural_factor": 1.7499346835440337,
    "functional_factor": 1.785929150783613
}