{
    "structural_factor": 2.242935144889884,
    "functional_factor": 1.0023294615176872
}