{
    "structural_factor": 1.9686288485354455,
    "functional_factor": 1.3750840080768878
}