{
    "structural_factor": 1.6501250599698902,
    "functional_factor": 1.7846764211115007
}