{
    "structural_factor": 1.4176853042234363,
    "functional_factor": 1.2994064701237908
}