{
    "structural_factor": 3.0025219833584558,
    "functional_factor": 2.7754000825334364
}