{
    "structural_factor": 1.9502777153350257,
    "functional_factor": 2.5007205004705337
}