{
    "structural_factor": 0.9999015249665368,
    "functional_factor": 1.249066586113953
}