{
    "structural_factor": 3.502554940389271,
    "functional_factor": 3.121166254942846
}