{
    "structural_factor": 2.0491506503672574,
    "functional_factor": 1.4348261340924946
}