{
    "structural_factor": 1.1754711051661422,
    "functional_factor": 1.1131128655710392
}