{
    "structural_factor": 1.401266145370839,
    "functional_factor": 1.5607187963448828
}