{
    "structural_factor": 1.1995033737003649,
    "functional_factor": 1.923519826579004
}