{
    "structural_factor": 1.5299173035260607,
    "functional_factor": 1.0022164368871187
}