{
    "structural_factor": 1.2498627770641157,
    "functional_factor": 2.0834532228332523
}