{
    "structural_factor": 1.550122898779338,
    "functional_factor": 2.083800774440434
}