{
    "structural_factor": 1.402968455880856,
    "functional_factor": 1.5591816416150777
}