{
    "structural_factor": 0.9997765980009183,
    "functional_factor": 1.0000204912596582
}