{
    "structural_factor": 4.004904936521507,
    "functional_factor": 3.5659950917061267
}