{
    "structural_factor": 1.1494955933673048,
    "functional_factor": 4.170584418667641
}