{
    "structural_factor": 1.5654614555010908,
    "functional_factor": 1.0753314546701311
}