{
    "structural_factor": 1.149846906607509,
    "functional_factor": 2.4993606888704907
}