{
    "structural_factor": 1.909165210789821,
    "functional_factor": 1.1306057083579415
}