{
    "structural_factor": 1.7001004045196721,
    "functional_factor": 2.2714812352394
}