{
    "structural_factor": 4.006152203292611,
    "functional_factor": 1.6614076740926718
}