{
    "structural_factor": 1.6498653212323924,
    "functional_factor": 2.499489192697103
}