{
    "structural_factor": 2.2495984450993904,
    "functional_factor": 1.0000066070281262
}