{
    "structural_factor": 1.7838802558968871,
    "functional_factor": 1.0001442634014364
}