{
    "structural_factor": 1.9322992044212026,
    "functional_factor": 1.2934109794552844
}