{
    "structural_factor": 1.2996915211958036,
    "functional_factor": 1.00004069906301
}