{
    "structural_factor": 1.9623589240792936,
    "functional_factor": 1.0001936185913145
}