{
    "structural_factor": 4.003524085117422,
    "functional_factor": 3.5658370438819325
}