{
    "structural_factor": 1.912637407269709,
    "functional_factor": 1.3071083103137768
}