{
    "structural_factor": 2.7507703836512447,
    "functional_factor": 1.3881810511912716
}