{
    "structural_factor": 1.600224260587619,
    "functional_factor": 1.085967535007206
}