{
    "structural_factor": 1.6499840306789864,
    "functional_factor": 2.500794404581259
}