{
    "structural_factor": 2.140640614311872,
    "functional_factor": 1.0001718338840104
}