{
    "structural_factor": 3.7532991594981286,
    "functional_factor": 1.7843365853284092
}