{
    "structural_factor": 1.7001107545471743,
    "functional_factor": 2.0830643968670675
}