{
    "structural_factor": 1.749995295948424,
    "functional_factor": 2.271988337248909
}