{
    "structural_factor": 2.113085959029419,
    "functional_factor": 1.1828061627506266
}