{
    "structural_factor": 1.4236221629241186,
    "functional_factor": 1.365330878383263
}