{
    "structural_factor": 1.2498943448112982,
    "functional_factor": 3.572626830917913
}