{
    "structural_factor": 3.7522517601314496,
    "functional_factor": 1.9209081134500166
}