{
    "structural_factor": 3.5030017146415644,
    "functional_factor": 3.5672124206460136
}