{
    "structural_factor": 2.03932480642241,
    "functional_factor": 1.334004611225338
}