{
    "structural_factor": 3.0001637675514394,
    "functional_factor": 1.9224279078403907
}