{
    "structural_factor": 1.9505076706517266,
    "functional_factor": 1.1358979613497147
}