{
    "structural_factor": 1.6001340851997399,
    "functional_factor": 2.083369878455992
}