{
    "structural_factor": 1.6501723053496489,
    "functional_factor": 2.0830913879737722
}