{
    "structural_factor": 1.8501182338719948,
    "functional_factor": 2.2729326269470778
}