{
    "structural_factor": 1.2497566297184903,
    "functional_factor": 1.000021485350501
}