{
    "structural_factor": 2.7509552933475065,
    "functional_factor": 1.7845601936766253
}