{
    "structural_factor": 1.6498967161264213,
    "functional_factor": 2.779477677223088
}