{
    "structural_factor": 3.754398686817474,
    "functional_factor": 3.121015979301188
}