{
    "structural_factor": 2.4996913192108585,
    "functional_factor": 1.9224524396857774
}