{
    "structural_factor": 1.4046215217223688,
    "functional_factor": 1.2004303035205477
}