{
    "structural_factor": 1.399833890349065,
    "functional_factor": 1.7861571869601371
}