{
    "structural_factor": 1.9502593145666902,
    "functional_factor": 2.7760962320199614
}