{
    "structural_factor": 1.049224092428559,
    "functional_factor": 1.6651575941272116
}