{
    "structural_factor": 3.2512121417606847,
    "functional_factor": 3.5714793308893977
}