{
    "structural_factor": 1.6789750009203188,
    "functional_factor": 1.535241665151883
}