{
    "structural_factor": 3.7548859761971918,
    "functional_factor": 1.1881922341516682
}