{
    "structural_factor": 1.2997546624174512,
    "functional_factor": 1.7857477846731329
}