{
    "structural_factor": 1.729064605256559,
    "functional_factor": 1.275300415512633
}