{
    "structural_factor": 2.2505465488961813,
    "functional_factor": 1.1358242634755522
}