{
    "structural_factor": 3.503199002151719,
    "functional_factor": 1.1886459159682303
}