{
    "structural_factor": 2.4999524807157147,
    "functional_factor": 1.9219613704685365
}