{
    "structural_factor": 3.2510446769478256,
    "functional_factor": 1.9212802944022949
}