{
    "structural_factor": 1.549654059579528,
    "functional_factor": 1.0000389886018661
}