{
    "structural_factor": 4.000110073176636,
    "functional_factor": 0.9998016981306806
}