{
    "structural_factor": 1.8997357784049034,
    "functional_factor": 4.165962185707276
}