{
    "structural_factor": 1.2994662332690279,
    "functional_factor": 1.9223045507147278
}