{
    "structural_factor": 1.1498447843248076,
    "functional_factor": 3.571648910056417
}