{
    "structural_factor": 2.252103174883822,
    "functional_factor": 1.3868131219806488
}