{
    "structural_factor": 1.7437846977210838,
    "functional_factor": 1.0747993404100646
}