{
    "structural_factor": 2.129493121162453,
    "functional_factor": 1.3809485922671698
}