{
    "structural_factor": 1.0500607178990453,
    "functional_factor": 1.3154447167464647
}