{
    "structural_factor": 1.9723493150406288,
    "functional_factor": 1.3722285857554135
}