{
    "structural_factor": 2.5011143513961898,
    "functional_factor": 2.0819104331853926
}