{
    "structural_factor": 1.638869537641663,
    "functional_factor": 1.2283796513033156
}