{
    "structural_factor": 3.503431478987766,
    "functional_factor": 2.4977526728622705
}