{
    "structural_factor": 1.4499312159992577,
    "functional_factor": 3.572516586451271
}