{
    "structural_factor": 1.9810568230663421,
    "functional_factor": 1.2611065092771163
}