{
    "structural_factor": 1.6000681767210454,
    "functional_factor": 1.6640102902330485
}