{
    "structural_factor": 4.007330213031843,
    "functional_factor": 1.1339893452932774
}