{
    "structural_factor": 2.7509022618765293,
    "functional_factor": 3.5672432460845314
}