{
    "structural_factor": 2.2508581208543363,
    "functional_factor": 1.663171759058138
}