{
    "structural_factor": 3.752166649797695,
    "functional_factor": 1.4693330180851218
}