{
    "structural_factor": 2.7514744080549227,
    "functional_factor": 2.776530601741364
}