{
    "structural_factor": 1.2499215645122113,
    "functional_factor": 2.0825362335040096
}