{
    "structural_factor": 0.9998523284430876,
    "functional_factor": 2.500324567236937
}