{
    "structural_factor": 1.5499907402395563,
    "functional_factor": 2.777381999625074
}