{
    "structural_factor": 2.750885613309408,
    "functional_factor": 1.0861107729622967
}