{
    "structural_factor": 1.8502721648237621,
    "functional_factor": 1.6638799566092022
}