{
    "structural_factor": 1.967207820993928,
    "functional_factor": 1.2328769327851115
}