{
    "structural_factor": 1.1477504682795872,
    "functional_factor": 1.0400792581709137
}