{
    "structural_factor": 4.003340020622646,
    "functional_factor": 1.5608170223543938
}