{
    "structural_factor": 1.7994595117705192,
    "functional_factor": 1.4757071084091324
}