{
    "structural_factor": 3.7531291513410565,
    "functional_factor": 2.496068426884545
}