{
    "structural_factor": 2.5007283005851586,
    "functional_factor": 1.7851344999525491
}