{
    "structural_factor": 1.3499110827830463,
    "functional_factor": 2.7786616288493176
}