{
    "structural_factor": 2.0300118291800433,
    "functional_factor": 1.0458795972605173
}