{
    "structural_factor": 1.3749354713363615,
    "functional_factor": 1.2260520296706083
}