{
    "structural_factor": 1.049822396144491,
    "functional_factor": 1.4707519028249512
}