{
    "structural_factor": 2.4990061772729897,
    "functional_factor": 1.086674519563201
}