{
    "structural_factor": 0.9998869351171848,
    "functional_factor": 1.4711552951294844
}