{
    "structural_factor": 3.000056839421703,
    "functional_factor": 4.160048896492408
}