{
    "structural_factor": 1.1997678544506167,
    "functional_factor": 1.000005584753059
}