{
    "structural_factor": 2.2496722541522427,
    "functional_factor": 1.0000045245873515
}