{
    "structural_factor": 3.5039505301607146,
    "functional_factor": 1.1882623641647643
}