{
    "structural_factor": 1.781664324337203,
    "functional_factor": 1.084046204319587
}