{
    "structural_factor": 1.8214573772453715,
    "functional_factor": 1.2915873923876164
}