{
    "structural_factor": 3.5017848098747777,
    "functional_factor": 1.6628578160370764
}