{
    "structural_factor": 2.501114096594564,
    "functional_factor": 2.2714279539212496
}