{
    "structural_factor": 1.6503638267348184,
    "functional_factor": 1.66357860621387
}