{
    "structural_factor": 1.751887292412715,
    "functional_factor": 1.0049351426922284
}