{
    "structural_factor": 1.549865252527659,
    "functional_factor": 3.125386088309539
}