{
    "structural_factor": 1.5500852412235064,
    "functional_factor": 2.0824819306519426
}