{
    "structural_factor": 1.1212222740663649,
    "functional_factor": 1.0646181381780107
}