{
    "structural_factor": 1.6496148331011877,
    "functional_factor": 1.0000503232447358
}