{
    "structural_factor": 2.0290647084008895,
    "functional_factor": 1.5013096687336462
}