{
    "structural_factor": 1.8561346752400592,
    "functional_factor": 1.0431371505058333
}