{
    "structural_factor": 2.0002970030790235,
    "functional_factor": 2.7744140635090964
}