{
    "structural_factor": 1.06647899744046,
    "functional_factor": 1.1711200548455944
}