{
    "structural_factor": 3.25215090155857,
    "functional_factor": 1.3877736446753193
}