{
    "structural_factor": 1.605327451307423,
    "functional_factor": 1.0001555292977613
}