{
    "structural_factor": 1.049854091976132,
    "functional_factor": 3.5729294808209513
}