{
    "structural_factor": 1.8501574030837356,
    "functional_factor": 2.5005291291154053
}