{
    "structural_factor": 4.003661298628596,
    "functional_factor": 1.7841239620220553
}