{
    "structural_factor": 3.754222818134497,
    "functional_factor": 1.188577659794446
}