{
    "structural_factor": 1.7496269352723193,
    "functional_factor": 1.0000370736531865
}