{
    "structural_factor": 1.0495728158592164,
    "functional_factor": 1.7865731725660945
}