{
    "structural_factor": 1.8001001277200679,
    "functional_factor": 3.5727920909674986
}