{
    "structural_factor": 1.6999017703774904,
    "functional_factor": 3.1255775997900224
}