{
    "structural_factor": 1.5301070350780979,
    "functional_factor": 1.0107411407778435
}