{
    "structural_factor": 1.850254901665495,
    "functional_factor": 2.779110584721649
}