{
    "structural_factor": 1.9996346539610985,
    "functional_factor": 1.000014682720196
}