{
    "structural_factor": 3.5050598228694994,
    "functional_factor": 1.1345259685312408
}