{
    "structural_factor": 1.8493981767806604,
    "functional_factor": 1.9224873452614328
}