{
    "structural_factor": 1.9994470642331146,
    "functional_factor": 1.9226704305009206
}