{
    "structural_factor": 1.7000107462548457,
    "functional_factor": 3.568117602879789
}