{
    "structural_factor": 2.307750521727835,
    "functional_factor": 1.0012557455144824
}