{
    "structural_factor": 1.599470305621799,
    "functional_factor": 1.922676452165449
}