{
    "structural_factor": 1.5499827840271978,
    "functional_factor": 2.7772220584328666
}