{
    "structural_factor": 1.100155990772803,
    "functional_factor": 1.315433812897804
}