{
    "structural_factor": 1.6500370402862647,
    "functional_factor": 1.7855909461157415
}