{
    "structural_factor": 0.9995690881693797,
    "functional_factor": 1.7865106974051082
}