{
    "structural_factor": 1.6548626135112572,
    "functional_factor": 1.5576063330713181
}