{
    "structural_factor": 1.0999928247836304,
    "functional_factor": 1.5624677038845014
}