{
    "structural_factor": 3.0003840138514426,
    "functional_factor": 1.1896606322132748
}