{
    "structural_factor": 1.0998391079264829,
    "functional_factor": 1.562492046656563
}