{
    "structural_factor": 2.367544792752041,
    "functional_factor": 1.0022527530809955
}