{
    "structural_factor": 1.349902777480318,
    "functional_factor": 3.123142837106992
}