{
    "structural_factor": 1.6999551339837302,
    "functional_factor": 2.2732558879844755
}