{
    "structural_factor": 2.501210228816717,
    "functional_factor": 2.4980142581353784
}