{
    "structural_factor": 1.700020658231123,
    "functional_factor": 2.27370566264752
}