{
    "structural_factor": 2.5008891196742886,
    "functional_factor": 3.122079695084852
}