{
    "structural_factor": 2.2594480785899087,
    "functional_factor": 1.1850244726068098
}