{
    "structural_factor": 2.0002972352084942,
    "functional_factor": 2.0826516974139055
}