{
    "structural_factor": 2.250393247766083,
    "functional_factor": 2.7761296071721246
}