{
    "structural_factor": 1.4669407033314663,
    "functional_factor": 1.4031661180254713
}