{
    "structural_factor": 1.9071361645929321,
    "functional_factor": 1.309910159199559
}