{
    "structural_factor": 3.00173206520056,
    "functional_factor": 2.497223106278249
}