{
    "structural_factor": 2.047416049943429,
    "functional_factor": 1.4364628095733385
}