{
    "structural_factor": 1.9502126003020437,
    "functional_factor": 3.124717257700909
}