{
    "structural_factor": 2.751174947351992,
    "functional_factor": 1.3150403778501845
}