{
    "structural_factor": 1.955743354189504,
    "functional_factor": 1.2403805738629285
}