{
    "structural_factor": 4.005494818142039,
    "functional_factor": 3.5667160080425613
}