{
    "structural_factor": 1.099755414117014,
    "functional_factor": 2.0831937001606597
}