{
    "structural_factor": 1.2006068520042659,
    "functional_factor": 1.4694827011304716
}