{
    "structural_factor": 1.3498428147678583,
    "functional_factor": 2.2715041391844117
}