{
    "structural_factor": 2.750945752244043,
    "functional_factor": 2.273758415730135
}