{
    "structural_factor": 1.949981735742067,
    "functional_factor": 1.7856465983003555
}