{
    "structural_factor": 1.850050955772384,
    "functional_factor": 1.785575356523647
}