{
    "structural_factor": 1.7995317939162065,
    "functional_factor": 4.165823376087283
}