{
    "structural_factor": 1.8393207598057353,
    "functional_factor": 1.1117469898775005
}