{
    "structural_factor": 2.0001414561304234,
    "functional_factor": 3.1252406319447266
}