{
    "structural_factor": 1.300070218739402,
    "functional_factor": 1.6636939858818898
}