{
    "structural_factor": 3.251521421420986,
    "functional_factor": 3.1231324376968885
}