{
    "structural_factor": 1.3495322129465288,
    "functional_factor": 1.9224642312641433
}