{
    "structural_factor": 1.900011057474263,
    "functional_factor": 1.7857175554491471
}