{
    "structural_factor": 2.5032929360843577,
    "functional_factor": 1.247472052419826
}