{
    "structural_factor": 1.3994558061371243,
    "functional_factor": 4.165536589140198
}