{
    "structural_factor": 1.4498355171083903,
    "functional_factor": 2.2740505602821774
}