{
    "structural_factor": 1.1012111476395214,
    "functional_factor": 1.314292223742469
}