{
    "structural_factor": 1.2503694638256844,
    "functional_factor": 1.6633293191124907
}