{
    "structural_factor": 1.349461360113566,
    "functional_factor": 1.922280411246818
}