{
    "structural_factor": 1.093057807072816,
    "functional_factor": 1.0422717510594504
}