{
    "structural_factor": 1.499847441902814,
    "functional_factor": 3.569178825534969
}