{
    "structural_factor": 1.5071035592933208,
    "functional_factor": 1.0806467111364642
}