{
    "structural_factor": 1.9171158006399762,
    "functional_factor": 1.2353412756634796
}