{
    "structural_factor": 1.2494789488446782,
    "functional_factor": 1.9230038384985886
}