{
    "structural_factor": 0.9998184630363934,
    "functional_factor": 2.0839823730114033
}