{
    "structural_factor": 3.251861035746028,
    "functional_factor": 1.3149370380964382
}