{
    "structural_factor": 1.190077345622397,
    "functional_factor": 1.0994769344392967
}