{
    "structural_factor": 1.3999489428578331,
    "functional_factor": 2.2725265374000747
}