{
    "structural_factor": 1.0994732046947875,
    "functional_factor": 1.923128673093854
}