{
    "structural_factor": 4.00175962241981,
    "functional_factor": 1.0858506515189519
}