{
    "structural_factor": 1.5215189149080364,
    "functional_factor": 1.0164173382551445
}