{
    "structural_factor": 1.5499995607102615,
    "functional_factor": 1.785416903443656
}