{
    "structural_factor": 1.4003299197907637,
    "functional_factor": 1.5621279120167788
}