{
    "structural_factor": 1.6431777246315085,
    "functional_factor": 1.0022610604052649
}