{
    "structural_factor": 1.9000684650061717,
    "functional_factor": 3.124839957191766
}