{
    "structural_factor": 1.7501888944911124,
    "functional_factor": 3.5695950552749496
}