{
    "structural_factor": 1.6000064878744933,
    "functional_factor": 3.5730936245182887
}