{
    "structural_factor": 1.5999855724968095,
    "functional_factor": 2.777820500867007
}