{
    "structural_factor": 1.4000277515696848,
    "functional_factor": 1.6646568903158263
}