{
    "structural_factor": 1.0494062082756483,
    "functional_factor": 1.6647868284385865
}