{
    "structural_factor": 3.7520947786965784,
    "functional_factor": 1.2484796315024675
}