{
    "structural_factor": 1.3321387648303002,
    "functional_factor": 1.2839115571803459
}