{
    "structural_factor": 1.9933634649332728,
    "functional_factor": 1.0651168547359944
}