{
    "structural_factor": 4.0002748448526075,
    "functional_factor": 0.9998015901962362
}