{
    "structural_factor": 1.9002047036896232,
    "functional_factor": 2.083273043572963
}