{
    "structural_factor": 1.2995177780120797,
    "functional_factor": 4.168081754814843
}