{
    "structural_factor": 1.9004316607339287,
    "functional_factor": 2.083554528377622
}