{
    "structural_factor": 2.500691014421819,
    "functional_factor": 3.5702684167935588
}