{
    "structural_factor": 1.0996817020919423,
    "functional_factor": 1.7856640476538488
}