{
    "structural_factor": 1.2220377995584066,
    "functional_factor": 1.021131595390152
}