{
    "structural_factor": 1.3995742508803115,
    "functional_factor": 4.168449902602257
}