{
    "structural_factor": 1.8187657097228536,
    "functional_factor": 1.1242519797014812
}