{
    "structural_factor": 3.250622151061683,
    "functional_factor": 4.170781766335998
}