{
    "structural_factor": 2.7509550262878784,
    "functional_factor": 1.2485483636886272
}