{
    "structural_factor": 4.004028912291258,
    "functional_factor": 2.7747557196825725
}