{
    "structural_factor": 2.750832279556276,
    "functional_factor": 2.083368958468935
}