{
    "structural_factor": 1.495005733650702,
    "functional_factor": 1.0165064209548977
}