{
    "structural_factor": 1.1997911171753541,
    "functional_factor": 1.785595435482626
}