{
    "structural_factor": 1.90288861385009,
    "functional_factor": 1.000197241669276
}