{
    "structural_factor": 1.7001391706232447,
    "functional_factor": 1.6634260436549422
}