{
    "structural_factor": 1.299724493884804,
    "functional_factor": 1.0000232399301678
}