{
    "structural_factor": 1.8495745145188236,
    "functional_factor": 4.1614629658787745
}