{
    "structural_factor": 1.0499298853778258,
    "functional_factor": 2.5003421710899776
}