{
    "structural_factor": 1.5990388970317293,
    "functional_factor": 1.086753981017386
}