{
    "structural_factor": 1.3603779856015157,
    "functional_factor": 1.459259626369154
}