{
    "structural_factor": 2.089992362699928,
    "functional_factor": 1.4067581790814412
}