{
    "structural_factor": 1.449873316480159,
    "functional_factor": 2.5008387110386354
}