{
    "structural_factor": 3.499869756261399,
    "functional_factor": 0.9998918570488841
}