{
    "structural_factor": 1.3805745866603116,
    "functional_factor": 1.2860934144912382
}