{
    "structural_factor": 2.5006581379192436,
    "functional_factor": 3.5659157574262763
}