{
    "structural_factor": 3.504089709147253,
    "functional_factor": 2.49561535589335
}