{
    "structural_factor": 1.8496116667719753,
    "functional_factor": 1.0864022811980707
}