{
    "structural_factor": 1.6233630035409934,
    "functional_factor": 1.2965763139210944
}