{
    "structural_factor": 1.7000214832438825,
    "functional_factor": 2.501227236960439
}