{
    "structural_factor": 1.4498189873594887,
    "functional_factor": 1.7855837223593405
}