{
    "structural_factor": 1.3998712181742656,
    "functional_factor": 2.5005324021364173
}