{
    "structural_factor": 2.999642764103354,
    "functional_factor": 1.086464263252305
}