{
    "structural_factor": 1.9501958362820937,
    "functional_factor": 3.1281317998995957
}