{
    "structural_factor": 4.003700494429476,
    "functional_factor": 4.163675497992961
}