{
    "structural_factor": 2.000291926807879,
    "functional_factor": 2.273375754130193
}