{
    "structural_factor": 1.6500508530362812,
    "functional_factor": 2.4999190760348093
}