{
    "structural_factor": 3.251471653197928,
    "functional_factor": 1.1357391328036197
}