{
    "structural_factor": 1.2994556772352766,
    "functional_factor": 4.166850481134945
}