{
    "structural_factor": 1.8000468926817328,
    "functional_factor": 2.7766596316410275
}