{
    "structural_factor": 2.750573253990821,
    "functional_factor": 1.1892888893648197
}