{
    "structural_factor": 2.0818338870800726,
    "functional_factor": 0.9999607914837837
}