{
    "structural_factor": 1.499569786469187,
    "functional_factor": 4.16913212276899
}