{
    "structural_factor": 1.2998969314311726,
    "functional_factor": 2.273630699703646
}