{
    "structural_factor": 3.502712807687604,
    "functional_factor": 1.188810798876893
}