{
    "structural_factor": 2.000253210522302,
    "functional_factor": 1.663658968902473
}