{
    "structural_factor": 1.4495438028037442,
    "functional_factor": 4.1641977752116475
}