{
    "structural_factor": 1.313963385888503,
    "functional_factor": 1.2355313747508918
}