{
    "structural_factor": 1.3994948894113455,
    "functional_factor": 1.9230693895487787
}