{
    "structural_factor": 2.250381286886939,
    "functional_factor": 1.6639020243885267
}