{
    "structural_factor": 1.4500872634822333,
    "functional_factor": 2.082804661020691
}