{
    "structural_factor": 1.2012269308329555,
    "functional_factor": 1.4688150028233016
}