{
    "structural_factor": 2.4987052008259285,
    "functional_factor": 1.0867763849958187
}