{
    "structural_factor": 2.250439814213239,
    "functional_factor": 2.082869957430781
}