{
    "structural_factor": 1.3500745893937691,
    "functional_factor": 1.6632567216558296
}