{
    "structural_factor": 1.3499552981338225,
    "functional_factor": 2.7774833531568417
}