{
    "structural_factor": 1.8496070069077795,
    "functional_factor": 1.0000312848683164
}