{
    "structural_factor": 1.354568214442957,
    "functional_factor": 1.4653432930366335
}