{
    "structural_factor": 3.00121007313886,
    "functional_factor": 1.3151555451381867
}