{
    "structural_factor": 2.0059824626297087,
    "functional_factor": 1.557453773356002
}