{
    "structural_factor": 1.5357962646855416,
    "functional_factor": 1.1792178503362025
}