{
    "structural_factor": 1.2001849023607474,
    "functional_factor": 1.6631939054624336
}