{
    "structural_factor": 1.799066355921701,
    "functional_factor": 1.3115362547468798
}