{
    "structural_factor": 1.0089523036937045,
    "functional_factor": 1.1254918217965717
}