{
    "structural_factor": 2.4094656745318948,
    "functional_factor": 1.0107654770534222
}