{
    "structural_factor": 3.5043211464066775,
    "functional_factor": 2.0813754115236995
}