{
    "structural_factor": 1.9491937963302062,
    "functional_factor": 1.0867155996703837
}