{
    "structural_factor": 1.5494735132326478,
    "functional_factor": 1.92233558934196
}