{
    "structural_factor": 1.2999700542405654,
    "functional_factor": 3.571010601715776
}