{
    "structural_factor": 1.7001213366591732,
    "functional_factor": 3.5714577755547854
}