{
    "structural_factor": 3.2524360232997718,
    "functional_factor": 2.08165384955787
}