{
    "structural_factor": 1.449885500145591,
    "functional_factor": 2.7774003250431756
}