{
    "structural_factor": 1.3001493680504113,
    "functional_factor": 1.6633000861023286
}