{
    "structural_factor": 1.6490111170022024,
    "functional_factor": 1.0868034709337044
}