{
    "structural_factor": 3.5021162886945576,
    "functional_factor": 2.495980146918322
}