{
    "structural_factor": 1.6999752240406087,
    "functional_factor": 2.7769390788676764
}