{
    "structural_factor": 1.9032642344550643,
    "functional_factor": 0.9999610839761227
}