{
    "structural_factor": 1.9001818806484532,
    "functional_factor": 3.1236626841112405
}