{
    "structural_factor": 3.251507682421187,
    "functional_factor": 1.3879993179852421
}