{
    "structural_factor": 1.8001719706185855,
    "functional_factor": 2.0828616349132636
}