{
    "structural_factor": 1.8995398047148844,
    "functional_factor": 1.0000379374617119
}