{
    "structural_factor": 1.8765527486820464,
    "functional_factor": 1.4571002586745792
}