{
    "structural_factor": 3.0016453564320913,
    "functional_factor": 2.0818162227366694
}