{
    "structural_factor": 1.4408816580303299,
    "functional_factor": 1.054705797230496
}