{
    "structural_factor": 1.8002231006210967,
    "functional_factor": 2.0829222397516816
}