{
    "structural_factor": 0.9996575823557698,
    "functional_factor": 1.3889227905836241
}