{
    "structural_factor": 1.6999830487429923,
    "functional_factor": 2.7793608756743886
}