{
    "structural_factor": 1.9499576432244319,
    "functional_factor": 1.663891255258306
}