{
    "structural_factor": 1.8999096105282776,
    "functional_factor": 2.497167178331469
}