{
    "structural_factor": 3.252739942249371,
    "functional_factor": 3.120842012702244
}