{
    "structural_factor": 1.950180444392676,
    "functional_factor": 3.5702778734437635
}