{
    "structural_factor": 2.008100664445774,
    "functional_factor": 1.2443765744124118
}