{
    "structural_factor": 1.9501817138975828,
    "functional_factor": 3.124653404175351
}