{
    "structural_factor": 1.3207367655400104,
    "functional_factor": 1.36648152103727
}