{
    "structural_factor": 1.1999164794576338,
    "functional_factor": 2.082654966876232
}