{
    "structural_factor": 1.6488464777474119,
    "functional_factor": 1.0868731321967773
}