{
    "structural_factor": 1.4999028340795595,
    "functional_factor": 2.500856565662611
}