{
    "structural_factor": 3.002057754248748,
    "functional_factor": 3.1236298558238187
}