{
    "structural_factor": 1.8503657743905495,
    "functional_factor": 2.083477307880615
}