{
    "structural_factor": 2.7513257554909427,
    "functional_factor": 1.3145972706202278
}