{
    "structural_factor": 1.7491276576845995,
    "functional_factor": 1.0866480225297082
}