{
    "structural_factor": 1.7493728599260177,
    "functional_factor": 1.92314102367701
}