{
    "structural_factor": 3.9985298337003683,
    "functional_factor": 1.08633292841532
}