{
    "structural_factor": 1.8996891050624296,
    "functional_factor": 1.0000150348539887
}