{
    "structural_factor": 1.5500056292307636,
    "functional_factor": 3.5742887497163602
}