{
    "structural_factor": 2.5012875414565934,
    "functional_factor": 1.4696905666795184
}