{
    "structural_factor": 1.499995096383586,
    "functional_factor": 2.501038963265357
}