{
    "structural_factor": 1.700041168234539,
    "functional_factor": 2.2722976335172955
}