{
    "structural_factor": 4.003669477424421,
    "functional_factor": 3.1221892953884476
}