{
    "structural_factor": 1.44994162825415,
    "functional_factor": 1.7854716414377585
}