{
    "structural_factor": 1.0999784483558952,
    "functional_factor": 1.56185589524354
}