{
    "structural_factor": 1.049523980166181,
    "functional_factor": 1.9229681804352654
}