{
    "structural_factor": 1.201679184442222,
    "functional_factor": 1.4677781990569156
}