{
    "structural_factor": 4.0043347669622325,
    "functional_factor": 2.4960042446504276
}