{
    "structural_factor": 1.4998683158830597,
    "functional_factor": 3.5728503924742214
}