{
    "structural_factor": 1.5873413896795663,
    "functional_factor": 1.2847389956782964
}