{
    "structural_factor": 1.5879539560203182,
    "functional_factor": 1.0012994162962128
}