{
    "structural_factor": 1.4653390104250918,
    "functional_factor": 1.014683089073389
}