{
    "structural_factor": 1.699051825496097,
    "functional_factor": 1.0865312148605002
}