{
    "structural_factor": 1.6448763120088343,
    "functional_factor": 1.0010368325527617
}