{
    "structural_factor": 2.657850507581355,
    "functional_factor": 1.0576187176666438
}