{
    "structural_factor": 1.049370634308122,
    "functional_factor": 1.9231407081466965
}