{
    "structural_factor": 1.1726973043794982,
    "functional_factor": 1.017706453035842
}