{
    "structural_factor": 3.503136954798166,
    "functional_factor": 3.5631920040092098
}