{
    "structural_factor": 1.6889663811932276,
    "functional_factor": 1.3151966797154937
}