{
    "structural_factor": 1.4999578967824894,
    "functional_factor": 2.498733777194378
}