{
    "structural_factor": 1.0498766946656533,
    "functional_factor": 3.1241435107232522
}