{
    "structural_factor": 1.9502345915900217,
    "functional_factor": 2.4998306843889306
}