{
    "structural_factor": 1.0995177927623911,
    "functional_factor": 4.167150687575214
}