{
    "structural_factor": 3.7565997486350984,
    "functional_factor": 1.187648346761896
}