{
    "structural_factor": 2.054358407406726,
    "functional_factor": 1.003129231183953
}