{
    "structural_factor": 1.2499975165189452,
    "functional_factor": 3.1236731271500564
}