{
    "structural_factor": 2.1724914755172957,
    "functional_factor": 1.2858344329914904
}