{
    "structural_factor": 3.250758834571836,
    "functional_factor": 1.5618340596124427
}