{
    "structural_factor": 1.665058793656872,
    "functional_factor": 1.0000397894418138
}