{
    "structural_factor": 1.149930755500746,
    "functional_factor": 1.6640306751506213
}