{
    "structural_factor": 1.8945983507384396,
    "functional_factor": 1.0794447235929598
}