{
    "structural_factor": 1.4496212946028424,
    "functional_factor": 4.164096778469592
}