{
    "structural_factor": 3.5024092184414206,
    "functional_factor": 1.6623513211865513
}