{
    "structural_factor": 3.25180908612901,
    "functional_factor": 1.4697208990148063
}