{
    "structural_factor": 2.7508809450097296,
    "functional_factor": 3.5717242104594336
}