{
    "structural_factor": 1.8702880742958092,
    "functional_factor": 1.0322603987610712
}