{
    "structural_factor": 1.353620679219832,
    "functional_factor": 1.0018674510231524
}