{
    "structural_factor": 1.5822162056628621,
    "functional_factor": 1.1842586920957716
}