{
    "structural_factor": 1.8987833068034594,
    "functional_factor": 1.0870209827266628
}