{
    "structural_factor": 2.057886453027007,
    "functional_factor": 1.3572416180831395
}