{
    "structural_factor": 1.249494499388108,
    "functional_factor": 4.164541092297462
}