{
    "structural_factor": 2.5004459436832045,
    "functional_factor": 1.315123316423511
}