{
    "structural_factor": 1.8495384252328837,
    "functional_factor": 4.165128128195447
}