{
    "structural_factor": 1.7002451373327592,
    "functional_factor": 1.6639670639025408
}