{
    "structural_factor": 1.749079224704815,
    "functional_factor": 1.2411231464486825
}