{
    "structural_factor": 2.249588838449772,
    "functional_factor": 1.0000296978486722
}