{
    "structural_factor": 1.8736508873088302,
    "functional_factor": 1.091639703803186
}