{
    "structural_factor": 2.2497782921892027,
    "functional_factor": 4.159751495058106
}