{
    "structural_factor": 1.29954143618223,
    "functional_factor": 4.16653165793421
}