{
    "structural_factor": 1.8989552016667832,
    "functional_factor": 1.0869264557461484
}