{
    "structural_factor": 2.1357320019364594,
    "functional_factor": 1.2393753452858682
}