{
    "structural_factor": 4.005472564343433,
    "functional_factor": 1.1348540006198695
}