{
    "structural_factor": 1.0493158080517513,
    "functional_factor": 1.6649067968796316
}