{
    "structural_factor": 3.2495749458001195,
    "functional_factor": 0.9999366878699772
}