{
    "structural_factor": 1.850090316658214,
    "functional_factor": 2.500965241456125
}