{
    "structural_factor": 1.8002588932237078,
    "functional_factor": 3.123646243504435
}