{
    "structural_factor": 1.649682063011732,
    "functional_factor": 1.0000349381378968
}