{
    "structural_factor": 2.251836707872755,
    "functional_factor": 1.5608155613612988
}