{
    "structural_factor": 1.699907857353801,
    "functional_factor": 1.7856076981324898
}