{
    "structural_factor": 1.1996462013854408,
    "functional_factor": 1.7853523297535883
}