{
    "structural_factor": 1.049912480619693,
    "functional_factor": 2.5002277606885577
}