{
    "structural_factor": 1.449966371068963,
    "functional_factor": 2.2733823395677772
}