{
    "structural_factor": 1.7486566782011153,
    "functional_factor": 1.0868993720168854
}