{
    "structural_factor": 1.9000965954335065,
    "functional_factor": 3.5725099197247125
}