{
    "structural_factor": 4.004285971882979,
    "functional_factor": 1.9202820998537489
}