{
    "structural_factor": 1.549934563045232,
    "functional_factor": 2.2716163680821095
}