{
    "structural_factor": 1.2498278111558805,
    "functional_factor": 1.7859703871970245
}