{
    "structural_factor": 1.1497190629049598,
    "functional_factor": 2.2734555598265995
}