{
    "structural_factor": 3.2517329663147705,
    "functional_factor": 3.571668364340704
}