{
    "structural_factor": 2.2600060490300646,
    "functional_factor": 1.0000231773319201
}