{
    "structural_factor": 1.9088742767466196,
    "functional_factor": 1.555653724762254
}