{
    "structural_factor": 1.6450425515850517,
    "functional_factor": 1.000939247035818
}