{
    "structural_factor": 3.2521997603776316,
    "functional_factor": 1.1353162162508805
}