{
    "structural_factor": 0.9999589174092413,
    "functional_factor": 1.2491813084970773
}