{
    "structural_factor": 1.8179661496702226,
    "functional_factor": 1.0309423756871592
}