{
    "structural_factor": 4.003439331535477,
    "functional_factor": 1.31426287325028
}