{
    "structural_factor": 1.6553229682870503,
    "functional_factor": 1.5571435380018652
}