{
    "structural_factor": 2.7511897077559846,
    "functional_factor": 1.3152127437928605
}