{
    "structural_factor": 0.999843753049893,
    "functional_factor": 2.501794175540208
}