{
    "structural_factor": 3.2509117468180198,
    "functional_factor": 1.5621671211039971
}