{
    "structural_factor": 1.3497822392192127,
    "functional_factor": 1.7859967324493526
}