{
    "structural_factor": 1.1497395471195369,
    "functional_factor": 1.7861333714459247
}