{
    "structural_factor": 1.406185911558404,
    "functional_factor": 1.003256953597853
}