{
    "structural_factor": 1.3999465346617856,
    "functional_factor": 1.663692786133878
}