{
    "structural_factor": 1.1999524325707809,
    "functional_factor": 1.6634579614528748
}