{
    "structural_factor": 1.8891795753937466,
    "functional_factor": 1.2536829508548128
}