{
    "structural_factor": 3.501668555163655,
    "functional_factor": 1.4696893503353694
}