{
    "structural_factor": 3.252112744815504,
    "functional_factor": 1.6627423045169045
}