{
    "structural_factor": 1.4640565013079183,
    "functional_factor": 1.0084288052686725
}