{
    "structural_factor": 1.8175400819399474,
    "functional_factor": 1.547310629621375
}