{
    "structural_factor": 1.948745262428339,
    "functional_factor": 1.2821253013677412
}