{
    "structural_factor": 1.150112452925457,
    "functional_factor": 1.470030646322309
}