{
    "structural_factor": 1.3383631064931734,
    "functional_factor": 1.347878310438754
}