{
    "structural_factor": 1.7001099251514158,
    "functional_factor": 2.083618402666161
}