{
    "structural_factor": 1.905617946136234,
    "functional_factor": 1.5574876941636382
}