{
    "structural_factor": 3.5033527229367003,
    "functional_factor": 1.3142729562249578
}