{
    "structural_factor": 2.7507086450149427,
    "functional_factor": 2.2713142822856516
}