{
    "structural_factor": 3.501269102999271,
    "functional_factor": 1.248717651092843
}