{
    "structural_factor": 2.049712658748693,
    "functional_factor": 1.035889057516851
}