{
    "structural_factor": 3.000440945654541,
    "functional_factor": 1.6636982526186148
}