{
    "structural_factor": 1.449843976837895,
    "functional_factor": 2.2731638593510772
}