{
    "structural_factor": 4.005243321206308,
    "functional_factor": 2.2697423224357514
}