{
    "structural_factor": 2.249423625065646,
    "functional_factor": 1.0000495047260147
}