{
    "structural_factor": 2.4989718591981727,
    "functional_factor": 1.0866208542769527
}