{
    "structural_factor": 1.2782820991697532,
    "functional_factor": 1.357351962313762
}