{
    "structural_factor": 2.0096562882351297,
    "functional_factor": 1.2763849213752365
}