{
    "structural_factor": 1.0499255080750105,
    "functional_factor": 2.499259193249002
}