{
    "structural_factor": 3.7521362113640597,
    "functional_factor": 1.3148423488496284
}