{
    "structural_factor": 4.00615111862304,
    "functional_factor": 2.773503065384857
}