{
    "structural_factor": 1.8795256168667769,
    "functional_factor": 1.0632265230370186
}