{
    "structural_factor": 3.7546512723495624,
    "functional_factor": 2.7744554126935097
}