{
    "structural_factor": 1.6040253928160937,
    "functional_factor": 1.2716564424573475
}