{
    "structural_factor": 1.7997917491270445,
    "functional_factor": 1.7852791684324376
}