{
    "structural_factor": 1.8994373742774533,
    "functional_factor": 1.922428152927605
}