{
    "structural_factor": 1.3997241127084024,
    "functional_factor": 1.0000117943068627
}