{
    "structural_factor": 1.599609781989729,
    "functional_factor": 1.000048229348408
}