{
    "structural_factor": 1.4999782122414809,
    "functional_factor": 2.2713027741354126
}