{
    "structural_factor": 3.7565817785257263,
    "functional_factor": 1.1341546974210597
}