{
    "structural_factor": 1.7990437670937751,
    "functional_factor": 1.0865644085484558
}