{
    "structural_factor": 1.496256389035624,
    "functional_factor": 1.0156371633383308
}