{
    "structural_factor": 2.7517733589306794,
    "functional_factor": 2.77564365640374
}