{
    "structural_factor": 1.999562631791428,
    "functional_factor": 1.0000443711049989
}