{
    "structural_factor": 1.4742749105631459,
    "functional_factor": 1.0011261932612492
}