{
    "structural_factor": 3.252815966665773,
    "functional_factor": 2.497734967344569
}