{
    "structural_factor": 1.9528292879135196,
    "functional_factor": 1.0050584302025123
}