{
    "structural_factor": 2.2532719137954933,
    "functional_factor": 1.313893400532516
}