{
    "structural_factor": 1.7997299500655668,
    "functional_factor": 4.165525065317663
}