{
    "structural_factor": 1.299704115603798,
    "functional_factor": 1.0000314424470829
}