{
    "structural_factor": 1.5497129942696317,
    "functional_factor": 1.0000306335263367
}