{
    "structural_factor": 1.4999480320910794,
    "functional_factor": 3.572296894298103
}