{
    "structural_factor": 1.6000820374845752,
    "functional_factor": 2.0822023576371067
}