{
    "structural_factor": 1.0495712856520005,
    "functional_factor": 1.7863028855508396
}