{
    "structural_factor": 1.7000468453612079,
    "functional_factor": 2.2724779108503466
}