{
    "structural_factor": 2.250323300934336,
    "functional_factor": 1.1359650980493188
}