{
    "structural_factor": 4.004938801425383,
    "functional_factor": 3.1188266671066636
}