{
    "structural_factor": 2.7509069740796126,
    "functional_factor": 1.7851375231149904
}