{
    "structural_factor": 1.82077606649042,
    "functional_factor": 1.2643785690641325
}