{
    "structural_factor": 2.0004311324192994,
    "functional_factor": 1.6638296658068898
}