{
    "structural_factor": 1.100067107608628,
    "functional_factor": 1.3880880880942768
}