{
    "structural_factor": 2.7514670074872796,
    "functional_factor": 2.0816649232760676
}