{
    "structural_factor": 4.005590011319515,
    "functional_factor": 1.782482295637437
}