{
    "structural_factor": 1.204822367756566,
    "functional_factor": 1.3103691011564025
}