{
    "structural_factor": 4.0039059739913645,
    "functional_factor": 1.1887012341659888
}