{
    "structural_factor": 1.8999679710759874,
    "functional_factor": 1.7854164078461232
}