{
    "structural_factor": 3.2515944974416757,
    "functional_factor": 1.314834770421085
}