{
    "structural_factor": 2.250697112167962,
    "functional_factor": 2.498779016319074
}