{
    "structural_factor": 1.4997872531235192,
    "functional_factor": 3.569007173389617
}