{
    "structural_factor": 1.7494781912337152,
    "functional_factor": 1.9232618862366058
}