{
    "structural_factor": 3.0018898458115766,
    "functional_factor": 1.3147818515748066
}