{
    "structural_factor": 1.1998677607138797,
    "functional_factor": 3.571188155820009
}