{
    "structural_factor": 3.000670305801627,
    "functional_factor": 1.7854155664406188
}