{
    "structural_factor": 1.8586865817184892,
    "functional_factor": 1.1308802040468138
}