{
    "structural_factor": 3.000956082819365,
    "functional_factor": 1.2489616682364333
}