{
    "structural_factor": 2.500365894715502,
    "functional_factor": 1.5624709895426423
}