{
    "structural_factor": 3.2533656425775033,
    "functional_factor": 3.1205813732140717
}