{
    "structural_factor": 1.5999136259038307,
    "functional_factor": 3.124589305311058
}