{
    "structural_factor": 1.5827369283917654,
    "functional_factor": 1.2464202596089546
}