{
    "structural_factor": 0.9998323568230412,
    "functional_factor": 1.1898251738227743
}