{
    "structural_factor": 1.8006021873629923,
    "functional_factor": 1.6627052634118067
}