{
    "structural_factor": 1.6502068605966618,
    "functional_factor": 1.6640514442750614
}