{
    "structural_factor": 1.2994499440912495,
    "functional_factor": 1.9226341252832497
}