{
    "structural_factor": 1.799511658845588,
    "functional_factor": 1.9233113748193786
}