{
    "structural_factor": 1.4499103641983653,
    "functional_factor": 2.776589103499561
}