{
    "structural_factor": 1.3145511467406918,
    "functional_factor": 1.0319156768965
}