{
    "structural_factor": 1.4499376189577582,
    "functional_factor": 2.7781238942501045
}