{
    "structural_factor": 2.751050819242281,
    "functional_factor": 2.272051411972357
}