{
    "structural_factor": 1.0998409485993814,
    "functional_factor": 3.1246411825503415
}