{
    "structural_factor": 3.2540666790949704,
    "functional_factor": 2.270039634315956
}