{
    "structural_factor": 3.252115799467167,
    "functional_factor": 3.122856441797619
}