{
    "structural_factor": 1.3499446717892263,
    "functional_factor": 2.7783977845735275
}