{
    "structural_factor": 1.3001271363699691,
    "functional_factor": 1.5623330473783452
}