{
    "structural_factor": 1.815162862909039,
    "functional_factor": 1.0010880501098958
}