{
    "structural_factor": 1.0663520112803837,
    "functional_factor": 1.1713659190898709
}