{
    "structural_factor": 1.0998566720893692,
    "functional_factor": 3.5710315811762103
}