{
    "structural_factor": 3.752932764321415,
    "functional_factor": 2.4960573956285006
}