{
    "structural_factor": 1.6496938398154743,
    "functional_factor": 1.0000212629086345
}