{
    "structural_factor": 1.9504021994317278,
    "functional_factor": 2.0820534842663574
}