{
    "structural_factor": 1.1497496586792064,
    "functional_factor": 1.0000164896612076
}