{
    "structural_factor": 1.7098687876322447,
    "functional_factor": 1.553256027391848
}