{
    "structural_factor": 3.001153111663683,
    "functional_factor": 1.6626160356246682
}