{
    "structural_factor": 1.1496009463309336,
    "functional_factor": 4.169902416311463
}