{
    "structural_factor": 3.000679783160549,
    "functional_factor": 1.3881258699762964
}