{
    "structural_factor": 1.0725738709435728,
    "functional_factor": 1.1116473535201818
}