{
    "structural_factor": 1.5574817944535153,
    "functional_factor": 1.5545339069924997
}