{
    "structural_factor": 0.999827128423468,
    "functional_factor": 2.2725257829644594
}