{
    "structural_factor": 1.4499859201289789,
    "functional_factor": 1.6635059989164103
}