{
    "structural_factor": 2.0005797354162635,
    "functional_factor": 2.0827616055317426
}