{
    "structural_factor": 1.5499930980548058,
    "functional_factor": 2.270967963296801
}