{
    "structural_factor": 3.754172561739796,
    "functional_factor": 1.920194342311628
}