{
    "structural_factor": 3.0003036215693997,
    "functional_factor": 1.5622981783067378
}