{
    "structural_factor": 4.0043887319232265,
    "functional_factor": 1.0850884104631662
}