{
    "structural_factor": 1.5000016598252826,
    "functional_factor": 2.5007921751793103
}