{
    "structural_factor": 1.6994496607747918,
    "functional_factor": 1.9227318511379192
}