{
    "structural_factor": 2.750866493026771,
    "functional_factor": 1.3880791966354504
}