{
    "structural_factor": 1.9501781777206717,
    "functional_factor": 2.4998907779836874
}