{
    "structural_factor": 1.0498189080606521,
    "functional_factor": 0.9999919069490032
}