{
    "structural_factor": 2.0214212923516666,
    "functional_factor": 1.0004496851452243
}