{
    "structural_factor": 1.5999540577069937,
    "functional_factor": 2.7768624030370432
}