{
    "structural_factor": 2.303538010243647,
    "functional_factor": 1.002918275049434
}