{
    "structural_factor": 1.6000828911234315,
    "functional_factor": 2.0839478386517234
}