{
    "structural_factor": 1.5999001343812185,
    "functional_factor": 2.2730273005077377
}