{
    "structural_factor": 2.2544736288991,
    "functional_factor": 1.1873276026788886
}