{
    "structural_factor": 3.2516834191463904,
    "functional_factor": 1.3147425149419598
}