{
    "structural_factor": 1.5500462351477262,
    "functional_factor": 2.777594217858077
}