{
    "structural_factor": 1.0998895353116283,
    "functional_factor": 3.1249385177516817
}