{
    "structural_factor": 1.099843117256026,
    "functional_factor": 3.5691294552468182
}