{
    "structural_factor": 3.2528203501370436,
    "functional_factor": 1.9197358601461945
}