{
    "structural_factor": 1.3500086846296184,
    "functional_factor": 1.6640413928461857
}