{
    "structural_factor": 3.751471732893524,
    "functional_factor": 4.162670087874194
}