{
    "structural_factor": 2.5012396359479827,
    "functional_factor": 2.0828690636049263
}