{
    "structural_factor": 2.2489205891215334,
    "functional_factor": 1.0869001861323486
}