{
    "structural_factor": 1.0500114852097773,
    "functional_factor": 1.3156980487320225
}