{
    "structural_factor": 1.2998910149557545,
    "functional_factor": 3.571262290264131
}