{
    "structural_factor": 3.001602104427153,
    "functional_factor": 1.3150771161637866
}