{
    "structural_factor": 1.4500040315545755,
    "functional_factor": 1.6642839097817301
}