{
    "structural_factor": 1.2998639833986991,
    "functional_factor": 2.0831719023555384
}