{
    "structural_factor": 2.0001207588308834,
    "functional_factor": 2.082464397240874
}