{
    "structural_factor": 1.0499541043009692,
    "functional_factor": 1.2491740965965734
}