{
    "structural_factor": 1.600218616202672,
    "functional_factor": 2.0826835915337227
}