{
    "structural_factor": 0.9999003351607048,
    "functional_factor": 2.7781501985671624
}