{
    "structural_factor": 2.5004132952420584,
    "functional_factor": 2.0825921972223265
}