{
    "structural_factor": 2.7511680229994595,
    "functional_factor": 3.5714983435997194
}