{
    "structural_factor": 2.1071276425297385,
    "functional_factor": 1.2558913207882154
}