{
    "structural_factor": 1.5957363218434022,
    "functional_factor": 1.2177888140618092
}