{
    "structural_factor": 3.50300871629632,
    "functional_factor": 2.2713492162915947
}