{
    "structural_factor": 3.0008467073824407,
    "functional_factor": 1.3883450384407947
}