{
    "structural_factor": 2.311215387222679,
    "functional_factor": 1.0036480071728677
}