{
    "structural_factor": 1.7500453739787354,
    "functional_factor": 1.7851633079298252
}