{
    "structural_factor": 2.500377080635033,
    "functional_factor": 4.16211469097437
}