{
    "structural_factor": 1.9502854333138577,
    "functional_factor": 3.5686429648516214
}