{
    "structural_factor": 1.4000072938625692,
    "functional_factor": 2.084092909682349
}