{
    "structural_factor": 2.4323054049895747,
    "functional_factor": 1.0012460605515139
}