{
    "structural_factor": 1.899689144030576,
    "functional_factor": 1.00001147532628
}