{
    "structural_factor": 1.3847608047900224,
    "functional_factor": 1.353066886742973
}