{
    "structural_factor": 1.2998788502271303,
    "functional_factor": 2.272031886704011
}