{
    "structural_factor": 1.1501157271795206,
    "functional_factor": 1.3879971543515535
}