{
    "structural_factor": 1.7660277640389737,
    "functional_factor": 1.3742879940185715
}