{
    "structural_factor": 2.4990377035693347,
    "functional_factor": 1.0866056880716424
}