{
    "structural_factor": 1.2997932197331845,
    "functional_factor": 2.273563367499869
}