{
    "structural_factor": 1.1720618032131223,
    "functional_factor": 1.1673031088490489
}