{
    "structural_factor": 3.503159137072416,
    "functional_factor": 2.2706317771522597
}