{
    "structural_factor": 3.2517693520874604,
    "functional_factor": 1.3145955899583865
}