{
    "structural_factor": 1.6994311652523462,
    "functional_factor": 1.9232063546887093
}