{
    "structural_factor": 1.4999812660987655,
    "functional_factor": 1.7858232481333036
}