{
    "structural_factor": 1.3962951614297168,
    "functional_factor": 1.2073810130417095
}