{
    "structural_factor": 2.3166754586354172,
    "functional_factor": 1.0015105837958975
}