{
    "structural_factor": 2.500506676988002,
    "functional_factor": 1.5616904895573256
}