{
    "structural_factor": 1.1999342686808325,
    "functional_factor": 1.6639255279207337
}