{
    "structural_factor": 1.9583332155450894,
    "functional_factor": 1.1023239432093608
}