{
    "structural_factor": 2.2503341350553865,
    "functional_factor": 1.1361495146062779
}