{
    "structural_factor": 1.7236330177706962,
    "functional_factor": 1.2973674095421852
}