{
    "structural_factor": 1.2496001808959334,
    "functional_factor": 4.16725387286287
}