{
    "structural_factor": 1.4528505662841822,
    "functional_factor": 1.5590135765202706
}