{
    "structural_factor": 1.2034635517980345,
    "functional_factor": 1.3837602450730149
}