{
    "structural_factor": 3.750703429845979,
    "functional_factor": 4.168672318618595
}