{
    "structural_factor": 3.7500380175632158,
    "functional_factor": 0.9998425131289082
}