{
    "structural_factor": 3.2497179283317235,
    "functional_factor": 0.9999167645169457
}