{
    "structural_factor": 1.349419549075358,
    "functional_factor": 4.172283310054097
}