{
    "structural_factor": 1.583724102170218,
    "functional_factor": 1.004052784289384
}