{
    "structural_factor": 1.1998578922775684,
    "functional_factor": 2.49966580386771
}