{
    "structural_factor": 3.5013958988865745,
    "functional_factor": 4.163094007684308
}