{
    "structural_factor": 3.5028572582003457,
    "functional_factor": 2.0804308642015443
}