{
    "structural_factor": 1.2891470475622493,
    "functional_factor": 1.013051377257808
}