{
    "structural_factor": 3.0013727627009112,
    "functional_factor": 1.1356815692343571
}