{
    "structural_factor": 1.4499976871426212,
    "functional_factor": 2.272190427845609
}