{
    "structural_factor": 1.4499662266451239,
    "functional_factor": 3.570437714169897
}