{
    "structural_factor": 1.6042737718986828,
    "functional_factor": 1.0009439102894142
}