{
    "structural_factor": 1.5000038572121694,
    "functional_factor": 3.125196630311479
}