{
    "structural_factor": 1.6454376982748353,
    "functional_factor": 1.000813830556918
}