{
    "structural_factor": 1.5009767961135445,
    "functional_factor": 1.5612549034502519
}