{
    "structural_factor": 2.000282311788794,
    "functional_factor": 2.5003997101182005
}