{
    "structural_factor": 1.349477236436718,
    "functional_factor": 4.164251914277526
}