{
    "structural_factor": 3.2502894501042965,
    "functional_factor": 1.0862092936517904
}