{
    "structural_factor": 1.5154621051254407,
    "functional_factor": 1.3283107986724534
}