{
    "structural_factor": 1.4351658063792012,
    "functional_factor": 1.0360944150821032
}