{
    "structural_factor": 2.5012775424184532,
    "functional_factor": 2.7754063800685103
}