{
    "structural_factor": 0.9998459325264062,
    "functional_factor": 3.573996425821541
}