{
    "structural_factor": 2.7511865883090323,
    "functional_factor": 2.498628758494197
}