{
    "structural_factor": 0.9998565018275609,
    "functional_factor": 3.124556341432146
}