{
    "structural_factor": 1.5996166358674289,
    "functional_factor": 1.000049809313173
}