{
    "structural_factor": 1.249780181318173,
    "functional_factor": 2.2724998719672307
}