{
    "structural_factor": 1.449825516997903,
    "functional_factor": 1.7852968401866227
}