{
    "structural_factor": 1.349690566268012,
    "functional_factor": 1.0000381188151057
}