{
    "structural_factor": 1.5499816065251069,
    "functional_factor": 2.7773556166814077
}