{
    "structural_factor": 4.000079112766391,
    "functional_factor": 0.9998283108575944
}