{
    "structural_factor": 1.3994580055782904,
    "functional_factor": 1.9233415252779613
}