{
    "structural_factor": 2.007540951815665,
    "functional_factor": 1.5562701476398546
}