{
    "structural_factor": 2.281662954491295,
    "functional_factor": 1.1731857066543077
}