{
    "structural_factor": 3.25284080252311,
    "functional_factor": 2.7742936981050454
}