{
    "structural_factor": 1.5536296890268628,
    "functional_factor": 1.5584794953328462
}