{
    "structural_factor": 2.750453218756006,
    "functional_factor": 1.1360180705641336
}