{
    "structural_factor": 1.4500340784042147,
    "functional_factor": 2.08225084360939
}