{
    "structural_factor": 1.2999814919555703,
    "functional_factor": 3.124098781192823
}