{
    "structural_factor": 2.4995260325656266,
    "functional_factor": 1.0000123960920078
}