{
    "structural_factor": 3.0026668656081994,
    "functional_factor": 1.1886852259019713
}