{
    "structural_factor": 1.9991726940943153,
    "functional_factor": 1.086722907040635
}