{
    "structural_factor": 1.7706923717198082,
    "functional_factor": 1.2934821813140218
}