{
    "structural_factor": 1.4483489015659177,
    "functional_factor": 1.0490483318286319
}