{
    "structural_factor": 3.7526435097549804,
    "functional_factor": 2.27113831599246
}