{
    "structural_factor": 1.3626841686940219,
    "functional_factor": 1.0911333564183554
}