{
    "structural_factor": 1.8882354933817076,
    "functional_factor": 1.1843756169410709
}