{
    "structural_factor": 2.0942683510664355,
    "functional_factor": 1.3337527942135252
}