{
    "structural_factor": 2.503617128077155,
    "functional_factor": 1.246955256328688
}