{
    "structural_factor": 3.753593291391977,
    "functional_factor": 1.7834219130318176
}