{
    "structural_factor": 3.752200077666553,
    "functional_factor": 1.4696751653550875
}