{
    "structural_factor": 1.7000873008790311,
    "functional_factor": 2.2720229270412204
}