{
    "structural_factor": 1.2998309375653188,
    "functional_factor": 2.5005826149895274
}