{
    "structural_factor": 1.2994498115682396,
    "functional_factor": 4.168340193953902
}