{
    "structural_factor": 1.906563636053123,
    "functional_factor": 1.2420289001582374
}