{
    "structural_factor": 2.060582670752216,
    "functional_factor": 0.999974317614812
}