{
    "structural_factor": 1.0504637858032788,
    "functional_factor": 1.2484465357382173
}