{
    "structural_factor": 3.5018444997597244,
    "functional_factor": 1.5617331792941507
}