{
    "structural_factor": 1.7496149228306495,
    "functional_factor": 4.1687788161919395
}