{
    "structural_factor": 1.3996370429671792,
    "functional_factor": 1.0000256621967567
}