{
    "structural_factor": 1.7847272292321743,
    "functional_factor": 0.9996519644773151
}