{
    "structural_factor": 1.2498467798513706,
    "functional_factor": 1.7860712573861643
}