{
    "structural_factor": 1.8129027516552796,
    "functional_factor": 1.0339105525559693
}