{
    "structural_factor": 1.9501623013028593,
    "functional_factor": 2.7763287774282155
}