{
    "structural_factor": 2.499531529088963,
    "functional_factor": 1.0000160313160977
}