{
    "structural_factor": 1.7241018089742428,
    "functional_factor": 1.000323216192012
}