{
    "structural_factor": 2.2503455579286147,
    "functional_factor": 3.5701489836610487
}