{
    "structural_factor": 2.1581686921636414,
    "functional_factor": 1.2221816171938706
}