{
    "structural_factor": 0.9998728819976358,
    "functional_factor": 3.1264529281148254
}