{
    "structural_factor": 3.7528141326375817,
    "functional_factor": 1.2478394598228153
}