{
    "structural_factor": 1.160879805091603,
    "functional_factor": 1.075157661215067
}