{
    "structural_factor": 1.54422724120874,
    "functional_factor": 1.0194948751381994
}