{
    "structural_factor": 1.5412406642031768,
    "functional_factor": 1.1951564121880744
}