{
    "structural_factor": 1.5495944659818075,
    "functional_factor": 4.160617347747696
}