{
    "structural_factor": 1.5999691432796357,
    "functional_factor": 3.124911142977446
}