{
    "structural_factor": 1.1504767507962836,
    "functional_factor": 1.3149199169269963
}