{
    "structural_factor": 1.2513092863721467,
    "functional_factor": 1.560451352635938
}