{
    "structural_factor": 1.9883969136070963,
    "functional_factor": 1.005071755106723
}