{
    "structural_factor": 2.501931463968957,
    "functional_factor": 1.3874044061549307
}