{
    "structural_factor": 1.7000462882336536,
    "functional_factor": 3.5680312100834284
}