{
    "structural_factor": 1.5873558299126198,
    "functional_factor": 1.0016778028500453
}