{
    "structural_factor": 1.099906657161974,
    "functional_factor": 3.5734896939555814
}