{
    "structural_factor": 1.4720949313130796,
    "functional_factor": 1.3199083800912115
}