{
    "structural_factor": 1.6498808963683207,
    "functional_factor": 1.785365560849251
}