{
    "structural_factor": 1.65001479116386,
    "functional_factor": 2.2724010733729205
}