{
    "structural_factor": 1.2011762560898545,
    "functional_factor": 1.3871618149536609
}