{
    "structural_factor": 2.0001536697282933,
    "functional_factor": 2.5002726959585093
}