{
    "structural_factor": 1.9650174795083746,
    "functional_factor": 1.5503843529095003
}