{
    "structural_factor": 2.2505247690419106,
    "functional_factor": 2.776828837867923
}