{
    "structural_factor": 1.7001327092500254,
    "functional_factor": 1.7845300255386123
}