{
    "structural_factor": 1.5518400026207486,
    "functional_factor": 1.5606921837727477
}