{
    "structural_factor": 2.2600395593016644,
    "functional_factor": 1.0001731336792805
}