{
    "structural_factor": 1.9109047370276384,
    "functional_factor": 1.1986184084343385
}