{
    "structural_factor": 1.3504667011241445,
    "functional_factor": 1.561165839507184
}