{
    "structural_factor": 1.7780060444108512,
    "functional_factor": 1.0888036706067077
}