{
    "structural_factor": 4.001997037420714,
    "functional_factor": 2.2704974518798946
}