{
    "structural_factor": 0.9996987052296208,
    "functional_factor": 1.470438518587737
}