{
    "structural_factor": 1.7871200564873337,
    "functional_factor": 1.288346094274114
}