{
    "structural_factor": 1.0995573958270182,
    "functional_factor": 4.16731016937056
}