{
    "structural_factor": 1.7995995018493403,
    "functional_factor": 1.0000443406599953
}