{
    "structural_factor": 1.0997924334487674,
    "functional_factor": 2.499618607478009
}