{
    "structural_factor": 1.9496371329336608,
    "functional_factor": 1.0000151137397453
}