{
    "structural_factor": 2.5008638690277225,
    "functional_factor": 2.777478577072529
}