{
    "structural_factor": 3.000427403008377,
    "functional_factor": 1.921891382681021
}