{
    "structural_factor": 1.5102839732686673,
    "functional_factor": 1.263269259095615
}