{
    "structural_factor": 1.0499678832374735,
    "functional_factor": 2.7783998716303753
}