{
    "structural_factor": 1.4998755375970803,
    "functional_factor": 2.5001209641766913
}