{
    "structural_factor": 1.4172929148161346,
    "functional_factor": 1.0014312114376314
}