{
    "structural_factor": 1.4994881817903778,
    "functional_factor": 4.166796765101405
}