{
    "structural_factor": 1.449861960825046,
    "functional_factor": 2.4993581071001048
}