{
    "structural_factor": 2.2592307296655476,
    "functional_factor": 1.0003832645457467
}