{
    "structural_factor": 1.4435686493005482,
    "functional_factor": 1.2758819099134722
}