{
    "structural_factor": 2.500378076955314,
    "functional_factor": 3.5683779902713626
}