{
    "structural_factor": 1.32378078184529,
    "functional_factor": 1.29177928201045
}