{
    "structural_factor": 1.29999270423244,
    "functional_factor": 3.1277949972379324
}