{
    "structural_factor": 3.753316894132339,
    "functional_factor": 2.0820857794867367
}