{
    "structural_factor": 1.650049216294582,
    "functional_factor": 3.5717228278517594
}