{
    "structural_factor": 3.5018864186522767,
    "functional_factor": 1.663404656307098
}