{
    "structural_factor": 2.4489256673640125,
    "functional_factor": 1.1801459342861327
}