{
    "structural_factor": 1.199876337065329,
    "functional_factor": 3.1231975110917247
}