{
    "structural_factor": 1.19990859806052,
    "functional_factor": 3.1229821541550002
}