{
    "structural_factor": 1.199903443639303,
    "functional_factor": 3.1244482071503965
}