{
    "structural_factor": 3.000789961393461,
    "functional_factor": 1.6640281069247247
}