{
    "structural_factor": 3.251235560496667,
    "functional_factor": 3.5674762399304902
}