{
    "structural_factor": 2.000151085094198,
    "functional_factor": 1.785096767097919
}