{
    "structural_factor": 1.8000989872208903,
    "functional_factor": 1.7849586080013566
}