{
    "structural_factor": 3.75259624309194,
    "functional_factor": 1.46951487475903
}