{
    "structural_factor": 3.753192436854331,
    "functional_factor": 1.7834349996561916
}