{
    "structural_factor": 1.948913324888951,
    "functional_factor": 1.0869246336399965
}