{
    "structural_factor": 1.900291574022068,
    "functional_factor": 3.124815904897188
}