{
    "structural_factor": 1.3000083762193786,
    "functional_factor": 2.0831009368870954
}