{
    "structural_factor": 1.1495261128002996,
    "functional_factor": 4.167336332870017
}