{
    "structural_factor": 2.184237356314557,
    "functional_factor": 1.0006895690906659
}