{
    "structural_factor": 1.8995985672515923,
    "functional_factor": 1.0000391950984628
}