{
    "structural_factor": 2.501667308599907,
    "functional_factor": 1.3147028296165444
}