{
    "structural_factor": 2.5016243673824365,
    "functional_factor": 1.1891107746071266
}