{
    "structural_factor": 1.0499972549204588,
    "functional_factor": 1.3155376205054603
}