{
    "structural_factor": 1.1458046488205351,
    "functional_factor": 1.1419715621136095
}