{
    "structural_factor": 1.6001571767588927,
    "functional_factor": 2.0815078207158506
}