{
    "structural_factor": 1.9495987209226817,
    "functional_factor": 1.0000489356942537
}