{
    "structural_factor": 4.003073835298526,
    "functional_factor": 1.314437706754502
}