{
    "structural_factor": 1.6997323090626077,
    "functional_factor": 1.000023891633243
}