{
    "structural_factor": 1.7494798893571348,
    "functional_factor": 1.9227809263983027
}