{
    "structural_factor": 2.0131779902064446,
    "functional_factor": 1.306885935067314
}