{
    "structural_factor": 1.2625914974991734,
    "functional_factor": 1.3023596442944163
}