{
    "structural_factor": 1.550103902091162,
    "functional_factor": 1.66402407623948
}