{
    "structural_factor": 2.7503273107684785,
    "functional_factor": 1.6640267901803778
}