{
    "structural_factor": 3.2536685005878057,
    "functional_factor": 1.1883820125142808
}