{
    "structural_factor": 1.5994717802207887,
    "functional_factor": 4.1622008815748135
}