{
    "structural_factor": 1.9490299907192854,
    "functional_factor": 1.086791554377705
}