{
    "structural_factor": 1.0998027338803804,
    "functional_factor": 0.9999949939139271
}