{
    "structural_factor": 2.249136266478079,
    "functional_factor": 1.0866643203323083
}