{
    "structural_factor": 1.1007911449247194,
    "functional_factor": 1.3873832057984643
}