{
    "structural_factor": 2.030621339331038,
    "functional_factor": 1.2955776081248673
}