{
    "structural_factor": 3.7548237260860113,
    "functional_factor": 1.6616533520144727
}