{
    "structural_factor": 1.3499878763587487,
    "functional_factor": 3.1267139860705493
}