{
    "structural_factor": 1.8001425625799536,
    "functional_factor": 2.4991421462085857
}