{
    "structural_factor": 1.7494486372706322,
    "functional_factor": 1.9227296601137789
}