{
    "structural_factor": 4.005522228014837,
    "functional_factor": 1.9201545072848085
}