{
    "structural_factor": 1.550046647569555,
    "functional_factor": 1.664226436191971
}