{
    "structural_factor": 3.4998606872612523,
    "functional_factor": 0.9999104506036158
}