{
    "structural_factor": 1.3999752285463347,
    "functional_factor": 2.5000461800231886
}