{
    "structural_factor": 2.7514852745686276,
    "functional_factor": 1.1893819222807338
}