{
    "structural_factor": 2.2505033409365742,
    "functional_factor": 1.663606361879524
}