{
    "structural_factor": 1.799727293672531,
    "functional_factor": 4.170144259463333
}