{
    "structural_factor": 1.7006712671649575,
    "functional_factor": 1.0855329758988426
}