{
    "structural_factor": 1.4498783727534221,
    "functional_factor": 2.2730834768409514
}