{
    "structural_factor": 2.999862453984512,
    "functional_factor": 1.0862872636150698
}