{
    "structural_factor": 1.2499499622135786,
    "functional_factor": 1.5619311402339122
}