{
    "structural_factor": 1.1002032400371877,
    "functional_factor": 1.3151273611101117
}