{
    "structural_factor": 1.451142721584871,
    "functional_factor": 1.5612116021870486
}