{
    "structural_factor": 3.7527802785568447,
    "functional_factor": 1.5615789072448918
}