{
    "structural_factor": 1.5496709431822961,
    "functional_factor": 1.0000459152323957
}