{
    "structural_factor": 2.50002366922982,
    "functional_factor": 4.16129454282901
}