{
    "structural_factor": 1.8502609445401377,
    "functional_factor": 2.7773496245038065
}