{
    "structural_factor": 3.001917939328816,
    "functional_factor": 2.498671250606583
}