{
    "structural_factor": 1.4996774294755117,
    "functional_factor": 1.000012091902962
}