{
    "structural_factor": 1.7503911598899622,
    "functional_factor": 2.083401334190399
}