{
    "structural_factor": 3.5038437618035103,
    "functional_factor": 1.1349642183071562
}