{
    "structural_factor": 1.8630509532020914,
    "functional_factor": 1.1280896451258904
}