{
    "structural_factor": 0.9996347968007019,
    "functional_factor": 1.3883853412049914
}