{
    "structural_factor": 1.0998950432067378,
    "functional_factor": 2.49792243036121
}