{
    "structural_factor": 2.251478614370882,
    "functional_factor": 1.3877805869494755
}