{
    "structural_factor": 1.7001742788038776,
    "functional_factor": 2.0827802374048594
}