{
    "structural_factor": 1.5495567411228361,
    "functional_factor": 4.171192391887436
}