{
    "structural_factor": 2.500855351462755,
    "functional_factor": 3.1225734882214757
}