{
    "structural_factor": 2.2504685684018817,
    "functional_factor": 2.271382663316998
}