{
    "structural_factor": 1.1497002803776433,
    "functional_factor": 1.7867567136925853
}