{
    "structural_factor": 1.9987599019384152,
    "functional_factor": 1.0869903858195995
}