{
    "structural_factor": 2.018041149855893,
    "functional_factor": 1.420630069274152
}