{
    "structural_factor": 2.25438404249873,
    "functional_factor": 1.3861230762046788
}