{
    "structural_factor": 1.249797702038466,
    "functional_factor": 2.2731136037122304
}