{
    "structural_factor": 2.500828820677173,
    "functional_factor": 1.5618465668728412
}