{
    "structural_factor": 2.5006505578061176,
    "functional_factor": 2.2721686185546326
}