{
    "structural_factor": 2.7503963675003624,
    "functional_factor": 1.0863903273544309
}