{
    "structural_factor": 1.6133837646096725,
    "functional_factor": 1.1613247763787584
}