{
    "structural_factor": 2.7502925652022943,
    "functional_factor": 1.4698468984552233
}