{
    "structural_factor": 1.0997882164825405,
    "functional_factor": 1.0000172541878658
}