{
    "structural_factor": 2.3980298585847852,
    "functional_factor": 1.0155839159059947
}