{
    "structural_factor": 1.8000332074901844,
    "functional_factor": 1.785387278767471
}