{
    "structural_factor": 3.0020319106755142,
    "functional_factor": 1.3877135712912587
}