{
    "structural_factor": 1.099901409123806,
    "functional_factor": 2.779523193669965
}