{
    "structural_factor": 1.0498362752182258,
    "functional_factor": 2.27269218647164
}