{
    "structural_factor": 1.0997154446184052,
    "functional_factor": 2.0834879032012585
}