{
    "structural_factor": 1.0497750106700552,
    "functional_factor": 2.273710901283073
}