{
    "structural_factor": 1.9288394186528008,
    "functional_factor": 1.457975384334058
}