{
    "structural_factor": 2.3752099111125755,
    "functional_factor": 1.001864624505514
}