{
    "structural_factor": 1.6974013410036812,
    "functional_factor": 1.0039396236770404
}