{
    "structural_factor": 3.75303081682825,
    "functional_factor": 1.0855231077617895
}