{
    "structural_factor": 1.2359101717639405,
    "functional_factor": 1.0097613005460098
}