{
    "structural_factor": 1.6000276808335352,
    "functional_factor": 2.499336485041287
}