{
    "structural_factor": 1.1494731888131224,
    "functional_factor": 1.9232893768872694
}