{
    "structural_factor": 2.4994718746330506,
    "functional_factor": 1.0000147555601777
}