{
    "structural_factor": 3.002044825421806,
    "functional_factor": 2.2706828425233243
}