{
    "structural_factor": 1.7015068872360202,
    "functional_factor": 1.0010571549331515
}