{
    "structural_factor": 2.250135123800817,
    "functional_factor": 1.7857495595444506
}