{
    "structural_factor": 1.0997243414629734,
    "functional_factor": 2.272745870054762
}