{
    "structural_factor": 2.0308208293376317,
    "functional_factor": 1.267110490934737
}