{
    "structural_factor": 3.2527080826526062,
    "functional_factor": 3.565876776352755
}