{
    "structural_factor": 1.9988514623194318,
    "functional_factor": 1.0870355443039097
}