{
    "structural_factor": 1.8782217652116127,
    "functional_factor": 1.030905756135943
}