{
    "structural_factor": 1.499636024551976,
    "functional_factor": 1.0000425986797927
}