{
    "structural_factor": 2.3697506958876886,
    "functional_factor": 1.0013220186270029
}