{
    "structural_factor": 3.7527231546009636,
    "functional_factor": 1.31488494614264
}