{
    "structural_factor": 1.3017923468803752,
    "functional_factor": 1.4685254117406898
}