{
    "structural_factor": 1.2527720128980078,
    "functional_factor": 1.3850735290985656
}