{
    "structural_factor": 2.0573388042757306,
    "functional_factor": 1.5182297930291508
}