{
    "structural_factor": 2.0004747044897724,
    "functional_factor": 3.123787201033873
}