{
    "structural_factor": 0.9995190659305562,
    "functional_factor": 1.922851824064828
}