{
    "structural_factor": 1.1498356193033263,
    "functional_factor": 2.0832092712489576
}