{
    "structural_factor": 1.6000325873164307,
    "functional_factor": 2.7778775921138705
}