{
    "structural_factor": 1.5601898451653458,
    "functional_factor": 1.3666413059068623
}