{
    "structural_factor": 1.9494596309581715,
    "functional_factor": 1.9224296651173671
}