{
    "structural_factor": 4.00371331100162,
    "functional_factor": 2.7744048890566293
}