{
    "structural_factor": 1.8503125049494427,
    "functional_factor": 3.5669395484547075
}