{
    "structural_factor": 1.2511361806040562,
    "functional_factor": 1.468894334893324
}