{
    "structural_factor": 1.2999858651915486,
    "functional_factor": 2.083078660695376
}