{
    "structural_factor": 1.5999185302989523,
    "functional_factor": 2.7770680100911584
}