{
    "structural_factor": 1.2509909091950309,
    "functional_factor": 1.3145762705174866
}