{
    "structural_factor": 1.5499037973600187,
    "functional_factor": 2.5004031907342332
}