{
    "structural_factor": 1.559589466399071,
    "functional_factor": 1.5525932459185219
}