{
    "structural_factor": 1.6500517049708423,
    "functional_factor": 3.5716543605497284
}