{
    "structural_factor": 1.3999680666139278,
    "functional_factor": 3.5688172853052276
}