{
    "structural_factor": 1.200409221620642,
    "functional_factor": 1.4695214071574274
}