{
    "structural_factor": 2.752734286772277,
    "functional_factor": 1.3142807103559933
}