{
    "structural_factor": 1.533303625014646,
    "functional_factor": 1.2870165710368466
}