{
    "structural_factor": 1.8999255681765579,
    "functional_factor": 1.7858277091546622
}