{
    "structural_factor": 1.0915730769615402,
    "functional_factor": 1.1444837266835173
}