{
    "structural_factor": 1.6504597660816864,
    "functional_factor": 1.6634343548053783
}