{
    "structural_factor": 1.1997908045632248,
    "functional_factor": 1.0000338224189067
}