{
    "structural_factor": 2.019320532107419,
    "functional_factor": 1.0014907413501957
}