{
    "structural_factor": 2.1186808005737277,
    "functional_factor": 1.4380383384559243
}