{
    "structural_factor": 1.1498252627186656,
    "functional_factor": 3.12467857332796
}