{
    "structural_factor": 1.9909994951350696,
    "functional_factor": 1.324839176693728
}