{
    "structural_factor": 1.649723443230074,
    "functional_factor": 1.000010327341216
}