{
    "structural_factor": 1.0183970370278204,
    "functional_factor": 1.0703902194067452
}