{
    "structural_factor": 1.0999113676558006,
    "functional_factor": 2.7772899065349685
}