{
    "structural_factor": 1.2011731799132201,
    "functional_factor": 1.4687311848583886
}