{
    "structural_factor": 3.7583580323086476,
    "functional_factor": 1.1869715720845109
}