{
    "structural_factor": 1.8502180420940801,
    "functional_factor": 3.124375140689588
}