{
    "structural_factor": 3.502777015993912,
    "functional_factor": 1.387783600738121
}