{
    "structural_factor": 1.2495086729974298,
    "functional_factor": 1.9227732099183088
}