{
    "structural_factor": 1.0996055129688749,
    "functional_factor": 1.7869736050210054
}