{
    "structural_factor": 1.3998044486710328,
    "functional_factor": 1.7851522835435558
}