{
    "structural_factor": 3.4998461843836326,
    "functional_factor": 0.9998891097221828
}