{
    "structural_factor": 2.500461038709953,
    "functional_factor": 3.566907309579875
}