{
    "structural_factor": 1.5114769909931047,
    "functional_factor": 1.1749533358258653
}