{
    "structural_factor": 1.1535620928506498,
    "functional_factor": 1.034683122378911
}