{
    "structural_factor": 1.7012618216570707,
    "functional_factor": 1.0011907785957121
}