{
    "structural_factor": 1.3999630516440789,
    "functional_factor": 2.7784025480673757
}