{
    "structural_factor": 0.9999153421898228,
    "functional_factor": 2.498602629075483
}