{
    "structural_factor": 1.9001486382016024,
    "functional_factor": 2.7758696375059753
}