{
    "structural_factor": 0.9998600776649796,
    "functional_factor": 3.572648527219334
}