{
    "structural_factor": 1.700591336192183,
    "functional_factor": 1.0018428739113343
}