{
    "structural_factor": 3.2496234161334674,
    "functional_factor": 1.086405826369902
}