{
    "structural_factor": 3.500780604802099,
    "functional_factor": 1.3155484061276157
}