{
    "structural_factor": 4.001812765789101,
    "functional_factor": 3.568875056090351
}