{
    "structural_factor": 3.7529876406210985,
    "functional_factor": 2.4985753712783403
}