{
    "structural_factor": 1.1499401696377491,
    "functional_factor": 3.1266779801037687
}