{
    "structural_factor": 1.249843378807349,
    "functional_factor": 1.7851400317822932
}