{
    "structural_factor": 2.251341232544004,
    "functional_factor": 1.5608199975306614
}