{
    "structural_factor": 1.4494048851128736,
    "functional_factor": 1.9229759035381095
}