{
    "structural_factor": 1.9994230909676658,
    "functional_factor": 1.923749859288069
}