{
    "structural_factor": 1.1005113691128596,
    "functional_factor": 1.3149846858577232
}