{
    "structural_factor": 1.848606552222136,
    "functional_factor": 1.0869621224278998
}