{
    "structural_factor": 1.7001550431040682,
    "functional_factor": 2.7753798831327026
}