{
    "structural_factor": 1.6500104396775235,
    "functional_factor": 3.125414046745387
}