{
    "structural_factor": 1.5998636346519526,
    "functional_factor": 1.7863233836009178
}