{
    "structural_factor": 2.500025757460466,
    "functional_factor": 1.0863192188336852
}