{
    "structural_factor": 1.7636715283850397,
    "functional_factor": 1.3333275822063824
}