{
    "structural_factor": 2.001304741288977,
    "functional_factor": 1.1353125143148957
}