{
    "structural_factor": 1.6413454283941706,
    "functional_factor": 1.141389327104685
}