{
    "structural_factor": 1.0498646198625488,
    "functional_factor": 2.0830997350404754
}