{
    "structural_factor": 1.5499350574058148,
    "functional_factor": 3.572058408020314
}