{
    "structural_factor": 1.0998402243512901,
    "functional_factor": 1.5619688641050058
}