{
    "structural_factor": 1.2998782358112682,
    "functional_factor": 2.7777607712408865
}