{
    "structural_factor": 2.0815809530666605,
    "functional_factor": 1.2323495880894324
}