{
    "structural_factor": 1.0995853941580147,
    "functional_factor": 1.785915835752574
}