{
    "structural_factor": 2.74957730293974,
    "functional_factor": 1.0000177762730273
}