{
    "structural_factor": 2.070857914702331,
    "functional_factor": 1.3845177165232563
}