{
    "structural_factor": 1.3382785592763546,
    "functional_factor": 1.0667815445119255
}