{
    "structural_factor": 2.5008246882739646,
    "functional_factor": 1.4696782037627942
}