{
    "structural_factor": 2.3566030278524486,
    "functional_factor": 1.0097650001003362
}