{
    "structural_factor": 1.7496671800945094,
    "functional_factor": 1.0000300681097887
}