{
    "structural_factor": 1.3998850908700204,
    "functional_factor": 2.7762468539188734
}