{
    "structural_factor": 1.0998005625126248,
    "functional_factor": 2.084243104742612
}