{
    "structural_factor": 1.2493988280388477,
    "functional_factor": 4.168486421260763
}