{
    "structural_factor": 1.2774935738621267,
    "functional_factor": 1.022126682779429
}