{
    "structural_factor": 1.1495003138142492,
    "functional_factor": 4.166199096139312
}