{
    "structural_factor": 1.0000390846230294,
    "functional_factor": 1.3154820635351547
}