{
    "structural_factor": 1.099898526823872,
    "functional_factor": 2.7784100753666467
}