{
    "structural_factor": 1.0113411610842193,
    "functional_factor": 1.075652576616454
}