{
    "structural_factor": 1.700086798698307,
    "functional_factor": 2.4994335654986086
}