{
    "structural_factor": 3.001674773599076,
    "functional_factor": 3.5691734640164774
}