{
    "structural_factor": 1.903287893498181,
    "functional_factor": 1.000077787050584
}