{
    "structural_factor": 1.7238584828991816,
    "functional_factor": 1.0007633403093854
}