{
    "structural_factor": 1.6000318963620512,
    "functional_factor": 3.1248197584924196
}