{
    "structural_factor": 1.952336782188816,
    "functional_factor": 1.1348192601201204
}