{
    "structural_factor": 3.2522030528880435,
    "functional_factor": 3.1246898480903678
}