{
    "structural_factor": 1.2498250393727508,
    "functional_factor": 2.2726864850318482
}