{
    "structural_factor": 4.00289607177016,
    "functional_factor": 4.157358870463122
}