{
    "structural_factor": 3.50132533071232,
    "functional_factor": 1.9212662609139353
}