{
    "structural_factor": 1.9001611398394849,
    "functional_factor": 2.083096909125799
}