{
    "structural_factor": 2.7524850053883037,
    "functional_factor": 1.2478379931027923
}