{
    "structural_factor": 3.751175850605677,
    "functional_factor": 1.387897352429226
}