{
    "structural_factor": 0.9998919359273939,
    "functional_factor": 1.1894481843427565
}