{
    "structural_factor": 1.7828981281922383,
    "functional_factor": 1.2457931107088471
}