{
    "structural_factor": 1.99966860231015,
    "functional_factor": 1.086448868909412
}