{
    "structural_factor": 4.003088222255779,
    "functional_factor": 1.6618745200572984
}