{
    "structural_factor": 1.9497331773214537,
    "functional_factor": 1.7856244294761117
}