{
    "structural_factor": 4.003145748484635,
    "functional_factor": 3.571435149518404
}