{
    "structural_factor": 1.5813155064063338,
    "functional_factor": 1.0646210766564523
}