{
    "structural_factor": 2.4996703067489574,
    "functional_factor": 0.9999926681657434
}