{
    "structural_factor": 1.1078178392711684,
    "functional_factor": 1.0282624794702744
}