{
    "structural_factor": 2.751367945480428,
    "functional_factor": 2.7759861809982223
}