{
    "structural_factor": 1.1512732556848275,
    "functional_factor": 1.469014237655161
}