{
    "structural_factor": 1.2999262711590245,
    "functional_factor": 3.5712970153462362
}