{
    "structural_factor": 1.7500646163332902,
    "functional_factor": 3.1246270314825453
}