{
    "structural_factor": 1.9494500452306491,
    "functional_factor": 1.9224007431682701
}