{
    "structural_factor": 2.7508051485315277,
    "functional_factor": 2.271743234921476
}