{
    "structural_factor": 1.9000597627853006,
    "functional_factor": 3.5686771689301002
}