{
    "structural_factor": 1.6494194700797693,
    "functional_factor": 1.9226648612093802
}