{
    "structural_factor": 1.2015547225781107,
    "functional_factor": 1.4684734141596871
}