{
    "structural_factor": 1.3994170329627758,
    "functional_factor": 4.16746741405307
}