{
    "structural_factor": 1.3156541720878956,
    "functional_factor": 1.234200782569514
}