{
    "structural_factor": 4.0066422681812535,
    "functional_factor": 3.568010315907341
}