{
    "structural_factor": 1.500057251932876,
    "functional_factor": 2.0826185002007445
}