{
    "structural_factor": 1.3494709101086175,
    "functional_factor": 1.9226371656263952
}