{
    "structural_factor": 2.0591931624875883,
    "functional_factor": 1.3661242032014447
}