{
    "structural_factor": 1.8501155611862277,
    "functional_factor": 3.1234127651525228
}