{
    "structural_factor": 1.323071365586289,
    "functional_factor": 1.078858515470738
}