{
    "structural_factor": 1.4750619514421313,
    "functional_factor": 1.0008933706892025
}