{
    "structural_factor": 3.503302094044974,
    "functional_factor": 1.1353212014195473
}