{
    "structural_factor": 1.6000069642642123,
    "functional_factor": 1.663362374331355
}