{
    "structural_factor": 2.044812733726708,
    "functional_factor": 1.4382110183182537
}