{
    "structural_factor": 1.7996544514695618,
    "functional_factor": 4.16496977497716
}