{
    "structural_factor": 1.4999974879902616,
    "functional_factor": 2.2732771711889255
}