{
    "structural_factor": 2.0135456626810306,
    "functional_factor": 1.5516959330891327
}