{
    "structural_factor": 1.8502154917083908,
    "functional_factor": 2.500918553403361
}