{
    "structural_factor": 1.7123856641213904,
    "functional_factor": 1.130447666114601
}