{
    "structural_factor": 1.3998720912467482,
    "functional_factor": 2.2718137096529767
}