{
    "structural_factor": 2.175876840567443,
    "functional_factor": 1.3177450658944345
}