{
    "structural_factor": 1.522349294901082,
    "functional_factor": 1.034027479728268
}