{
    "structural_factor": 1.7502193656614515,
    "functional_factor": 2.0825733803045634
}