{
    "structural_factor": 1.5552479686485183,
    "functional_factor": 1.0823009336971547
}