{
    "structural_factor": 1.2643298663731495,
    "functional_factor": 1.0820830133334083
}