{
    "structural_factor": 1.70295088677276,
    "functional_factor": 1.2226208730393489
}