{
    "structural_factor": 3.0026481301081858,
    "functional_factor": 2.496021120324468
}