{
    "structural_factor": 1.1996096869602344,
    "functional_factor": 2.084214466453976
}