{
    "structural_factor": 3.502997922571298,
    "functional_factor": 2.77475112548845
}