{
    "structural_factor": 3.502091594337842,
    "functional_factor": 1.784387052376052
}