{
    "structural_factor": 1.0250472339378336,
    "functional_factor": 1.1078072961588212
}