{
    "structural_factor": 1.3495022573374027,
    "functional_factor": 1.922768988045772
}