{
    "structural_factor": 1.8957772197553016,
    "functional_factor": 1.0484833355741416
}