{
    "structural_factor": 4.000177777207111,
    "functional_factor": 0.9997933424787881
}