{
    "structural_factor": 1.4500465216173715,
    "functional_factor": 2.0831228624426332
}