{
    "structural_factor": 1.349477757506378,
    "functional_factor": 4.166083476881673
}