{
    "structural_factor": 1.8076353088003707,
    "functional_factor": 1.3055437644373216
}