{
    "structural_factor": 1.9970884846043209,
    "functional_factor": 1.2167266512331536
}