{
    "structural_factor": 1.0998784904010885,
    "functional_factor": 3.1229691370245143
}