{
    "structural_factor": 3.503246155968438,
    "functional_factor": 1.1351038671969953
}