{
    "structural_factor": 3.0012811054241135,
    "functional_factor": 2.0820356832374998
}