{
    "structural_factor": 1.8003777679792223,
    "functional_factor": 2.0826129578178145
}