{
    "structural_factor": 1.6500719634683236,
    "functional_factor": 2.4998608801971587
}