{
    "structural_factor": 3.7531422172718463,
    "functional_factor": 1.784100954800325
}