{
    "structural_factor": 2.0004780520631984,
    "functional_factor": 1.6635168691610749
}