{
    "structural_factor": 1.2495510839964792,
    "functional_factor": 4.164808976127885
}