{
    "structural_factor": 3.751571884952932,
    "functional_factor": 1.3152561386491122
}