{
    "structural_factor": 1.1999058122850792,
    "functional_factor": 3.572370174364443
}