{
    "structural_factor": 1.2045094279675834,
    "functional_factor": 1.0360213788886752
}