{
    "structural_factor": 2.7499416894244266,
    "functional_factor": 1.0864295613629673
}