{
    "structural_factor": 1.6498274854349058,
    "functional_factor": 1.7852550124058026
}