{
    "structural_factor": 1.6995144726106604,
    "functional_factor": 4.166488404578537
}