{
    "structural_factor": 1.9004874231632485,
    "functional_factor": 2.4985130214951745
}