{
    "structural_factor": 1.14976569518728,
    "functional_factor": 1.663837472055378
}