{
    "structural_factor": 0.9993497847614035,
    "functional_factor": 1.6640464941982107
}