{
    "structural_factor": 1.8707785984097596,
    "functional_factor": 1.1233615384420945
}