{
    "structural_factor": 1.8002934254026965,
    "functional_factor": 3.1211671425812453
}