{
    "structural_factor": 1.150794063588669,
    "functional_factor": 1.3144527698914645
}