{
    "structural_factor": 1.3605806430064964,
    "functional_factor": 1.001528342101596
}