{
    "structural_factor": 2.091861914176668,
    "functional_factor": 1.0151001099794972
}