{
    "structural_factor": 2.7515893039417736,
    "functional_factor": 3.568547678483352
}