{
    "structural_factor": 1.4994468583824216,
    "functional_factor": 1.9228180632844671
}