{
    "structural_factor": 2.0003128821564395,
    "functional_factor": 3.121061281121105
}