{
    "structural_factor": 1.6092302024553264,
    "functional_factor": 1.2671001536465583
}