{
    "structural_factor": 1.5499406478303979,
    "functional_factor": 2.2732735846449965
}