{
    "structural_factor": 1.3998655942677063,
    "functional_factor": 3.571266188490627
}