{
    "structural_factor": 0.999807303349114,
    "functional_factor": 1.2492662761349453
}