{
    "structural_factor": 1.9995828052953393,
    "functional_factor": 1.9224086539972827
}