{
    "structural_factor": 1.4257566570614457,
    "functional_factor": 1.2453861186509623
}