{
    "structural_factor": 2.3193443742997872,
    "functional_factor": 1.0001043319878666
}