{
    "structural_factor": 1.9502115532697786,
    "functional_factor": 2.2718999275298173
}