{
    "structural_factor": 1.0664215664610592,
    "functional_factor": 1.1714234523349167
}