{
    "structural_factor": 3.0024632123401727,
    "functional_factor": 3.568511120486388
}