{
    "structural_factor": 2.750608924084934,
    "functional_factor": 1.5620596790018153
}