{
    "structural_factor": 1.6994721123029393,
    "functional_factor": 4.167323190615114
}