{
    "structural_factor": 1.8619881457452574,
    "functional_factor": 1.0065093735552342
}