{
    "structural_factor": 1.1998817913273658,
    "functional_factor": 2.2727848356976157
}