{
    "structural_factor": 1.3761271604777168,
    "functional_factor": 1.225184897067179
}