{
    "structural_factor": 4.003264024836557,
    "functional_factor": 1.5609998241088192
}