{
    "structural_factor": 0.9998925076325215,
    "functional_factor": 3.124778045571874
}