{
    "structural_factor": 1.6496522274420622,
    "functional_factor": 1.000038061418102
}