{
    "structural_factor": 1.6647986045191143,
    "functional_factor": 1.0003019689039698
}