{
    "structural_factor": 1.0995691806590706,
    "functional_factor": 1.6646378198888818
}