{
    "structural_factor": 3.0006350439012954,
    "functional_factor": 1.663813120879869
}