{
    "structural_factor": 1.0497459461286145,
    "functional_factor": 2.08288513726691
}