{
    "structural_factor": 2.2496538371213206,
    "functional_factor": 1.9230826459675494
}