{
    "structural_factor": 1.6501336409866283,
    "functional_factor": 3.1238315409066777
}