{
    "structural_factor": 2.080794227874184,
    "functional_factor": 1.0005137395078745
}