{
    "structural_factor": 1.8143852708107868,
    "functional_factor": 1.0016030631631512
}