{
    "structural_factor": 1.4499669483114621,
    "functional_factor": 2.7791751110520684
}