{
    "structural_factor": 1.4814869275587932,
    "functional_factor": 1.0036639966326175
}