{
    "structural_factor": 2.508050335840761,
    "functional_factor": 1.2450716221944558
}