{
    "structural_factor": 0.999885964179354,
    "functional_factor": 3.1253487660760104
}