{
    "structural_factor": 1.7997546618954505,
    "functional_factor": 1.7847767302372732
}