{
    "structural_factor": 1.5999125482487855,
    "functional_factor": 2.2725568756761216
}