{
    "structural_factor": 1.353395242253589,
    "functional_factor": 1.4670416556303636
}