{
    "structural_factor": 1.099993309708177,
    "functional_factor": 1.470043459387141
}