{
    "structural_factor": 1.5999744496006314,
    "functional_factor": 2.7778107026067054
}