{
    "structural_factor": 3.0017727820716043,
    "functional_factor": 1.135412449489682
}