{
    "structural_factor": 1.0778546389302965,
    "functional_factor": 1.1586781874404304
}