{
    "structural_factor": 1.549660787477925,
    "functional_factor": 1.0000364916132942
}