{
    "structural_factor": 1.5990380819569083,
    "functional_factor": 1.086759751214722
}