{
    "structural_factor": 1.0998316498719785,
    "functional_factor": 2.272092297919254
}