{
    "structural_factor": 2.281601946550337,
    "functional_factor": 1.0400723822136755
}