{
    "structural_factor": 3.2507244123484607,
    "functional_factor": 4.161569044414616
}