{
    "structural_factor": 1.9881293969527007,
    "functional_factor": 1.005195776900792
}