{
    "structural_factor": 1.5501480542468788,
    "functional_factor": 1.6639046721127144
}