{
    "structural_factor": 2.251437024622628,
    "functional_factor": 1.3148309323405336
}