{
    "structural_factor": 1.800243380113812,
    "functional_factor": 2.0831936832832594
}