{
    "structural_factor": 3.7528880158222697,
    "functional_factor": 1.3876806356331879
}