{
    "structural_factor": 1.8932649824432828,
    "functional_factor": 1.019920629217377
}