{
    "structural_factor": 1.4999443266200305,
    "functional_factor": 2.4999900643735598
}