{
    "structural_factor": 1.7967856517727747,
    "functional_factor": 1.0431525420536696
}