{
    "structural_factor": 1.0499041760938608,
    "functional_factor": 2.777871094880637
}