{
    "structural_factor": 1.2013455695351545,
    "functional_factor": 1.3863745114811767
}