{
    "structural_factor": 2.7511099152532186,
    "functional_factor": 1.6630034406933187
}