{
    "structural_factor": 3.0006143629123603,
    "functional_factor": 1.9213440232948393
}