{
    "structural_factor": 1.6790089549271412,
    "functional_factor": 1.5346658673693263
}