{
    "structural_factor": 3.251988801404514,
    "functional_factor": 1.0856736888586556
}