{
    "structural_factor": 1.9995250434338534,
    "functional_factor": 1.0000470833568065
}