{
    "structural_factor": 1.552118202079918,
    "functional_factor": 1.560715263279081
}