{
    "structural_factor": 1.100357987089886,
    "functional_factor": 1.3153856835456263
}