{
    "structural_factor": 1.8501885896354875,
    "functional_factor": 3.570681849191391
}