{
    "structural_factor": 1.6500191514838365,
    "functional_factor": 2.0829352341915404
}