{
    "structural_factor": 2.4995473675407056,
    "functional_factor": 1.000028543794001
}