{
    "structural_factor": 1.2997681681855024,
    "functional_factor": 2.2735733317241795
}