{
    "structural_factor": 1.599705078624225,
    "functional_factor": 1.000011136895364
}