{
    "structural_factor": 1.2998662195710806,
    "functional_factor": 1.7852610594739848
}