{
    "structural_factor": 3.50247921123074,
    "functional_factor": 3.120904834649575
}