{
    "structural_factor": 1.949628967758058,
    "functional_factor": 1.0000061562620288
}