{
    "structural_factor": 1.4420804790766486,
    "functional_factor": 1.427425554659086
}