{
    "structural_factor": 1.9495307682686716,
    "functional_factor": 1.9230476118876492
}