{
    "structural_factor": 2.751888267691229,
    "functional_factor": 2.7754390787694656
}