{
    "structural_factor": 3.252588169478111,
    "functional_factor": 1.3873291170328779
}