{
    "structural_factor": 4.001643241445144,
    "functional_factor": 1.4696861395586187
}