{
    "structural_factor": 1.0976936163026125,
    "functional_factor": 1.0387011806034714
}