{
    "structural_factor": 2.0516265563506644,
    "functional_factor": 1.0956209447878984
}