{
    "structural_factor": 1.9845201355836715,
    "functional_factor": 1.5348959764911456
}