{
    "structural_factor": 4.005193690303395,
    "functional_factor": 1.56017012221022
}