{
    "structural_factor": 3.754362824697419,
    "functional_factor": 2.08019194843534
}