{
    "structural_factor": 1.449940867374143,
    "functional_factor": 3.123553489159859
}