{
    "structural_factor": 4.003346019707664,
    "functional_factor": 1.3145567439275223
}