{
    "structural_factor": 2.081604615975938,
    "functional_factor": 0.999936297771901
}