{
    "structural_factor": 1.1498949055476966,
    "functional_factor": 1.6644050638057544
}