{
    "structural_factor": 2.0005357711312737,
    "functional_factor": 2.0819806972895174
}