{
    "structural_factor": 1.952175782038569,
    "functional_factor": 1.134778680388295
}