{
    "structural_factor": 1.725244365131472,
    "functional_factor": 1.2584488098381417
}