{
    "structural_factor": 1.4503973766122986,
    "functional_factor": 1.561885914151929
}