{
    "structural_factor": 2.249590222685492,
    "functional_factor": 1.000012358465439
}