{
    "structural_factor": 3.752958601053285,
    "functional_factor": 1.2482134079547338
}