{
    "structural_factor": 2.0004512708611184,
    "functional_factor": 3.5677270254244458
}