{
    "structural_factor": 4.0040709908528065,
    "functional_factor": 2.774737344946518
}