{
    "structural_factor": 1.3499129148022677,
    "functional_factor": 3.127261931897115
}