{
    "structural_factor": 1.1497503919198317,
    "functional_factor": 2.272828255471897
}