{
    "structural_factor": 3.5018979487711825,
    "functional_factor": 1.1355129170628429
}