{
    "structural_factor": 1.7501966254385302,
    "functional_factor": 2.0830362130874867
}