{
    "structural_factor": 2.26744427002988,
    "functional_factor": 1.0190402416607554
}