{
    "structural_factor": 1.5498831773128283,
    "functional_factor": 2.272327537743247
}