{
    "structural_factor": 1.3998784153287887,
    "functional_factor": 3.573536910107534
}