{
    "structural_factor": 1.2999589466164363,
    "functional_factor": 2.7761349858024507
}