{
    "structural_factor": 1.7500404208189588,
    "functional_factor": 3.1233391100853365
}