{
    "structural_factor": 1.4494325112084951,
    "functional_factor": 4.167547666127006
}