{
    "structural_factor": 1.528362504461921,
    "functional_factor": 1.003242866151034
}