{
    "structural_factor": 1.8430972121344382,
    "functional_factor": 1.0002548370240891
}