{
    "structural_factor": 1.55001016172813,
    "functional_factor": 3.570894687812009
}