{
    "structural_factor": 3.5026867736203426,
    "functional_factor": 3.120051235787274
}