{
    "structural_factor": 1.0497622171975542,
    "functional_factor": 1.46984264770497
}