{
    "structural_factor": 1.9000729655079498,
    "functional_factor": 3.5705966785776164
}