{
    "structural_factor": 1.4496890736430215,
    "functional_factor": 1.000033070776077
}