{
    "structural_factor": 1.349933985077189,
    "functional_factor": 1.7858819640548695
}