{
    "structural_factor": 1.0873838814748236,
    "functional_factor": 1.1486561439392673
}