{
    "structural_factor": 1.6500208141695136,
    "functional_factor": 1.664171359317249
}