{
    "structural_factor": 1.049693985512357,
    "functional_factor": 1.5632278723671063
}