{
    "structural_factor": 1.6711864430701446,
    "functional_factor": 1.2989678788961143
}