{
    "structural_factor": 1.6996691900627423,
    "functional_factor": 1.0000317553270202
}