{
    "structural_factor": 3.0014186457034944,
    "functional_factor": 1.7842065844522434
}