{
    "structural_factor": 1.9497734771342943,
    "functional_factor": 4.166121515318098
}