{
    "structural_factor": 1.8788043128033043,
    "functional_factor": 1.3303010872405168
}