{
    "structural_factor": 1.4998076778892386,
    "functional_factor": 1.7861220337834245
}