{
    "structural_factor": 1.3499139015029422,
    "functional_factor": 2.5005563558278165
}