{
    "structural_factor": 1.8997212603411244,
    "functional_factor": 1.000011432399181
}