{
    "structural_factor": 2.500772877118889,
    "functional_factor": 1.1356910201027528
}