{
    "structural_factor": 1.049763930491465,
    "functional_factor": 1.470932558122669
}