{
    "structural_factor": 1.0498127511973971,
    "functional_factor": 2.2735319060930492
}