{
    "structural_factor": 1.8990485597061055,
    "functional_factor": 1.0867968169720754
}