{
    "structural_factor": 1.4591320485550054,
    "functional_factor": 1.3073417223103767
}