{
    "structural_factor": 1.5499102098744715,
    "functional_factor": 1.7852706852273672
}