{
    "structural_factor": 1.8605127500654142,
    "functional_factor": 1.166749730855034
}