{
    "structural_factor": 1.3498999669234275,
    "functional_factor": 3.567913677990273
}