{
    "structural_factor": 1.4999476095356719,
    "functional_factor": 3.1257424467225587
}