{
    "structural_factor": 1.6996059805179993,
    "functional_factor": 1.0000659872951967
}