{
    "structural_factor": 2.7508496327161835,
    "functional_factor": 1.5619888773207258
}