{
    "structural_factor": 1.2994718611223637,
    "functional_factor": 1.9238925334895067
}