{
    "structural_factor": 3.0009175731219937,
    "functional_factor": 1.1359066702676253
}