{
    "structural_factor": 1.5404716493505217,
    "functional_factor": 1.0426892168491622
}