{
    "structural_factor": 1.500109796019553,
    "functional_factor": 2.08215875416488
}