{
    "structural_factor": 1.0997674215035604,
    "functional_factor": 2.5001369616237485
}