{
    "structural_factor": 1.5994728079866436,
    "functional_factor": 4.16631025795055
}