{
    "structural_factor": 1.8501437551017559,
    "functional_factor": 2.502462546417398
}