{
    "structural_factor": 3.00186629723783,
    "functional_factor": 2.269733580189592
}