{
    "structural_factor": 1.3941924575008728,
    "functional_factor": 1.051223083752786
}