{
    "structural_factor": 1.1997540408745173,
    "functional_factor": 2.27187120410884
}