{
    "structural_factor": 1.409123843520954,
    "functional_factor": 1.4610869494857575
}