{
    "structural_factor": 1.3002270580617497,
    "functional_factor": 1.5618683587561282
}