{
    "structural_factor": 1.049229043176516,
    "functional_factor": 1.6646760119991466
}