{
    "structural_factor": 1.149910855070379,
    "functional_factor": 2.0829279118795614
}