{
    "structural_factor": 3.2517249588914994,
    "functional_factor": 3.1247134714616323
}