{
    "structural_factor": 3.5014886555266282,
    "functional_factor": 1.3881006843197696
}