{
    "structural_factor": 1.2999511313286924,
    "functional_factor": 2.7773477932987185
}