{
    "structural_factor": 2.750344226307318,
    "functional_factor": 1.1896149441434563
}