{
    "structural_factor": 1.549926576310174,
    "functional_factor": 1.6639514546629635
}