{
    "structural_factor": 2.021170585421242,
    "functional_factor": 1.0004370310497348
}