{
    "structural_factor": 0.9998171352328958,
    "functional_factor": 2.500860583304553
}