{
    "structural_factor": 3.5020772392494295,
    "functional_factor": 1.3147135093673568
}