{
    "structural_factor": 1.9131222359992655,
    "functional_factor": 1.3424506252695094
}