{
    "structural_factor": 1.449919619739596,
    "functional_factor": 3.573864839111102
}