{
    "structural_factor": 2.750262314365308,
    "functional_factor": 4.16388794528805
}