{
    "structural_factor": 3.000886725301146,
    "functional_factor": 1.3881457583188535
}