{
    "structural_factor": 1.3496792993833469,
    "functional_factor": 1.0000388226685004
}