{
    "structural_factor": 3.000719327370079,
    "functional_factor": 1.136023971421582
}