{
    "structural_factor": 2.2461420329416635,
    "functional_factor": 1.000847457117053
}