{
    "structural_factor": 1.216825665528627,
    "functional_factor": 1.0752431541487388
}