{
    "structural_factor": 1.4500108629323178,
    "functional_factor": 1.7850155839834418
}