{
    "structural_factor": 1.099755157086169,
    "functional_factor": 2.2732018515909407
}