{
    "structural_factor": 3.7547657931501326,
    "functional_factor": 3.1209202688800923
}