{
    "structural_factor": 4.003442007057815,
    "functional_factor": 3.1204034438991446
}