{
    "structural_factor": 1.6644189926655655,
    "functional_factor": 1.0004969695739654
}