{
    "structural_factor": 0.999804160070676,
    "functional_factor": 3.5747249844148907
}