{
    "structural_factor": 1.7989190863657816,
    "functional_factor": 1.0869254545102986
}