{
    "structural_factor": 1.3996812941988972,
    "functional_factor": 1.0000449730868255
}