{
    "structural_factor": 3.0015980625286085,
    "functional_factor": 1.4695771505372508
}