{
    "structural_factor": 1.5896056848460138,
    "functional_factor": 1.2662389863309806
}