{
    "structural_factor": 1.8501479475650477,
    "functional_factor": 2.2726439449418585
}