{
    "structural_factor": 1.1998646591540039,
    "functional_factor": 3.5703610800184844
}