{
    "structural_factor": 1.524587662570584,
    "functional_factor": 1.294336764751742
}