{
    "structural_factor": 1.3953424422313052,
    "functional_factor": 1.0173466727263205
}