{
    "structural_factor": 0.9998801249389546,
    "functional_factor": 3.5701593755525343
}