{
    "structural_factor": 2.0567537525650743,
    "functional_factor": 1.3501922755229367
}