{
    "structural_factor": 2.4991812966908085,
    "functional_factor": 1.0866355239657486
}