{
    "structural_factor": 2.7518168390455435,
    "functional_factor": 1.3146694919091415
}