{
    "structural_factor": 1.099559314640433,
    "functional_factor": 1.78608989266851
}