{
    "structural_factor": 1.2497388876785869,
    "functional_factor": 1.0000270241593734
}