{
    "structural_factor": 3.001457511146163,
    "functional_factor": 1.6628460518917245
}