{
    "structural_factor": 2.4934533290501197,
    "functional_factor": 1.0016736241210715
}