{
    "structural_factor": 4.004248542285168,
    "functional_factor": 1.9205179453567536
}