{
    "structural_factor": 1.9001686989254245,
    "functional_factor": 2.778563745661853
}