{
    "structural_factor": 1.0998768866828605,
    "functional_factor": 3.1261882794660747
}