{
    "structural_factor": 2.7514858289686512,
    "functional_factor": 2.7758653823260397
}