{
    "structural_factor": 1.2504310210207523,
    "functional_factor": 1.4698943357316399
}