{
    "structural_factor": 3.0009839182006783,
    "functional_factor": 1.3151550556106244
}