{
    "structural_factor": 1.149801106320241,
    "functional_factor": 2.0830097047382203
}