{
    "structural_factor": 1.2497678087801116,
    "functional_factor": 1.7858970662875795
}