{
    "structural_factor": 1.0495098058798231,
    "functional_factor": 1.785986953502313
}