{
    "structural_factor": 2.2495324861250308,
    "functional_factor": 1.000027282579368
}