{
    "structural_factor": 1.112808268368128,
    "functional_factor": 1.0237726392819528
}