{
    "structural_factor": 0.9995968275911702,
    "functional_factor": 2.084309243159094
}