{
    "structural_factor": 2.254396872565642,
    "functional_factor": 1.3857534710810877
}