{
    "structural_factor": 1.0498561334305654,
    "functional_factor": 3.5728898996377585
}