{
    "structural_factor": 1.8129517995290523,
    "functional_factor": 1.002367827547819
}