{
    "structural_factor": 2.7526113650954387,
    "functional_factor": 1.2477043870488105
}