{
    "structural_factor": 2.2498622466363734,
    "functional_factor": 4.164441394251149
}