{
    "structural_factor": 3.5038968711510408,
    "functional_factor": 2.0803094395719306
}