{
    "structural_factor": 1.099482999487695,
    "functional_factor": 1.923691041823581
}