{
    "structural_factor": 1.850363621913996,
    "functional_factor": 2.082787186937556
}