{
    "structural_factor": 1.4065655763564358,
    "functional_factor": 1.2430871557780458
}