{
    "structural_factor": 1.2998366771553367,
    "functional_factor": 1.7862151236014747
}