{
    "structural_factor": 1.6489035452625063,
    "functional_factor": 1.0867102506429962
}