{
    "structural_factor": 1.5313654928763831,
    "functional_factor": 1.0012456702215053
}