{
    "structural_factor": 3.5014791671400762,
    "functional_factor": 2.499036641875673
}