{
    "structural_factor": 1.8555266762220208,
    "functional_factor": 1.5579659748432273
}