{
    "structural_factor": 0.9997418080405792,
    "functional_factor": 2.2719893575262775
}