{
    "structural_factor": 1.3994614880896064,
    "functional_factor": 1.9232721831844073
}