{
    "structural_factor": 1.9502716597905958,
    "functional_factor": 1.1359966401364523
}