{
    "structural_factor": 2.7514130781516757,
    "functional_factor": 1.4697419695537723
}