{
    "structural_factor": 3.251121690970789,
    "functional_factor": 2.77500132728116
}