{
    "structural_factor": 1.2497696249125867,
    "functional_factor": 2.5020459079166026
}