{
    "structural_factor": 2.000217551134875,
    "functional_factor": 2.272529883576174
}