{
    "structural_factor": 1.773257464075315,
    "functional_factor": 1.3309771850431094
}