{
    "structural_factor": 3.002094090190468,
    "functional_factor": 2.7759266288815256
}