{
    "structural_factor": 3.0014721960040083,
    "functional_factor": 1.561716860511444
}