{
    "structural_factor": 1.6500053462948205,
    "functional_factor": 2.2727146091930415
}