{
    "structural_factor": 1.8002122600383716,
    "functional_factor": 3.124459935049297
}