{
    "structural_factor": 2.2536932169559987,
    "functional_factor": 1.3135454178628871
}