{
    "structural_factor": 1.6896569591662018,
    "functional_factor": 1.2324662182582318
}