{
    "structural_factor": 1.3499801667769513,
    "functional_factor": 2.083717698263632
}