{
    "structural_factor": 4.004006370941916,
    "functional_factor": 1.5608293905120896
}