{
    "structural_factor": 4.0057450309555405,
    "functional_factor": 2.079168906757389
}