{
    "structural_factor": 3.50383614585907,
    "functional_factor": 1.387148747672977
}