{
    "structural_factor": 1.1499016386119691,
    "functional_factor": 3.5718964155886495
}