{
    "structural_factor": 1.3498955918010702,
    "functional_factor": 2.5010886908691052
}