{
    "structural_factor": 1.698701387711358,
    "functional_factor": 1.0870124133213126
}