{
    "structural_factor": 2.247265320745633,
    "functional_factor": 1.0004186098955237
}