{
    "structural_factor": 2.7495391201857964,
    "functional_factor": 1.0000130048400442
}