{
    "structural_factor": 2.500853829955373,
    "functional_factor": 1.1895591517674806
}