{
    "structural_factor": 4.005283032757849,
    "functional_factor": 4.155152022320429
}