{
    "structural_factor": 3.253469921154942,
    "functional_factor": 2.269606870119684
}