{
    "structural_factor": 1.6976931128536101,
    "functional_factor": 1.0035758683103964
}