{
    "structural_factor": 1.9626322955201059,
    "functional_factor": 1.3438164262668941
}