{
    "structural_factor": 1.3010192683535349,
    "functional_factor": 1.4691890283419686
}