{
    "structural_factor": 3.752272705094949,
    "functional_factor": 1.9215033906220103
}