{
    "structural_factor": 1.9002940744282604,
    "functional_factor": 2.2724527541177237
}