{
    "structural_factor": 1.6651429239734026,
    "functional_factor": 0.999925470677141
}