{
    "structural_factor": 1.1498542801460485,
    "functional_factor": 2.5016747354864384
}