{
    "structural_factor": 0.9999010427419621,
    "functional_factor": 3.126504805286255
}