{
    "structural_factor": 1.599658418423188,
    "functional_factor": 1.0000455438875553
}