{
    "structural_factor": 1.3994631312675503,
    "functional_factor": 1.9237594933883166
}