{
    "structural_factor": 1.6994546609048808,
    "functional_factor": 1.9226148834691967
}