{
    "structural_factor": 1.4600051569973946,
    "functional_factor": 1.2404476468540229
}