{
    "structural_factor": 1.8000542380477171,
    "functional_factor": 3.570585618775053
}