{
    "structural_factor": 1.9503831484467427,
    "functional_factor": 1.3190741472025778
}