{
    "structural_factor": 0.9994847552664513,
    "functional_factor": 1.3883883204799756
}