{
    "structural_factor": 3.000713552898206,
    "functional_factor": 1.9212698839368534
}