{
    "structural_factor": 1.0499137597627943,
    "functional_factor": 3.573830755298399
}