{
    "structural_factor": 2.2505730234331507,
    "functional_factor": 3.5711775815023703
}