{
    "structural_factor": 1.001440774954076,
    "functional_factor": 1.1877744472957963
}