{
    "structural_factor": 1.4800585180102832,
    "functional_factor": 1.004541506560294
}