{
    "structural_factor": 1.299955829784599,
    "functional_factor": 3.5703239552467547
}