{
    "structural_factor": 1.9491873956455814,
    "functional_factor": 1.086739321899039
}