{
    "structural_factor": 2.749520510131381,
    "functional_factor": 1.0000108734060762
}