{
    "structural_factor": 0.9996562763799616,
    "functional_factor": 1.7861717467342997
}