{
    "structural_factor": 1.9996817959127453,
    "functional_factor": 4.164224373653608
}