{
    "structural_factor": 1.199438627897868,
    "functional_factor": 1.9232235492905216
}