{
    "structural_factor": 4.005594750732612,
    "functional_factor": 1.782407355927229
}