{
    "structural_factor": 1.301328626692289,
    "functional_factor": 1.4690912459055792
}