{
    "structural_factor": 4.003055759437966,
    "functional_factor": 1.4691444703279564
}