{
    "structural_factor": 3.0013526645752253,
    "functional_factor": 2.7772986438815583
}