{
    "structural_factor": 3.7540322905461316,
    "functional_factor": 1.1350200574282474
}