{
    "structural_factor": 2.0069929508437014,
    "functional_factor": 1.3838301312660932
}