{
    "structural_factor": 1.400031424359981,
    "functional_factor": 2.083088890709916
}