{
    "structural_factor": 2.370753201132276,
    "functional_factor": 1.0009269874962228
}