{
    "structural_factor": 1.588530276104859,
    "functional_factor": 1.0010585972498094
}