{
    "structural_factor": 1.9099297290154253,
    "functional_factor": 1.0462491615617189
}