{
    "structural_factor": 3.2545594241864215,
    "functional_factor": 2.079907734644607
}