{
    "structural_factor": 1.9005728493807315,
    "functional_factor": 1.2418094282234966
}