{
    "structural_factor": 4.0039513096324955,
    "functional_factor": 2.7750676470007876
}