{
    "structural_factor": 2.2505149798228485,
    "functional_factor": 1.6639029839427224
}