{
    "structural_factor": 1.665082650672146,
    "functional_factor": 1.3241987043361039
}