{
    "structural_factor": 2.430907165123543,
    "functional_factor": 1.0019345687512646
}