{
    "structural_factor": 1.587289584500223,
    "functional_factor": 1.3118505586809572
}