{
    "structural_factor": 1.5499787493702295,
    "functional_factor": 2.501122260080296
}