{
    "structural_factor": 1.8990978086480976,
    "functional_factor": 1.0867710025545985
}