{
    "structural_factor": 1.0249083258266307,
    "functional_factor": 1.065583344910948
}