{
    "structural_factor": 2.501111684097122,
    "functional_factor": 3.126232433874667
}