{
    "structural_factor": 1.4116776747676372,
    "functional_factor": 1.0055869514389175
}