{
    "structural_factor": 2.751095753476143,
    "functional_factor": 1.4697205568841485
}