{
    "structural_factor": 1.7501165835058299,
    "functional_factor": 2.775801062468419
}