{
    "structural_factor": 1.6499305838411604,
    "functional_factor": 3.1246896229852386
}