{
    "structural_factor": 1.5000412319198486,
    "functional_factor": 3.124882877640105
}