{
    "structural_factor": 1.4998905231172739,
    "functional_factor": 2.5004210266705353
}