{
    "structural_factor": 0.9993232313910108,
    "functional_factor": 1.6647012349064143
}