{
    "structural_factor": 1.6076837875424623,
    "functional_factor": 1.080777896835342
}