{
    "structural_factor": 1.7724435128332403,
    "functional_factor": 1.299304721004259
}