{
    "structural_factor": 2.4972621249747218,
    "functional_factor": 1.0003874349772974
}