{
    "structural_factor": 2.201458359753878,
    "functional_factor": 1.0536792659118057
}