{
    "structural_factor": 2.2495578920370107,
    "functional_factor": 1.922953206938665
}