{
    "structural_factor": 1.8492363906520326,
    "functional_factor": 1.9227451996298048
}