{
    "structural_factor": 4.00598269107161,
    "functional_factor": 1.9197113345812327
}