{
    "structural_factor": 1.2049794651941605,
    "functional_factor": 1.2437494809223364
}