{
    "structural_factor": 1.74966995419003,
    "functional_factor": 4.160478468661508
}