{
    "structural_factor": 1.3015680337291433,
    "functional_factor": 1.4686878249131534
}