{
    "structural_factor": 3.499684614545588,
    "functional_factor": 0.9999350695307624
}