{
    "structural_factor": 1.8940445213577344,
    "functional_factor": 1.5259099656580783
}