{
    "structural_factor": 3.003112968506237,
    "functional_factor": 2.4973897364000064
}