{
    "structural_factor": 4.0030492832714515,
    "functional_factor": 2.4970222170239533
}