{
    "structural_factor": 1.600094560780787,
    "functional_factor": 2.776947971475416
}