{
    "structural_factor": 1.24980800659456,
    "functional_factor": 2.0831654291447697
}