{
    "structural_factor": 2.0223729364460845,
    "functional_factor": 1.5452844750753367
}