{
    "structural_factor": 3.251714825427894,
    "functional_factor": 4.160480779506985
}