{
    "structural_factor": 1.7587016347955113,
    "functional_factor": 1.000774436518257
}