{
    "structural_factor": 1.8000215187379993,
    "functional_factor": 3.1257459214417507
}