{
    "structural_factor": 2.751699350563538,
    "functional_factor": 1.3878026075476366
}