{
    "structural_factor": 1.9012894145914854,
    "functional_factor": 1.1354019344446327
}