{
    "structural_factor": 1.4499073231800759,
    "functional_factor": 3.125253955854898
}