{
    "structural_factor": 1.2689464489373894,
    "functional_factor": 1.0261347854359644
}