{
    "structural_factor": 3.252319053301556,
    "functional_factor": 2.497976351361309
}