{
    "structural_factor": 1.6111071399551238,
    "functional_factor": 1.368816656057948
}