{
    "structural_factor": 2.297687222224922,
    "functional_factor": 1.2231840642570002
}