{
    "structural_factor": 2.500746044435438,
    "functional_factor": 2.775681735195445
}