{
    "structural_factor": 2.0539005165610784,
    "functional_factor": 1.3182186865536814
}