{
    "structural_factor": 2.2504211591826997,
    "functional_factor": 1.7854079877018216
}