{
    "structural_factor": 4.005338495450355,
    "functional_factor": 1.2473933857901214
}