{
    "structural_factor": 2.0988667023351066,
    "functional_factor": 1.0485512872257126
}