{
    "structural_factor": 2.2503151992269004,
    "functional_factor": 3.1231665341188597
}