{
    "structural_factor": 1.4503727047006882,
    "functional_factor": 1.6630234900780831
}