{
    "structural_factor": 1.663296441114959,
    "functional_factor": 1.0011392845931604
}