{
    "structural_factor": 1.349754839475552,
    "functional_factor": 1.00002464605032
}