{
    "structural_factor": 1.399932723223776,
    "functional_factor": 3.572993679814738
}