{
    "structural_factor": 1.6632235869355076,
    "functional_factor": 1.1863250537050167
}