{
    "structural_factor": 1.4498613591815774,
    "functional_factor": 2.49966727757274
}