{
    "structural_factor": 1.9495945863145379,
    "functional_factor": 1.0000233200450586
}