{
    "structural_factor": 3.5030401322353644,
    "functional_factor": 1.0854701002754907
}