{
    "structural_factor": 1.396758332548981,
    "functional_factor": 1.206931284810407
}