{
    "structural_factor": 2.499968593063389,
    "functional_factor": 1.9224127243194875
}