{
    "structural_factor": 1.6494630685395466,
    "functional_factor": 1.9229370615260337
}