{
    "structural_factor": 1.399894187796294,
    "functional_factor": 3.57011778225323
}