{
    "structural_factor": 3.502420220714498,
    "functional_factor": 4.164956939745239
}