{
    "structural_factor": 1.6852485851882995,
    "functional_factor": 1.1119330325853336
}