{
    "structural_factor": 1.431592930879177,
    "functional_factor": 1.221224173782012
}