{
    "structural_factor": 1.4447587018595172,
    "functional_factor": 1.4246816785549767
}