{
    "structural_factor": 1.9502543176212228,
    "functional_factor": 3.5685071825771852
}