{
    "structural_factor": 3.7559533248476242,
    "functional_factor": 2.4962811210762355
}