{
    "structural_factor": 1.411681096570334,
    "functional_factor": 1.3273554945344508
}