{
    "structural_factor": 2.751137743619019,
    "functional_factor": 1.5617139101480342
}