{
    "structural_factor": 3.2516117086999983,
    "functional_factor": 1.1356494057709507
}