{
    "structural_factor": 1.6376554593062636,
    "functional_factor": 1.0610074921878476
}