{
    "structural_factor": 1.6937195517698025,
    "functional_factor": 1.0060801915802673
}