{
    "structural_factor": 1.9997881969005673,
    "functional_factor": 4.165198767752495
}