{
    "structural_factor": 1.8000540945844907,
    "functional_factor": 2.272560468950799
}