{
    "structural_factor": 1.1494492469988542,
    "functional_factor": 1.9235395020867985
}