{
    "structural_factor": 1.4498306212240097,
    "functional_factor": 3.568950649074257
}