{
    "structural_factor": 1.3499236645071937,
    "functional_factor": 2.2734509330855643
}