{
    "structural_factor": 1.2003447407563343,
    "functional_factor": 1.5623515423936538
}