{
    "structural_factor": 1.8000593383916856,
    "functional_factor": 1.7849404444155388
}