{
    "structural_factor": 3.5024829397758355,
    "functional_factor": 1.5611774271163408
}