{
    "structural_factor": 0.9998720098310946,
    "functional_factor": 2.08253773711495
}