{
    "structural_factor": 3.0018578399414264,
    "functional_factor": 1.1890135186563924
}