{
    "structural_factor": 3.4997812483025457,
    "functional_factor": 0.9999163887337992
}