{
    "structural_factor": 1.1001214829780488,
    "functional_factor": 1.3879187899900012
}