{
    "structural_factor": 3.7522029147402733,
    "functional_factor": 1.7842658760533843
}