{
    "structural_factor": 1.1994643066495811,
    "functional_factor": 1.9232959734334865
}