{
    "structural_factor": 1.1621794756685748,
    "functional_factor": 1.125975262836009
}