{
    "structural_factor": 1.9001552582211565,
    "functional_factor": 2.2723208608693684
}