{
    "structural_factor": 1.153691697474596,
    "functional_factor": 1.2449093781859422
}