{
    "structural_factor": 1.049480303035016,
    "functional_factor": 1.7865857206394151
}