{
    "structural_factor": 0.9998004961202376,
    "functional_factor": 2.2728770931737667
}