{
    "structural_factor": 1.549989244526748,
    "functional_factor": 2.2720101068027043
}