{
    "structural_factor": 1.843518780451014,
    "functional_factor": 0.9999896139683228
}