{
    "structural_factor": 2.2441678666272855,
    "functional_factor": 1.0016825432342085
}