{
    "structural_factor": 0.9997400194621221,
    "functional_factor": 2.0835786944897854
}