{
    "structural_factor": 2.250829211630165,
    "functional_factor": 3.568197409256932
}