{
    "structural_factor": 1.9003953989698419,
    "functional_factor": 1.6633935219431755
}