{
    "structural_factor": 1.882919166586682,
    "functional_factor": 1.3270268754559467
}