{
    "structural_factor": 1.9502060693679222,
    "functional_factor": 2.271441853013591
}