{
    "structural_factor": 1.8001362704826622,
    "functional_factor": 2.5010793878759703
}