{
    "structural_factor": 1.0910626476079133,
    "functional_factor": 1.0451421032020687
}