{
    "structural_factor": 1.1510528461737406,
    "functional_factor": 1.0851673657793752
}