{
    "structural_factor": 1.90014017522015,
    "functional_factor": 2.77796334413335
}