{
    "structural_factor": 2.5007115355222296,
    "functional_factor": 2.272469834334231
}