{
    "structural_factor": 1.1998834417834474,
    "functional_factor": 3.1248002737598797
}