{
    "structural_factor": 3.251218537511039,
    "functional_factor": 1.5614968477981934
}