{
    "structural_factor": 1.3353573701641168,
    "functional_factor": 1.2806142618150222
}