{
    "structural_factor": 1.3483214345277186,
    "functional_factor": 1.0106817460952282
}