{
    "structural_factor": 2.7492420592577433,
    "functional_factor": 1.0865807832257124
}