{
    "structural_factor": 1.6639847709488782,
    "functional_factor": 1.2253875259006373
}