{
    "structural_factor": 3.5033562166984575,
    "functional_factor": 2.7736965654972803
}