{
    "structural_factor": 2.5002580377274923,
    "functional_factor": 1.5620021685319843
}