{
    "structural_factor": 3.751492191963451,
    "functional_factor": 1.3880728640874056
}