{
    "structural_factor": 3.752467319738171,
    "functional_factor": 1.2482575603144117
}