{
    "structural_factor": 1.8002548029976244,
    "functional_factor": 2.775941753855145
}