{
    "structural_factor": 1.9002313309852281,
    "functional_factor": 2.500364866319793
}