{
    "structural_factor": 4.004332118506793,
    "functional_factor": 2.7725595248363923
}