{
    "structural_factor": 1.2998452869566084,
    "functional_factor": 2.500710945512427
}