{
    "structural_factor": 2.500077909300888,
    "functional_factor": 1.0863046554689064
}