{
    "structural_factor": 4.003782684614638,
    "functional_factor": 1.4686014696301721
}