{
    "structural_factor": 2.75136710334056,
    "functional_factor": 1.3148230304739228
}