{
    "structural_factor": 2.7509297826654726,
    "functional_factor": 1.135950967147517
}