{
    "structural_factor": 1.3586412017035068,
    "functional_factor": 1.0026923945851722
}