{
    "structural_factor": 1.7995553295248592,
    "functional_factor": 1.0000495178368292
}