{
    "structural_factor": 1.7001385417478394,
    "functional_factor": 2.0835417790338977
}