{
    "structural_factor": 2.250315725557191,
    "functional_factor": 4.162849124760499
}