{
    "structural_factor": 1.2065166664889169,
    "functional_factor": 1.308630965321716
}