{
    "structural_factor": 1.7147349661297362,
    "functional_factor": 1.0058846596536075
}