{
    "structural_factor": 1.1606196630543035,
    "functional_factor": 1.0760144747742355
}