{
    "structural_factor": 2.249673138952456,
    "functional_factor": 1.9225657373157103
}