{
    "structural_factor": 1.995979813752646,
    "functional_factor": 1.2868292566171238
}