{
    "structural_factor": 1.8913877008808553,
    "functional_factor": 1.284228889449621
}