{
    "structural_factor": 1.7838739361447675,
    "functional_factor": 1.000188477058185
}