{
    "structural_factor": 1.2434840956517366,
    "functional_factor": 1.0036803427620276
}