{
    "structural_factor": 3.000810939762106,
    "functional_factor": 1.7852743905698358
}