{
    "structural_factor": 3.7547836223137487,
    "functional_factor": 2.269503078470027
}