{
    "structural_factor": 2.2503134531441247,
    "functional_factor": 3.568763324425078
}