{
    "structural_factor": 1.402454604227538,
    "functional_factor": 1.2469467802908643
}