{
    "structural_factor": 1.7001696792048835,
    "functional_factor": 3.1239270467880806
}