{
    "structural_factor": 2.250270098305512,
    "functional_factor": 2.2725986226464756
}