{
    "structural_factor": 0.9997827662758111,
    "functional_factor": 1.0000344178355574
}