{
    "structural_factor": 1.5432245099788322,
    "functional_factor": 1.235926718882953
}