{
    "structural_factor": 1.518390875086595,
    "functional_factor": 1.0726062627390258
}