{
    "structural_factor": 2.260104229888945,
    "functional_factor": 1.2030977510138132
}