{
    "structural_factor": 1.8502080339910867,
    "functional_factor": 3.569030440248689
}