{
    "structural_factor": 3.7515754240551344,
    "functional_factor": 1.4696520058050777
}