{
    "structural_factor": 2.1326938601430965,
    "functional_factor": 1.0248433406611046
}