{
    "structural_factor": 2.0004045257486593,
    "functional_factor": 3.5711378674708056
}