{
    "structural_factor": 1.499498249315793,
    "functional_factor": 1.921992837587439
}