{
    "structural_factor": 1.6498911456078504,
    "functional_factor": 1.7855765112329811
}