{
    "structural_factor": 1.050192535489871,
    "functional_factor": 1.248966483007154
}