{
    "structural_factor": 1.9998143732102995,
    "functional_factor": 4.161352955652472
}