{
    "structural_factor": 0.9998488434359595,
    "functional_factor": 2.500609630076938
}