{
    "structural_factor": 1.7496238805857118,
    "functional_factor": 4.162302999437064
}