{
    "structural_factor": 1.249860463361512,
    "functional_factor": 3.569067503536675
}