{
    "structural_factor": 2.0002285072278885,
    "functional_factor": 2.4995945426752044
}