{
    "structural_factor": 1.9000993498891379,
    "functional_factor": 2.081980077285915
}