{
    "structural_factor": 1.1496881984742149,
    "functional_factor": 1.7858988185320346
}