{
    "structural_factor": 1.2004426006352107,
    "functional_factor": 1.5612988579842488
}