{
    "structural_factor": 1.0995944875255133,
    "functional_factor": 1.6642093927474781
}