{
    "structural_factor": 1.2126148392100282,
    "functional_factor": 1.235909046239367
}