{
    "structural_factor": 1.8500964470015973,
    "functional_factor": 3.1263084550250575
}