{
    "structural_factor": 1.5696649013669859,
    "functional_factor": 1.4046912926418214
}