{
    "structural_factor": 1.299911670245804,
    "functional_factor": 2.0836168338102934
}