{
    "structural_factor": 1.2494820967389642,
    "functional_factor": 1.9229556743137834
}