{
    "structural_factor": 1.599575947171246,
    "functional_factor": 1.9228808223378449
}