{
    "structural_factor": 0.9997160790706878,
    "functional_factor": 2.083936291279402
}