{
    "structural_factor": 1.8428941854643184,
    "functional_factor": 1.317759803061558
}