{
    "structural_factor": 3.0007733687317346,
    "functional_factor": 1.1895067788923532
}