{
    "structural_factor": 1.5998722552734597,
    "functional_factor": 3.125207908812802
}