{
    "structural_factor": 1.4007018696289053,
    "functional_factor": 1.5614785131648152
}