{
    "structural_factor": 1.699501564519645,
    "functional_factor": 4.1665547169121675
}