{
    "structural_factor": 1.3998594516073246,
    "functional_factor": 2.5007323233069396
}