{
    "structural_factor": 1.4076895840518646,
    "functional_factor": 1.0020683300678446
}