{
    "structural_factor": 1.9500703047190504,
    "functional_factor": 1.7853523740061397
}