{
    "structural_factor": 1.3438245854249842,
    "functional_factor": 1.272609800469697
}