{
    "structural_factor": 1.7225643557057184,
    "functional_factor": 1.4967609180701302
}