{
    "structural_factor": 2.999473453365519,
    "functional_factor": 1.000006551084599
}