{
    "structural_factor": 1.1497998304867443,
    "functional_factor": 1.4703901304846332
}