{
    "structural_factor": 1.7501967208798892,
    "functional_factor": 3.123066589654085
}