{
    "structural_factor": 1.149832584660147,
    "functional_factor": 1.6641697384656662
}