{
    "structural_factor": 1.449706259845623,
    "functional_factor": 1.0000265735788818
}