{
    "structural_factor": 2.2504631320184014,
    "functional_factor": 2.270985218748799
}