{
    "structural_factor": 1.049915022084845,
    "functional_factor": 3.123481744626817
}