{
    "structural_factor": 4.00308161721089,
    "functional_factor": 1.3882522222996516
}