{
    "structural_factor": 1.89992825863814,
    "functional_factor": 1.7856206189731485
}