{
    "structural_factor": 2.0209571027756543,
    "functional_factor": 1.301965215065726
}