{
    "structural_factor": 1.0996012315078292,
    "functional_factor": 2.2741979523124027
}