{
    "structural_factor": 2.2511949276984446,
    "functional_factor": 1.5613882543970423
}