{
    "structural_factor": 1.4998204869547427,
    "functional_factor": 3.1244811034133857
}