{
    "structural_factor": 1.2498864598776778,
    "functional_factor": 3.5713347331917857
}