{
    "structural_factor": 1.8496445372196,
    "functional_factor": 1.0000226941320935
}