{
    "structural_factor": 1.199647030518839,
    "functional_factor": 1.786063857366641
}