{
    "structural_factor": 1.3041372106633902,
    "functional_factor": 1.3837019893624143
}