{
    "structural_factor": 1.0998586006179276,
    "functional_factor": 1.470504065593169
}