{
    "structural_factor": 3.5018142916309456,
    "functional_factor": 1.0857137906915544
}