{
    "structural_factor": 1.514329677433489,
    "functional_factor": 1.3028824968753099
}