{
    "structural_factor": 1.2498406246410887,
    "functional_factor": 2.273939880908579
}