{
    "structural_factor": 1.6500399549122469,
    "functional_factor": 3.5718708232317673
}