{
    "structural_factor": 3.2518027893313337,
    "functional_factor": 3.568794072095956
}