{
    "structural_factor": 3.4996837148758897,
    "functional_factor": 0.9999280396664393
}