{
    "structural_factor": 1.5499338530956013,
    "functional_factor": 2.273272609128619
}