{
    "structural_factor": 1.099963036813178,
    "functional_factor": 3.123579869827089
}