{
    "structural_factor": 1.9001531560545537,
    "functional_factor": 2.5007925600381173
}