{
    "structural_factor": 1.19973854400079,
    "functional_factor": 1.0000246630235095
}