{
    "structural_factor": 1.9300412448212418,
    "functional_factor": 1.002851178816708
}