{
    "structural_factor": 1.8001002253060028,
    "functional_factor": 2.5019489725195374
}