{
    "structural_factor": 1.2994586570055762,
    "functional_factor": 4.16674314677232
}