{
    "structural_factor": 1.5171840439468434,
    "functional_factor": 1.4051715720285833
}