{
    "structural_factor": 1.4499147326698358,
    "functional_factor": 2.500673836240718
}