{
    "structural_factor": 1.249527667180134,
    "functional_factor": 1.9230320833425258
}