{
    "structural_factor": 2.248822290723144,
    "functional_factor": 1.0867759182749577
}