{
    "structural_factor": 3.7535233264040384,
    "functional_factor": 1.6621710540720636
}