{
    "structural_factor": 1.646864837020356,
    "functional_factor": 1.2779807374194312
}