{
    "structural_factor": 1.4499410640462722,
    "functional_factor": 2.5007097186371783
}