{
    "structural_factor": 1.59992727443372,
    "functional_factor": 2.271699882837231
}