{
    "structural_factor": 1.4999578338158746,
    "functional_factor": 1.7850961863372308
}