{
    "structural_factor": 1.7497062549181108,
    "functional_factor": 1.000002802125785
}