{
    "structural_factor": 1.050271529477441,
    "functional_factor": 1.2487765069571195
}