{
    "structural_factor": 1.750064558182471,
    "functional_factor": 3.1271985151175556
}