{
    "structural_factor": 1.0495883836500817,
    "functional_factor": 4.169671385930989
}