{
    "structural_factor": 2.000140910274506,
    "functional_factor": 2.2720585849452006
}