{
    "structural_factor": 4.003837028439859,
    "functional_factor": 1.560744346105125
}