{
    "structural_factor": 2.0001838311411064,
    "functional_factor": 2.272870380659267
}