{
    "structural_factor": 3.7533620486104184,
    "functional_factor": 1.247855138055386
}