{
    "structural_factor": 4.0024193094803335,
    "functional_factor": 1.9213431348614853
}