{
    "structural_factor": 1.4491225650567496,
    "functional_factor": 1.2254162186488848
}