{
    "structural_factor": 3.249543466612093,
    "functional_factor": 0.999972688237521
}