{
    "structural_factor": 1.5996710317076404,
    "functional_factor": 1.0000410387272598
}