{
    "structural_factor": 1.7469199015263703,
    "functional_factor": 1.3044278129016855
}