{
    "structural_factor": 1.4992438850737977,
    "functional_factor": 1.0500428887323496
}