{
    "structural_factor": 2.2504004476169808,
    "functional_factor": 2.7771676410620536
}