{
    "structural_factor": 1.8610264826960703,
    "functional_factor": 1.272761578173964
}