{
    "structural_factor": 1.399880051857393,
    "functional_factor": 3.569994557534446
}