{
    "structural_factor": 1.0494786101725309,
    "functional_factor": 1.9234936207894948
}