{
    "structural_factor": 1.9497920767183368,
    "functional_factor": 1.7850983342982831
}