{
    "structural_factor": 1.7499582419401842,
    "functional_factor": 2.501472384149035
}