{
    "structural_factor": 2.310320213642813,
    "functional_factor": 1.0000101450131123
}