{
    "structural_factor": 4.000017657522951,
    "functional_factor": 0.9998042041813623
}