{
    "structural_factor": 1.8993984944556028,
    "functional_factor": 1.9228532868214132
}