{
    "structural_factor": 1.2613416913983586,
    "functional_factor": 1.0326520284972365
}