{
    "structural_factor": 3.000553571830711,
    "functional_factor": 1.3154151269261596
}