{
    "structural_factor": 1.0999669392176137,
    "functional_factor": 1.2489016083646989
}