{
    "structural_factor": 1.650066125073862,
    "functional_factor": 2.775972462568045
}