{
    "structural_factor": 1.1993973194089698,
    "functional_factor": 1.923052748927882
}