{
    "structural_factor": 2.0016144158798834,
    "functional_factor": 1.135238926181673
}