{
    "structural_factor": 1.4499634847975906,
    "functional_factor": 2.273020282328624
}