{
    "structural_factor": 2.0066193522584705,
    "functional_factor": 1.1323119021270789
}