{
    "structural_factor": 1.3499359253077245,
    "functional_factor": 2.776881803838054
}