{
    "structural_factor": 1.3995065984690986,
    "functional_factor": 4.166386478280882
}