{
    "structural_factor": 1.4501967313446364,
    "functional_factor": 1.5618767093120083
}