{
    "structural_factor": 1.0496878071058466,
    "functional_factor": 1.4704557100774307
}