{
    "structural_factor": 1.1078009258958863,
    "functional_factor": 1.028607323700232
}