{
    "structural_factor": 1.3498381079820971,
    "functional_factor": 2.272832090896853
}