{
    "structural_factor": 1.5996995647591175,
    "functional_factor": 4.162593423969107
}