{
    "structural_factor": 3.0017211390741876,
    "functional_factor": 1.248221598965612
}