{
    "structural_factor": 1.9001995460581151,
    "functional_factor": 2.272889977867741
}