{
    "structural_factor": 1.4498194942847427,
    "functional_factor": 2.27368945332382
}