{
    "structural_factor": 1.84984896832466,
    "functional_factor": 1.7849914805474023
}