{
    "structural_factor": 1.1997624657079635,
    "functional_factor": 2.272343056514777
}