{
    "structural_factor": 3.7498100362599853,
    "functional_factor": 0.9998907099761962
}