{
    "structural_factor": 1.8001913929132642,
    "functional_factor": 2.779065317393684
}