{
    "structural_factor": 1.249716215394078,
    "functional_factor": 2.500755249557837
}