{
    "structural_factor": 2.7505927240048558,
    "functional_factor": 2.776231325288666
}