{
    "structural_factor": 1.9834116930501315,
    "functional_factor": 1.260363789899803
}