{
    "structural_factor": 3.7528846085166365,
    "functional_factor": 1.3144159543752698
}