{
    "structural_factor": 3.5017624902080056,
    "functional_factor": 1.4696103464576422
}