{
    "structural_factor": 1.8493767369658687,
    "functional_factor": 1.922824091510655
}