{
    "structural_factor": 2.4999270169275998,
    "functional_factor": 1.1363265068416208
}