{
    "structural_factor": 1.1541271174074992,
    "functional_factor": 1.2443786340333858
}