{
    "structural_factor": 1.3890674974168657,
    "functional_factor": 1.4289881065633467
}