{
    "structural_factor": 1.2500987828715606,
    "functional_factor": 1.5623658332934807
}