{
    "structural_factor": 1.0498581838126126,
    "functional_factor": 2.7783241415033912
}