{
    "structural_factor": 1.6494605512551754,
    "functional_factor": 4.1689495679213175
}