{
    "structural_factor": 1.7000120525161757,
    "functional_factor": 3.574340851007541
}