{
    "structural_factor": 2.0375133332121242,
    "functional_factor": 1.334827338322103
}