{
    "structural_factor": 1.050087115152154,
    "functional_factor": 1.2489859615763859
}