{
    "structural_factor": 4.005347969858112,
    "functional_factor": 1.1347634841536876
}