{
    "structural_factor": 1.5514238163885938,
    "functional_factor": 1.084937299387622
}