{
    "structural_factor": 1.9038619474011753,
    "functional_factor": 1.351097296355896
}