{
    "structural_factor": 2.7518864413252517,
    "functional_factor": 1.248205798920272
}