{
    "structural_factor": 0.9998501203390372,
    "functional_factor": 3.5714880845742396
}