{
    "structural_factor": 1.0995537624303426,
    "functional_factor": 4.170007323833899
}