{
    "structural_factor": 2.0815937865396417,
    "functional_factor": 1.0000716301271197
}