{
    "structural_factor": 3.2495079113740304,
    "functional_factor": 4.169638581256572
}