{
    "structural_factor": 1.7829799551618681,
    "functional_factor": 1.000658836890682
}