{
    "structural_factor": 1.1998538890906054,
    "functional_factor": 3.1254593576020837
}