{
    "structural_factor": 3.0004700144326777,
    "functional_factor": 1.0861051196547047
}