{
    "structural_factor": 1.9983097126532654,
    "functional_factor": 1.0002102484337316
}