{
    "structural_factor": 3.750876944791034,
    "functional_factor": 4.165887316698071
}