{
    "structural_factor": 2.7873466467750863,
    "functional_factor": 1.0084282348311209
}