{
    "structural_factor": 3.7530210778177455,
    "functional_factor": 1.1351689402685936
}