{
    "structural_factor": 1.199757358459467,
    "functional_factor": 1.7862084145065933
}