{
    "structural_factor": 2.2494662914980936,
    "functional_factor": 1.0000528329996652
}