{
    "structural_factor": 2.318874875084193,
    "functional_factor": 1.0003678001798035
}