{
    "structural_factor": 1.6022750986718537,
    "functional_factor": 1.5593818908447945
}