{
    "structural_factor": 2.5007487735283407,
    "functional_factor": 1.562135731980531
}