{
    "structural_factor": 1.099387859150045,
    "functional_factor": 1.9234369734974404
}