{
    "structural_factor": 1.1518752947119324,
    "functional_factor": 1.2468306500713782
}