{
    "structural_factor": 0.9998686945440406,
    "functional_factor": 3.1256051169709456
}