{
    "structural_factor": 2.0153869755280582,
    "functional_factor": 1.5504149250409474
}