{
    "structural_factor": 1.8996290704299978,
    "functional_factor": 4.164832248451632
}