{
    "structural_factor": 1.3999537351480664,
    "functional_factor": 2.5010637227497416
}