{
    "structural_factor": 1.9995836753165055,
    "functional_factor": 1.0000439367194436
}