{
    "structural_factor": 2.2572469038817493,
    "functional_factor": 1.1859552310884143
}