{
    "structural_factor": 3.50212736872001,
    "functional_factor": 1.4690999391551802
}