{
    "structural_factor": 3.2523326372647907,
    "functional_factor": 2.270332128335955
}