{
    "structural_factor": 1.8500963235579544,
    "functional_factor": 2.5003640985772386
}