{
    "structural_factor": 2.999931755835303,
    "functional_factor": 4.165155344775581
}