{
    "structural_factor": 1.2998563643856413,
    "functional_factor": 1.7852931749314205
}