{
    "structural_factor": 1.9504185569309118,
    "functional_factor": 3.124858438689644
}