{
    "structural_factor": 1.4866402777632202,
    "functional_factor": 1.0589588308191744
}