{
    "structural_factor": 1.7501015455384639,
    "functional_factor": 2.502175722223631
}