{
    "structural_factor": 1.794921821956805,
    "functional_factor": 1.2374811423514858
}