{
    "structural_factor": 1.399722871957482,
    "functional_factor": 1.0000369731953207
}