{
    "structural_factor": 2.246790955763554,
    "functional_factor": 1.0008918813829526
}