{
    "structural_factor": 1.0498863248063286,
    "functional_factor": 1.3880943256325793
}