{
    "structural_factor": 1.7654448868994845,
    "functional_factor": 1.2905528157807946
}