{
    "structural_factor": 2.2495117685701302,
    "functional_factor": 1.9223906993904558
}