{
    "structural_factor": 2.316367714809618,
    "functional_factor": 1.0013834322294324
}