{
    "structural_factor": 1.2497929294539176,
    "functional_factor": 2.499262025051179
}