{
    "structural_factor": 1.0038251311035018,
    "functional_factor": 1.1849998491816265
}