{
    "structural_factor": 1.7813999713566417,
    "functional_factor": 1.086761255559971
}