{
    "structural_factor": 1.361869060230199,
    "functional_factor": 1.2380114329243446
}