{
    "structural_factor": 3.252455492706881,
    "functional_factor": 1.248114889709273
}