{
    "structural_factor": 1.850010861475516,
    "functional_factor": 2.271350254043545
}