{
    "structural_factor": 1.8000607375248283,
    "functional_factor": 2.779473342779943
}