{
    "structural_factor": 1.9027621047530578,
    "functional_factor": 1.0002702829440053
}