{
    "structural_factor": 1.8971234581417704,
    "functional_factor": 1.0477340912302917
}