{
    "structural_factor": 3.000852607126168,
    "functional_factor": 1.388109402898907
}