{
    "structural_factor": 2.4142293074292027,
    "functional_factor": 1.0087769260737682
}