{
    "structural_factor": 1.1498090090955304,
    "functional_factor": 1.6642758398716788
}