{
    "structural_factor": 1.933569944448063,
    "functional_factor": 1.0335786459074403
}