{
    "structural_factor": 1.7501265635322387,
    "functional_factor": 2.0838597679540003
}