{
    "structural_factor": 1.6499248504885902,
    "functional_factor": 2.4991580215981086
}