{
    "structural_factor": 1.099808849493829,
    "functional_factor": 0.9999942657402073
}