{
    "structural_factor": 3.000150438965367,
    "functional_factor": 4.166852222261474
}