{
    "structural_factor": 2.7516888273205407,
    "functional_factor": 1.3147275048302722
}