{
    "structural_factor": 3.7533221294074,
    "functional_factor": 1.6618853513688219
}