{
    "structural_factor": 3.500331539562654,
    "functional_factor": 1.0863041232332924
}