{
    "structural_factor": 2.7510445401310255,
    "functional_factor": 3.123559148970771
}