{
    "structural_factor": 1.8000871384982473,
    "functional_factor": 1.6634465678325154
}