{
    "structural_factor": 1.95285617217316,
    "functional_factor": 1.2420192802141166
}