{
    "structural_factor": 3.7525206561716495,
    "functional_factor": 2.4973904238936417
}