{
    "structural_factor": 1.954545976021036,
    "functional_factor": 1.2426861729579228
}