{
    "structural_factor": 1.8002438125659221,
    "functional_factor": 1.66405625453885
}