{
    "structural_factor": 1.60009588885618,
    "functional_factor": 2.2731893043621376
}