{
    "structural_factor": 1.49998862239907,
    "functional_factor": 3.571107683527043
}