{
    "structural_factor": 3.5025632696009827,
    "functional_factor": 1.921157295516854
}