{
    "structural_factor": 2.3758475373225267,
    "functional_factor": 1.0013397512825288
}