{
    "structural_factor": 1.4500244893252667,
    "functional_factor": 3.5718220129095606
}