{
    "structural_factor": 2.141271536629655,
    "functional_factor": 1.0001121697427056
}