{
    "structural_factor": 0.9998846143047413,
    "functional_factor": 3.1273928682628145
}