{
    "structural_factor": 2.5004178504007126,
    "functional_factor": 1.7853429258030045
}