{
    "structural_factor": 3.5022566199292804,
    "functional_factor": 1.315112644121341
}