{
    "structural_factor": 2.4323399241443044,
    "functional_factor": 1.0012635391309244
}