{
    "structural_factor": 4.000335702374817,
    "functional_factor": 0.999774873692719
}