{
    "structural_factor": 2.7513454329613953,
    "functional_factor": 1.387300370154202
}