{
    "structural_factor": 1.950156905820384,
    "functional_factor": 2.2724329277239663
}