{
    "structural_factor": 1.1492080303519798,
    "functional_factor": 1.0386165169391455
}