{
    "structural_factor": 3.502994549378871,
    "functional_factor": 1.9205739659131849
}