{
    "structural_factor": 1.5303368644622592,
    "functional_factor": 1.0017789377250512
}