{
    "structural_factor": 1.9494907672076829,
    "functional_factor": 1.9229561315402655
}