{
    "structural_factor": 1.3752368381081874,
    "functional_factor": 1.3625791179801137
}