{
    "structural_factor": 1.9109869114432696,
    "functional_factor": 1.308145101697075
}