{
    "structural_factor": 2.7510035798694235,
    "functional_factor": 2.082606342961026
}