{
    "structural_factor": 1.8538432984852344,
    "functional_factor": 1.5591184745210522
}