{
    "structural_factor": 2.1450517167935628,
    "functional_factor": 1.195954592438169
}