{
    "structural_factor": 0.9998748780839005,
    "functional_factor": 2.5004985018571046
}