{
    "structural_factor": 2.5194568060609326,
    "functional_factor": 1.1151513351884714
}