{
    "structural_factor": 1.299920134697995,
    "functional_factor": 3.122153824450748
}