{
    "structural_factor": 1.95040648621513,
    "functional_factor": 3.1255063317011684
}