{
    "structural_factor": 3.2514691173207453,
    "functional_factor": 2.497844925468886
}