{
    "structural_factor": 1.7001831755981074,
    "functional_factor": 1.6636146828609497
}