{
    "structural_factor": 1.0998925758136093,
    "functional_factor": 2.499781082642636
}