{
    "structural_factor": 3.250891370468088,
    "functional_factor": 1.6633522488135182
}