{
    "structural_factor": 1.0997640210980695,
    "functional_factor": 2.272531336715616
}