{
    "structural_factor": 1.3999518597069172,
    "functional_factor": 3.124438027783734
}