{
    "structural_factor": 1.2999126170048536,
    "functional_factor": 2.27352785470353
}