{
    "structural_factor": 1.350066427222944,
    "functional_factor": 2.0832675704572865
}