{
    "structural_factor": 3.7525899950246875,
    "functional_factor": 1.7847865877713338
}