{
    "structural_factor": 4.0062088499673845,
    "functional_factor": 1.188081126149537
}