{
    "structural_factor": 1.8501122442046316,
    "functional_factor": 1.6634206311255693
}