{
    "structural_factor": 1.699582711836967,
    "functional_factor": 1.2384893965026251
}