{
    "structural_factor": 1.4265119853773862,
    "functional_factor": 1.3138862963486218
}