{
    "structural_factor": 3.752947538816313,
    "functional_factor": 1.469229983553277
}