{
    "structural_factor": 1.0997952682529766,
    "functional_factor": 1.470399766706488
}