{
    "structural_factor": 1.1999365356841587,
    "functional_factor": 3.5676995729857612
}