{
    "structural_factor": 1.7001511672151768,
    "functional_factor": 2.0829155046011776
}