{
    "structural_factor": 1.4405284373315663,
    "functional_factor": 1.2328004342858572
}