{
    "structural_factor": 1.3999722184942107,
    "functional_factor": 3.124516690209995
}