{
    "structural_factor": 2.250421744451868,
    "functional_factor": 2.082700262529351
}