{
    "structural_factor": 1.5065730425733124,
    "functional_factor": 1.0813484131515445
}