{
    "structural_factor": 1.099917955207713,
    "functional_factor": 2.776611477464006
}