{
    "structural_factor": 1.9042713469427985,
    "functional_factor": 1.5589405491948483
}