{
    "structural_factor": 3.503453403321548,
    "functional_factor": 1.1350382903020535
}