{
    "structural_factor": 0.999275282113145,
    "functional_factor": 1.6650750934730896
}