{
    "structural_factor": 1.8000284686546637,
    "functional_factor": 1.7855473697044488
}