{
    "structural_factor": 2.2497989151140954,
    "functional_factor": 4.1602088545658695
}