{
    "structural_factor": 3.0017660482844826,
    "functional_factor": 3.1219394507395393
}