{
    "structural_factor": 2.499208676893032,
    "functional_factor": 1.0866154981472274
}