{
    "structural_factor": 1.2995336982316292,
    "functional_factor": 4.167313333637647
}