{
    "structural_factor": 1.8997600233658323,
    "functional_factor": 4.165176396366477
}