{
    "structural_factor": 3.2506814362924734,
    "functional_factor": 4.161413081485665
}