{
    "structural_factor": 1.3021572784231181,
    "functional_factor": 1.246797086687265
}