{
    "structural_factor": 3.503557711167878,
    "functional_factor": 3.5657090388199038
}