{
    "structural_factor": 1.8995969232324104,
    "functional_factor": 1.00004526370975
}