{
    "structural_factor": 0.9995561221660805,
    "functional_factor": 1.5632772067379401
}