{
    "structural_factor": 2.000825470064805,
    "functional_factor": 1.6631815358258741
}