{
    "structural_factor": 3.7517368180097583,
    "functional_factor": 1.314819080326612
}