{
    "structural_factor": 1.2999208463358545,
    "functional_factor": 2.083863840866424
}