{
    "structural_factor": 1.8494492262181796,
    "functional_factor": 1.9231345611936141
}