{
    "structural_factor": 1.6501161828151756,
    "functional_factor": 2.08305520364081
}