{
    "structural_factor": 2.75198265869579,
    "functional_factor": 2.774495885860083
}