{
    "structural_factor": 1.9397909372389517,
    "functional_factor": 1.3264534274542288
}