{
    "structural_factor": 2.1206637003064874,
    "functional_factor": 1.001310240194815
}