{
    "structural_factor": 1.849608916638818,
    "functional_factor": 4.167498287892748
}