{
    "structural_factor": 1.98020236525203,
    "functional_factor": 1.3360513122104196
}