{
    "structural_factor": 1.6114279481602074,
    "functional_factor": 1.5507451528856333
}