{
    "structural_factor": 1.300030482572339,
    "functional_factor": 2.0826475337521693
}