{
    "structural_factor": 1.5000325035007473,
    "functional_factor": 1.6643883648599314
}