{
    "structural_factor": 1.3999074260263744,
    "functional_factor": 3.5682011851359663
}