{
    "structural_factor": 1.3497512184068654,
    "functional_factor": 1.0000207061012356
}