{
    "structural_factor": 3.251312305610905,
    "functional_factor": 1.3150303640306094
}