{
    "structural_factor": 1.0494971947292489,
    "functional_factor": 1.7860968825663421
}