{
    "structural_factor": 1.3498921350960056,
    "functional_factor": 3.127592200601405
}