{
    "structural_factor": 2.501410083197623,
    "functional_factor": 1.3148931836706834
}