{
    "structural_factor": 1.3999408233914086,
    "functional_factor": 3.124225387709311
}