{
    "structural_factor": 2.750391288661152,
    "functional_factor": 1.7849265436340522
}