{
    "structural_factor": 1.1499199069386543,
    "functional_factor": 3.573626004077294
}