{
    "structural_factor": 3.251312297371702,
    "functional_factor": 1.7847549778006662
}