{
    "structural_factor": 1.1499311461921067,
    "functional_factor": 3.1263509875139572
}