{
    "structural_factor": 1.8000168510130312,
    "functional_factor": 2.500333394865905
}