{
    "structural_factor": 1.2528892801425413,
    "functional_factor": 1.4667155038908224
}