{
    "structural_factor": 3.2515512256822956,
    "functional_factor": 2.4987431835381386
}