{
    "structural_factor": 2.751059651868701,
    "functional_factor": 1.6630284460348799
}