{
    "structural_factor": 1.0498751736114722,
    "functional_factor": 1.4703535901352731
}