{
    "structural_factor": 1.449483732775956,
    "functional_factor": 4.164332374664494
}