{
    "structural_factor": 3.2521889080243884,
    "functional_factor": 2.775341104278084
}