{
    "structural_factor": 3.5015105281329766,
    "functional_factor": 1.3147856153581794
}