{
    "structural_factor": 3.7526902447837442,
    "functional_factor": 1.0854653774890257
}