{
    "structural_factor": 1.2998742847759361,
    "functional_factor": 2.2736012140912667
}