{
    "structural_factor": 1.0495850230589054,
    "functional_factor": 1.7864085173740967
}