{
    "structural_factor": 1.700013529843146,
    "functional_factor": 2.776251398092998
}