{
    "structural_factor": 1.2881480355338923,
    "functional_factor": 1.013797088960862
}