{
    "structural_factor": 3.2512257680176195,
    "functional_factor": 1.135780568229397
}