{
    "structural_factor": 1.799525832321091,
    "functional_factor": 1.9221075494696567
}