{
    "structural_factor": 1.7499673831541465,
    "functional_factor": 2.4999916999711362
}