{
    "structural_factor": 3.5019765769191196,
    "functional_factor": 1.561259101733919
}