{
    "structural_factor": 1.6117884143699406,
    "functional_factor": 1.3063037837606284
}