{
    "structural_factor": 3.7531725019011657,
    "functional_factor": 1.31414351958236
}