{
    "structural_factor": 1.7593844040347721,
    "functional_factor": 1.0005725157106615
}