{
    "structural_factor": 2.7508309638278607,
    "functional_factor": 1.6635325092331257
}