{
    "structural_factor": 0.9997459935614208,
    "functional_factor": 1.388875987402926
}