{
    "structural_factor": 3.2521455656299505,
    "functional_factor": 1.4693131645595503
}