{
    "structural_factor": 1.868379713731755,
    "functional_factor": 1.0642183949637847
}