{
    "structural_factor": 2.750887973083315,
    "functional_factor": 2.0828885033704623
}