{
    "structural_factor": 1.881709339535455,
    "functional_factor": 1.291409356019146
}