{
    "structural_factor": 1.1505314543581797,
    "functional_factor": 1.3873239183479653
}