{
    "structural_factor": 1.1498406957023,
    "functional_factor": 3.573232432041869
}