{
    "structural_factor": 1.5499808732615181,
    "functional_factor": 2.2730021122619997
}