{
    "structural_factor": 1.3499046064130749,
    "functional_factor": 2.777244023582333
}