{
    "structural_factor": 1.151189886715664,
    "functional_factor": 1.4688149578011191
}