{
    "structural_factor": 1.6502003859620575,
    "functional_factor": 1.085769706256141
}