{
    "structural_factor": 1.549908918740315,
    "functional_factor": 2.500072106823712
}