{
    "structural_factor": 1.2008026029549168,
    "functional_factor": 1.56111503635284
}