{
    "structural_factor": 1.6493826579328477,
    "functional_factor": 1.922750242883546
}