{
    "structural_factor": 1.0497307872793633,
    "functional_factor": 2.082754408150466
}