{
    "structural_factor": 2.500144439893387,
    "functional_factor": 1.4698018734932203
}