{
    "structural_factor": 0.9998089262254081,
    "functional_factor": 1.1899711587624244
}