{
    "structural_factor": 1.1997552614086253,
    "functional_factor": 2.2717711143311106
}