{
    "structural_factor": 1.100080876379191,
    "functional_factor": 1.3879941028749883
}