{
    "structural_factor": 3.500923589338503,
    "functional_factor": 4.168686921010605
}