{
    "structural_factor": 1.399846670951214,
    "functional_factor": 1.7862239079489841
}