{
    "structural_factor": 1.5000821032852774,
    "functional_factor": 2.083594974214167
}