{
    "structural_factor": 2.751272851603378,
    "functional_factor": 1.2483814371732627
}