{
    "structural_factor": 1.3078256974975146,
    "functional_factor": 1.3078432623805076
}