{
    "structural_factor": 2.501002019959756,
    "functional_factor": 3.12058875101774
}