{
    "structural_factor": 1.3497819873259334,
    "functional_factor": 2.501085204642341
}