{
    "structural_factor": 1.8120957087378509,
    "functional_factor": 1.0029642997414896
}