{
    "structural_factor": 1.7501698707556792,
    "functional_factor": 3.1242610685536927
}