{
    "structural_factor": 1.2997194063404847,
    "functional_factor": 1.000052196982906
}