{
    "structural_factor": 1.644792656962338,
    "functional_factor": 1.0010512079767202
}