{
    "structural_factor": 1.6000571756486819,
    "functional_factor": 2.499888319776684
}