{
    "structural_factor": 1.4776253493799878,
    "functional_factor": 1.290964387690807
}