{
    "structural_factor": 3.503160620759318,
    "functional_factor": 3.569005234256943
}