{
    "structural_factor": 1.649983186904607,
    "functional_factor": 2.7789264599725887
}