{
    "structural_factor": 3.0014712038791744,
    "functional_factor": 2.272239932525378
}