{
    "structural_factor": 3.7495044280678234,
    "functional_factor": 1.0864445640005846
}