{
    "structural_factor": 1.5499736153536074,
    "functional_factor": 3.5737955893645985
}