{
    "structural_factor": 1.4999002912385164,
    "functional_factor": 2.777117498189083
}