{
    "structural_factor": 2.1407374204997414,
    "functional_factor": 1.0001145172177177
}