{
    "structural_factor": 1.5500670305783182,
    "functional_factor": 1.6636367121661653
}