{
    "structural_factor": 2.0000918250122663,
    "functional_factor": 1.7852991358575707
}