{
    "structural_factor": 1.15728207971459,
    "functional_factor": 1.0314126819545941
}