{
    "structural_factor": 1.1499543614686336,
    "functional_factor": 2.7764221523642743
}