{
    "structural_factor": 3.5025256150039707,
    "functional_factor": 1.4691770202357417
}