{
    "structural_factor": 1.4879855948735736,
    "functional_factor": 1.0578578484875525
}