{
    "structural_factor": 1.8667601440116652,
    "functional_factor": 1.0343396751755882
}