{
    "structural_factor": 2.4671781216747624,
    "functional_factor": 1.2030164727988375
}