{
    "structural_factor": 1.8501211817244452,
    "functional_factor": 3.570220593804765
}