{
    "structural_factor": 1.800004119374802,
    "functional_factor": 1.663934968299439
}