{
    "structural_factor": 1.2537645895038207,
    "functional_factor": 1.245203061455386
}