{
    "structural_factor": 1.9001670329112248,
    "functional_factor": 2.272756474097091
}