{
    "structural_factor": 3.2522637422655345,
    "functional_factor": 1.5615434953858538
}