{
    "structural_factor": 1.30941397026046,
    "functional_factor": 1.3777247709881617
}