{
    "structural_factor": 3.5035630669497704,
    "functional_factor": 2.496916592396779
}