{
    "structural_factor": 1.600120556479795,
    "functional_factor": 2.776015799626671
}