{
    "structural_factor": 1.9035416267910454,
    "functional_factor": 0.9998497415601001
}