{
    "structural_factor": 1.2434929489372484,
    "functional_factor": 1.0523603308485872
}