{
    "structural_factor": 1.5998834921015708,
    "functional_factor": 3.5689935982343686
}