{
    "structural_factor": 1.0498077403366453,
    "functional_factor": 1.0000321398511731
}