{
    "structural_factor": 1.0998544884819947,
    "functional_factor": 3.1229032261999246
}