{
    "structural_factor": 3.000802774860255,
    "functional_factor": 1.5618155056551433
}