{
    "structural_factor": 1.09983765249949,
    "functional_factor": 1.3881860210317987
}