{
    "structural_factor": 1.3500038781552333,
    "functional_factor": 3.571604224363615
}