{
    "structural_factor": 2.7502002790431055,
    "functional_factor": 4.1638341943483415
}