{
    "structural_factor": 3.250970626273236,
    "functional_factor": 1.3880424606054056
}