{
    "structural_factor": 2.258156247839915,
    "functional_factor": 1.0007582837452111
}