{
    "structural_factor": 3.5028716772051154,
    "functional_factor": 2.0816040578992974
}