{
    "structural_factor": 1.0996398622957635,
    "functional_factor": 1.7861464594239322
}