{
    "structural_factor": 1.7455410593022476,
    "functional_factor": 1.4768611713093867
}