{
    "structural_factor": 1.7000514452064663,
    "functional_factor": 3.1240749060968143
}