{
    "structural_factor": 2.5009632328984783,
    "functional_factor": 2.776464988905582
}