{
    "structural_factor": 4.004789884434353,
    "functional_factor": 2.2699064657928463
}