{
    "structural_factor": 2.2699878706309775,
    "functional_factor": 1.1793257003750233
}