{
    "structural_factor": 2.000730099999629,
    "functional_factor": 1.6627692660820406
}