{
    "structural_factor": 1.9001438723105593,
    "functional_factor": 2.776542978558507
}