{
    "structural_factor": 1.5706888494604179,
    "functional_factor": 1.172491342085699
}