{
    "structural_factor": 1.1997764860171867,
    "functional_factor": 1.7857596396745006
}