{
    "structural_factor": 3.001770040642267,
    "functional_factor": 2.2705985070429615
}