{
    "structural_factor": 1.6994724303593653,
    "functional_factor": 4.1647617501165675
}