{
    "structural_factor": 1.5999481571865446,
    "functional_factor": 2.271497544966978
}