{
    "structural_factor": 4.00308707448344,
    "functional_factor": 3.121517747154688
}