{
    "structural_factor": 1.7496846809649025,
    "functional_factor": 1.000031462063403
}