{
    "structural_factor": 0.9995914092136363,
    "functional_factor": 1.7863796574686115
}