{
    "structural_factor": 1.7204627213993564,
    "functional_factor": 1.5439544773100524
}