{
    "structural_factor": 1.7997032644265245,
    "functional_factor": 4.160181522123304
}