{
    "structural_factor": 1.0496367013080807,
    "functional_factor": 1.563118194565733
}