{
    "structural_factor": 2.1218373835229576,
    "functional_factor": 1.0007556552346315
}