{
    "structural_factor": 1.9504849480111586,
    "functional_factor": 1.6636911781916643
}