{
    "structural_factor": 2.249544571955736,
    "functional_factor": 1.0000391587032798
}