{
    "structural_factor": 1.3500801149399657,
    "functional_factor": 2.083986641704292
}