{
    "structural_factor": 0.999786744124787,
    "functional_factor": 2.273122922289643
}