{
    "structural_factor": 1.9869133346205454,
    "functional_factor": 1.2581953612893055
}