{
    "structural_factor": 1.5499892299281128,
    "functional_factor": 1.7859007693401392
}