{
    "structural_factor": 3.5029004248926796,
    "functional_factor": 2.081412467110978
}