{
    "structural_factor": 1.7499207312956555,
    "functional_factor": 1.785544706224458
}