{
    "structural_factor": 1.649824504643924,
    "functional_factor": 1.7852204739037913
}