{
    "structural_factor": 1.8996338152501302,
    "functional_factor": 4.165773341152468
}