{
    "structural_factor": 1.1005746064908326,
    "functional_factor": 1.3149016315821362
}