{
    "structural_factor": 1.9612575809292008,
    "functional_factor": 1.1297704883017488
}