{
    "structural_factor": 3.2515757648520704,
    "functional_factor": 1.1892103473537863
}