{
    "structural_factor": 2.249572643226561,
    "functional_factor": 1.0000161380187298
}