{
    "structural_factor": 1.3498669715608431,
    "functional_factor": 2.5008035712263164
}