{
    "structural_factor": 1.8024118341507867,
    "functional_factor": 1.204502661746207
}