{
    "structural_factor": 4.005203610480798,
    "functional_factor": 2.4969794861017656
}