{
    "structural_factor": 1.3792915616244468,
    "functional_factor": 1.358788929573308
}