{
    "structural_factor": 1.6000181043087949,
    "functional_factor": 3.5724754534045764
}