{
    "structural_factor": 1.4994593778299705,
    "functional_factor": 1.9221398868189226
}