{
    "structural_factor": 3.7523419020093427,
    "functional_factor": 1.6625712503565713
}