{
    "structural_factor": 3.0011197144048753,
    "functional_factor": 1.7842414184488393
}