{
    "structural_factor": 2.2500924365986403,
    "functional_factor": 1.6635132541184905
}