{
    "structural_factor": 1.2498554492576688,
    "functional_factor": 2.5002084737560426
}