{
    "structural_factor": 2.027014469443535,
    "functional_factor": 1.3418631395945018
}