{
    "structural_factor": 1.8499712301063225,
    "functional_factor": 1.7855502022180296
}