{
    "structural_factor": 2.255584438199986,
    "functional_factor": 1.312233707685752
}