{
    "structural_factor": 1.9991878349442453,
    "functional_factor": 1.0867001200624837
}