{
    "structural_factor": 1.0735520314395508,
    "functional_factor": 1.110892356963423
}