{
    "structural_factor": 2.500606378716879,
    "functional_factor": 1.38799862569044
}