{
    "structural_factor": 1.7000468777818392,
    "functional_factor": 2.776234423537024
}