{
    "structural_factor": 3.5020133502935424,
    "functional_factor": 1.9220106828266663
}