{
    "structural_factor": 3.2513400091338385,
    "functional_factor": 3.569269214489992
}