{
    "structural_factor": 2.250826048151126,
    "functional_factor": 3.123416503919152
}