{
    "structural_factor": 1.8588436007586158,
    "functional_factor": 1.0390464062405966
}