{
    "structural_factor": 2.000311455880568,
    "functional_factor": 3.572157488712012
}