{
    "structural_factor": 1.350048327745818,
    "functional_factor": 2.0837862044854853
}