{
    "structural_factor": 1.8000356473161065,
    "functional_factor": 2.779393729468366
}