{
    "structural_factor": 2.248406442748156,
    "functional_factor": 0.9997274728765071
}