{
    "structural_factor": 0.9998944141586191,
    "functional_factor": 1.315576605581884
}