{
    "structural_factor": 4.00819867194855,
    "functional_factor": 1.133812203752175
}