{
    "structural_factor": 2.5008727333870118,
    "functional_factor": 1.1357493237612075
}