{
    "structural_factor": 2.749549034549115,
    "functional_factor": 1.0000176571780455
}