{
    "structural_factor": 3.5035106307113892,
    "functional_factor": 1.7833984564962144
}