{
    "structural_factor": 1.8504060542577354,
    "functional_factor": 2.0820307874163517
}