{
    "structural_factor": 1.7000646201758183,
    "functional_factor": 3.5734028804876137
}