{
    "structural_factor": 2.0220677648522676,
    "functional_factor": 1.00018760508329
}