{
    "structural_factor": 3.7535127340021694,
    "functional_factor": 2.2700564991956416
}