{
    "structural_factor": 1.7172951023793326,
    "functional_factor": 1.2528169119815478
}