{
    "structural_factor": 3.755221400638342,
    "functional_factor": 1.3865631986038285
}