{
    "structural_factor": 3.7500618741226077,
    "functional_factor": 0.9998632238180585
}