{
    "structural_factor": 1.665072274787276,
    "functional_factor": 1.000157252607032
}