{
    "structural_factor": 1.8105385625261445,
    "functional_factor": 1.2349578604112685
}