{
    "structural_factor": 1.2502858217153348,
    "functional_factor": 1.5617085742753978
}