{
    "structural_factor": 1.9489420665407189,
    "functional_factor": 1.0869211792931122
}