{
    "structural_factor": 1.9982013190308596,
    "functional_factor": 1.2837246355970215
}