{
    "structural_factor": 2.4094864313467976,
    "functional_factor": 1.1672463425695676
}