{
    "structural_factor": 1.2997566841974604,
    "functional_factor": 1.0000346314195867
}