{
    "structural_factor": 1.2494418300908092,
    "functional_factor": 1.922681816598032
}