{
    "structural_factor": 2.2504265914971584,
    "functional_factor": 2.0830274078473856
}