{
    "structural_factor": 1.4998641047920955,
    "functional_factor": 3.5730872365224644
}