{
    "structural_factor": 3.752112551097785,
    "functional_factor": 1.314724884038696
}