{
    "structural_factor": 4.005345434335317,
    "functional_factor": 2.0805697178222906
}