{
    "structural_factor": 1.0999307301071988,
    "functional_factor": 3.56996969076455
}