{
    "structural_factor": 1.0237582100262665,
    "functional_factor": 1.0645636877634501
}