{
    "structural_factor": 3.5030980263827916,
    "functional_factor": 1.5605987275867932
}