{
    "structural_factor": 0.9994760942903669,
    "functional_factor": 1.922764741660246
}