{
    "structural_factor": 1.6999574268511026,
    "functional_factor": 2.4989519995140714
}