{
    "structural_factor": 3.502609313981906,
    "functional_factor": 1.247966212090711
}