{
    "structural_factor": 2.7513152200489177,
    "functional_factor": 2.4981310915900803
}