{
    "structural_factor": 1.601362777976299,
    "functional_factor": 1.0029811702293778
}