{
    "structural_factor": 2.9994912022459914,
    "functional_factor": 0.9999845027069619
}