{
    "structural_factor": 1.76409513528481,
    "functional_factor": 1.4168903698372348
}