{
    "structural_factor": 1.8496369316437795,
    "functional_factor": 1.0000370080343328
}