{
    "structural_factor": 1.6296386973306962,
    "functional_factor": 1.2917265977623107
}