{
    "structural_factor": 3.4997226975114644,
    "functional_factor": 0.9999371140977581
}