{
    "structural_factor": 1.2526324854731963,
    "functional_factor": 1.0920695743294424
}