{
    "structural_factor": 1.900047332657319,
    "functional_factor": 3.5700842499938648
}