{
    "structural_factor": 3.251353471502798,
    "functional_factor": 1.3880129868737183
}