{
    "structural_factor": 1.9367385799768762,
    "functional_factor": 1.2566725306616604
}