{
    "structural_factor": 1.5997180678190104,
    "functional_factor": 1.000005815234943
}