{
    "structural_factor": 1.900813972889449,
    "functional_factor": 1.1356102381713655
}