{
    "structural_factor": 3.752913937782485,
    "functional_factor": 1.247989059067916
}