{
    "structural_factor": 1.8655846038662303,
    "functional_factor": 1.3047047832817784
}