{
    "structural_factor": 1.6990371413748568,
    "functional_factor": 1.0867602768417488
}