{
    "structural_factor": 2.2501386340605594,
    "functional_factor": 1.13607348177978
}