{
    "structural_factor": 1.2498716523209927,
    "functional_factor": 1.7856662995896286
}