{
    "structural_factor": 1.8000597879208569,
    "functional_factor": 2.2738222977940565
}