{
    "structural_factor": 1.2498968496655478,
    "functional_factor": 3.1248727479693277
}