{
    "structural_factor": 1.1999295118460196,
    "functional_factor": 3.125123296470799
}