{
    "structural_factor": 1.5501470288828219,
    "functional_factor": 2.0826972944851927
}