{
    "structural_factor": 1.099685993125159,
    "functional_factor": 2.2723473510562866
}