{
    "structural_factor": 1.58338631152323,
    "functional_factor": 1.18328254596879
}