{
    "structural_factor": 1.850084271763725,
    "functional_factor": 2.7786394961300798
}