{
    "structural_factor": 1.440229348346098,
    "functional_factor": 1.2789462932667344
}