{
    "structural_factor": 1.9976597798446107,
    "functional_factor": 1.2513510386766085
}