{
    "structural_factor": 1.6360703491590014,
    "functional_factor": 1.3478197663207414
}