{
    "structural_factor": 1.243947076776373,
    "functional_factor": 1.0995321519883383
}