{
    "structural_factor": 1.8000233802753367,
    "functional_factor": 2.499726311389089
}