{
    "structural_factor": 3.7538707317498035,
    "functional_factor": 2.0809562872785023
}