{
    "structural_factor": 3.251458366428779,
    "functional_factor": 1.785364712245744
}