{
    "structural_factor": 1.9028378649486144,
    "functional_factor": 1.2791323448516099
}