{
    "structural_factor": 1.6500964761630177,
    "functional_factor": 2.0830620160254107
}