{
    "structural_factor": 1.7495182639274536,
    "functional_factor": 4.165555034159882
}