{
    "structural_factor": 3.0021513359566145,
    "functional_factor": 3.1209282167293937
}