{
    "structural_factor": 3.753937783091101,
    "functional_factor": 1.6623102544943569
}