{
    "structural_factor": 3.25258348145397,
    "functional_factor": 1.1888698766324777
}