{
    "structural_factor": 1.6744524880625,
    "functional_factor": 1.5392373063263403
}