{
    "structural_factor": 1.549915935717682,
    "functional_factor": 2.7779283031146895
}