{
    "structural_factor": 1.799323079841712,
    "functional_factor": 1.922459447024211
}