{
    "structural_factor": 3.5014349487030496,
    "functional_factor": 1.9216863391939905
}