{
    "structural_factor": 1.9099341105596506,
    "functional_factor": 1.130221584865065
}