{
    "structural_factor": 1.1009068254255765,
    "functional_factor": 1.2478309122804758
}