{
    "structural_factor": 1.4802129758206017,
    "functional_factor": 1.312439073932547
}