{
    "structural_factor": 1.0495526224417062,
    "functional_factor": 1.9233157197198159
}