{
    "structural_factor": 4.003216253164568,
    "functional_factor": 1.0854457565361135
}