{
    "structural_factor": 1.4500538982209505,
    "functional_factor": 1.6639594904956485
}