{
    "structural_factor": 1.5986456752795029,
    "functional_factor": 1.0869121718378856
}