{
    "structural_factor": 1.600922887002337,
    "functional_factor": 1.0853287595264625
}