{
    "structural_factor": 1.450026322847522,
    "functional_factor": 2.0831512250579585
}