{
    "structural_factor": 1.3998174605914484,
    "functional_factor": 1.7855417780023528
}