{
    "structural_factor": 4.002139872984929,
    "functional_factor": 1.3877651883372253
}