{
    "structural_factor": 1.4507411757909026,
    "functional_factor": 1.5612094897421713
}