{
    "structural_factor": 1.9927408854685333,
    "functional_factor": 1.3234237727007994
}