{
    "structural_factor": 3.503910622000302,
    "functional_factor": 2.775340508483982
}