{
    "structural_factor": 0.9996411879188808,
    "functional_factor": 1.7862448431044733
}