{
    "structural_factor": 1.0997998278819614,
    "functional_factor": 2.0830300187776443
}