{
    "structural_factor": 1.7499762668736565,
    "functional_factor": 2.7793034138395347
}