{
    "structural_factor": 3.0013259333607065,
    "functional_factor": 1.1356536509754882
}