{
    "structural_factor": 1.2999095639953455,
    "functional_factor": 2.778927024713883
}