{
    "structural_factor": 1.9505534893890186,
    "functional_factor": 2.498458775368926
}