{
    "structural_factor": 1.6999580358264947,
    "functional_factor": 3.570242889376245
}