{
    "structural_factor": 1.0995656644437997,
    "functional_factor": 4.163111878814442
}