{
    "structural_factor": 4.004206282996066,
    "functional_factor": 1.6625720102006192
}