{
    "structural_factor": 3.2536802894365597,
    "functional_factor": 1.38712008109836
}