{
    "structural_factor": 3.0006125598846443,
    "functional_factor": 1.3881893525566262
}