{
    "structural_factor": 3.753842653732582,
    "functional_factor": 2.7750337302970274
}