{
    "structural_factor": 1.6500923915757624,
    "functional_factor": 2.083109219663647
}