{
    "structural_factor": 2.033411786682603,
    "functional_factor": 1.2292883412733526
}