{
    "structural_factor": 1.6998411535509308,
    "functional_factor": 1.785875489141969
}