{
    "structural_factor": 2.250511356187895,
    "functional_factor": 3.125165990633402
}