{
    "structural_factor": 1.749674504653711,
    "functional_factor": 1.0000341281348821
}