{
    "structural_factor": 1.5750479578216274,
    "functional_factor": 1.1894574525089685
}