{
    "structural_factor": 1.673953595247609,
    "functional_factor": 1.4051884512043926
}