{
    "structural_factor": 1.800033113107603,
    "functional_factor": 2.2724278615477127
}