{
    "structural_factor": 1.5501497827810522,
    "functional_factor": 2.0823963231492493
}