{
    "structural_factor": 3.0027016281240098,
    "functional_factor": 2.4972485152914534
}