{
    "structural_factor": 1.2999557577740284,
    "functional_factor": 2.777617897538506
}