{
    "structural_factor": 2.021521520353493,
    "functional_factor": 1.000495974347128
}