{
    "structural_factor": 2.2506503120172687,
    "functional_factor": 2.498096565121281
}