{
    "structural_factor": 1.3499400776680015,
    "functional_factor": 2.273264844257662
}