{
    "structural_factor": 1.6500049817020679,
    "functional_factor": 2.7781840990574906
}