{
    "structural_factor": 2.02697585531197,
    "functional_factor": 1.414633083580772
}