{
    "structural_factor": 3.5045569637861433,
    "functional_factor": 2.2698402781284117
}