{
    "structural_factor": 2.5006434111971108,
    "functional_factor": 1.561994028281493
}