{
    "structural_factor": 1.0494777308716803,
    "functional_factor": 1.9229396439319624
}