{
    "structural_factor": 1.841682691971068,
    "functional_factor": 1.0009689641922708
}