{
    "structural_factor": 3.7563195208335283,
    "functional_factor": 1.3861194206294956
}