{
    "structural_factor": 0.9997883655932304,
    "functional_factor": 2.2730657255317115
}