{
    "structural_factor": 2.4931579896811464,
    "functional_factor": 1.0018988029620457
}