{
    "structural_factor": 1.2055762390328666,
    "functional_factor": 1.2432618104543676
}