{
    "structural_factor": 1.2500014838920306,
    "functional_factor": 1.663617717957068
}