{
    "structural_factor": 1.5423248588065388,
    "functional_factor": 1.4303754584902377
}