{
    "structural_factor": 4.000301363122564,
    "functional_factor": 0.9997725489114219
}