{
    "structural_factor": 1.3497576984415307,
    "functional_factor": 1.0000043296722165
}