{
    "structural_factor": 1.6498504785203738,
    "functional_factor": 1.0862956343425567
}