{
    "structural_factor": 1.5573213956599496,
    "functional_factor": 1.4161086044175633
}