{
    "structural_factor": 1.500066838784948,
    "functional_factor": 2.0834096854134727
}