{
    "structural_factor": 2.750676503952057,
    "functional_factor": 1.6635914038896595
}