{
    "structural_factor": 1.200253881518571,
    "functional_factor": 1.4693831464028317
}