{
    "structural_factor": 1.8101713988986439,
    "functional_factor": 1.510212207695282
}