{
    "structural_factor": 0.9996086509816448,
    "functional_factor": 1.562944401437408
}