{
    "structural_factor": 1.3997307900449174,
    "functional_factor": 1.0000059855869774
}