{
    "structural_factor": 3.251650492839934,
    "functional_factor": 1.2485162788503832
}