{
    "structural_factor": 1.590905379871405,
    "functional_factor": 1.0091890015145426
}