{
    "structural_factor": 1.2999426814886128,
    "functional_factor": 2.7797478596650524
}