{
    "structural_factor": 1.4500248970604512,
    "functional_factor": 2.7785028557477363
}