{
    "structural_factor": 1.9494508838758646,
    "functional_factor": 1.9227684411107406
}