{
    "structural_factor": 1.2001315176233192,
    "functional_factor": 1.6640529682937688
}