{
    "structural_factor": 1.3004632716268134,
    "functional_factor": 1.5615694183941888
}