{
    "structural_factor": 3.2501799419171182,
    "functional_factor": 4.158082589431379
}