{
    "structural_factor": 1.0995274251729863,
    "functional_factor": 1.786699153241514
}