{
    "structural_factor": 1.1496666815924919,
    "functional_factor": 1.786161333981887
}