{
    "structural_factor": 1.9004572309755343,
    "functional_factor": 2.0822266215557548
}