{
    "structural_factor": 3.001684084362276,
    "functional_factor": 3.569433919900856
}