{
    "structural_factor": 1.1501114582767087,
    "functional_factor": 1.2488873855033624
}