{
    "structural_factor": 1.9501937979943496,
    "functional_factor": 2.776706779480989
}