{
    "structural_factor": 1.049562256683552,
    "functional_factor": 4.168303251161657
}