{
    "structural_factor": 2.6553781201934363,
    "functional_factor": 1.05835145964081
}