{
    "structural_factor": 1.14954295390186,
    "functional_factor": 4.170279639539868
}