{
    "structural_factor": 1.9076374899678712,
    "functional_factor": 1.3101543809561624
}