{
    "structural_factor": 1.8000476004838757,
    "functional_factor": 1.6638601543976197
}