{
    "structural_factor": 1.155725671939617,
    "functional_factor": 1.2425599273908297
}