{
    "structural_factor": 1.3000756024102063,
    "functional_factor": 1.6638865991287688
}