{
    "structural_factor": 2.7514670799401793,
    "functional_factor": 2.498311535663935
}