{
    "structural_factor": 1.650021157060067,
    "functional_factor": 3.570406069987018
}