{
    "structural_factor": 1.4498665150597112,
    "functional_factor": 1.7855449359796667
}