{
    "structural_factor": 1.8366393745727578,
    "functional_factor": 1.4882630716698058
}