{
    "structural_factor": 3.001413806708445,
    "functional_factor": 3.568255943941934
}