{
    "structural_factor": 1.2559492572051238,
    "functional_factor": 1.3817024776671258
}