{
    "structural_factor": 4.004255954005002,
    "functional_factor": 1.1348959110498598
}