{
    "structural_factor": 1.0497048468323578,
    "functional_factor": 2.0834549390197976
}