{
    "structural_factor": 1.3529808934967917,
    "functional_factor": 1.0025958143790148
}