{
    "structural_factor": 1.401012933112549,
    "functional_factor": 1.56150887344722
}