{
    "structural_factor": 1.7490224758809314,
    "functional_factor": 1.0868469330974058
}