{
    "structural_factor": 1.704035521236896,
    "functional_factor": 1.5581800126374823
}