{
    "structural_factor": 3.2496789675899267,
    "functional_factor": 0.9999512418269917
}