{
    "structural_factor": 4.002499336598763,
    "functional_factor": 1.5611851844439986
}