{
    "structural_factor": 1.7504012532369044,
    "functional_factor": 1.6635163440270955
}