{
    "structural_factor": 1.5499428677604332,
    "functional_factor": 3.123468669926791
}