{
    "structural_factor": 1.0498863634861322,
    "functional_factor": 3.572905612346232
}