{
    "structural_factor": 1.4446700626353448,
    "functional_factor": 1.0143517778154745
}