{
    "structural_factor": 3.2517758623215216,
    "functional_factor": 1.9207469032117919
}