{
    "structural_factor": 1.2998865622652596,
    "functional_factor": 1.786142061241517
}