{
    "structural_factor": 1.901439820458295,
    "functional_factor": 1.1354129466352998
}