{
    "structural_factor": 1.7501552179357585,
    "functional_factor": 2.272124569818845
}