{
    "structural_factor": 1.5724585602417298,
    "functional_factor": 1.2801111714726483
}