{
    "structural_factor": 4.003976088278126,
    "functional_factor": 1.7834055090686234
}