{
    "structural_factor": 1.8994234283127536,
    "functional_factor": 4.1678598720251845
}