{
    "structural_factor": 1.499908682554849,
    "functional_factor": 3.1250798032316065
}