{
    "structural_factor": 1.7506151705580195,
    "functional_factor": 1.2291055118514271
}