{
    "structural_factor": 1.2916092669591532,
    "functional_factor": 1.0111573368883913
}