{
    "structural_factor": 1.7501136070675714,
    "functional_factor": 3.5707272924604934
}