{
    "structural_factor": 1.5079790938117337,
    "functional_factor": 1.0799960342852997
}