{
    "structural_factor": 1.307164162908201,
    "functional_factor": 1.3082160311024145
}