{
    "structural_factor": 1.1499274721505772,
    "functional_factor": 2.775692576900534
}