{
    "structural_factor": 2.250480362416533,
    "functional_factor": 2.271272546005548
}