{
    "structural_factor": 1.650050557268965,
    "functional_factor": 2.50031694916755
}