{
    "structural_factor": 1.0498007302502324,
    "functional_factor": 1.000007764854631
}