{
    "structural_factor": 1.399856557728396,
    "functional_factor": 2.777868490499573
}