{
    "structural_factor": 3.253555400842304,
    "functional_factor": 1.1348967943031527
}