{
    "structural_factor": 1.7500907594432007,
    "functional_factor": 3.570373293434972
}