{
    "structural_factor": 1.2497182481623896,
    "functional_factor": 1.7857567802170236
}