{
    "structural_factor": 1.0495578944988058,
    "functional_factor": 4.166645605995507
}