{
    "structural_factor": 1.7999628433671808,
    "functional_factor": 2.2735425389539965
}