{
    "structural_factor": 1.9495913353217504,
    "functional_factor": 1.0000168661470252
}