{
    "structural_factor": 1.6017481148185944,
    "functional_factor": 1.050850476753853
}