{
    "structural_factor": 2.056833380433331,
    "functional_factor": 1.316188736812559
}