{
    "structural_factor": 1.1503005515963989,
    "functional_factor": 1.5621284177570784
}