{
    "structural_factor": 1.1496663517147707,
    "functional_factor": 1.7859055648016615
}