{
    "structural_factor": 2.1407943200384274,
    "functional_factor": 1.0003723301274519
}