{
    "structural_factor": 2.08425424705323,
    "functional_factor": 1.4110164784402839
}