{
    "structural_factor": 2.4996884611568784,
    "functional_factor": 0.9999903357470643
}