{
    "structural_factor": 2.117494870856665,
    "functional_factor": 1.4385726914332981
}