{
    "structural_factor": 2.14151222288098,
    "functional_factor": 0.9997951256805032
}