{
    "structural_factor": 1.0998437393148526,
    "functional_factor": 2.083215283203066
}