{
    "structural_factor": 1.149850063034296,
    "functional_factor": 3.5682464374383596
}