{
    "structural_factor": 2.5008282216159183,
    "functional_factor": 1.66335124044579
}