{
    "structural_factor": 1.1995574565507627,
    "functional_factor": 4.161408151852713
}