{
    "structural_factor": 1.1998881602620604,
    "functional_factor": 3.122266062620382
}