{
    "structural_factor": 1.499459924997368,
    "functional_factor": 1.9229926159597297
}