{
    "structural_factor": 2.500702693679124,
    "functional_factor": 2.500197138537293
}