{
    "structural_factor": 1.950340665524189,
    "functional_factor": 2.0830917277673633
}