{
    "structural_factor": 1.1997052043968692,
    "functional_factor": 1.0000269671919058
}