{
    "structural_factor": 4.005577154817038,
    "functional_factor": 2.078958549136234
}