{
    "structural_factor": 1.8064520906463262,
    "functional_factor": 1.005966087068886
}