{
    "structural_factor": 4.002459519030321,
    "functional_factor": 1.0855614388572155
}