{
    "structural_factor": 1.950167588216669,
    "functional_factor": 2.499806474660413
}