{
    "structural_factor": 1.407252878961909,
    "functional_factor": 1.002649793592817
}