{
    "structural_factor": 1.200254900314713,
    "functional_factor": 1.5618274073468752
}