{
    "structural_factor": 2.7494349742400326,
    "functional_factor": 1.000022331423497
}