{
    "structural_factor": 1.4378194228964296,
    "functional_factor": 1.0341296624126546
}