{
    "structural_factor": 1.9616567513082144,
    "functional_factor": 1.393876776190875
}