{
    "structural_factor": 1.1999196724065502,
    "functional_factor": 3.5676868609398196
}