{
    "structural_factor": 1.649452086841666,
    "functional_factor": 4.165684124809023
}