{
    "structural_factor": 1.1005113305494734,
    "functional_factor": 1.3148914772815112
}