{
    "structural_factor": 1.2998588953251697,
    "functional_factor": 2.5007397487191487
}