{
    "structural_factor": 1.3495006011219484,
    "functional_factor": 4.163529520423512
}