{
    "structural_factor": 1.8994770034042148,
    "functional_factor": 1.9225466370271633
}