{
    "structural_factor": 3.504409731332201,
    "functional_factor": 1.3870035315240352
}