{
    "structural_factor": 1.89459768310099,
    "functional_factor": 1.2498130708027857
}