{
    "structural_factor": 1.3578132609785363,
    "functional_factor": 1.051301375251074
}