{
    "structural_factor": 1.049845356074234,
    "functional_factor": 2.7753848611925265
}