{
    "structural_factor": 1.5918990404384938,
    "functional_factor": 1.4317028802302587
}