{
    "structural_factor": 2.499632911979868,
    "functional_factor": 4.163589667580616
}