{
    "structural_factor": 1.7000342862704334,
    "functional_factor": 2.08260434281373
}