{
    "structural_factor": 2.1856599386058764,
    "functional_factor": 0.9999650861113615
}