{
    "structural_factor": 1.3509512547589015,
    "functional_factor": 1.5611768021372865
}