{
    "structural_factor": 1.848953957604292,
    "functional_factor": 1.0867575705430386
}