{
    "structural_factor": 1.1998531845667735,
    "functional_factor": 2.4999088448540903
}