{
    "structural_factor": 3.2520091681926973,
    "functional_factor": 1.5610591406475904
}