{
    "structural_factor": 1.19959612381268,
    "functional_factor": 4.167741827462721
}