{
    "structural_factor": 1.0494975452201467,
    "functional_factor": 1.9228175097012137
}