{
    "structural_factor": 1.2497919141215204,
    "functional_factor": 2.2721123262031346
}