{
    "structural_factor": 1.666616545395841,
    "functional_factor": 1.2496841277573698
}