{
    "structural_factor": 3.7553303781061187,
    "functional_factor": 1.5600951454962082
}