{
    "structural_factor": 1.800122070715361,
    "functional_factor": 2.272133357574393
}