{
    "structural_factor": 1.3035623237507075,
    "functional_factor": 1.2452942593438143
}