{
    "structural_factor": 1.099738928658134,
    "functional_factor": 1.0000390702330058
}