{
    "structural_factor": 0.999922408399223,
    "functional_factor": 3.123426525985781
}