{
    "structural_factor": 2.2493164754051422,
    "functional_factor": 1.0866135816306461
}