{
    "structural_factor": 3.000924910066047,
    "functional_factor": 1.5618858757016287
}