{
    "structural_factor": 1.6499460254537082,
    "functional_factor": 3.569143935470579
}