{
    "structural_factor": 1.6015291802002753,
    "functional_factor": 1.0508677759382379
}