{
    "structural_factor": 1.249932125003228,
    "functional_factor": 2.7764629279690145
}