{
    "structural_factor": 1.2994518704061113,
    "functional_factor": 1.9227278471828122
}