{
    "structural_factor": 2.500454794435639,
    "functional_factor": 2.500888022445167
}