{
    "structural_factor": 3.0005737430994923,
    "functional_factor": 4.1573106943535265
}