{
    "structural_factor": 2.250661484796432,
    "functional_factor": 2.4982200915885167
}