{
    "structural_factor": 1.5999129871625979,
    "functional_factor": 2.500430568248963
}