{
    "structural_factor": 1.8002186743234643,
    "functional_factor": 2.774516159815748
}