{
    "structural_factor": 1.2472628819945477,
    "functional_factor": 1.0469401571418981
}