{
    "structural_factor": 2.752253533130815,
    "functional_factor": 3.5666564625650166
}