{
    "structural_factor": 3.753883466521514,
    "functional_factor": 2.08091707383399
}