{
    "structural_factor": 1.2356960739285547,
    "functional_factor": 1.0098848655321795
}