{
    "structural_factor": 2.7490407186715577,
    "functional_factor": 1.0867478024765844
}