{
    "structural_factor": 1.8811216912350097,
    "functional_factor": 1.1172434326380902
}