{
    "structural_factor": 2.7502738800594724,
    "functional_factor": 1.0861112248689198
}