{
    "structural_factor": 1.5999094695342775,
    "functional_factor": 2.4997926021213166
}