{
    "structural_factor": 1.2499915355279574,
    "functional_factor": 1.6641012021632926
}