{
    "structural_factor": 1.2776874284874364,
    "functional_factor": 1.0220205263177689
}