{
    "structural_factor": 1.2998962803392695,
    "functional_factor": 3.1258432388742277
}