{
    "structural_factor": 1.3192104952121344,
    "functional_factor": 1.0819149336305804
}