{
    "structural_factor": 2.5042757995518325,
    "functional_factor": 1.3863992370835718
}