{
    "structural_factor": 1.0497014895973489,
    "functional_factor": 1.5627197895427813
}