{
    "structural_factor": 1.0287487000279285,
    "functional_factor": 1.0594587621458742
}