{
    "structural_factor": 4.0041372326030915,
    "functional_factor": 1.2479497454077282
}