{
    "structural_factor": 3.000232434770819,
    "functional_factor": 4.162714984491382
}