{
    "structural_factor": 1.1999018773216639,
    "functional_factor": 2.4998984911278104
}