{
    "structural_factor": 1.3001465637081373,
    "functional_factor": 1.5619533737576299
}