{
    "structural_factor": 1.2500202684892536,
    "functional_factor": 1.6637733442214182
}