{
    "structural_factor": 1.879813422603868,
    "functional_factor": 1.2550921390565888
}