{
    "structural_factor": 1.4998619528200008,
    "functional_factor": 1.7855576395776172
}