{
    "structural_factor": 3.0000653297409974,
    "functional_factor": 1.0864520619162974
}