{
    "structural_factor": 4.002739078044355,
    "functional_factor": 1.2481806010001688
}