{
    "structural_factor": 1.9623657059929809,
    "functional_factor": 1.0000780453495557
}