{
    "structural_factor": 4.005322952909396,
    "functional_factor": 3.562861903462345
}