{
    "structural_factor": 1.9504360469733706,
    "functional_factor": 3.567391536657112
}