{
    "structural_factor": 1.5000802417429309,
    "functional_factor": 2.083019723975111
}