{
    "structural_factor": 1.549911783803916,
    "functional_factor": 2.4992891019924617
}