{
    "structural_factor": 1.0498906074707919,
    "functional_factor": 2.776878335938764
}