{
    "structural_factor": 2.7501003302637965,
    "functional_factor": 4.166979450436757
}