{
    "structural_factor": 1.9493702076422996,
    "functional_factor": 4.16928289572031
}