{
    "structural_factor": 1.0498502282689428,
    "functional_factor": 3.1259525751582253
}