{
    "structural_factor": 1.0995199736570125,
    "functional_factor": 1.7862412177153948
}