{
    "structural_factor": 1.049510406274676,
    "functional_factor": 4.1668278510023775
}