{
    "structural_factor": 3.0024346402793105,
    "functional_factor": 1.1886638286502025
}