{
    "structural_factor": 1.9999991894762552,
    "functional_factor": 1.663741879746653
}