{
    "structural_factor": 1.599891080571073,
    "functional_factor": 1.7856036368154529
}