{
    "structural_factor": 3.2525543151394913,
    "functional_factor": 2.775062989063383
}