{
    "structural_factor": 3.752057258715334,
    "functional_factor": 1.1891333176556513
}