{
    "structural_factor": 1.349866259043293,
    "functional_factor": 2.273027675967675
}