{
    "structural_factor": 1.7000793671381227,
    "functional_factor": 3.12463763537276
}