{
    "structural_factor": 2.1590289742685416,
    "functional_factor": 1.1918123147042152
}