{
    "structural_factor": 3.0016394658921532,
    "functional_factor": 2.497817809048477
}