{
    "structural_factor": 3.75020550838773,
    "functional_factor": 0.9997802516852105
}