{
    "structural_factor": 1.3075258214018597,
    "functional_factor": 1.091632301824846
}