{
    "structural_factor": 1.0991494813405813,
    "functional_factor": 1.6649232409491785
}