{
    "structural_factor": 1.2998380676803676,
    "functional_factor": 2.5015502220334103
}