{
    "structural_factor": 2.25027125144556,
    "functional_factor": 2.0831792816045955
}