{
    "structural_factor": 1.5539576294910633,
    "functional_factor": 1.5579922961810477
}