{
    "structural_factor": 1.7842715886710327,
    "functional_factor": 1.0000190394389177
}