{
    "structural_factor": 3.5031856052365526,
    "functional_factor": 1.7839096866613937
}