{
    "structural_factor": 1.6000000708181719,
    "functional_factor": 3.570041362251773
}