{
    "structural_factor": 1.6055488046224236,
    "functional_factor": 1.0002240956555721
}