{
    "structural_factor": 1.4132078987917827,
    "functional_factor": 1.0043733059575328
}