{
    "structural_factor": 1.300201846240181,
    "functional_factor": 1.5619918299441187
}