{
    "structural_factor": 2.7519496131925636,
    "functional_factor": 1.188914586363132
}