{
    "structural_factor": 1.5501164467676773,
    "functional_factor": 2.0825767655399035
}