{
    "structural_factor": 1.1509035898366975,
    "functional_factor": 1.3146602512156027
}