{
    "structural_factor": 1.1506358387587128,
    "functional_factor": 1.3147069952707706
}