{
    "structural_factor": 3.751761766268835,
    "functional_factor": 1.9215418764166527
}