{
    "structural_factor": 1.1501379770045244,
    "functional_factor": 1.388077334353573
}