{
    "structural_factor": 1.4046123530425636,
    "functional_factor": 1.24485327794085
}