{
    "structural_factor": 3.0012002609024444,
    "functional_factor": 1.5611810353016895
}