{
    "structural_factor": 1.9611350290935663,
    "functional_factor": 1.237027380630128
}