{
    "structural_factor": 1.5998478635709037,
    "functional_factor": 1.7857090834493712
}