{
    "structural_factor": 1.700621111078115,
    "functional_factor": 1.2760034482210025
}