{
    "structural_factor": 1.2998478525455126,
    "functional_factor": 2.273319723288433
}