{
    "structural_factor": 1.0998633360558274,
    "functional_factor": 2.5006995988193537
}