{
    "structural_factor": 2.2002551139472253,
    "functional_factor": 1.0001602656297404
}