{
    "structural_factor": 3.5014109183568207,
    "functional_factor": 1.387918467937105
}