{
    "structural_factor": 1.9488510194735984,
    "functional_factor": 1.086971172291798
}