{
    "structural_factor": 4.004191508655265,
    "functional_factor": 1.9194336369422182
}