{
    "structural_factor": 1.7078619400621802,
    "functional_factor": 1.2600971713997822
}