{
    "structural_factor": 1.8994323346810296,
    "functional_factor": 1.92341560375799
}