{
    "structural_factor": 1.3210294894605068,
    "functional_factor": 1.0803304953270514
}