{
    "structural_factor": 4.00223974184683,
    "functional_factor": 1.3878571913079023
}