{
    "structural_factor": 2.2507787346764356,
    "functional_factor": 3.121631822623337
}