{
    "structural_factor": 1.750281720087142,
    "functional_factor": 2.0825706798997357
}