{
    "structural_factor": 1.4999598937592953,
    "functional_factor": 2.776535369134046
}