{
    "structural_factor": 2.7508103600465477,
    "functional_factor": 1.1357951605937282
}