{
    "structural_factor": 1.3498518900023386,
    "functional_factor": 3.5707156066091237
}