{
    "structural_factor": 1.1498828141530424,
    "functional_factor": 2.7777304444043995
}