{
    "structural_factor": 3.7555384758088812,
    "functional_factor": 1.1879527922592334
}