{
    "structural_factor": 1.599958049422713,
    "functional_factor": 3.5681560628772586
}