{
    "structural_factor": 3.2523124305739604,
    "functional_factor": 2.2711805917030126
}