{
    "structural_factor": 1.1499094683221924,
    "functional_factor": 3.1248973468639245
}