{
    "structural_factor": 0.9997731226449251,
    "functional_factor": 1.0000458294079435
}