{
    "structural_factor": 2.500619488284346,
    "functional_factor": 1.1894893676908165
}