{
    "structural_factor": 4.003989127751914,
    "functional_factor": 1.3142166599143144
}