{
    "structural_factor": 1.2994368182816218,
    "functional_factor": 4.174290105028819
}