{
    "structural_factor": 1.6998895722587748,
    "functional_factor": 1.785523042277358
}