{
    "structural_factor": 1.668614498199269,
    "functional_factor": 1.0738544363069917
}