{
    "structural_factor": 4.0042020487436885,
    "functional_factor": 1.7840627539923977
}