{
    "structural_factor": 3.503815095007833,
    "functional_factor": 2.773605783230565
}