{
    "structural_factor": 1.2998172196040756,
    "functional_factor": 3.1227700941495935
}