{
    "structural_factor": 2.2503905099058947,
    "functional_factor": 1.6634199694017742
}