{
    "structural_factor": 1.4499881938052064,
    "functional_factor": 2.5012523801893716
}