{
    "structural_factor": 1.3999663886070337,
    "functional_factor": 2.2734467695997744
}