{
    "structural_factor": 1.9635854384289622,
    "functional_factor": 1.3065829592491796
}