{
    "structural_factor": 2.0829386441507793,
    "functional_factor": 1.411671971899562
}