{
    "structural_factor": 2.750943575068447,
    "functional_factor": 1.1356942505076313
}