{
    "structural_factor": 4.004815681085537,
    "functional_factor": 1.6618567309275647
}