{
    "structural_factor": 2.088080287559463,
    "functional_factor": 1.3022074021183558
}