{
    "structural_factor": 2.5004276765526665,
    "functional_factor": 1.4701599237553775
}