{
    "structural_factor": 1.4496630706512932,
    "functional_factor": 1.0000468512563323
}