{
    "structural_factor": 3.0017695377842712,
    "functional_factor": 3.5679548244474217
}