{
    "structural_factor": 1.170596753658474,
    "functional_factor": 1.1155787279352813
}