{
    "structural_factor": 1.1496745837187683,
    "functional_factor": 1.7859929032202302
}