{
    "structural_factor": 3.0015210404722787,
    "functional_factor": 3.12273393455218
}