{
    "structural_factor": 1.0503323047931756,
    "functional_factor": 1.2487353568700554
}