{
    "structural_factor": 2.751523108272351,
    "functional_factor": 3.1246000618769294
}