{
    "structural_factor": 1.0998533722440007,
    "functional_factor": 3.5701580623054125
}