{
    "structural_factor": 2.7522809221032807,
    "functional_factor": 2.2702322588539787
}