{
    "structural_factor": 1.2996091661639508,
    "functional_factor": 2.272159355263173
}