{
    "structural_factor": 1.9483054716572366,
    "functional_factor": 1.246792382271467
}