{
    "structural_factor": 1.249928386399214,
    "functional_factor": 3.124813930308157
}