{
    "structural_factor": 1.349870850750228,
    "functional_factor": 3.1253674306279637
}