{
    "structural_factor": 2.181455027525032,
    "functional_factor": 1.0018385991734724
}