{
    "structural_factor": 1.9000831259062025,
    "functional_factor": 3.1252908301576108
}