{
    "structural_factor": 2.002858703267671,
    "functional_factor": 1.3169400167888798
}