{
    "structural_factor": 2.5768465483470258,
    "functional_factor": 1.0904914727436246
}