{
    "structural_factor": 1.0497668214392877,
    "functional_factor": 1.4700835828700736
}