{
    "structural_factor": 1.4726931022109786,
    "functional_factor": 1.4474711241294551
}