{
    "structural_factor": 1.2999453757523205,
    "functional_factor": 1.6639401291732487
}