{
    "structural_factor": 2.015458343737665,
    "functional_factor": 1.5502543466347356
}