{
    "structural_factor": 1.249887373189982,
    "functional_factor": 3.574422932207835
}