{
    "structural_factor": 3.7553481650673053,
    "functional_factor": 1.4681059617814596
}