{
    "structural_factor": 2.499958293260785,
    "functional_factor": 4.160280316313699
}