{
    "structural_factor": 4.002478252975168,
    "functional_factor": 1.4692594932057927
}