{
    "structural_factor": 2.035698752531136,
    "functional_factor": 1.2926590093158155
}