{
    "structural_factor": 1.2497438362696913,
    "functional_factor": 1.00002190713886
}