{
    "structural_factor": 1.4495008695970582,
    "functional_factor": 1.9223410385836284
}