{
    "structural_factor": 3.252441193663658,
    "functional_factor": 1.314518917406554
}