{
    "structural_factor": 4.004019976457518,
    "functional_factor": 1.3873602921158439
}