{
    "structural_factor": 1.7832764250227389,
    "functional_factor": 1.0004572463637726
}