{
    "structural_factor": 1.2496565852492723,
    "functional_factor": 2.2737330369105644
}