{
    "structural_factor": 1.399472551642069,
    "functional_factor": 4.164275341694986
}