{
    "structural_factor": 1.6996693175607434,
    "functional_factor": 1.102443444837512
}