{
    "structural_factor": 1.1999163266596347,
    "functional_factor": 2.778886337632798
}