{
    "structural_factor": 1.7500359742993996,
    "functional_factor": 2.0830754328356806
}