{
    "structural_factor": 1.249860761801177,
    "functional_factor": 2.499239839748623
}