{
    "structural_factor": 2.500626637565922,
    "functional_factor": 2.0833284128927403
}