{
    "structural_factor": 2.5002038392834294,
    "functional_factor": 3.569875302850938
}