{
    "structural_factor": 1.1494459453406474,
    "functional_factor": 1.923252075588952
}