{
    "structural_factor": 1.3895341035341964,
    "functional_factor": 1.2779963352243238
}