{
    "structural_factor": 1.9366504080775728,
    "functional_factor": 1.3259625440908551
}