{
    "structural_factor": 1.2495733143880332,
    "functional_factor": 1.922929787868695
}