{
    "structural_factor": 1.3999168403409612,
    "functional_factor": 2.2727051873604553
}