{
    "structural_factor": 1.7460374187664407,
    "functional_factor": 1.1087092496816804
}