{
    "structural_factor": 1.0998526806423716,
    "functional_factor": 2.0845067983115086
}