{
    "structural_factor": 3.0015662964619496,
    "functional_factor": 1.3881935696222725
}