{
    "structural_factor": 1.698567596624524,
    "functional_factor": 1.0870381588304299
}