{
    "structural_factor": 2.5004522700877394,
    "functional_factor": 1.1895481628194315
}