{
    "structural_factor": 1.0498307617563043,
    "functional_factor": 1.3157853189590236
}