{
    "structural_factor": 1.0996168960171326,
    "functional_factor": 1.6646235564519003
}