{
    "structural_factor": 2.0157189494260908,
    "functional_factor": 1.3773721882394045
}