{
    "structural_factor": 1.549997788748774,
    "functional_factor": 3.572937797807933
}