{
    "structural_factor": 4.004255097488001,
    "functional_factor": 1.2475973352523735
}