{
    "structural_factor": 1.499389745092554,
    "functional_factor": 4.164093725640354
}