{
    "structural_factor": 1.5499440596568324,
    "functional_factor": 2.500217455758676
}