{
    "structural_factor": 1.8502062095904825,
    "functional_factor": 2.4989058171700433
}