{
    "structural_factor": 1.5498955863647943,
    "functional_factor": 3.126375182872933
}