{
    "structural_factor": 1.6499532138133224,
    "functional_factor": 3.1233395391994248
}