{
    "structural_factor": 1.3517134608380732,
    "functional_factor": 1.5603687917630216
}