{
    "structural_factor": 1.3995044342078828,
    "functional_factor": 4.163408713072133
}