{
    "structural_factor": 1.8501400260933094,
    "functional_factor": 2.7757935717073288
}