{
    "structural_factor": 2.0266208398819243,
    "functional_factor": 1.2984145013740163
}