{
    "structural_factor": 1.6493844218076792,
    "functional_factor": 1.9224500581178277
}