{
    "structural_factor": 3.502858143570041,
    "functional_factor": 1.9204839086082384
}