{
    "structural_factor": 1.9488992704100188,
    "functional_factor": 1.0869223135618513
}