{
    "structural_factor": 1.6995377677559789,
    "functional_factor": 4.163065934625901
}