{
    "structural_factor": 2.113541682372206,
    "functional_factor": 1.3221171824377287
}