{
    "structural_factor": 2.2499520904982875,
    "functional_factor": 1.7857714766960973
}