{
    "structural_factor": 1.0995010220888444,
    "functional_factor": 4.166509719471501
}