{
    "structural_factor": 1.1995528479811053,
    "functional_factor": 4.168345555399887
}