{
    "structural_factor": 4.005426154611696,
    "functional_factor": 1.188290068585068
}