{
    "structural_factor": 1.8999935579436482,
    "functional_factor": 1.7854093411929717
}