{
    "structural_factor": 1.1994713295310042,
    "functional_factor": 4.169102945447555
}