{
    "structural_factor": 1.8002289341831754,
    "functional_factor": 2.082902941179877
}