{
    "structural_factor": 1.4494258972080145,
    "functional_factor": 1.922045751636475
}