{
    "structural_factor": 0.9998892709633974,
    "functional_factor": 2.7766029710970592
}