{
    "structural_factor": 2.1852558405334173,
    "functional_factor": 1.0001037937491082
}