{
    "structural_factor": 1.7501360909664743,
    "functional_factor": 3.123590125839733
}