{
    "structural_factor": 1.143873376257067,
    "functional_factor": 1.0923734326970111
}