{
    "structural_factor": 1.51549047163373,
    "functional_factor": 1.020571729443368
}