{
    "structural_factor": 1.999627229518451,
    "functional_factor": 1.0000330951383125
}