{
    "structural_factor": 1.399713928345931,
    "functional_factor": 1.000038482612762
}