{
    "structural_factor": 1.8490005690676994,
    "functional_factor": 1.086852341383047
}