{
    "structural_factor": 3.2510235903181446,
    "functional_factor": 1.7852132725254917
}