{
    "structural_factor": 2.7509045249623374,
    "functional_factor": 1.1894357167176224
}