{
    "structural_factor": 0.9997405872370977,
    "functional_factor": 2.2738668072350032
}