{
    "structural_factor": 1.8646258032605192,
    "functional_factor": 1.0966255645493102
}