{
    "structural_factor": 1.5874581802229577,
    "functional_factor": 1.0013996211040412
}