{
    "structural_factor": 1.5499449812889963,
    "functional_factor": 3.127112688478134
}