{
    "structural_factor": 1.351116796839241,
    "functional_factor": 1.5613801083117618
}