{
    "structural_factor": 1.400057312051001,
    "functional_factor": 2.083632440748928
}