{
    "structural_factor": 1.3494998528116864,
    "functional_factor": 4.1669295681858385
}