{
    "structural_factor": 1.9505031659787502,
    "functional_factor": 2.0836216163146974
}