{
    "structural_factor": 1.5008768295487576,
    "functional_factor": 1.5609865632145454
}