{
    "structural_factor": 1.6836384523355605,
    "functional_factor": 1.2892307542798742
}