{
    "structural_factor": 1.7593611424181992,
    "functional_factor": 1.2624893301573932
}