{
    "structural_factor": 1.2494838185986419,
    "functional_factor": 1.923486992133242
}