{
    "structural_factor": 1.8989386546819458,
    "functional_factor": 1.0868338822707484
}