{
    "structural_factor": 3.502069436229619,
    "functional_factor": 3.5697204398959217
}