{
    "structural_factor": 1.750108666588349,
    "functional_factor": 2.5009330795336058
}