{
    "structural_factor": 1.2003344004181278,
    "functional_factor": 1.387629740865276
}