{
    "structural_factor": 2.5006390076382488,
    "functional_factor": 1.5619100117683165
}