{
    "structural_factor": 1.499474668681102,
    "functional_factor": 4.170410611925823
}