{
    "structural_factor": 2.2500756444682146,
    "functional_factor": 1.6639769245952427
}