{
    "structural_factor": 2.500942665581816,
    "functional_factor": 1.3152866136005625
}