{
    "structural_factor": 3.5030491621304782,
    "functional_factor": 2.499071113704694
}