{
    "structural_factor": 1.1998527894727904,
    "functional_factor": 2.500008492470419
}