{
    "structural_factor": 1.9003040015029822,
    "functional_factor": 3.1237888876373483
}