{
    "structural_factor": 1.6996536722511766,
    "functional_factor": 1.0000330576382614
}