{
    "structural_factor": 2.082019148932218,
    "functional_factor": 0.9998709113102583
}