{
    "structural_factor": 1.6810765455905572,
    "functional_factor": 1.1975549610117204
}