{
    "structural_factor": 1.9045031449779986,
    "functional_factor": 1.208813566562109
}