{
    "structural_factor": 1.4496855276507619,
    "functional_factor": 1.0000361502939894
}