{
    "structural_factor": 2.5006133703262816,
    "functional_factor": 1.562392114239223
}