{
    "structural_factor": 2.5012672544968906,
    "functional_factor": 1.3149419955480623
}