{
    "structural_factor": 1.049910294341594,
    "functional_factor": 2.777418402669156
}