{
    "structural_factor": 3.0008801479260114,
    "functional_factor": 2.777879948949253
}