{
    "structural_factor": 1.850026199335695,
    "functional_factor": 1.7857161072064613
}