{
    "structural_factor": 2.2498470564910615,
    "functional_factor": 4.16685655352055
}