{
    "structural_factor": 1.4997886519914176,
    "functional_factor": 1.7853948321978674
}