{
    "structural_factor": 1.7651237976573484,
    "functional_factor": 1.218839336432057
}