{
    "structural_factor": 1.40011822415815,
    "functional_factor": 1.663685855500939
}