{
    "structural_factor": 1.6000191465002205,
    "functional_factor": 2.0822799021166283
}