{
    "structural_factor": 3.7528099041449052,
    "functional_factor": 4.162422921683257
}