{
    "structural_factor": 1.9002517216406796,
    "functional_factor": 2.7766537110310208
}