{
    "structural_factor": 1.2999160874965772,
    "functional_factor": 2.501228500800189
}