{
    "structural_factor": 3.5015961250924676,
    "functional_factor": 1.2484794832297939
}