{
    "structural_factor": 1.5999801931136188,
    "functional_factor": 2.7780414272759817
}