{
    "structural_factor": 2.250463670964561,
    "functional_factor": 2.271801096631233
}