{
    "structural_factor": 3.5021123414587283,
    "functional_factor": 3.5649621940106186
}