{
    "structural_factor": 1.900253405966523,
    "functional_factor": 3.1227517437118
}