{
    "structural_factor": 1.4495149981435635,
    "functional_factor": 1.9229925031509243
}