{
    "structural_factor": 3.7524713670519327,
    "functional_factor": 1.56127255413433
}