{
    "structural_factor": 1.4601728124197957,
    "functional_factor": 1.2404346135338022
}