{
    "structural_factor": 1.6257232581766905,
    "functional_factor": 1.294783456120488
}