{
    "structural_factor": 1.350913777864086,
    "functional_factor": 1.3356254368311453
}