{
    "structural_factor": 3.001049629121562,
    "functional_factor": 2.4990695846023727
}