{
    "structural_factor": 1.6496405030853163,
    "functional_factor": 1.0000299691654884
}