{
    "structural_factor": 4.002523052057616,
    "functional_factor": 1.0855131670511406
}