{
    "structural_factor": 1.0998959219704016,
    "functional_factor": 2.777918455319968
}