{
    "structural_factor": 1.9995945835129356,
    "functional_factor": 1.000006769722245
}