{
    "structural_factor": 1.255956160746888,
    "functional_factor": 1.0369417557095664
}