{
    "structural_factor": 2.4406401321410893,
    "functional_factor": 1.151257909655279
}