{
    "structural_factor": 1.649490290778932,
    "functional_factor": 4.169224512497293
}