{
    "structural_factor": 3.7530500328351057,
    "functional_factor": 3.1214969519622846
}