{
    "structural_factor": 1.399863650912627,
    "functional_factor": 3.125708271815531
}