{
    "structural_factor": 1.0493762336110455,
    "functional_factor": 1.9227052681898922
}