{
    "structural_factor": 1.9503883971987375,
    "functional_factor": 3.5713670781170763
}