{
    "structural_factor": 1.499485903820888,
    "functional_factor": 4.16627858347517
}