{
    "structural_factor": 2.0595786027813436,
    "functional_factor": 1.0008768707267832
}