{
    "structural_factor": 1.049787115545932,
    "functional_factor": 1.0000158056259474
}