{
    "structural_factor": 1.7500455478841164,
    "functional_factor": 2.499823519280921
}