{
    "structural_factor": 1.44993256056057,
    "functional_factor": 2.272215369857871
}