{
    "structural_factor": 1.3121736230019385,
    "functional_factor": 1.2372156244940273
}