{
    "structural_factor": 2.2500063880823102,
    "functional_factor": 1.7852225558364434
}