{
    "structural_factor": 2.5007122173417473,
    "functional_factor": 1.3154262304077293
}