{
    "structural_factor": 3.4998104367166234,
    "functional_factor": 0.9998943555986958
}