{
    "structural_factor": 1.0498567461268848,
    "functional_factor": 2.4998594903774953
}