{
    "structural_factor": 1.599730994223958,
    "functional_factor": 1.0000213025824045
}