{
    "structural_factor": 2.3183756406109346,
    "functional_factor": 1.0004872325435472
}