{
    "structural_factor": 1.7494653597429946,
    "functional_factor": 1.9222657489095774
}