{
    "structural_factor": 4.005908149695913,
    "functional_factor": 2.7735125412973964
}