{
    "structural_factor": 1.6996384420175905,
    "functional_factor": 1.0000248836751233
}