{
    "structural_factor": 1.8998568822032724,
    "functional_factor": 1.7846808758811965
}