{
    "structural_factor": 1.5999946745347133,
    "functional_factor": 3.574279624621989
}