{
    "structural_factor": 3.2530139598972267,
    "functional_factor": 2.2703014993013286
}