{
    "structural_factor": 1.7500904067292888,
    "functional_factor": 2.2715650350036527
}