{
    "structural_factor": 2.5007972913889467,
    "functional_factor": 2.499927260384297
}