{
    "structural_factor": 1.4036767904584206,
    "functional_factor": 1.0110671770503683
}