{
    "structural_factor": 2.2494655279165205,
    "functional_factor": 1.9232361882481566
}