{
    "structural_factor": 2.499864246618495,
    "functional_factor": 1.9222956729414702
}