{
    "structural_factor": 1.4105158718376454,
    "functional_factor": 1.459605738578218
}