{
    "structural_factor": 1.399911902868637,
    "functional_factor": 3.571647439555746
}