{
    "structural_factor": 4.003705379292041,
    "functional_factor": 3.5735128106186687
}