{
    "structural_factor": 1.2058565306929452,
    "functional_factor": 1.242917460827859
}