{
    "structural_factor": 0.9996698102776719,
    "functional_factor": 1.4703665701735311
}