{
    "structural_factor": 1.3551900904680232,
    "functional_factor": 1.0055331763367295
}