{
    "structural_factor": 1.5876937271512563,
    "functional_factor": 1.0374451918660461
}