{
    "structural_factor": 1.7000191501594355,
    "functional_factor": 1.7857486042105437
}