{
    "structural_factor": 4.0033709509213695,
    "functional_factor": 1.3147209339818302
}