{
    "structural_factor": 1.999927118980824,
    "functional_factor": 1.7854167668914676
}