{
    "structural_factor": 1.9000922862857146,
    "functional_factor": 1.6634031805204736
}