{
    "structural_factor": 1.75014552306633,
    "functional_factor": 2.4992100434474427
}