{
    "structural_factor": 1.626701775867177,
    "functional_factor": 1.536905220534847
}