{
    "structural_factor": 2.7505994937212064,
    "functional_factor": 1.189674216402307
}