{
    "structural_factor": 1.1500565838317618,
    "functional_factor": 1.469845978244031
}