{
    "structural_factor": 1.9000138324083726,
    "functional_factor": 2.271866935487222
}