{
    "structural_factor": 1.649201231494097,
    "functional_factor": 1.0865804046783867
}