{
    "structural_factor": 2.7505956478341274,
    "functional_factor": 1.5623836065317123
}