{
    "structural_factor": 1.800055603517068,
    "functional_factor": 2.5004846832371017
}