{
    "structural_factor": 4.003622036315868,
    "functional_factor": 2.7721946404571076
}