{
    "structural_factor": 1.1997508131053012,
    "functional_factor": 1.0000160775936986
}