{
    "structural_factor": 2.499403984230755,
    "functional_factor": 1.000011926737736
}