{
    "structural_factor": 1.0497555017643008,
    "functional_factor": 1.000025576220439
}