{
    "structural_factor": 3.001595017069431,
    "functional_factor": 2.082018749272099
}