{
    "structural_factor": 1.9494846360077231,
    "functional_factor": 1.9218248830336953
}