{
    "structural_factor": 2.250668386665144,
    "functional_factor": 2.77723378131289
}