{
    "structural_factor": 1.750019201395439,
    "functional_factor": 2.776257127073079
}