{
    "structural_factor": 1.1999105441680855,
    "functional_factor": 3.1260943044811413
}