{
    "structural_factor": 3.753821257785268,
    "functional_factor": 3.1212516571726088
}