{
    "structural_factor": 1.2002435074056528,
    "functional_factor": 1.5618194256498925
}