{
    "structural_factor": 4.006531836138768,
    "functional_factor": 3.119071202594035
}