{
    "structural_factor": 1.9033241160714556,
    "functional_factor": 0.9998781203099665
}