{
    "structural_factor": 1.3499137725290082,
    "functional_factor": 3.571110671365141
}