{
    "structural_factor": 1.6000332857463193,
    "functional_factor": 1.7852654981366267
}