{
    "structural_factor": 1.7956598368325836,
    "functional_factor": 1.0755053113111437
}