{
    "structural_factor": 3.501789631628425,
    "functional_factor": 1.6630795388105342
}