{
    "structural_factor": 2.0222971895317055,
    "functional_factor": 0.9999762910026448
}