{
    "structural_factor": 4.005000768461129,
    "functional_factor": 2.0810858320838412
}