{
    "structural_factor": 2.372727460047055,
    "functional_factor": 0.9999836639939101
}