{
    "structural_factor": 3.7546501165523893,
    "functional_factor": 3.567421671594201
}