{
    "structural_factor": 1.3996984287825114,
    "functional_factor": 1.0000515838241617
}