{
    "structural_factor": 0.999499748505813,
    "functional_factor": 1.9242937947346157
}