{
    "structural_factor": 1.887177354301622,
    "functional_factor": 1.4071589863707545
}