{
    "structural_factor": 4.005758833135242,
    "functional_factor": 2.079517903802752
}