{
    "structural_factor": 1.5500147040925971,
    "functional_factor": 3.5744082689699828
}