{
    "structural_factor": 1.6000529444015306,
    "functional_factor": 2.5002863798558725
}