{
    "structural_factor": 1.599899496539877,
    "functional_factor": 2.5002704392590838
}