{
    "structural_factor": 1.7501053157796993,
    "functional_factor": 2.083670869854865
}