{
    "structural_factor": 2.500775102486807,
    "functional_factor": 1.1895066661749385
}