{
    "structural_factor": 1.088309870917905,
    "functional_factor": 1.0956390133565324
}