{
    "structural_factor": 1.6499284429757486,
    "functional_factor": 3.5717290410712175
}