{
    "structural_factor": 3.25337354633798,
    "functional_factor": 2.2707995667201053
}