{
    "structural_factor": 2.077056878900402,
    "functional_factor": 1.2351200332377554
}