{
    "structural_factor": 1.2499011322708589,
    "functional_factor": 3.127014687247295
}