{
    "structural_factor": 1.6996023246517684,
    "functional_factor": 4.167273137119563
}