{
    "structural_factor": 1.6654436530201013,
    "functional_factor": 0.9998201839343972
}