{
    "structural_factor": 1.1952203319017398,
    "functional_factor": 1.0946802806336104
}