{
    "structural_factor": 1.3498054503023391,
    "functional_factor": 2.2726205180380386
}