{
    "structural_factor": 2.0002809716445005,
    "functional_factor": 2.776148176659382
}