{
    "structural_factor": 1.5000053796921486,
    "functional_factor": 2.0835690735390218
}