{
    "structural_factor": 2.500595194429681,
    "functional_factor": 2.0826581270714075
}