{
    "structural_factor": 2.5002282949745944,
    "functional_factor": 1.663542044463106
}