{
    "structural_factor": 1.0981585575754773,
    "functional_factor": 1.0857379061432126
}