{
    "structural_factor": 2.2505923139077284,
    "functional_factor": 2.081451227940832
}