{
    "structural_factor": 1.23178119477553,
    "functional_factor": 1.0130269016564242
}