{
    "structural_factor": 1.9995344518710734,
    "functional_factor": 1.0000489959518928
}