{
    "structural_factor": 1.249892230546434,
    "functional_factor": 2.0835062878452124
}