{
    "structural_factor": 1.849799508359938,
    "functional_factor": 4.164249654501597
}