{
    "structural_factor": 1.800067659211453,
    "functional_factor": 3.1218728557990914
}