{
    "structural_factor": 4.0045186972467866,
    "functional_factor": 1.3142499770487595
}