{
    "structural_factor": 1.299922585003999,
    "functional_factor": 3.5700415099649176
}