{
    "structural_factor": 1.0499564996354045,
    "functional_factor": 1.3878266863814792
}