{
    "structural_factor": 2.2493573269848883,
    "functional_factor": 4.167873077884577
}