{
    "structural_factor": 3.7517213411368133,
    "functional_factor": 1.5618765115596056
}