{
    "structural_factor": 1.2529303567847832,
    "functional_factor": 1.3846217718939091
}