{
    "structural_factor": 1.3442753608769986,
    "functional_factor": 1.0619099624372323
}