{
    "structural_factor": 3.7532970607436034,
    "functional_factor": 1.3873644900469542
}