{
    "structural_factor": 1.9006897840482755,
    "functional_factor": 1.6635134037691914
}