{
    "structural_factor": 1.50092924851445,
    "functional_factor": 1.560574500359585
}