{
    "structural_factor": 3.001695086256072,
    "functional_factor": 1.135590208405153
}