{
    "structural_factor": 1.549894537550369,
    "functional_factor": 1.7855325843608572
}