{
    "structural_factor": 3.25382700121971,
    "functional_factor": 2.7743732052523447
}