{
    "structural_factor": 1.6501196142708496,
    "functional_factor": 1.6635453542887826
}