{
    "structural_factor": 3.501829916607217,
    "functional_factor": 1.561251232001906
}