{
    "structural_factor": 1.1997602308849256,
    "functional_factor": 1.000040771340825
}