{
    "structural_factor": 1.3938463949326807,
    "functional_factor": 1.0122399426706588
}