{
    "structural_factor": 0.999838364362497,
    "functional_factor": 0.999987001409206
}