{
    "structural_factor": 2.5007192212129206,
    "functional_factor": 2.4997910039926494
}