{
    "structural_factor": 1.5961412845007454,
    "functional_factor": 1.1736093805004884
}