{
    "structural_factor": 1.2993796980570387,
    "functional_factor": 1.9229214693897243
}