{
    "structural_factor": 4.0071230925886505,
    "functional_factor": 1.1877900080771637
}