{
    "structural_factor": 1.1000364049565339,
    "functional_factor": 1.5616636761454519
}