{
    "structural_factor": 1.7499349941564093,
    "functional_factor": 3.1222136926734643
}