{
    "structural_factor": 1.8503139052918098,
    "functional_factor": 3.567849358681321
}