{
    "structural_factor": 1.6000092890534625,
    "functional_factor": 3.1254310732140067
}