{
    "structural_factor": 2.750490566967626,
    "functional_factor": 1.189604372334531
}