{
    "structural_factor": 2.5006881724006496,
    "functional_factor": 3.5696516559412226
}