{
    "structural_factor": 3.502271396801899,
    "functional_factor": 1.3147338799051316
}