{
    "structural_factor": 1.5496425616226803,
    "functional_factor": 4.165047561304151
}