{
    "structural_factor": 1.1497708670260889,
    "functional_factor": 1.0000273829801372
}