{
    "structural_factor": 1.0998849127345969,
    "functional_factor": 3.1261185439688255
}