{
    "structural_factor": 1.285054226213493,
    "functional_factor": 1.2795498291918994
}