{
    "structural_factor": 2.000172483409496,
    "functional_factor": 2.775062135209455
}