{
    "structural_factor": 0.9992857331222628,
    "functional_factor": 1.664742620264369
}