{
    "structural_factor": 2.1203982877186203,
    "functional_factor": 1.001287044962075
}