{
    "structural_factor": 1.8999780917973532,
    "functional_factor": 1.6638021559132379
}