{
    "structural_factor": 1.6003336348860164,
    "functional_factor": 1.6640295055536962
}