{
    "structural_factor": 2.1300668121038933,
    "functional_factor": 1.03308888925729
}