{
    "structural_factor": 2.0002955440250614,
    "functional_factor": 2.0829389255974666
}