{
    "structural_factor": 2.000293321224353,
    "functional_factor": 2.776975786657165
}