{
    "structural_factor": 2.7505763515321267,
    "functional_factor": 2.2721433363954424
}