{
    "structural_factor": 1.249794710915492,
    "functional_factor": 2.083559048170757
}