{
    "structural_factor": 1.0039449381424657,
    "functional_factor": 1.184888809344482
}