{
    "structural_factor": 1.6501329440834094,
    "functional_factor": 3.124582368774167
}