{
    "structural_factor": 1.7545686911439904,
    "functional_factor": 1.0033277300939136
}