{
    "structural_factor": 3.7538033384493046,
    "functional_factor": 2.2694509487857126
}