{
    "structural_factor": 1.5008781124676052,
    "functional_factor": 1.5614884174264314
}