{
    "structural_factor": 3.2517961200413636,
    "functional_factor": 1.7841685410938077
}