{
    "structural_factor": 2.252672764513513,
    "functional_factor": 1.5607626483795514
}