{
    "structural_factor": 1.57816220407592,
    "functional_factor": 1.0667044795130365
}