{
    "structural_factor": 3.7529376038088818,
    "functional_factor": 2.4971366173572775
}