{
    "structural_factor": 2.7511697035602385,
    "functional_factor": 3.121728404634296
}