{
    "structural_factor": 1.4500890900281973,
    "functional_factor": 2.0823174928243917
}