{
    "structural_factor": 1.8269230871553037,
    "functional_factor": 1.2158291619980586
}