{
    "structural_factor": 1.7500537310883606,
    "functional_factor": 2.7758439174436425
}