{
    "structural_factor": 1.5872853364156192,
    "functional_factor": 1.3434700870842546
}