{
    "structural_factor": 1.550053716565783,
    "functional_factor": 3.1242969196623336
}