{
    "structural_factor": 1.3551890839184393,
    "functional_factor": 1.0052555484336994
}