{
    "structural_factor": 3.7522317659490367,
    "functional_factor": 4.15967580768242
}