{
    "structural_factor": 1.0998076053812993,
    "functional_factor": 1.5624788115466173
}