{
    "structural_factor": 3.252850428169332,
    "functional_factor": 1.4690726669539926
}