{
    "structural_factor": 1.2498717478746584,
    "functional_factor": 2.7775606856418555
}