{
    "structural_factor": 2.0002083578559096,
    "functional_factor": 1.1361197888766317
}