{
    "structural_factor": 2.499608083670637,
    "functional_factor": 1.9224768064834135
}