{
    "structural_factor": 1.5998366563408375,
    "functional_factor": 1.78606083046976
}