{
    "structural_factor": 1.1497898174048071,
    "functional_factor": 0.9999947726761336
}