{
    "structural_factor": 2.0134855770137667,
    "functional_factor": 1.379047918143069
}