{
    "structural_factor": 1.2540048582432524,
    "functional_factor": 1.3837081756465615
}