{
    "structural_factor": 3.0028454026343736,
    "functional_factor": 2.774068469381329
}