{
    "structural_factor": 1.850081883649032,
    "functional_factor": 3.123496878306333
}