{
    "structural_factor": 1.2003215234749733,
    "functional_factor": 1.561606619841908
}