{
    "structural_factor": 3.4998110966490157,
    "functional_factor": 0.9999118049687027
}