{
    "structural_factor": 1.2037131876338893,
    "functional_factor": 1.2451017841094196
}