{
    "structural_factor": 1.2998992675622496,
    "functional_factor": 3.5757320964160897
}