{
    "structural_factor": 1.7499045427320592,
    "functional_factor": 3.124491199096718
}