{
    "structural_factor": 3.2522505753644877,
    "functional_factor": 1.1890030146470068
}