{
    "structural_factor": 1.700090595830851,
    "functional_factor": 2.272676080465798
}