{
    "structural_factor": 0.9997986495161826,
    "functional_factor": 2.7774072819385625
}