{
    "structural_factor": 3.001133338867038,
    "functional_factor": 1.1892454742773966
}