{
    "structural_factor": 1.6998283915908328,
    "functional_factor": 1.7852903659295178
}