{
    "structural_factor": 2.5009916760143396,
    "functional_factor": 3.1244714891436742
}