{
    "structural_factor": 1.2495004305650208,
    "functional_factor": 4.162925479443366
}