{
    "structural_factor": 1.9693336699844248,
    "functional_factor": 1.3062940848055544
}