{
    "structural_factor": 1.4474167790169534,
    "functional_factor": 1.0124442878664544
}