{
    "structural_factor": 3.2512618920207177,
    "functional_factor": 1.4699567382017085
}