{
    "structural_factor": 1.7689454529672628,
    "functional_factor": 1.2641350829593134
}