{
    "structural_factor": 0.9998256616920984,
    "functional_factor": 2.082516814201761
}