{
    "structural_factor": 1.7503438758369743,
    "functional_factor": 2.2712592902016486
}