{
    "structural_factor": 1.800029050130609,
    "functional_factor": 2.7782408005844186
}