{
    "structural_factor": 2.50113304756837,
    "functional_factor": 1.31489445535293
}