{
    "structural_factor": 1.0998086408487426,
    "functional_factor": 1.0000027742464765
}