{
    "structural_factor": 1.9708840777680952,
    "functional_factor": 1.3028889947986722
}