{
    "structural_factor": 1.0498026571628463,
    "functional_factor": 2.2733357739402718
}