{
    "structural_factor": 2.5006611562193988,
    "functional_factor": 1.6630728790233191
}