{
    "structural_factor": 1.4165512971833714,
    "functional_factor": 1.002027653084242
}