{
    "structural_factor": 1.7500381123555446,
    "functional_factor": 3.571011955603233
}