{
    "structural_factor": 2.5010427374947923,
    "functional_factor": 2.4978628844926463
}