{
    "structural_factor": 2.751758225950826,
    "functional_factor": 1.1890332518651452
}