{
    "structural_factor": 1.9945588981964368,
    "functional_factor": 1.001831805708594
}