{
    "structural_factor": 2.4998655532308827,
    "functional_factor": 4.16840764360313
}