{
    "structural_factor": 3.7521526779789496,
    "functional_factor": 1.662975804079327
}