{
    "structural_factor": 0.9994667503666896,
    "functional_factor": 1.7862706456510744
}