{
    "structural_factor": 2.2518040702079696,
    "functional_factor": 1.387534501659237
}