{
    "structural_factor": 2.750794038261133,
    "functional_factor": 1.7852302960854145
}