{
    "structural_factor": 1.9630374972348095,
    "functional_factor": 1.3437318205088151
}