{
    "structural_factor": 1.9003610157007802,
    "functional_factor": 1.6636708280578518
}