{
    "structural_factor": 1.5498836189047531,
    "functional_factor": 2.272420510535011
}