{
    "structural_factor": 1.300030141133453,
    "functional_factor": 1.562608183197448
}