{
    "structural_factor": 3.00207175023331,
    "functional_factor": 3.5695990903874284
}