{
    "structural_factor": 2.7504358063403433,
    "functional_factor": 1.5619738097590234
}