{
    "structural_factor": 1.049861446249316,
    "functional_factor": 3.1273144978266783
}