{
    "structural_factor": 1.4999129646002767,
    "functional_factor": 3.122785138872539
}