{
    "structural_factor": 1.2139588585657355,
    "functional_factor": 1.3003919124303918
}