{
    "structural_factor": 1.7001041122838294,
    "functional_factor": 3.5702873234352444
}