{
    "structural_factor": 1.3500623298658923,
    "functional_factor": 2.082217198742366
}