{
    "structural_factor": 3.7549505436322437,
    "functional_factor": 2.079822454821888
}