{
    "structural_factor": 0.9998843987249526,
    "functional_factor": 1.3159488911954407
}