{
    "structural_factor": 1.9501478154139287,
    "functional_factor": 2.7770858697369727
}