{
    "structural_factor": 1.5996280168071744,
    "functional_factor": 1.0000503156248222
}