{
    "structural_factor": 2.502607158718387,
    "functional_factor": 1.3144204044037133
}