{
    "structural_factor": 1.950253481497531,
    "functional_factor": 1.6637126864473888
}