{
    "structural_factor": 1.9496490787494403,
    "functional_factor": 4.163968204166316
}