{
    "structural_factor": 2.0002528721069512,
    "functional_factor": 2.272091889059254
}