{
    "structural_factor": 1.6588112009025613,
    "functional_factor": 1.33917377142486
}