{
    "structural_factor": 2.4996028812627262,
    "functional_factor": 1.0000080809483767
}