{
    "structural_factor": 1.2997928892255481,
    "functional_factor": 3.123243950626618
}