{
    "structural_factor": 1.2498506370938598,
    "functional_factor": 3.1259132870556554
}