{
    "structural_factor": 2.500488085285534,
    "functional_factor": 1.1361345179237907
}