{
    "structural_factor": 2.999665781082406,
    "functional_factor": 1.08649304288087
}