{
    "structural_factor": 2.30581925460649,
    "functional_factor": 1.002002953312584
}