{
    "structural_factor": 2.250432584459824,
    "functional_factor": 2.271404052934699
}