{
    "structural_factor": 3.251544500443597,
    "functional_factor": 2.0815819377067357
}