{
    "structural_factor": 1.9000146817290704,
    "functional_factor": 3.1243448123149484
}