{
    "structural_factor": 1.7995552972846385,
    "functional_factor": 1.9236607527358953
}