{
    "structural_factor": 1.9627389428706545,
    "functional_factor": 1.0001232240218598
}