{
    "structural_factor": 1.049476731884512,
    "functional_factor": 1.923330886011583
}