{
    "structural_factor": 3.502215903006626,
    "functional_factor": 1.5612479567048174
}