{
    "structural_factor": 1.3064201253117884,
    "functional_factor": 1.2589198739697052
}