{
    "structural_factor": 1.9129694639268262,
    "functional_factor": 1.1973565205676695
}