{
    "structural_factor": 4.005554175608328,
    "functional_factor": 1.5602074330715008
}