{
    "structural_factor": 1.399907200846147,
    "functional_factor": 3.123143242934864
}