{
    "structural_factor": 2.2521842926229576,
    "functional_factor": 1.3144982666953986
}