{
    "structural_factor": 1.5593001866621994,
    "functional_factor": 1.2656593086883756
}