{
    "structural_factor": 1.8497194102313383,
    "functional_factor": 4.165074284391144
}