{
    "structural_factor": 1.0996961931911304,
    "functional_factor": 2.2736411731579227
}