{
    "structural_factor": 1.149773805850948,
    "functional_factor": 2.0831983573712267
}