{
    "structural_factor": 1.9683374048902484,
    "functional_factor": 1.2697528704238454
}