{
    "structural_factor": 3.0001478655046747,
    "functional_factor": 1.9224422371009213
}