{
    "structural_factor": 1.4519813993037902,
    "functional_factor": 1.5601590420445892
}