{
    "structural_factor": 1.8717301971838893,
    "functional_factor": 1.3746691158339777
}