{
    "structural_factor": 2.501830544562189,
    "functional_factor": 1.3878962917998485
}