{
    "structural_factor": 1.708032929849049,
    "functional_factor": 1.218651542808172
}