{
    "structural_factor": 3.0024898031079568,
    "functional_factor": 2.0804051966352417
}