{
    "structural_factor": 1.7401002851482883,
    "functional_factor": 1.2095398809833828
}