{
    "structural_factor": 1.4497268357208226,
    "functional_factor": 1.0000331358572718
}