{
    "structural_factor": 2.5008982278573706,
    "functional_factor": 1.3150640305165338
}