{
    "structural_factor": 1.8994661368770493,
    "functional_factor": 1.9229986171324285
}