{
    "structural_factor": 2.5010208002353185,
    "functional_factor": 2.4984571917454903
}