{
    "structural_factor": 2.2501477176638924,
    "functional_factor": 1.663213343483323
}