{
    "structural_factor": 1.850214180235508,
    "functional_factor": 2.2719882146211017
}