{
    "structural_factor": 1.9500177497282993,
    "functional_factor": 3.1250683146191474
}