{
    "structural_factor": 2.000373288540952,
    "functional_factor": 3.1249864610833864
}