{
    "structural_factor": 1.1498318662844065,
    "functional_factor": 2.7777208285318142
}