{
    "structural_factor": 1.4494935207368689,
    "functional_factor": 4.166164733823323
}