{
    "structural_factor": 2.0278039332929993,
    "functional_factor": 1.2667220981989535
}