{
    "structural_factor": 0.9998022718295569,
    "functional_factor": 1.3881371145740322
}