{
    "structural_factor": 1.9495254865229383,
    "functional_factor": 1.000045183762327
}