{
    "structural_factor": 1.350180115778277,
    "functional_factor": 1.6637418562978503
}