{
    "structural_factor": 1.7492286644930837,
    "functional_factor": 1.2301512352787953
}