{
    "structural_factor": 1.1515787608475245,
    "functional_factor": 1.3139260087139093
}