{
    "structural_factor": 2.7512121095823496,
    "functional_factor": 3.125221479685481
}