{
    "structural_factor": 1.985757678619955,
    "functional_factor": 1.0379522481828825
}