{
    "structural_factor": 1.8148247411767542,
    "functional_factor": 1.0011025308809247
}