{
    "structural_factor": 1.5499850540020002,
    "functional_factor": 3.1257062281031986
}