{
    "structural_factor": 1.3077559083290151,
    "functional_factor": 1.1936036778076615
}