{
    "structural_factor": 3.0005542262618814,
    "functional_factor": 1.6633623800218869
}