{
    "structural_factor": 1.399934643558256,
    "functional_factor": 2.7779334536079068
}