{
    "structural_factor": 1.2001999478976006,
    "functional_factor": 1.4701512527023912
}