{
    "structural_factor": 1.1997983604334488,
    "functional_factor": 2.2737435303823292
}