{
    "structural_factor": 1.6497184632223316,
    "functional_factor": 4.1618675816660575
}