{
    "structural_factor": 1.808724135550094,
    "functional_factor": 1.5544078750951278
}