{
    "structural_factor": 3.0008918057783402,
    "functional_factor": 1.5620035672768644
}