{
    "structural_factor": 1.4141641297692256,
    "functional_factor": 1.2365336394336928
}