{
    "structural_factor": 0.999537603854881,
    "functional_factor": 4.167109508087754
}