{
    "structural_factor": 3.001456540868442,
    "functional_factor": 1.7844736762168343
}