{
    "structural_factor": 3.753664220463084,
    "functional_factor": 1.1884955583253263
}