{
    "structural_factor": 1.4998792862935146,
    "functional_factor": 2.2734670678892104
}