{
    "structural_factor": 1.0501609856987486,
    "functional_factor": 1.3150903879807272
}