{
    "structural_factor": 1.8001504113312283,
    "functional_factor": 2.0834719981761562
}