{
    "structural_factor": 3.2518127221175517,
    "functional_factor": 1.1356080198113427
}