{
    "structural_factor": 1.5998412257641939,
    "functional_factor": 1.7849687961521272
}