{
    "structural_factor": 1.8488699661631,
    "functional_factor": 1.086930478593582
}