{
    "structural_factor": 2.2063349923001603,
    "functional_factor": 1.2658088173293063
}