{
    "structural_factor": 3.0013748825937445,
    "functional_factor": 1.4693474380770315
}