{
    "structural_factor": 3.251722260268724,
    "functional_factor": 3.5687486354189124
}