{
    "structural_factor": 3.7532202455008363,
    "functional_factor": 3.563779226718959
}