{
    "structural_factor": 1.8996569465862572,
    "functional_factor": 4.162976331388893
}