{
    "structural_factor": 3.2520832591153988,
    "functional_factor": 1.921250290761716
}