{
    "structural_factor": 1.08411499026826,
    "functional_factor": 1.1521228699918242
}