{
    "structural_factor": 1.7000566953446945,
    "functional_factor": 1.7856450311661853
}