{
    "structural_factor": 1.99953312347565,
    "functional_factor": 1.9230425322340947
}