{
    "structural_factor": 1.449808427377962,
    "functional_factor": 1.7860545662556304
}