{
    "structural_factor": 1.149862062961203,
    "functional_factor": 3.5752216182427152
}