{
    "structural_factor": 3.5018887580029445,
    "functional_factor": 1.6626000785490753
}