{
    "structural_factor": 2.2502328549166264,
    "functional_factor": 1.7859060314666992
}