{
    "structural_factor": 1.14985241432563,
    "functional_factor": 2.4988560365779495
}