{
    "structural_factor": 1.8676715726287088,
    "functional_factor": 1.0949756543322142
}