{
    "structural_factor": 2.5002610069730977,
    "functional_factor": 1.1360837770749426
}