{
    "structural_factor": 3.2518234821639673,
    "functional_factor": 1.9209726955738744
}