{
    "structural_factor": 1.7995238701552487,
    "functional_factor": 1.9229599853925692
}