{
    "structural_factor": 4.00243127561331,
    "functional_factor": 1.3876677794476857
}