{
    "structural_factor": 2.2981352296313466,
    "functional_factor": 1.3260523726173379
}