{
    "structural_factor": 1.1997599766109226,
    "functional_factor": 1.0000060252283232
}