{
    "structural_factor": 2.0407345896787437,
    "functional_factor": 1.4048574193504495
}