{
    "structural_factor": 1.6995957906070747,
    "functional_factor": 4.1631653821636
}