{
    "structural_factor": 1.5420059699180406,
    "functional_factor": 1.27968360261494
}