{
    "structural_factor": 1.1497009723166656,
    "functional_factor": 2.083217158993796
}