{
    "structural_factor": 3.753177607370644,
    "functional_factor": 1.9214951783640934
}