{
    "structural_factor": 2.7508656324397482,
    "functional_factor": 1.6632124676911717
}