{
    "structural_factor": 1.7575897174940167,
    "functional_factor": 1.001532771519605
}