{
    "structural_factor": 2.7510435808612206,
    "functional_factor": 1.5618297053355008
}