{
    "structural_factor": 1.09979450603183,
    "functional_factor": 2.0835349081773513
}