{
    "structural_factor": 2.000233515197195,
    "functional_factor": 3.12378837900429
}