{
    "structural_factor": 1.3807095018701048,
    "functional_factor": 1.3575071054712082
}