{
    "structural_factor": 1.3994987842829167,
    "functional_factor": 1.9227565767188757
}