{
    "structural_factor": 1.9514458310720801,
    "functional_factor": 1.1354942658489464
}