{
    "structural_factor": 0.9996269943152853,
    "functional_factor": 1.5628425076719343
}