{
    "structural_factor": 1.6500367100095454,
    "functional_factor": 2.2720589984663877
}