{
    "structural_factor": 1.7499531042617358,
    "functional_factor": 3.125483721427626
}