{
    "structural_factor": 2.7512138520113814,
    "functional_factor": 3.1227802308723764
}