{
    "structural_factor": 1.5999249315963153,
    "functional_factor": 2.5016999073965067
}