{
    "structural_factor": 1.0498653780133813,
    "functional_factor": 1.4703957791137412
}