{
    "structural_factor": 1.2541869318313663,
    "functional_factor": 1.3833924830221436
}