{
    "structural_factor": 1.6260262474841938,
    "functional_factor": 1.1731410618292297
}