{
    "structural_factor": 1.4999465245951535,
    "functional_factor": 1.7854927307751025
}