{
    "structural_factor": 1.4994498128349556,
    "functional_factor": 1.924254243103455
}