{
    "structural_factor": 2.08123092180378,
    "functional_factor": 1.3773459240241377
}