{
    "structural_factor": 1.750181463402549,
    "functional_factor": 3.568311044046802
}