{
    "structural_factor": 1.7499543822055488,
    "functional_factor": 1.7857977419046682
}