{
    "structural_factor": 1.9501068420624468,
    "functional_factor": 1.7851596367654916
}