{
    "structural_factor": 1.550019624099207,
    "functional_factor": 2.0835077457069593
}