{
    "structural_factor": 1.8017723300399138,
    "functional_factor": 1.561142428031545
}