{
    "structural_factor": 1.149639752776256,
    "functional_factor": 2.273288820940988
}