{
    "structural_factor": 2.0032481768856076,
    "functional_factor": 1.1344215446556754
}