{
    "structural_factor": 3.0010474083110013,
    "functional_factor": 1.1892863508535527
}