{
    "structural_factor": 1.876986774802041,
    "functional_factor": 1.1197742732603488
}