{
    "structural_factor": 2.50067496179552,
    "functional_factor": 2.2718096946962505
}