{
    "structural_factor": 1.1014207399961387,
    "functional_factor": 1.2472603615713898
}