{
    "structural_factor": 1.25532119633,
    "functional_factor": 1.3101250430074154
}