{
    "structural_factor": 1.1526308317324423,
    "functional_factor": 1.3124167965721696
}