{
    "structural_factor": 1.050145297171559,
    "functional_factor": 1.3879041556094391
}