{
    "structural_factor": 1.399859224108673,
    "functional_factor": 2.501069419570869
}