{
    "structural_factor": 2.503350182372463,
    "functional_factor": 1.3864822212967307
}