{
    "structural_factor": 4.003245686853948,
    "functional_factor": 4.157179923068211
}