{
    "structural_factor": 1.152789585940101,
    "functional_factor": 1.2460589057143796
}