{
    "structural_factor": 2.500532843220798,
    "functional_factor": 1.4701740783684594
}