{
    "structural_factor": 3.2529919399071905,
    "functional_factor": 2.7752649684542474
}