{
    "structural_factor": 1.7507042798581065,
    "functional_factor": 1.6635102734785758
}