{
    "structural_factor": 2.183918670582668,
    "functional_factor": 1.0078494285347632
}