{
    "structural_factor": 1.417649166971248,
    "functional_factor": 1.001215726993938
}