{
    "structural_factor": 1.6500907873541835,
    "functional_factor": 2.272707107835509
}