{
    "structural_factor": 1.4495046823523061,
    "functional_factor": 4.169589401335844
}