{
    "structural_factor": 1.3156675694562512,
    "functional_factor": 1.234105233062276
}