{
    "structural_factor": 1.3498725736845374,
    "functional_factor": 2.5000218672965353
}