{
    "structural_factor": 2.500622538999409,
    "functional_factor": 1.6633357322749658
}