{
    "structural_factor": 3.753467600706164,
    "functional_factor": 1.1351264063809607
}