{
    "structural_factor": 1.4000908076011873,
    "functional_factor": 2.0828777285036133
}