{
    "structural_factor": 2.249203183745533,
    "functional_factor": 1.086720859392275
}