{
    "structural_factor": 2.7515769805103756,
    "functional_factor": 1.4692518080955186
}