{
    "structural_factor": 2.7504598889407728,
    "functional_factor": 1.2488987690571487
}