{
    "structural_factor": 3.251968761594327,
    "functional_factor": 1.3145917036119896
}