{
    "structural_factor": 1.9497038750487472,
    "functional_factor": 4.164248696841104
}