{
    "structural_factor": 1.2494302919709002,
    "functional_factor": 1.9236079400908082
}