{
    "structural_factor": 2.1672735683581243,
    "functional_factor": 1.0950680339482
}