{
    "structural_factor": 1.300068473941016,
    "functional_factor": 1.6634823259192533
}