{
    "structural_factor": 1.1999739500685218,
    "functional_factor": 1.6637055879865477
}