{
    "structural_factor": 2.5021941888254835,
    "functional_factor": 1.2480228129787
}