{
    "structural_factor": 1.2499097261813648,
    "functional_factor": 2.777384838538265
}