{
    "structural_factor": 3.750074271092364,
    "functional_factor": 0.9998404177500303
}