{
    "structural_factor": 4.0043587537297265,
    "functional_factor": 1.7835276111483374
}