{
    "structural_factor": 1.3012330601257587,
    "functional_factor": 1.4688980301577979
}