{
    "structural_factor": 3.503898916412512,
    "functional_factor": 1.9194539755514697
}