{
    "structural_factor": 1.349827905940183,
    "functional_factor": 1.7855816147220545
}