{
    "structural_factor": 1.5000066377694146,
    "functional_factor": 2.082570183927247
}