{
    "structural_factor": 4.006487102186639,
    "functional_factor": 1.246894467128239
}