{
    "structural_factor": 1.8429349893538687,
    "functional_factor": 1.0005180434988659
}