{
    "structural_factor": 1.7862526680412172,
    "functional_factor": 1.2519315154249382
}