{
    "structural_factor": 1.9002623065208955,
    "functional_factor": 3.571085913054811
}