{
    "structural_factor": 1.4744401107376257,
    "functional_factor": 1.0012763506738902
}