{
    "structural_factor": 4.006154670580558,
    "functional_factor": 2.2694479972805097
}