{
    "structural_factor": 1.8486750994048973,
    "functional_factor": 1.0870125086929454
}