{
    "structural_factor": 0.9995939162908355,
    "functional_factor": 4.165258906577071
}