{
    "structural_factor": 1.2999358961414242,
    "functional_factor": 3.5717845605814835
}