{
    "structural_factor": 3.502333130574711,
    "functional_factor": 3.569969485693566
}