{
    "structural_factor": 1.2754242294667675,
    "functional_factor": 1.0685272023963435
}