{
    "structural_factor": 2.7495748694843645,
    "functional_factor": 1.9228093259121306
}