{
    "structural_factor": 1.2498319914674632,
    "functional_factor": 2.7772750347326483
}