{
    "structural_factor": 2.5001279325320835,
    "functional_factor": 1.1361909617715265
}