{
    "structural_factor": 2.118252892719478,
    "functional_factor": 1.3534500327123538
}