{
    "structural_factor": 2.7508001308643406,
    "functional_factor": 1.1896051803626422
}