{
    "structural_factor": 3.502280074690136,
    "functional_factor": 1.3145371097614524
}