{
    "structural_factor": 1.3999539513397834,
    "functional_factor": 2.2732171957085185
}