{
    "structural_factor": 3.001216378120453,
    "functional_factor": 1.3878248387811156
}