{
    "structural_factor": 1.1868721888265625,
    "functional_factor": 1.0525184833624739
}