{
    "structural_factor": 1.9994538196567144,
    "functional_factor": 1.9224989423413497
}