{
    "structural_factor": 1.249891734305531,
    "functional_factor": 2.273058569619907
}