{
    "structural_factor": 1.953233845533631,
    "functional_factor": 1.1340587954423798
}