{
    "structural_factor": 1.1998585288045662,
    "functional_factor": 3.572233069315981
}