{
    "structural_factor": 3.7549679226201698,
    "functional_factor": 2.496471347035779
}