{
    "structural_factor": 1.0501505200727428,
    "functional_factor": 1.3154715957923746
}