{
    "structural_factor": 1.1497905942722353,
    "functional_factor": 1.0000097531904273
}