{
    "structural_factor": 1.5000375944894944,
    "functional_factor": 3.1249502217504417
}