{
    "structural_factor": 1.8750927668601294,
    "functional_factor": 1.2274454399352261
}