{
    "structural_factor": 1.267270113822698,
    "functional_factor": 1.2317922788763
}