{
    "structural_factor": 3.251687323704934,
    "functional_factor": 2.0826733509523088
}