{
    "structural_factor": 2.034977947304625,
    "functional_factor": 1.1936421622580753
}