{
    "structural_factor": 1.8502455456954328,
    "functional_factor": 3.572592346175313
}