{
    "structural_factor": 3.251629507970671,
    "functional_factor": 1.1892770533863042
}