{
    "structural_factor": 1.224998720512216,
    "functional_factor": 1.0196020869993734
}