{
    "structural_factor": 1.7486945529945346,
    "functional_factor": 1.0870047437521573
}