{
    "structural_factor": 1.41148198385045,
    "functional_factor": 1.4584888473975077
}