{
    "structural_factor": 0.9996087427085671,
    "functional_factor": 1.7863008154591946
}