{
    "structural_factor": 2.4989586004509166,
    "functional_factor": 0.9994990291418423
}