{
    "structural_factor": 1.349418105873956,
    "functional_factor": 1.922592042893462
}