{
    "structural_factor": 1.7026580854097155,
    "functional_factor": 1.1369663243424397
}