{
    "structural_factor": 1.2502732536956656,
    "functional_factor": 1.5617887186350037
}