{
    "structural_factor": 4.003236531624236,
    "functional_factor": 1.469355174860296
}