{
    "structural_factor": 1.4741139735079773,
    "functional_factor": 1.3183074983931566
}