{
    "structural_factor": 2.249607702592979,
    "functional_factor": 1.086534902588734
}