{
    "structural_factor": 1.5497107853263088,
    "functional_factor": 0.9999995734327054
}