{
    "structural_factor": 1.1493781388712172,
    "functional_factor": 1.9239440198464102
}