{
    "structural_factor": 2.500105658362213,
    "functional_factor": 1.136210379590609
}