{
    "structural_factor": 1.1494539524210678,
    "functional_factor": 1.922955799720673
}