{
    "structural_factor": 3.7507514523225614,
    "functional_factor": 4.159571954088204
}