{
    "structural_factor": 1.299127929738819,
    "functional_factor": 1.0526458363504383
}