{
    "structural_factor": 4.001939445781788,
    "functional_factor": 1.3881146791405958
}