{
    "structural_factor": 1.0499610051134531,
    "functional_factor": 1.3155301975390923
}