{
    "structural_factor": 1.3529433607802783,
    "functional_factor": 1.4669453630163711
}