{
    "structural_factor": 1.79991597333668,
    "functional_factor": 2.2721573994422766
}