{
    "structural_factor": 1.8131607706562685,
    "functional_factor": 1.002467016644468
}