{
    "structural_factor": 1.028767281266901,
    "functional_factor": 1.103841967460276
}