{
    "structural_factor": 1.5024738072513184,
    "functional_factor": 1.559986605719035
}