{
    "structural_factor": 1.3000196693554973,
    "functional_factor": 1.6643398766545292
}