{
    "structural_factor": 1.4499831588635035,
    "functional_factor": 2.778801194711823
}