{
    "structural_factor": 1.5498638428884606,
    "functional_factor": 2.7775892116945715
}