{
    "structural_factor": 1.850025545633547,
    "functional_factor": 2.2722885482012973
}