{
    "structural_factor": 2.1301027974282642,
    "functional_factor": 1.2465716407051612
}