{
    "structural_factor": 1.4995347572833666,
    "functional_factor": 4.164359847611866
}