{
    "structural_factor": 1.799282658102283,
    "functional_factor": 4.165168045483417
}