{
    "structural_factor": 2.7509868813831457,
    "functional_factor": 1.7851134688161012
}