{
    "structural_factor": 2.500972984671108,
    "functional_factor": 2.0824446379569177
}