{
    "structural_factor": 1.5500383920581886,
    "functional_factor": 3.1253403661554335
}