{
    "structural_factor": 1.4588966294352832,
    "functional_factor": 1.3077476883824208
}