{
    "structural_factor": 1.292535937198724,
    "functional_factor": 1.0542900499006131
}