{
    "structural_factor": 2.0002000882948687,
    "functional_factor": 2.7755552294745724
}