{
    "structural_factor": 4.003367978013482,
    "functional_factor": 1.4697370225354955
}