{
    "structural_factor": 1.3007016813289227,
    "functional_factor": 1.561369545452293
}