{
    "structural_factor": 1.7994520068367885,
    "functional_factor": 4.162371127545492
}