{
    "structural_factor": 0.9998918529103117,
    "functional_factor": 2.775947094508627
}