{
    "structural_factor": 1.7001529764470826,
    "functional_factor": 3.1252705702110557
}