{
    "structural_factor": 2.251659689508594,
    "functional_factor": 1.5613570669258783
}