{
    "structural_factor": 1.4497295249865785,
    "functional_factor": 1.000036922586812
}