{
    "structural_factor": 0.999628888509207,
    "functional_factor": 1.3883780889283082
}