{
    "structural_factor": 1.7226484329073581,
    "functional_factor": 1.2087529198352192
}