{
    "structural_factor": 1.3499323453872534,
    "functional_factor": 2.777887479790507
}