{
    "structural_factor": 1.3498368645466075,
    "functional_factor": 2.4995083848490873
}