{
    "structural_factor": 2.0054425332441768,
    "functional_factor": 1.3120427154413516
}