{
    "structural_factor": 1.900158836963149,
    "functional_factor": 2.500048397566312
}