{
    "structural_factor": 2.499160646127617,
    "functional_factor": 4.168391943247931
}