{
    "structural_factor": 1.9844028151742579,
    "functional_factor": 1.0699785191418458
}