{
    "structural_factor": 3.5036907778714137,
    "functional_factor": 2.496652040047219
}