{
    "structural_factor": 1.3273564940601312,
    "functional_factor": 1.0223011610453678
}