{
    "structural_factor": 1.2029884352251545,
    "functional_factor": 1.312450715484109
}