{
    "structural_factor": 1.1019032189586033,
    "functional_factor": 1.2468969398329566
}