{
    "structural_factor": 1.5525591832544148,
    "functional_factor": 1.559602476718474
}