{
    "structural_factor": 1.149910873699636,
    "functional_factor": 1.5621521985133349
}