{
    "structural_factor": 1.9001624126015204,
    "functional_factor": 2.502190714649799
}