{
    "structural_factor": 2.7503174705500024,
    "functional_factor": 4.15757487167533
}