{
    "structural_factor": 1.2915175784558353,
    "functional_factor": 1.1051679028437558
}