{
    "structural_factor": 3.7535759581617647,
    "functional_factor": 2.0814353421566802
}