{
    "structural_factor": 1.15218506100002,
    "functional_factor": 1.2465487286686212
}