{
    "structural_factor": 1.4674235175604404,
    "functional_factor": 1.323936185309693
}