{
    "structural_factor": 1.8501161226821627,
    "functional_factor": 2.2722990641731804
}