{
    "structural_factor": 1.0495728063360263,
    "functional_factor": 4.169574714856634
}