{
    "structural_factor": 1.8993995772660077,
    "functional_factor": 1.9238053462065217
}