{
    "structural_factor": 1.7996341125639577,
    "functional_factor": 4.162246531620697
}