{
    "structural_factor": 1.0057429332151295,
    "functional_factor": 1.129206845638651
}