{
    "structural_factor": 1.2785090437267348,
    "functional_factor": 1.0213289833971047
}