{
    "structural_factor": 3.503210078600277,
    "functional_factor": 1.9208895633965009
}