{
    "structural_factor": 2.2509841913863786,
    "functional_factor": 2.0823286815174127
}