{
    "structural_factor": 1.3499181739465709,
    "functional_factor": 2.2726291602515145
}