{
    "structural_factor": 2.251171229374647,
    "functional_factor": 1.3879033712212716
}