{
    "structural_factor": 1.7499781993326342,
    "functional_factor": 1.786059288375164
}