{
    "structural_factor": 2.500361618986656,
    "functional_factor": 1.663369960493929
}