{
    "structural_factor": 1.8199194625195494,
    "functional_factor": 1.2588420092380197
}