{
    "structural_factor": 2.500773608762856,
    "functional_factor": 1.3151967727949643
}