{
    "structural_factor": 2.7505692977841063,
    "functional_factor": 1.4700702944592612
}