{
    "structural_factor": 1.707817433127435,
    "functional_factor": 1.5549866243388577
}