{
    "structural_factor": 1.5001104362829454,
    "functional_factor": 2.082748207739788
}