{
    "structural_factor": 3.50242649292978,
    "functional_factor": 1.7837750774814776
}