{
    "structural_factor": 3.7531855615516236,
    "functional_factor": 1.1352489260786198
}