{
    "structural_factor": 2.0396416332658203,
    "functional_factor": 1.3612731996527023
}