{
    "structural_factor": 1.8000388444755977,
    "functional_factor": 3.1248856490159618
}