{
    "structural_factor": 1.5000549497080686,
    "functional_factor": 2.082699055576647
}