{
    "structural_factor": 1.8428465457413075,
    "functional_factor": 1.0004531719875152
}