{
    "structural_factor": 4.0038241914565855,
    "functional_factor": 1.4691483957564133
}