{
    "structural_factor": 1.5767191840518213,
    "functional_factor": 1.4455856979238895
}