{
    "structural_factor": 1.2998453725109615,
    "functional_factor": 3.5727865232883347
}