{
    "structural_factor": 1.8991268460595128,
    "functional_factor": 1.0868240241502307
}