{
    "structural_factor": 1.4995286269318875,
    "functional_factor": 1.922268086854821
}