{
    "structural_factor": 3.752993964096038,
    "functional_factor": 1.7838396611065626
}