{
    "structural_factor": 2.5624885287445576,
    "functional_factor": 1.1582707251849986
}