{
    "structural_factor": 2.7507386771951317,
    "functional_factor": 1.78495952009054
}