{
    "structural_factor": 1.8503455876287391,
    "functional_factor": 3.121723880237078
}