{
    "structural_factor": 1.0949826548021058,
    "functional_factor": 1.140698493197928
}