{
    "structural_factor": 2.502911154420751,
    "functional_factor": 1.2475939355453634
}