{
    "structural_factor": 3.2494767468313146,
    "functional_factor": 0.9999836824696299
}