{
    "structural_factor": 3.503603280509495,
    "functional_factor": 2.270072934096385
}