{
    "structural_factor": 1.249650843083986,
    "functional_factor": 1.0000714898148804
}