{
    "structural_factor": 2.035129402361956,
    "functional_factor": 1.1918319662484453
}