{
    "structural_factor": 3.2496526520700773,
    "functional_factor": 0.9999678192732507
}