{
    "structural_factor": 1.8001313602276725,
    "functional_factor": 2.2718923724436006
}