{
    "structural_factor": 2.499985123045069,
    "functional_factor": 1.9218434662382229
}