{
    "structural_factor": 2.750131601790868,
    "functional_factor": 1.9221332722158346
}