{
    "structural_factor": 3.5021407838506424,
    "functional_factor": 1.784433022460323
}