{
    "structural_factor": 2.252629165423013,
    "functional_factor": 1.3868860505956229
}