{
    "structural_factor": 1.4786076567036675,
    "functional_factor": 1.4424604792649056
}