{
    "structural_factor": 1.7004813832132795,
    "functional_factor": 1.6639499772226471
}