{
    "structural_factor": 3.2516871555444573,
    "functional_factor": 1.2482715200021897
}