{
    "structural_factor": 3.501426814656755,
    "functional_factor": 1.9221176731809453
}