{
    "structural_factor": 1.1498399758529076,
    "functional_factor": 1.663965684334978
}