{
    "structural_factor": 1.2499140575792562,
    "functional_factor": 3.572555403823595
}