{
    "structural_factor": 1.4999808333866194,
    "functional_factor": 2.777568740396372
}