{
    "structural_factor": 2.3365221500681375,
    "functional_factor": 1.0185273040777447
}