{
    "structural_factor": 2.00012351389262,
    "functional_factor": 1.6633269007327058
}