{
    "structural_factor": 2.750667154858479,
    "functional_factor": 1.7847674245904435
}