{
    "structural_factor": 1.849980953151836,
    "functional_factor": 1.7851505570485438
}