{
    "structural_factor": 1.2938752928765473,
    "functional_factor": 1.0065742120386776
}