{
    "structural_factor": 3.002889908533853,
    "functional_factor": 1.3143622676664037
}