{
    "structural_factor": 3.754629246291487,
    "functional_factor": 2.2696185393182358
}