{
    "structural_factor": 3.000754648931281,
    "functional_factor": 1.1892948996339452
}