{
    "structural_factor": 3.252162474953672,
    "functional_factor": 2.081516448953053
}