{
    "structural_factor": 1.6500750941819977,
    "functional_factor": 2.7781702233392225
}