{
    "structural_factor": 1.391296616314153,
    "functional_factor": 1.068727457359344
}