{
    "structural_factor": 1.8997297194320473,
    "functional_factor": 1.7858301758036932
}