{
    "structural_factor": 1.8490387981347518,
    "functional_factor": 1.086762228250983
}