{
    "structural_factor": 1.6494622745337804,
    "functional_factor": 1.9233255531528004
}