{
    "structural_factor": 3.252099483760309,
    "functional_factor": 1.387899169672934
}