{
    "structural_factor": 1.9998005859943178,
    "functional_factor": 1.784917809636052
}