{
    "structural_factor": 3.5009866891578794,
    "functional_factor": 1.0861002415908299
}