{
    "structural_factor": 4.004308346611408,
    "functional_factor": 2.270807306850864
}