{
    "structural_factor": 1.5999184634947206,
    "functional_factor": 1.7847966293586564
}