{
    "structural_factor": 1.153228277468976,
    "functional_factor": 1.3117238404754008
}