{
    "structural_factor": 2.74949558506903,
    "functional_factor": 1.0865765045136402
}