{
    "structural_factor": 1.5494084096368055,
    "functional_factor": 4.165109616878027
}