{
    "structural_factor": 1.1999012106196283,
    "functional_factor": 2.778776629887473
}