{
    "structural_factor": 3.0017532112123084,
    "functional_factor": 3.121517575479589
}