{
    "structural_factor": 1.3518789167156613,
    "functional_factor": 1.4680578071989578
}