{
    "structural_factor": 1.3530215821515479,
    "functional_factor": 1.4670979845023235
}