{
    "structural_factor": 1.0999032237339423,
    "functional_factor": 2.5009862565888854
}