{
    "structural_factor": 1.9503248659509753,
    "functional_factor": 3.572200962615654
}