{
    "structural_factor": 1.1995036573757354,
    "functional_factor": 1.9232070195629658
}