{
    "structural_factor": 0.9994459390486806,
    "functional_factor": 4.164153572937044
}