{
    "structural_factor": 2.4317413643047385,
    "functional_factor": 1.001739575779158
}