{
    "structural_factor": 1.6498980660249285,
    "functional_factor": 1.7852558015440347
}