{
    "structural_factor": 2.9996165923196227,
    "functional_factor": 0.9999914169927031
}