{
    "structural_factor": 1.2499304660624968,
    "functional_factor": 2.083140020176423
}