{
    "structural_factor": 1.15055377813072,
    "functional_factor": 1.469741489644567
}