{
    "structural_factor": 1.4001368436615813,
    "functional_factor": 2.083501740343398
}