{
    "structural_factor": 1.099847664174486,
    "functional_factor": 1.470519153822518
}