{
    "structural_factor": 2.7513128542364047,
    "functional_factor": 1.3879860460432094
}