{
    "structural_factor": 2.7504012885548277,
    "functional_factor": 1.7852822307821499
}