{
    "structural_factor": 1.1507694922291862,
    "functional_factor": 1.3869848293222473
}