{
    "structural_factor": 2.7511405235782713,
    "functional_factor": 3.5706374266490277
}