{
    "structural_factor": 1.099830262911358,
    "functional_factor": 2.5000340739491995
}