{
    "structural_factor": 1.4494980064990493,
    "functional_factor": 1.9231384108324665
}