{
    "structural_factor": 2.2502825799792934,
    "functional_factor": 2.775649871798598
}