{
    "structural_factor": 1.249749982899675,
    "functional_factor": 1.0000234121075087
}