{
    "structural_factor": 3.503648905720897,
    "functional_factor": 1.5609240109534286
}