{
    "structural_factor": 1.306160609932261,
    "functional_factor": 1.3815336456076457
}