{
    "structural_factor": 2.5011905218174575,
    "functional_factor": 3.12388732954975
}