{
    "structural_factor": 1.0498621204413288,
    "functional_factor": 2.777198218346166
}