{
    "structural_factor": 1.4496628666535214,
    "functional_factor": 1.000024511702092
}