{
    "structural_factor": 2.7498871303254195,
    "functional_factor": 1.9220573395023315
}