{
    "structural_factor": 1.9147998480919686,
    "functional_factor": 1.3055417095931796
}