{
    "structural_factor": 1.0498274470125777,
    "functional_factor": 1.3881631547559143
}