{
    "structural_factor": 3.251145607776945,
    "functional_factor": 1.4696454385625515
}