{
    "structural_factor": 1.2502051163607462,
    "functional_factor": 1.6638390256371822
}