{
    "structural_factor": 1.8001953503743202,
    "functional_factor": 3.5700443526510437
}