{
    "structural_factor": 1.2614994846393566,
    "functional_factor": 1.3754445903919932
}