{
    "structural_factor": 1.3540318251188779,
    "functional_factor": 1.4657896384872378
}