{
    "structural_factor": 1.101907381432032,
    "functional_factor": 1.0820266977489899
}