{
    "structural_factor": 1.7495172429656527,
    "functional_factor": 4.165165594784932
}