{
    "structural_factor": 1.2023477728193805,
    "functional_factor": 1.2465085093909836
}