{
    "structural_factor": 0.9998477532507782,
    "functional_factor": 0.999983338514375
}