{
    "structural_factor": 1.8400204597545344,
    "functional_factor": 1.2868725951508115
}