{
    "structural_factor": 1.8001527904837085,
    "functional_factor": 2.0822806239395506
}