{
    "structural_factor": 2.0892963028771576,
    "functional_factor": 1.4076255586885011
}