{
    "structural_factor": 2.7506828654157256,
    "functional_factor": 1.4700487233064041
}