{
    "structural_factor": 1.099891035951193,
    "functional_factor": 3.569092519487095
}