{
    "structural_factor": 2.1829514217508392,
    "functional_factor": 1.0010336171045986
}