{
    "structural_factor": 1.4088631579645967,
    "functional_factor": 1.0014945184288124
}