{
    "structural_factor": 1.2028985537955528,
    "functional_factor": 1.3845863032526093
}