{
    "structural_factor": 1.9502737028410513,
    "functional_factor": 2.5000560142900596
}