{
    "structural_factor": 3.5031236002248676,
    "functional_factor": 1.1888806850262037
}