{
    "structural_factor": 1.5514520264723846,
    "functional_factor": 1.2719018083087095
}