{
    "structural_factor": 1.021027710797102,
    "functional_factor": 1.1122411239916121
}