{
    "structural_factor": 2.000274277563362,
    "functional_factor": 3.123369909785375
}