{
    "structural_factor": 1.7002133690877625,
    "functional_factor": 2.4988962645035357
}