{
    "structural_factor": 1.70000984486356,
    "functional_factor": 3.5736276342733952
}