{
    "structural_factor": 1.3500091888315364,
    "functional_factor": 1.6638890155510044
}