{
    "structural_factor": 1.949908812109877,
    "functional_factor": 2.2723235104776704
}