{
    "structural_factor": 1.6499657429076504,
    "functional_factor": 2.777092666926262
}