{
    "structural_factor": 1.9995947163687058,
    "functional_factor": 1.000039587542563
}