{
    "structural_factor": 2.0004017367076012,
    "functional_factor": 2.7779824407794798
}