{
    "structural_factor": 1.9495275031127692,
    "functional_factor": 1.9230084001005339
}