{
    "structural_factor": 1.6000475213419167,
    "functional_factor": 2.2714311251972146
}