{
    "structural_factor": 3.500416780675244,
    "functional_factor": 1.0863239314137654
}