{
    "structural_factor": 1.09973771560161,
    "functional_factor": 1.0000318922547187
}