{
    "structural_factor": 1.3477922111702902,
    "functional_factor": 1.0064089554190616
}