{
    "structural_factor": 1.4140488806074742,
    "functional_factor": 1.0036664658609986
}