{
    "structural_factor": 1.792843190120858,
    "functional_factor": 1.0138238363789334
}