{
    "structural_factor": 2.9992916815330246,
    "functional_factor": 1.0866111226595214
}