{
    "structural_factor": 1.499959891705576,
    "functional_factor": 2.2713473852037964
}