{
    "structural_factor": 2.5012498827151477,
    "functional_factor": 1.561117205054523
}