{
    "structural_factor": 2.2534238287415826,
    "functional_factor": 1.4674834647153001
}