{
    "structural_factor": 2.751637001069028,
    "functional_factor": 1.4690985119525153
}