{
    "structural_factor": 1.2994659700684286,
    "functional_factor": 4.169476784133427
}