{
    "structural_factor": 1.750045390519381,
    "functional_factor": 2.7767309762422543
}