{
    "structural_factor": 1.6510899965843604,
    "functional_factor": 1.5611045937162802
}