{
    "structural_factor": 1.9005302634192798,
    "functional_factor": 1.6635908940159028
}