{
    "structural_factor": 1.5500626987664385,
    "functional_factor": 2.50023430479093
}