{
    "structural_factor": 3.502786195714967,
    "functional_factor": 3.1203739030077187
}