{
    "structural_factor": 2.5012281081475485,
    "functional_factor": 2.498937979043076
}