{
    "structural_factor": 1.900094933398975,
    "functional_factor": 2.4990298249376304
}