{
    "structural_factor": 1.1498597192016626,
    "functional_factor": 2.7789252051170377
}