{
    "structural_factor": 1.8500131895504581,
    "functional_factor": 1.664220598132154
}