{
    "structural_factor": 2.0079685140543106,
    "functional_factor": 1.2121032139181662
}