{
    "structural_factor": 1.3994153787423327,
    "functional_factor": 1.923715755597014
}