{
    "structural_factor": 2.0586085813363217,
    "functional_factor": 1.2496877437520493
}