{
    "structural_factor": 0.999915356183097,
    "functional_factor": 1.3156456180562863
}