{
    "structural_factor": 1.6069191052432312,
    "functional_factor": 1.5556338221863455
}