{
    "structural_factor": 1.5880857625146243,
    "functional_factor": 1.0010849312356147
}