{
    "structural_factor": 1.0995669047344758,
    "functional_factor": 1.7858417411465215
}