{
    "structural_factor": 2.032448097551233,
    "functional_factor": 1.4104094396278082
}