{
    "structural_factor": 1.3495333289551275,
    "functional_factor": 1.9228839870538506
}