{
    "structural_factor": 1.1507639937612795,
    "functional_factor": 1.3871865568701012
}