{
    "structural_factor": 1.1998832266661137,
    "functional_factor": 2.0825215724898603
}