{
    "structural_factor": 1.9504580012802208,
    "functional_factor": 2.7786980269718393
}