{
    "structural_factor": 3.5040846002778387,
    "functional_factor": 2.496784654786848
}