{
    "structural_factor": 4.003804870830045,
    "functional_factor": 1.135115429808406
}