{
    "structural_factor": 1.9692278601451982,
    "functional_factor": 1.4188548431520998
}