{
    "structural_factor": 1.7280402029521567,
    "functional_factor": 1.2454061709209217
}