{
    "structural_factor": 1.7071924834134635,
    "functional_factor": 1.271629971214657
}