{
    "structural_factor": 1.0496781590299862,
    "functional_factor": 1.5626682335904412
}