{
    "structural_factor": 2.3058491982763756,
    "functional_factor": 1.0019597758158219
}