{
    "structural_factor": 0.9998754130331519,
    "functional_factor": 3.574847819116581
}