{
    "structural_factor": 1.1000802125821605,
    "functional_factor": 1.469824898011867
}