{
    "structural_factor": 1.5000435020501866,
    "functional_factor": 1.6635118593730014
}