{
    "structural_factor": 2.2506793396018723,
    "functional_factor": 2.0820486964008857
}