{
    "structural_factor": 1.2994986576195007,
    "functional_factor": 1.9226509933945717
}