{
    "structural_factor": 1.600048696091644,
    "functional_factor": 1.6639824852456602
}