{
    "structural_factor": 2.749358927454854,
    "functional_factor": 1.0866070674204813
}