{
    "structural_factor": 2.5043531004066977,
    "functional_factor": 1.247063143122751
}