{
    "structural_factor": 1.779974893309626,
    "functional_factor": 1.2932238856241622
}