{
    "structural_factor": 2.296579319101208,
    "functional_factor": 1.0060700080359442
}