{
    "structural_factor": 0.9998794177661826,
    "functional_factor": 3.5718156963031573
}