{
    "structural_factor": 0.9998775434801194,
    "functional_factor": 2.5015756280921595
}