{
    "structural_factor": 2.7515494423380726,
    "functional_factor": 1.6631985566681522
}