{
    "structural_factor": 1.9999871866229746,
    "functional_factor": 2.4991558140940584
}