{
    "structural_factor": 1.8656922791162156,
    "functional_factor": 1.0045937753274585
}