{
    "structural_factor": 2.2500004896007537,
    "functional_factor": 1.136203070768117
}