{
    "structural_factor": 3.501343255795041,
    "functional_factor": 4.159701233038855
}