{
    "structural_factor": 1.7002219493086854,
    "functional_factor": 1.6636457143231491
}