{
    "structural_factor": 1.7000469785902765,
    "functional_factor": 2.2716679173683767
}