{
    "structural_factor": 1.2997868147312543,
    "functional_factor": 1.0000162040578984
}