{
    "structural_factor": 3.7500294028999517,
    "functional_factor": 0.9998661239221177
}