{
    "structural_factor": 3.503766176965161,
    "functional_factor": 2.2694453198450546
}