{
    "structural_factor": 3.251731232135259,
    "functional_factor": 2.4980685734425747
}