{
    "structural_factor": 1.4171308314997528,
    "functional_factor": 1.0017156154815077
}