{
    "structural_factor": 3.0026109143056408,
    "functional_factor": 1.2477890198849935
}