{
    "structural_factor": 1.4509407086672088,
    "functional_factor": 1.5614595765633474
}