{
    "structural_factor": 3.0008583316759587,
    "functional_factor": 1.2488314111709518
}