{
    "structural_factor": 1.5424677045538837,
    "functional_factor": 1.4296251858566267
}