{
    "structural_factor": 1.618139283030135,
    "functional_factor": 1.544835074087654
}