{
    "structural_factor": 1.349912373291396,
    "functional_factor": 3.573854874237164
}