{
    "structural_factor": 2.0002341886932937,
    "functional_factor": 2.5007664405613794
}