{
    "structural_factor": 1.8501595178484738,
    "functional_factor": 2.499839560804129
}