{
    "structural_factor": 1.2500360988384487,
    "functional_factor": 1.248618820102454
}