{
    "structural_factor": 3.2516822922828164,
    "functional_factor": 1.784534453781585
}