{
    "structural_factor": 1.649820121223403,
    "functional_factor": 2.2725878785548628
}