{
    "structural_factor": 2.7512091621543897,
    "functional_factor": 1.135491756123865
}