{
    "structural_factor": 1.9024254577020145,
    "functional_factor": 1.000201304883429
}