{
    "structural_factor": 1.3130857586050224,
    "functional_factor": 1.2364670676357596
}