{
    "structural_factor": 1.9106403468255504,
    "functional_factor": 1.344396795575265
}