{
    "structural_factor": 1.299963487683625,
    "functional_factor": 2.778141032959251
}