{
    "structural_factor": 1.0039121699848692,
    "functional_factor": 1.1849128354901695
}