{
    "structural_factor": 1.821016155930734,
    "functional_factor": 1.2514119545050055
}