{
    "structural_factor": 1.3494720410802987,
    "functional_factor": 4.163722332797699
}