{
    "structural_factor": 1.0222160571468981,
    "functional_factor": 1.0651944074268844
}