{
    "structural_factor": 1.704021601331038,
    "functional_factor": 1.5584577684985998
}