{
    "structural_factor": 1.8502148605208983,
    "functional_factor": 1.6639453344727106
}