{
    "structural_factor": 2.5004374323828897,
    "functional_factor": 2.2718696950450488
}