{
    "structural_factor": 1.4999945428863257,
    "functional_factor": 2.273164344085871
}