{
    "structural_factor": 1.5494276894641097,
    "functional_factor": 1.9220568951697155
}