{
    "structural_factor": 1.8774684463930775,
    "functional_factor": 1.2530223879713764
}