{
    "structural_factor": 2.2507116345358487,
    "functional_factor": 3.569507878081951
}