{
    "structural_factor": 1.6501543069355833,
    "functional_factor": 2.7769476859823037
}