{
    "structural_factor": 2.0625744622630613,
    "functional_factor": 1.31251908907104
}