{
    "structural_factor": 2.5008220733713227,
    "functional_factor": 2.7755373079661667
}