{
    "structural_factor": 1.6450338686002095,
    "functional_factor": 1.0008996501630842
}