{
    "structural_factor": 1.5994673328517064,
    "functional_factor": 4.166957601487621
}