{
    "structural_factor": 1.3999040641590772,
    "functional_factor": 3.573944762759541
}