{
    "structural_factor": 1.9501732436953618,
    "functional_factor": 3.5699674734058955
}