{
    "structural_factor": 1.8588200298436581,
    "functional_factor": 1.5547709212333671
}