{
    "structural_factor": 1.4996904381523637,
    "functional_factor": 1.0000209413877408
}