{
    "structural_factor": 1.3999378562607152,
    "functional_factor": 1.7849303508301397
}