{
    "structural_factor": 1.1693170306392537,
    "functional_factor": 1.0681484588407006
}