{
    "structural_factor": 1.8001668342201573,
    "functional_factor": 2.083188234160031
}