{
    "structural_factor": 1.9274880913548174,
    "functional_factor": 1.2626491863654121
}