{
    "structural_factor": 1.1996849791549302,
    "functional_factor": 2.272657906194802
}