{
    "structural_factor": 4.00248961910963,
    "functional_factor": 4.164099134318379
}