{
    "structural_factor": 2.158344841400325,
    "functional_factor": 1.2602460399234403
}