{
    "structural_factor": 1.0496961817035766,
    "functional_factor": 2.27347616125362
}