{
    "structural_factor": 1.0997957833914807,
    "functional_factor": 1.0000204657651965
}