{
    "structural_factor": 3.753579021349022,
    "functional_factor": 3.568866276403805
}