{
    "structural_factor": 1.4499195289366151,
    "functional_factor": 3.1227492125871663
}