{
    "structural_factor": 1.0498889144685253,
    "functional_factor": 3.1247942349318474
}