{
    "structural_factor": 1.9297825751072935,
    "functional_factor": 1.0892005794333788
}