{
    "structural_factor": 1.3499229693865495,
    "functional_factor": 3.126741736192361
}