{
    "structural_factor": 1.7998334748647362,
    "functional_factor": 1.7852381859917232
}