{
    "structural_factor": 1.249743630704198,
    "functional_factor": 1.0000310466474966
}