{
    "structural_factor": 2.0374795183485226,
    "functional_factor": 1.0114432992996107
}