{
    "structural_factor": 1.8102026462977021,
    "functional_factor": 1.0038746076244627
}