{
    "structural_factor": 2.249551846175589,
    "functional_factor": 1.92311762507154
}