{
    "structural_factor": 1.3996901922725045,
    "functional_factor": 1.0080229894280595
}