{
    "structural_factor": 2.2032590570134483,
    "functional_factor": 1.0258837902738278
}