{
    "structural_factor": 2.5004266578312313,
    "functional_factor": 2.083705992410014
}