{
    "structural_factor": 1.850146630873388,
    "functional_factor": 2.777981111667689
}