{
    "structural_factor": 1.9497606152297053,
    "functional_factor": 4.167183116835013
}