{
    "structural_factor": 1.1581020004098865,
    "functional_factor": 1.0305476417659418
}