{
    "structural_factor": 2.005410914073317,
    "functional_factor": 1.5583830725073404
}