{
    "structural_factor": 1.5357373540613706,
    "functional_factor": 1.0606215713008889
}