{
    "structural_factor": 2.250730472599111,
    "functional_factor": 1.6630020241687011
}