{
    "structural_factor": 1.3498472124941274,
    "functional_factor": 2.501780315720908
}