{
    "structural_factor": 1.80034927113478,
    "functional_factor": 1.663476136868818
}