{
    "structural_factor": 1.2499123293094916,
    "functional_factor": 2.7778987328945726
}