{
    "structural_factor": 1.106605277142547,
    "functional_factor": 1.077449623660564
}