{
    "structural_factor": 0.999890941596493,
    "functional_factor": 2.7765650103597297
}