{
    "structural_factor": 1.8502363549550316,
    "functional_factor": 3.1244225709640823
}