{
    "structural_factor": 1.449915128047845,
    "functional_factor": 1.7856757883806005
}