{
    "structural_factor": 1.3999588072429103,
    "functional_factor": 2.2726911569907338
}