{
    "structural_factor": 4.003951661403646,
    "functional_factor": 1.2476193114178464
}