{
    "structural_factor": 1.1504118589304653,
    "functional_factor": 1.5621442277315642
}