{
    "structural_factor": 1.0497523751078537,
    "functional_factor": 1.0000183906499056
}