{
    "structural_factor": 1.4999642428123694,
    "functional_factor": 1.0495697915278472
}