{
    "structural_factor": 1.9502021523471422,
    "functional_factor": 2.084337692348342
}