{
    "structural_factor": 2.7516995497760726,
    "functional_factor": 1.3148089801449463
}