{
    "structural_factor": 1.2553473359171408,
    "functional_factor": 1.2437878582708883
}