{
    "structural_factor": 1.9002938685108806,
    "functional_factor": 3.5721288925648613
}