{
    "structural_factor": 1.46219314946368,
    "functional_factor": 1.2594772629234219
}