{
    "structural_factor": 2.7518315007630676,
    "functional_factor": 2.4989533293445376
}