{
    "structural_factor": 1.9000986935357789,
    "functional_factor": 2.5001316706784302
}