{
    "structural_factor": 1.6499496240637392,
    "functional_factor": 2.5015203457534576
}