{
    "structural_factor": 2.2586776033672535,
    "functional_factor": 1.0007327704907825
}