{
    "structural_factor": 1.6499814079486133,
    "functional_factor": 3.5699635597790285
}