{
    "structural_factor": 2.2500727537903744,
    "functional_factor": 1.1361385530314017
}