{
    "structural_factor": 1.0495486352464374,
    "functional_factor": 4.166796309338329
}