{
    "structural_factor": 1.5999794501606772,
    "functional_factor": 2.777227850542519
}