{
    "structural_factor": 1.7781142233734448,
    "functional_factor": 1.32714364214108
}