{
    "structural_factor": 4.004467306080588,
    "functional_factor": 2.0820041433091747
}