{
    "structural_factor": 1.0995440488420138,
    "functional_factor": 1.786023440415066
}