{
    "structural_factor": 3.0007005694394935,
    "functional_factor": 1.7852359828208437
}