{
    "structural_factor": 1.1997545408042487,
    "functional_factor": 1.7862261994135815
}