{
    "structural_factor": 1.9995351454062382,
    "functional_factor": 1.9221402011290432
}