{
    "structural_factor": 3.5024326743537526,
    "functional_factor": 2.271795329230889
}