{
    "structural_factor": 2.7521602373417795,
    "functional_factor": 2.773699354176068
}