{
    "structural_factor": 3.501979168660121,
    "functional_factor": 4.165486158110568
}