{
    "structural_factor": 1.9990636080415802,
    "functional_factor": 1.0867319715329515
}