{
    "structural_factor": 1.5494212875118252,
    "functional_factor": 1.9228260987949832
}