{
    "structural_factor": 1.1994779859130305,
    "functional_factor": 1.92298985973917
}