{
    "structural_factor": 2.5011801318298885,
    "functional_factor": 3.1237843104388032
}