{
    "structural_factor": 1.2512633178347023,
    "functional_factor": 1.5605732683167792
}