{
    "structural_factor": 1.1498119247495582,
    "functional_factor": 1.6637234252506676
}