{
    "structural_factor": 1.687187265389467,
    "functional_factor": 1.0097861038400149
}