{
    "structural_factor": 1.80006520882124,
    "functional_factor": 2.7769086070773414
}