{
    "structural_factor": 1.049640255660298,
    "functional_factor": 1.5623439085373731
}