{
    "structural_factor": 2.501453971333588,
    "functional_factor": 1.1889174830323006
}