{
    "structural_factor": 1.0497800876911112,
    "functional_factor": 1.5629880484083203
}