{
    "structural_factor": 1.6499566680012665,
    "functional_factor": 1.6644975087647176
}