{
    "structural_factor": 2.0002869140306854,
    "functional_factor": 2.0828735659390345
}