{
    "structural_factor": 1.9623835092926956,
    "functional_factor": 0.9999706811924471
}