{
    "structural_factor": 3.5043162594365747,
    "functional_factor": 2.2696221599589044
}