{
    "structural_factor": 1.050380350162785,
    "functional_factor": 1.2486256869623094
}