{
    "structural_factor": 1.0993139478399656,
    "functional_factor": 1.6646415974992088
}