{
    "structural_factor": 1.3498557948781869,
    "functional_factor": 2.7769374766211645
}