{
    "structural_factor": 1.8489854789091251,
    "functional_factor": 1.0868061481572355
}