{
    "structural_factor": 1.7499862558086727,
    "functional_factor": 1.7851010116284995
}