{
    "structural_factor": 2.7496796442475278,
    "functional_factor": 1.9224539221353505
}