{
    "structural_factor": 1.8492773518645216,
    "functional_factor": 1.9232442812221149
}