{
    "structural_factor": 1.9503467891535662,
    "functional_factor": 1.6637582515624274
}