{
    "structural_factor": 1.6443571342302372,
    "functional_factor": 1.001543118052772
}