{
    "structural_factor": 1.4999923218413642,
    "functional_factor": 2.2717842494281575
}