{
    "structural_factor": 1.3498659708043206,
    "functional_factor": 2.2733081052321005
}