{
    "structural_factor": 1.3999497727126644,
    "functional_factor": 2.776854478997651
}