{
    "structural_factor": 1.3999137429829922,
    "functional_factor": 2.7782350493867862
}