{
    "structural_factor": 1.3001617618618242,
    "functional_factor": 1.6640731403091669
}