{
    "structural_factor": 1.6994136780241336,
    "functional_factor": 1.9230439225328606
}