{
    "structural_factor": 2.749976686810291,
    "functional_factor": 1.9225771760899053
}