{
    "structural_factor": 3.0002339482249267,
    "functional_factor": 4.161684339883176
}