{
    "structural_factor": 1.162071470193555,
    "functional_factor": 1.125780980075242
}