{
    "structural_factor": 1.4994301047464347,
    "functional_factor": 1.923063023599578
}