{
    "structural_factor": 3.7540287352284,
    "functional_factor": 3.5661060577709693
}