{
    "structural_factor": 1.800219845268794,
    "functional_factor": 3.1242129946272215
}