{
    "structural_factor": 0.9998381231896553,
    "functional_factor": 3.123641694126407
}