{
    "structural_factor": 1.3994805338914125,
    "functional_factor": 1.9237636098620374
}