{
    "structural_factor": 1.3160109194896323,
    "functional_factor": 1.371048510101703
}