{
    "structural_factor": 2.2619795726861804,
    "functional_factor": 1.183446254155966
}