{
    "structural_factor": 2.0178324841914415,
    "functional_factor": 1.3762444804823022
}