{
    "structural_factor": 1.2510623692548462,
    "functional_factor": 1.469167754543255
}