{
    "structural_factor": 1.0998749419824319,
    "functional_factor": 2.500372377544096
}