{
    "structural_factor": 0.9998995996811285,
    "functional_factor": 2.7786768281616943
}