{
    "structural_factor": 1.5996109564804406,
    "functional_factor": 4.163165438583269
}