{
    "structural_factor": 1.5494965915145458,
    "functional_factor": 1.922663429342776
}