{
    "structural_factor": 2.1396871902165078,
    "functional_factor": 1.0006838925470387
}