{
    "structural_factor": 3.0003007747970734,
    "functional_factor": 1.086284808358434
}