{
    "structural_factor": 1.9502783863884676,
    "functional_factor": 3.571126442136646
}