{
    "structural_factor": 1.1498694673372643,
    "functional_factor": 2.779908611460531
}