{
    "structural_factor": 1.9999531977717226,
    "functional_factor": 1.785336069546922
}