{
    "structural_factor": 1.1994623384295156,
    "functional_factor": 1.9234846114387314
}