{
    "structural_factor": 1.2498046550964845,
    "functional_factor": 2.2728310050619727
}