{
    "structural_factor": 1.3501589504173572,
    "functional_factor": 1.6637359244537955
}