{
    "structural_factor": 3.753655208438207,
    "functional_factor": 2.773880419516529
}