{
    "structural_factor": 1.1497931616056094,
    "functional_factor": 2.0839382234915815
}