{
    "structural_factor": 1.4996218381816215,
    "functional_factor": 1.0000587704447312
}