{
    "structural_factor": 1.3498773945591456,
    "functional_factor": 1.785470832445337
}