{
    "structural_factor": 1.2513843663347592,
    "functional_factor": 1.560501658793527
}