{
    "structural_factor": 1.899528601884931,
    "functional_factor": 1.0000492743349028
}