{
    "structural_factor": 1.0494818256810472,
    "functional_factor": 1.9234034027224214
}