{
    "structural_factor": 2.3421000862994057,
    "functional_factor": 1.0160719182585283
}