{
    "structural_factor": 1.5303798731893155,
    "functional_factor": 1.0017576381998579
}