{
    "structural_factor": 1.199550263314846,
    "functional_factor": 4.169367284816071
}