{
    "structural_factor": 2.7513613411637845,
    "functional_factor": 2.272419623581825
}