{
    "structural_factor": 4.007294529489418,
    "functional_factor": 1.187666956127829
}