{
    "structural_factor": 1.5501304117111026,
    "functional_factor": 2.0831362380423606
}