{
    "structural_factor": 3.2495606945362256,
    "functional_factor": 1.086445891696311
}