{
    "structural_factor": 1.2944377125158413,
    "functional_factor": 1.102528438510417
}