{
    "structural_factor": 3.2525218569760765,
    "functional_factor": 1.1352631494021843
}