{
    "structural_factor": 1.5677944587584365,
    "functional_factor": 1.258681281672042
}