{
    "structural_factor": 1.2498854859675996,
    "functional_factor": 2.7777850611919286
}