{
    "structural_factor": 1.1000050061166688,
    "functional_factor": 1.3881547959572471
}