{
    "structural_factor": 2.000184856215624,
    "functional_factor": 3.5711750211494797
}