{
    "structural_factor": 3.0007994837983594,
    "functional_factor": 1.469774713398493
}