{
    "structural_factor": 4.002391916352507,
    "functional_factor": 1.3145037167967846
}