{
    "structural_factor": 3.753992148724003,
    "functional_factor": 3.119002298686029
}