{
    "structural_factor": 2.2545609427585194,
    "functional_factor": 1.0249548028754654
}