{
    "structural_factor": 1.2213731608340428,
    "functional_factor": 1.2926150568068093
}