{
    "structural_factor": 1.2998880145793554,
    "functional_factor": 3.125733954252258
}