{
    "structural_factor": 3.503552895546536,
    "functional_factor": 2.0806685386695802
}