{
    "structural_factor": 1.4499486194346751,
    "functional_factor": 2.7775715905247553
}