{
    "structural_factor": 1.745122093795085,
    "functional_factor": 1.3126041474646992
}