{
    "structural_factor": 1.2998107511123727,
    "functional_factor": 2.2738467314234145
}