{
    "structural_factor": 1.7493949694401087,
    "functional_factor": 1.9230431985179373
}