{
    "structural_factor": 3.001541531189755,
    "functional_factor": 2.4977417607816514
}