{
    "structural_factor": 1.297791458066908,
    "functional_factor": 1.0032534557779538
}