{
    "structural_factor": 1.928892139443947,
    "functional_factor": 1.2954574558451333
}