{
    "structural_factor": 1.0134497094944257,
    "functional_factor": 1.1204080542226762
}