{
    "structural_factor": 1.3000294591914214,
    "functional_factor": 2.0836099818326947
}