{
    "structural_factor": 1.800061018741208,
    "functional_factor": 3.1257738034060463
}