{
    "structural_factor": 1.6449832771509807,
    "functional_factor": 1.0010975322967206
}