{
    "structural_factor": 4.000421477671713,
    "functional_factor": 0.999746457001303
}