{
    "structural_factor": 1.550111144325684,
    "functional_factor": 2.77651090633218
}