{
    "structural_factor": 1.6996645582700702,
    "functional_factor": 1.0000380635492812
}