{
    "structural_factor": 1.149944385510506,
    "functional_factor": 3.571164188445169
}