{
    "structural_factor": 1.976246562981727,
    "functional_factor": 1.3697393929674526
}