{
    "structural_factor": 1.2503516577569962,
    "functional_factor": 1.6639537855521371
}