{
    "structural_factor": 2.752683955734767,
    "functional_factor": 1.3143104017068
}