{
    "structural_factor": 1.649400808937243,
    "functional_factor": 1.9232552760175923
}