{
    "structural_factor": 1.4501445567745839,
    "functional_factor": 1.663320055675023
}