{
    "structural_factor": 1.3152780463836864,
    "functional_factor": 1.0853258918305808
}