{
    "structural_factor": 1.1998628166820264,
    "functional_factor": 3.124373704502091
}