{
    "structural_factor": 1.7040033115830078,
    "functional_factor": 1.5589522170186279
}