{
    "structural_factor": 0.9994624956759622,
    "functional_factor": 1.9235010589931882
}