{
    "structural_factor": 1.200612902263614,
    "functional_factor": 1.4698693748336538
}