{
    "structural_factor": 3.25247553725142,
    "functional_factor": 2.0822140210025952
}