{
    "structural_factor": 1.7495096595123398,
    "functional_factor": 4.165277402053628
}