{
    "structural_factor": 3.5012212318356464,
    "functional_factor": 1.2487818355511806
}