{
    "structural_factor": 2.2492685331158886,
    "functional_factor": 1.0867198446446722
}