{
    "structural_factor": 1.0492145024129815,
    "functional_factor": 1.6650116800112202
}