{
    "structural_factor": 1.150297843370404,
    "functional_factor": 1.3154539368092315
}