{
    "structural_factor": 1.935507343935318,
    "functional_factor": 1.0563854544465614
}