{
    "structural_factor": 1.101824140996198,
    "functional_factor": 1.2468384698545254
}