{
    "structural_factor": 2.0005121315798458,
    "functional_factor": 2.0825667908025745
}