{
    "structural_factor": 1.0498605831753254,
    "functional_factor": 3.5712698009502466
}