{
    "structural_factor": 2.5008049464126123,
    "functional_factor": 2.0817865417702293
}