{
    "structural_factor": 1.3674535809891515,
    "functional_factor": 1.2327818783580342
}