{
    "structural_factor": 1.6502312295083243,
    "functional_factor": 2.0825250858307327
}