{
    "structural_factor": 1.5499513637152627,
    "functional_factor": 3.571743974733007
}