{
    "structural_factor": 2.5001033238906523,
    "functional_factor": 1.784691670136409
}