{
    "structural_factor": 1.749684511776203,
    "functional_factor": 4.166966256649751
}