{
    "structural_factor": 1.757501234188355,
    "functional_factor": 1.2726612870587604
}