{
    "structural_factor": 2.750068324739764,
    "functional_factor": 4.159038324431511
}