{
    "structural_factor": 2.751357709503773,
    "functional_factor": 1.3879213452439747
}