{
    "structural_factor": 0.9998528885736917,
    "functional_factor": 1.2490777114435938
}