{
    "structural_factor": 2.751993283948606,
    "functional_factor": 2.497863320418792
}