{
    "structural_factor": 0.9997243005334977,
    "functional_factor": 1.4704475636037009
}