{
    "structural_factor": 1.6501333359212407,
    "functional_factor": 2.082810948440895
}