{
    "structural_factor": 1.049620251902003,
    "functional_factor": 1.3883998940275106
}