{
    "structural_factor": 1.7004317235639603,
    "functional_factor": 1.085862902081705
}