{
    "structural_factor": 3.5022048999431576,
    "functional_factor": 2.081447320591116
}