{
    "structural_factor": 1.0999008737122051,
    "functional_factor": 3.571766891740111
}