{
    "structural_factor": 1.9503851052541255,
    "functional_factor": 2.7765574230425996
}