{
    "structural_factor": 3.757825147786483,
    "functional_factor": 1.246500890853391
}