{
    "structural_factor": 1.3640631580370537,
    "functional_factor": 1.4550701358768259
}