{
    "structural_factor": 1.8988654996705987,
    "functional_factor": 1.0869181944695976
}