{
    "structural_factor": 1.9501499358976042,
    "functional_factor": 2.2721916593758906
}