{
    "structural_factor": 2.006215706661783,
    "functional_factor": 1.3116173155506403
}