{
    "structural_factor": 2.495602343216097,
    "functional_factor": 1.0010877743143203
}