{
    "structural_factor": 1.8494433614452936,
    "functional_factor": 4.161876773759885
}