{
    "structural_factor": 1.650000310612876,
    "functional_factor": 3.5730400121837373
}