{
    "structural_factor": 1.7493469928453418,
    "functional_factor": 1.9226465807556252
}