{
    "structural_factor": 1.751568353485626,
    "functional_factor": 1.1887166941929201
}