{
    "structural_factor": 3.0019929769031415,
    "functional_factor": 3.12004338753766
}