{
    "structural_factor": 4.003938994954396,
    "functional_factor": 3.565687821713194
}