{
    "structural_factor": 1.605995988797861,
    "functional_factor": 0.9999269198849376
}