{
    "structural_factor": 1.950207422208782,
    "functional_factor": 2.501202729062381
}