{
    "structural_factor": 1.650125132680679,
    "functional_factor": 2.775013956458612
}