{
    "structural_factor": 4.004331464071227,
    "functional_factor": 2.270191567035181
}