{
    "structural_factor": 1.601062609925985,
    "functional_factor": 1.2573842804128403
}