{
    "structural_factor": 4.005315660278047,
    "functional_factor": 3.119712093384225
}