{
    "structural_factor": 1.453532582138742,
    "functional_factor": 1.5583142721438186
}