{
    "structural_factor": 1.6998354270236085,
    "functional_factor": 1.7853565874052912
}