{
    "structural_factor": 1.0498233030520037,
    "functional_factor": 1.3881426783592394
}