{
    "structural_factor": 1.2666307465640831,
    "functional_factor": 1.079993146710113
}