{
    "structural_factor": 3.754027366931952,
    "functional_factor": 2.4983295928420817
}