{
    "structural_factor": 3.7543420121538547,
    "functional_factor": 1.1350794137569242
}