{
    "structural_factor": 1.1999138873633424,
    "functional_factor": 2.500885701831165
}