{
    "structural_factor": 1.4999342319725508,
    "functional_factor": 2.272456064576434
}