{
    "structural_factor": 1.406364182757274,
    "functional_factor": 1.46368912693589
}