{
    "structural_factor": 1.099476107022767,
    "functional_factor": 1.786332468975745
}