{
    "structural_factor": 1.7484483451462658,
    "functional_factor": 1.107238014619031
}