{
    "structural_factor": 3.251278496210907,
    "functional_factor": 1.5617941806458306
}