{
    "structural_factor": 3.000521785562589,
    "functional_factor": 1.4701478096014686
}