{
    "structural_factor": 3.5016430817499207,
    "functional_factor": 1.6632357440411223
}