{
    "structural_factor": 4.001156656520542,
    "functional_factor": 4.166542683192563
}