{
    "structural_factor": 1.358317733378468,
    "functional_factor": 1.0030481885962699
}