{
    "structural_factor": 4.005165595306886,
    "functional_factor": 1.1882620687976522
}