{
    "structural_factor": 1.1497767628883833,
    "functional_factor": 1.0000314382444715
}