{
    "structural_factor": 1.5994969839778983,
    "functional_factor": 4.164681970429026
}