{
    "structural_factor": 1.5501165411888094,
    "functional_factor": 1.7849579684361578
}