{
    "structural_factor": 1.400199774678574,
    "functional_factor": 1.6637960960634048
}