{
    "structural_factor": 1.3994133035436003,
    "functional_factor": 4.164501741723236
}