{
    "structural_factor": 2.1842290804760958,
    "functional_factor": 1.2112781781795192
}