{
    "structural_factor": 1.9495605511030987,
    "functional_factor": 4.165604518865483
}