{
    "structural_factor": 1.6500329597899543,
    "functional_factor": 2.2720757567305028
}