{
    "structural_factor": 2.500275814624697,
    "functional_factor": 1.7846579602302284
}