{
    "structural_factor": 1.9495675680191928,
    "functional_factor": 1.0000333021704992
}