{
    "structural_factor": 1.8536710351136254,
    "functional_factor": 1.0417943567644339
}