{
    "structural_factor": 1.1498859364049694,
    "functional_factor": 3.1244065244574366
}