{
    "structural_factor": 1.6481374873606158,
    "functional_factor": 1.087267636886166
}