{
    "structural_factor": 2.0696690262955033,
    "functional_factor": 1.3416922306899108
}