{
    "structural_factor": 1.600035728371422,
    "functional_factor": 2.273926878738454
}