{
    "structural_factor": 3.749907406480413,
    "functional_factor": 0.99984621676627
}