{
    "structural_factor": 1.0183562539999031,
    "functional_factor": 1.1150860205697277
}