{
    "structural_factor": 2.00765877009698,
    "functional_factor": 1.3484356773832418
}