{
    "structural_factor": 3.754644624907413,
    "functional_factor": 2.773577870654277
}