{
    "structural_factor": 1.8108382453742395,
    "functional_factor": 1.3074604694592151
}