{
    "structural_factor": 2.500193357193806,
    "functional_factor": 1.6634844422257753
}