{
    "structural_factor": 3.504049576785771,
    "functional_factor": 1.1885170828598108
}