{
    "structural_factor": 1.49938077606763,
    "functional_factor": 4.169151914974608
}