{
    "structural_factor": 1.9995524955727866,
    "functional_factor": 1.0000284965904223
}