{
    "structural_factor": 0.9992258593276777,
    "functional_factor": 1.664745078542135
}