{
    "structural_factor": 1.6503532361672335,
    "functional_factor": 1.6637388623718277
}