{
    "structural_factor": 1.150740339691403,
    "functional_factor": 1.5612785754173728
}