{
    "structural_factor": 1.810315501521626,
    "functional_factor": 1.0355526727026196
}