{
    "structural_factor": 1.0497728794184196,
    "functional_factor": 1.4703742475405661
}