{
    "structural_factor": 1.2535400083371966,
    "functional_factor": 1.384004840446042
}