{
    "structural_factor": 1.932986925602471,
    "functional_factor": 1.292492071710624
}