{
    "structural_factor": 1.2049719932521579,
    "functional_factor": 1.085821144275703
}