{
    "structural_factor": 3.000787707205193,
    "functional_factor": 1.6632967720467513
}