{
    "structural_factor": 1.700160110901385,
    "functional_factor": 2.0830614284306144
}