{
    "structural_factor": 1.7000984248770354,
    "functional_factor": 3.1260656020146866
}