{
    "structural_factor": 2.000312531870968,
    "functional_factor": 2.5009843765849546
}