{
    "structural_factor": 2.0003643854340667,
    "functional_factor": 3.572096232549964
}