{
    "structural_factor": 2.5007210286013817,
    "functional_factor": 3.5709525656954964
}