{
    "structural_factor": 1.7726930167484467,
    "functional_factor": 1.292045549845039
}