{
    "structural_factor": 2.2498458431745525,
    "functional_factor": 4.166537805483526
}