{
    "structural_factor": 1.099785442548364,
    "functional_factor": 1.0000214353633163
}