{
    "structural_factor": 1.4000640656746903,
    "functional_factor": 2.082725761702253
}