{
    "structural_factor": 1.121947493085747,
    "functional_factor": 1.0626035862101504
}