{
    "structural_factor": 3.2514115365006635,
    "functional_factor": 1.561390088217182
}