{
    "structural_factor": 1.9502829222358067,
    "functional_factor": 2.0827082288336927
}