{
    "structural_factor": 1.6498537831443707,
    "functional_factor": 1.7852731445116488
}