{
    "structural_factor": 1.649937998649463,
    "functional_factor": 2.271348310414601
}