{
    "structural_factor": 1.2962121125916533,
    "functional_factor": 1.0072905138998887
}