{
    "structural_factor": 1.595933211441913,
    "functional_factor": 1.0545041313822792
}