{
    "structural_factor": 1.100513549726524,
    "functional_factor": 1.469786880640448
}