{
    "structural_factor": 1.9995717417564205,
    "functional_factor": 4.168224559527939
}