{
    "structural_factor": 1.6499733944691046,
    "functional_factor": 3.12511058960179
}