{
    "structural_factor": 4.003746916733459,
    "functional_factor": 4.156008812298427
}