{
    "structural_factor": 2.250648347031802,
    "functional_factor": 2.2718203427739394
}