{
    "structural_factor": 4.004130706381318,
    "functional_factor": 1.7833793527224642
}