{
    "structural_factor": 1.1998129294520619,
    "functional_factor": 1.0000020329541142
}