{
    "structural_factor": 1.8200617847906446,
    "functional_factor": 1.2648133700168744
}