{
    "structural_factor": 4.000582095741168,
    "functional_factor": 1.086133783438006
}