{
    "structural_factor": 3.754043397217851,
    "functional_factor": 1.188486790147601
}