{
    "structural_factor": 3.5025925019654163,
    "functional_factor": 1.188743949431539
}