{
    "structural_factor": 1.2551860550792326,
    "functional_factor": 1.3099007323349097
}