{
    "structural_factor": 1.850124689929505,
    "functional_factor": 3.5715953335395234
}