{
    "structural_factor": 3.001982597110483,
    "functional_factor": 2.2705779100430856
}