{
    "structural_factor": 4.005572316658939,
    "functional_factor": 1.6616104325751406
}