{
    "structural_factor": 1.4876160800433844,
    "functional_factor": 1.021646904094278
}