{
    "structural_factor": 3.7537535206764856,
    "functional_factor": 1.7832307788901804
}