{
    "structural_factor": 3.0012182911429446,
    "functional_factor": 1.46990165360542
}