{
    "structural_factor": 3.5036899480936885,
    "functional_factor": 1.6623481437271528
}