{
    "structural_factor": 1.100446091912314,
    "functional_factor": 1.3152342527952054
}