{
    "structural_factor": 1.40080433113887,
    "functional_factor": 1.5615799045856456
}