{
    "structural_factor": 1.2503905978120424,
    "functional_factor": 1.4694051928272558
}