{
    "structural_factor": 2.2543202734698538,
    "functional_factor": 1.3131636898871544
}