{
    "structural_factor": 1.2033467172345855,
    "functional_factor": 1.3117450464518916
}