{
    "structural_factor": 1.3505795213147422,
    "functional_factor": 1.2662505194149123
}