{
    "structural_factor": 1.1998800070564426,
    "functional_factor": 2.0830786038567193
}