{
    "structural_factor": 0.9997562212009052,
    "functional_factor": 2.0830504870027386
}