{
    "structural_factor": 1.2497404971132187,
    "functional_factor": 2.271674151148922
}