{
    "structural_factor": 1.1508470780131728,
    "functional_factor": 1.3868460148604835
}