{
    "structural_factor": 1.0501089158991206,
    "functional_factor": 1.315468643930998
}