{
    "structural_factor": 1.8234834975581617,
    "functional_factor": 1.294180238824554
}