{
    "structural_factor": 1.1498346566425706,
    "functional_factor": 2.4996157773646273
}