{
    "structural_factor": 1.3496589514540343,
    "functional_factor": 1.00004814026607
}