{
    "structural_factor": 1.3499940571465452,
    "functional_factor": 2.0818889655691017
}