{
    "structural_factor": 2.501233869176082,
    "functional_factor": 3.123196175111217
}