{
    "structural_factor": 1.8091038006390923,
    "functional_factor": 1.0361560585441785
}