{
    "structural_factor": 3.5010200155923172,
    "functional_factor": 1.0859529918589896
}