{
    "structural_factor": 1.4998939410969994,
    "functional_factor": 3.12681440471084
}