{
    "structural_factor": 3.000941125133344,
    "functional_factor": 4.169144865360804
}