{
    "structural_factor": 1.449912294333636,
    "functional_factor": 3.574405219969618
}