{
    "structural_factor": 1.7996584065987604,
    "functional_factor": 1.0000402080887585
}