{
    "structural_factor": 4.006656249718812,
    "functional_factor": 1.6614294298656975
}