{
    "structural_factor": 1.6002422053716097,
    "functional_factor": 1.6640336334102257
}