{
    "structural_factor": 2.753152015980949,
    "functional_factor": 1.3870563555649411
}