{
    "structural_factor": 1.7206176210666986,
    "functional_factor": 1.0025190733770653
}