{
    "structural_factor": 1.5006071786881263,
    "functional_factor": 1.6628061594129206
}