{
    "structural_factor": 1.5000454038102191,
    "functional_factor": 3.5722197187137272
}