{
    "structural_factor": 1.3999625804328522,
    "functional_factor": 2.2728946429427452
}