{
    "structural_factor": 3.0011419888177198,
    "functional_factor": 1.1357351664711792
}