{
    "structural_factor": 1.1497718616741406,
    "functional_factor": 1.0000250208954733
}