{
    "structural_factor": 1.9994449386557362,
    "functional_factor": 4.166099682059337
}