{
    "structural_factor": 1.9162041499791787,
    "functional_factor": 1.3043143060149593
}