{
    "structural_factor": 1.8539666137984063,
    "functional_factor": 1.1336002353012826
}