{
    "structural_factor": 1.4496909577134827,
    "functional_factor": 1.0000330614044213
}