{
    "structural_factor": 3.249528614330293,
    "functional_factor": 1.0864980308996772
}