{
    "structural_factor": 2.500609267251815,
    "functional_factor": 1.7850013780106453
}