{
    "structural_factor": 2.74984874883889,
    "functional_factor": 1.086317427519607
}