{
    "structural_factor": 1.5983925441044728,
    "functional_factor": 1.0870262654610425
}