{
    "structural_factor": 1.249834266457979,
    "functional_factor": 3.125048525792059
}