{
    "structural_factor": 2.750493348286298,
    "functional_factor": 1.1359161364390642
}