{
    "structural_factor": 1.9326191885596382,
    "functional_factor": 1.1168773415326467
}