{
    "structural_factor": 1.950319851931378,
    "functional_factor": 2.083678378975183
}