{
    "structural_factor": 1.5999973714595752,
    "functional_factor": 3.5707273494042147
}