{
    "structural_factor": 1.2017411172604373,
    "functional_factor": 1.386315774037588
}