{
    "structural_factor": 1.249473123475554,
    "functional_factor": 4.169723669319193
}