{
    "structural_factor": 1.2995373583798577,
    "functional_factor": 1.0021311271021527
}