{
    "structural_factor": 1.499960525993536,
    "functional_factor": 2.7767796891043868
}