{
    "structural_factor": 1.099913967747814,
    "functional_factor": 1.470376982316623
}