{
    "structural_factor": 3.5021070858571655,
    "functional_factor": 1.784167270749455
}