{
    "structural_factor": 1.900110703621625,
    "functional_factor": 2.776924127136183
}