{
    "structural_factor": 0.9995573919716246,
    "functional_factor": 4.168244862240192
}