{
    "structural_factor": 2.5007339085926628,
    "functional_factor": 1.7853041279787958
}