{
    "structural_factor": 1.6995281090073289,
    "functional_factor": 1.9224146372621618
}