{
    "structural_factor": 2.5004673109927684,
    "functional_factor": 1.7852447199488515
}