{
    "structural_factor": 1.5499629718361838,
    "functional_factor": 2.4996193101008366
}