{
    "structural_factor": 1.3499327268687502,
    "functional_factor": 2.777949880153466
}