{
    "structural_factor": 1.4018063860187664,
    "functional_factor": 1.2028099687148828
}