{
    "structural_factor": 2.5005455528591574,
    "functional_factor": 3.5692350737043497
}