{
    "structural_factor": 1.0497285210029927,
    "functional_factor": 1.5625769515684302
}