{
    "structural_factor": 1.0998545852218646,
    "functional_factor": 3.127243029838013
}