{
    "structural_factor": 1.3496911425605433,
    "functional_factor": 2.2733817325895904
}