{
    "structural_factor": 2.117828278546548,
    "functional_factor": 1.002387333468083
}