{
    "structural_factor": 1.2998749219052972,
    "functional_factor": 2.500265141565845
}