{
    "structural_factor": 1.0993787920454419,
    "functional_factor": 1.6649806583794187
}