{
    "structural_factor": 1.699629517447872,
    "functional_factor": 1.0000351692824394
}