{
    "structural_factor": 3.753920775003735,
    "functional_factor": 1.314060129442424
}