{
    "structural_factor": 0.9996313062728719,
    "functional_factor": 1.7859498197956472
}