{
    "structural_factor": 2.0503018299446913,
    "functional_factor": 1.3984039712116458
}