{
    "structural_factor": 3.503833844372182,
    "functional_factor": 3.1223985040056546
}