{
    "structural_factor": 2.998919600838447,
    "functional_factor": 1.0866029410543363
}