{
    "structural_factor": 3.753444923085103,
    "functional_factor": 1.2478670972527213
}