{
    "structural_factor": 1.8000363394920853,
    "functional_factor": 2.7766969893408473
}