{
    "structural_factor": 1.2001805749758345,
    "functional_factor": 1.5613873699644574
}