{
    "structural_factor": 3.501872186395448,
    "functional_factor": 1.1890686588370811
}