{
    "structural_factor": 1.8996076344979465,
    "functional_factor": 1.08649742666484
}