{
    "structural_factor": 1.8995532398759838,
    "functional_factor": 4.166394703463494
}