{
    "structural_factor": 1.1134882144012965,
    "functional_factor": 1.0707952931267335
}