{
    "structural_factor": 1.7591428561463829,
    "functional_factor": 1.0007665090316182
}