{
    "structural_factor": 1.707588642781323,
    "functional_factor": 1.377398312767533
}