{
    "structural_factor": 1.1887011789799986,
    "functional_factor": 1.0040619000569309
}