{
    "structural_factor": 0.9998599682833775,
    "functional_factor": 2.5001856305505483
}