{
    "structural_factor": 1.1526526966938997,
    "functional_factor": 1.2457888122121128
}