{
    "structural_factor": 1.1998316958272548,
    "functional_factor": 3.574673783669865
}