{
    "structural_factor": 1.8434664385125763,
    "functional_factor": 1.0001258306205807
}