{
    "structural_factor": 1.6000347828100152,
    "functional_factor": 2.084492148375301
}