{
    "structural_factor": 1.2999985083859973,
    "functional_factor": 2.0831206543698655
}