{
    "structural_factor": 2.0838754478815305,
    "functional_factor": 1.2991447892355175
}