{
    "structural_factor": 1.4708868042928218,
    "functional_factor": 1.2311963859942041
}