{
    "structural_factor": 1.5527457385709547,
    "functional_factor": 1.559635191063065
}