{
    "structural_factor": 3.751821433101518,
    "functional_factor": 3.5676154903366983
}