{
    "structural_factor": 1.3499341858104454,
    "functional_factor": 2.7776238530376562
}