{
    "structural_factor": 2.7506386942887673,
    "functional_factor": 1.3881723280866345
}