{
    "structural_factor": 1.5994340145849162,
    "functional_factor": 1.922026329318386
}