{
    "structural_factor": 1.3001454109780217,
    "functional_factor": 1.6639703656769262
}