{
    "structural_factor": 2.2512487877560674,
    "functional_factor": 3.57030339407569
}