{
    "structural_factor": 3.7535024405926913,
    "functional_factor": 2.7739498497790716
}