{
    "structural_factor": 1.4994922783711162,
    "functional_factor": 1.9228638643134002
}