{
    "structural_factor": 1.0499620214672876,
    "functional_factor": 1.3154676916874535
}