{
    "structural_factor": 1.7993927698553418,
    "functional_factor": 1.9229105294657147
}