{
    "structural_factor": 2.4998971927146916,
    "functional_factor": 4.163734107166097
}