{
    "structural_factor": 2.081497888371854,
    "functional_factor": 1.0001440331910934
}