{
    "structural_factor": 1.649562554561087,
    "functional_factor": 1.086332852552813
}