{
    "structural_factor": 1.3999327637485628,
    "functional_factor": 3.1237644507737525
}