{
    "structural_factor": 1.8872262753321292,
    "functional_factor": 1.5318180125160892
}