{
    "structural_factor": 3.0008532201740272,
    "functional_factor": 1.1892753909424454
}