{
    "structural_factor": 1.1497659549361994,
    "functional_factor": 1.0000145052048912
}