{
    "structural_factor": 1.3997921625915433,
    "functional_factor": 1.785565163583365
}