{
    "structural_factor": 1.150449528533172,
    "functional_factor": 1.4696571046561813
}