{
    "structural_factor": 1.8002643390409983,
    "functional_factor": 3.57172261791638
}