{
    "structural_factor": 3.2510590848915992,
    "functional_factor": 1.4696337448239019
}