{
    "structural_factor": 4.0041461663611955,
    "functional_factor": 2.7717721986318247
}