{
    "structural_factor": 1.7006791371366887,
    "functional_factor": 1.0017630432666813
}