{
    "structural_factor": 1.750121106018605,
    "functional_factor": 1.6634961400728838
}