{
    "structural_factor": 3.7539643905898474,
    "functional_factor": 2.4969227396887543
}