{
    "structural_factor": 1.1995311742947345,
    "functional_factor": 1.9232159354337819
}