{
    "structural_factor": 1.4999331047296867,
    "functional_factor": 1.6634555615918654
}