{
    "structural_factor": 1.1994845964508312,
    "functional_factor": 1.924069367114594
}