{
    "structural_factor": 1.0009722441424296,
    "functional_factor": 1.1347199822820335
}