{
    "structural_factor": 1.2547272097185846,
    "functional_factor": 1.3828154530196635
}