{
    "structural_factor": 1.0378644992871913,
    "functional_factor": 1.049247568187135
}