{
    "structural_factor": 1.4972075803581542,
    "functional_factor": 1.2978688980380804
}