{
    "structural_factor": 2.7500392210219413,
    "functional_factor": 4.162216024867474
}