{
    "structural_factor": 1.6999830215658505,
    "functional_factor": 3.1227808494714653
}