{
    "structural_factor": 2.2496263256172324,
    "functional_factor": 1.9216813528461094
}