{
    "structural_factor": 1.4640007264930104,
    "functional_factor": 1.0082802820737902
}