{
    "structural_factor": 2.2511348446216517,
    "functional_factor": 3.12307483393133
}