{
    "structural_factor": 1.4318884897259263,
    "functional_factor": 1.0614897220873647
}