{
    "structural_factor": 2.350515139676054,
    "functional_factor": 1.0122104888810879
}