{
    "structural_factor": 1.5494521936837657,
    "functional_factor": 4.1654800374006795
}