{
    "structural_factor": 1.8991648920845488,
    "functional_factor": 1.0866963014792959
}