{
    "structural_factor": 3.503813911473943,
    "functional_factor": 2.774253650537057
}