{
    "structural_factor": 1.0997616471535268,
    "functional_factor": 1.470181714799608
}