{
    "structural_factor": 3.252776149880287,
    "functional_factor": 1.1888992534346599
}