{
    "structural_factor": 3.2514530933880574,
    "functional_factor": 1.6636476723952214
}