{
    "structural_factor": 2.750784359691114,
    "functional_factor": 1.2486360590526493
}