{
    "structural_factor": 2.250626897905078,
    "functional_factor": 2.4997747202676037
}