{
    "structural_factor": 1.208782174261035,
    "functional_factor": 1.2398164178653666
}