{
    "structural_factor": 1.9030757460201335,
    "functional_factor": 1.000204409387732
}