{
    "structural_factor": 2.75130268738514,
    "functional_factor": 2.082156813695331
}