{
    "structural_factor": 1.500081852513741,
    "functional_factor": 1.6639852669330624
}