{
    "structural_factor": 1.9991534981874146,
    "functional_factor": 1.3540909878502079
}