{
    "structural_factor": 1.9995524875668282,
    "functional_factor": 4.164851965834681
}