{
    "structural_factor": 1.8834290524651107,
    "functional_factor": 1.2225085781615017
}