{
    "structural_factor": 1.1059767814540384,
    "functional_factor": 1.0301598759586452
}