{
    "structural_factor": 1.149848994478849,
    "functional_factor": 2.5015550246415152
}