{
    "structural_factor": 2.500607929016243,
    "functional_factor": 2.0837691807174172
}