{
    "structural_factor": 2.00039975714622,
    "functional_factor": 3.1225479916134837
}