{
    "structural_factor": 1.0496918671981368,
    "functional_factor": 1.5625773153223974
}