{
    "structural_factor": 1.750201634811222,
    "functional_factor": 1.6639187904658912
}