{
    "structural_factor": 1.7415430738514428,
    "functional_factor": 1.2843297439640817
}