{
    "structural_factor": 1.762197423366737,
    "functional_factor": 1.3396182459961874
}