{
    "structural_factor": 1.0521815927228617,
    "functional_factor": 1.085746776394958
}