{
    "structural_factor": 1.3008274341434813,
    "functional_factor": 1.561356614271027
}