{
    "structural_factor": 2.501028669784048,
    "functional_factor": 1.4694700382273909
}