{
    "structural_factor": 1.3599530530306774,
    "functional_factor": 1.3058782128633337
}