{
    "structural_factor": 1.1497501168948407,
    "functional_factor": 2.2720899322956947
}