{
    "structural_factor": 3.7530159494284585,
    "functional_factor": 2.775520652537106
}