{
    "structural_factor": 1.1997046100093884,
    "functional_factor": 1.7856670058012698
}