{
    "structural_factor": 1.20546493267053,
    "functional_factor": 1.3092589430079564
}