{
    "structural_factor": 3.5008171438518536,
    "functional_factor": 1.922166864260501
}