{
    "structural_factor": 2.7495580304339096,
    "functional_factor": 0.999997488562087
}