{
    "structural_factor": 0.9997133849805628,
    "functional_factor": 2.2734128384000574
}