{
    "structural_factor": 1.4996590087960338,
    "functional_factor": 1.0000410085999278
}