{
    "structural_factor": 2.749601747673417,
    "functional_factor": 1.000010590275485
}