{
    "structural_factor": 1.750052036701856,
    "functional_factor": 1.7855025617366294
}