{
    "structural_factor": 1.257031148389374,
    "functional_factor": 1.2416806401849467
}