{
    "structural_factor": 1.6501169068784152,
    "functional_factor": 2.082718733368581
}