{
    "structural_factor": 2.090794347923007,
    "functional_factor": 1.2658272086736295
}