{
    "structural_factor": 1.349943880945172,
    "functional_factor": 3.5702350214379974
}