{
    "structural_factor": 1.6077700630232343,
    "functional_factor": 1.0807545113667405
}