{
    "structural_factor": 1.8811280704929996,
    "functional_factor": 1.1175544654518608
}