{
    "structural_factor": 2.3656680162474926,
    "functional_factor": 1.003191969887475
}