{
    "structural_factor": 1.3499474236254918,
    "functional_factor": 3.5691384882930905
}