{
    "structural_factor": 1.2494958012189346,
    "functional_factor": 4.167779502426097
}