{
    "structural_factor": 1.6372618941044048,
    "functional_factor": 1.245354501511705
}