{
    "structural_factor": 2.7509413545965464,
    "functional_factor": 3.1243804280765333
}