{
    "structural_factor": 0.9998108421427075,
    "functional_factor": 1.3157396368568008
}