{
    "structural_factor": 2.249785014825924,
    "functional_factor": 4.165708273454569
}