{
    "structural_factor": 1.9000566480872008,
    "functional_factor": 3.1244127787343734
}