{
    "structural_factor": 1.8500055088005036,
    "functional_factor": 2.5000308923530272
}