{
    "structural_factor": 1.5276452499629878,
    "functional_factor": 1.4431725875405828
}