{
    "structural_factor": 1.6283618582932562,
    "functional_factor": 1.2787434663072268
}