{
    "structural_factor": 1.9490431428948056,
    "functional_factor": 1.086888436987224
}