{
    "structural_factor": 1.2498584701751996,
    "functional_factor": 2.5014012324988943
}