{
    "structural_factor": 1.7579387856069189,
    "functional_factor": 1.0015226487757491
}