{
    "structural_factor": 1.0377487583816747,
    "functional_factor": 1.0482265361393288
}