{
    "structural_factor": 1.299754366710926,
    "functional_factor": 2.0833557286352513
}