{
    "structural_factor": 1.6216002730845813,
    "functional_factor": 1.5417245193960467
}