{
    "structural_factor": 1.6990859701261434,
    "functional_factor": 1.0867930307924718
}