{
    "structural_factor": 1.949621428390663,
    "functional_factor": 1.0000210529881133
}