{
    "structural_factor": 3.251218445351329,
    "functional_factor": 1.6632289736312738
}