{
    "structural_factor": 1.8502369329986432,
    "functional_factor": 3.570487194666166
}