{
    "structural_factor": 3.2516687638226465,
    "functional_factor": 1.469592250267663
}