{
    "structural_factor": 2.2586764662214573,
    "functional_factor": 1.0007920037800444
}