{
    "structural_factor": 1.401876668409657,
    "functional_factor": 1.2473512984552408
}