{
    "structural_factor": 1.0495214498703052,
    "functional_factor": 4.1655912601486245
}