{
    "structural_factor": 0.9998251984727742,
    "functional_factor": 1.0000219563838435
}