{
    "structural_factor": 2.500014137869507,
    "functional_factor": 1.1363669912675562
}