{
    "structural_factor": 1.7994850054721898,
    "functional_factor": 1.9236277932094634
}