{
    "structural_factor": 3.7544533035735204,
    "functional_factor": 2.7737389821917176
}