{
    "structural_factor": 1.199490083701317,
    "functional_factor": 4.166895852280627
}