{
    "structural_factor": 1.9939464164853584,
    "functional_factor": 1.4882326708387688
}