{
    "structural_factor": 4.003942016078544,
    "functional_factor": 1.5607955272984344
}