{
    "structural_factor": 1.8501130463751,
    "functional_factor": 2.0817887541175883
}