{
    "structural_factor": 1.249819730251565,
    "functional_factor": 2.0828161920967667
}