{
    "structural_factor": 2.750922168885067,
    "functional_factor": 2.498064336811554
}