{
    "structural_factor": 1.1998821117889957,
    "functional_factor": 3.572021862756234
}