{
    "structural_factor": 1.0497685098607472,
    "functional_factor": 1.0000298540385248
}