{
    "structural_factor": 1.3503325869586282,
    "functional_factor": 1.5618100280631082
}