{
    "structural_factor": 1.9584697091446557,
    "functional_factor": 1.2763910728180976
}