{
    "structural_factor": 2.250339709112717,
    "functional_factor": 2.497519036873939
}