{
    "structural_factor": 1.1509486835676668,
    "functional_factor": 1.2480615969297812
}