{
    "structural_factor": 1.700177777633944,
    "functional_factor": 3.1225582970480574
}