{
    "structural_factor": 1.903925714084103,
    "functional_factor": 1.3490181212084256
}