{
    "structural_factor": 1.7490307336592443,
    "functional_factor": 1.0869147017518836
}