{
    "structural_factor": 1.7700754829089678,
    "functional_factor": 1.263604552234188
}