{
    "structural_factor": 3.753869440608275,
    "functional_factor": 2.2702892152644574
}