{
    "structural_factor": 1.249487459803073,
    "functional_factor": 4.171477452400289
}