{
    "structural_factor": 1.4888169357518026,
    "functional_factor": 1.0572075173191982
}