{
    "structural_factor": 1.500148803296545,
    "functional_factor": 1.6636534510857048
}