{
    "structural_factor": 1.5000481404515007,
    "functional_factor": 2.5001496833094667
}