{
    "structural_factor": 1.2940907403810007,
    "functional_factor": 1.006330323890503
}