{
    "structural_factor": 1.5996453330988398,
    "functional_factor": 1.000029616051825
}