{
    "structural_factor": 1.7000288586803247,
    "functional_factor": 2.7780605171925017
}