{
    "structural_factor": 1.950545878764608,
    "functional_factor": 1.135896756018799
}