{
    "structural_factor": 1.099720428383474,
    "functional_factor": 2.2732168043806755
}