{
    "structural_factor": 3.0019143792209304,
    "functional_factor": 3.5703750810532613
}