{
    "structural_factor": 1.1998991475052216,
    "functional_factor": 3.1251069939949154
}