{
    "structural_factor": 1.9500910693936029,
    "functional_factor": 3.570391748670668
}