{
    "structural_factor": 2.444934804331383,
    "functional_factor": 1.1502539887380336
}