{
    "structural_factor": 4.005207106488543,
    "functional_factor": 1.247423615507844
}