{
    "structural_factor": 3.0006403492186067,
    "functional_factor": 1.4697205877275747
}