{
    "structural_factor": 1.449988840311057,
    "functional_factor": 2.0841474145087653
}