{
    "structural_factor": 1.9002377542671018,
    "functional_factor": 2.777507892623821
}