{
    "structural_factor": 2.9999600615411963,
    "functional_factor": 1.9219591050011098
}