{
    "structural_factor": 1.8723278921315087,
    "functional_factor": 1.2998223992850195
}