{
    "structural_factor": 3.001423066234099,
    "functional_factor": 1.4697914371973444
}