{
    "structural_factor": 1.6695932306484145,
    "functional_factor": 1.2212938937083202
}