{
    "structural_factor": 2.5015516975623693,
    "functional_factor": 1.387008771659872
}