{
    "structural_factor": 1.7242113760017996,
    "functional_factor": 1.0003641627862494
}