{
    "structural_factor": 1.5176115070299165,
    "functional_factor": 1.0733216609018095
}