{
    "structural_factor": 3.502966081778909,
    "functional_factor": 1.2480509708115222
}