{
    "structural_factor": 4.006210979503096,
    "functional_factor": 2.0799999922186534
}