{
    "structural_factor": 1.4050304834413552,
    "functional_factor": 1.5567020341320188
}