{
    "structural_factor": 2.000277885854186,
    "functional_factor": 3.5676194936576877
}