{
    "structural_factor": 2.088209457670428,
    "functional_factor": 1.3468611055902509
}