{
    "structural_factor": 2.2507736429900094,
    "functional_factor": 3.570577018970425
}