{
    "structural_factor": 1.724045436727696,
    "functional_factor": 1.0003490708576472
}