{
    "structural_factor": 0.9997826789427448,
    "functional_factor": 1.0000122659184096
}