{
    "structural_factor": 1.4496264568563748,
    "functional_factor": 1.0000580219465633
}