{
    "structural_factor": 1.350043408746457,
    "functional_factor": 2.08232237427268
}