{
    "structural_factor": 3.7547747450075613,
    "functional_factor": 2.2693418949077953
}