{
    "structural_factor": 1.3768787354036587,
    "functional_factor": 1.2246226514994747
}