{
    "structural_factor": 1.1501661024284737,
    "functional_factor": 1.3876642628096008
}