{
    "structural_factor": 1.4531394768606212,
    "functional_factor": 1.2220047322058727
}