{
    "structural_factor": 2.4991457062615297,
    "functional_factor": 1.086570649049196
}