{
    "structural_factor": 2.0810859821050567,
    "functional_factor": 1.0002810359094105
}