{
    "structural_factor": 1.3499548320587067,
    "functional_factor": 1.7856514037023197
}