{
    "structural_factor": 2.9994574843705126,
    "functional_factor": 1.0000038466803154
}