{
    "structural_factor": 1.0992172675629417,
    "functional_factor": 1.6651543612116206
}