{
    "structural_factor": 0.9996293749285301,
    "functional_factor": 1.562656422315167
}