{
    "structural_factor": 1.2144541043279977,
    "functional_factor": 1.0277733272934104
}