{
    "structural_factor": 3.0016736561085056,
    "functional_factor": 2.2709739287193247
}