{
    "structural_factor": 3.252254998848549,
    "functional_factor": 2.271329575910012
}