{
    "structural_factor": 1.5964274362233712,
    "functional_factor": 1.2773079558376303
}