{
    "structural_factor": 1.602295059123161,
    "functional_factor": 1.0022232946199487
}