{
    "structural_factor": 1.900229745720674,
    "functional_factor": 3.571009561179869
}