{
    "structural_factor": 1.798895990123973,
    "functional_factor": 1.0868671048050151
}