{
    "structural_factor": 1.3539329594363565,
    "functional_factor": 1.0018346299543321
}