{
    "structural_factor": 4.0035391040386195,
    "functional_factor": 2.7731496668599696
}