{
    "structural_factor": 3.000992485085511,
    "functional_factor": 1.3883473356001481
}