{
    "structural_factor": 1.2995019836962076,
    "functional_factor": 1.9247092155652967
}