{
    "structural_factor": 1.2999536598435446,
    "functional_factor": 3.124025331630496
}