{
    "structural_factor": 3.9996489590023176,
    "functional_factor": 4.154984950529895
}