{
    "structural_factor": 1.7001282464424767,
    "functional_factor": 3.5679253549733234
}