{
    "structural_factor": 1.4999272741575738,
    "functional_factor": 3.1266112356179283
}