{
    "structural_factor": 1.6500144934589234,
    "functional_factor": 2.5000150134094326
}