{
    "structural_factor": 1.993316293509798,
    "functional_factor": 1.3278407235087804
}