{
    "structural_factor": 1.4590696923431559,
    "functional_factor": 1.4611406188098117
}