{
    "structural_factor": 1.3497867744749437,
    "functional_factor": 1.7853135223852286
}