{
    "structural_factor": 2.751707406792941,
    "functional_factor": 1.3878565233513658
}