{
    "structural_factor": 3.753875772456904,
    "functional_factor": 1.6618449245930234
}