{
    "structural_factor": 1.0498844456601668,
    "functional_factor": 3.568287287119867
}