{
    "structural_factor": 1.5515830814789824,
    "functional_factor": 1.0850053244478806
}