{
    "structural_factor": 1.2005787672821087,
    "functional_factor": 1.3871221489108594
}