{
    "structural_factor": 1.399733161623701,
    "functional_factor": 1.0000182286936794
}