{
    "structural_factor": 1.107434801655233,
    "functional_factor": 1.0293945675502334
}