{
    "structural_factor": 2.7499296143574323,
    "functional_factor": 1.9215805304013611
}