{
    "structural_factor": 1.0497174788254597,
    "functional_factor": 2.083534462074576
}