{
    "structural_factor": 1.9005084768913303,
    "functional_factor": 1.6634898584853561
}