{
    "structural_factor": 1.2512902771074328,
    "functional_factor": 1.5606421196779292
}