{
    "structural_factor": 1.4000045835124075,
    "functional_factor": 2.778721079109794
}