{
    "structural_factor": 1.0498076055840433,
    "functional_factor": 2.083576455051206
}