{
    "structural_factor": 1.2103694589756617,
    "functional_factor": 1.1301963087353029
}