{
    "structural_factor": 1.1507184322350803,
    "functional_factor": 1.386946501076483
}