{
    "structural_factor": 1.850387597870129,
    "functional_factor": 1.6634612686703554
}