{
    "structural_factor": 1.4999427814915531,
    "functional_factor": 2.2728957332801762
}