{
    "structural_factor": 1.5326860775562574,
    "functional_factor": 1.0272333547515737
}