{
    "structural_factor": 1.0498063750807616,
    "functional_factor": 2.273716211245576
}