{
    "structural_factor": 1.354340072590784,
    "functional_factor": 1.263029355772708
}