{
    "structural_factor": 1.3496886408675521,
    "functional_factor": 1.0000477284410032
}