{
    "structural_factor": 2.5032885214711476,
    "functional_factor": 1.2472523537476194
}