{
    "structural_factor": 3.001022816308891,
    "functional_factor": 1.6629213857066565
}