{
    "structural_factor": 1.271904591209359,
    "functional_factor": 1.0267715701905622
}