{
    "structural_factor": 1.049312854509983,
    "functional_factor": 1.6649006430970559
}