{
    "structural_factor": 3.251360296199432,
    "functional_factor": 1.66286923566231
}