{
    "structural_factor": 4.006260113047035,
    "functional_factor": 1.782469195892558
}