{
    "structural_factor": 1.1498360998695805,
    "functional_factor": 2.0838352218440352
}