{
    "structural_factor": 1.1498735069723838,
    "functional_factor": 3.572772039505637
}