{
    "structural_factor": 1.6614075099293835,
    "functional_factor": 1.211040364045878
}