{
    "structural_factor": 3.250825316749673,
    "functional_factor": 1.2487727942559697
}