{
    "structural_factor": 1.9620204690312433,
    "functional_factor": 1.0004272043245945
}