{
    "structural_factor": 1.3498364051185652,
    "functional_factor": 1.7855166752987899
}