{
    "structural_factor": 2.7511361362296047,
    "functional_factor": 2.4971071852384115
}