{
    "structural_factor": 1.0498122610490934,
    "functional_factor": 3.5731799740239847
}