{
    "structural_factor": 1.0498501431702205,
    "functional_factor": 3.124295683913853
}