{
    "structural_factor": 1.9578850802218914,
    "functional_factor": 1.3104152319812752
}