{
    "structural_factor": 0.9996392632362758,
    "functional_factor": 1.5626872456135261
}