{
    "structural_factor": 1.0998650895325859,
    "functional_factor": 3.57182739721908
}