{
    "structural_factor": 1.0497019956822367,
    "functional_factor": 1.4702926608757922
}