{
    "structural_factor": 1.600152947090076,
    "functional_factor": 1.6638484132242561
}