{
    "structural_factor": 1.9761369042257364,
    "functional_factor": 1.2316039967423311
}