{
    "structural_factor": 1.2997168346466907,
    "functional_factor": 2.2741780874074604
}