{
    "structural_factor": 2.2545271341918816,
    "functional_factor": 1.3858921037884027
}