{
    "structural_factor": 1.300166455435887,
    "functional_factor": 1.5618438211688637
}