{
    "structural_factor": 1.1997160148660448,
    "functional_factor": 1.785958316153997
}