{
    "structural_factor": 1.8728373669464753,
    "functional_factor": 1.3343739098954528
}