{
    "structural_factor": 2.749590355569264,
    "functional_factor": 4.1657933354053
}