{
    "structural_factor": 1.7837377808461565,
    "functional_factor": 1.0002109062929565
}