{
    "structural_factor": 1.9486823060380505,
    "functional_factor": 1.2825111922042456
}