{
    "structural_factor": 1.2999040191152162,
    "functional_factor": 3.573169894317876
}