{
    "structural_factor": 1.9001171324236659,
    "functional_factor": 2.775930349639017
}