{
    "structural_factor": 2.500514938497337,
    "functional_factor": 2.7752408087248
}