{
    "structural_factor": 1.398942972054166,
    "functional_factor": 1.0085941454814797
}