{
    "structural_factor": 1.9002301958247385,
    "functional_factor": 2.7769998404162255
}