{
    "structural_factor": 1.2005291605911834,
    "functional_factor": 1.0393498268913597
}