{
    "structural_factor": 2.0001722782742988,
    "functional_factor": 2.2718243790698853
}