{
    "structural_factor": 1.0495551473061617,
    "functional_factor": 4.166283723564895
}