{
    "structural_factor": 1.600000023031761,
    "functional_factor": 3.5713589457507156
}