{
    "structural_factor": 1.8249411081271447,
    "functional_factor": 1.3298219319992828
}