{
    "structural_factor": 2.750760896833264,
    "functional_factor": 3.5696977146660287
}