{
    "structural_factor": 1.8498035981437921,
    "functional_factor": 1.7857009570242723
}