{
    "structural_factor": 1.8001847178303283,
    "functional_factor": 3.569808040694365
}