{
    "structural_factor": 1.0497791332558146,
    "functional_factor": 2.08369153053864
}