{
    "structural_factor": 1.6994159947285126,
    "functional_factor": 1.9235547399345
}