{
    "structural_factor": 3.503756736214442,
    "functional_factor": 1.783887567920241
}