{
    "structural_factor": 2.5006178993941255,
    "functional_factor": 1.469769156574355
}