{
    "structural_factor": 3.001915103394151,
    "functional_factor": 2.0823473704559357
}