{
    "structural_factor": 3.251641788542525,
    "functional_factor": 1.1355471754690036
}