{
    "structural_factor": 1.6499063279078956,
    "functional_factor": 3.124764677331846
}