{
    "structural_factor": 1.300040849012556,
    "functional_factor": 1.0484654007970102
}