{
    "structural_factor": 1.8493937130222364,
    "functional_factor": 1.9228784424499177
}