{
    "structural_factor": 3.2519116423539924,
    "functional_factor": 1.248535683734998
}