{
    "structural_factor": 3.7517061970389736,
    "functional_factor": 1.314945763114171
}