{
    "structural_factor": 1.9501536196707985,
    "functional_factor": 2.7751492234870256
}