{
    "structural_factor": 1.4354337433577606,
    "functional_factor": 1.0206599857448735
}