{
    "structural_factor": 3.0008390234202893,
    "functional_factor": 1.2485982150796224
}