{
    "structural_factor": 1.1000807412944433,
    "functional_factor": 1.4696621358684787
}