{
    "structural_factor": 3.252731423273135,
    "functional_factor": 2.4983132650917788
}