{
    "structural_factor": 1.0994068841351001,
    "functional_factor": 1.9235145019366675
}