{
    "structural_factor": 1.0998359343670674,
    "functional_factor": 2.7786640808072063
}