{
    "structural_factor": 1.7001259635188033,
    "functional_factor": 2.7775600483698293
}