{
    "structural_factor": 1.8622958570837027,
    "functional_factor": 1.3071779576480544
}