{
    "structural_factor": 1.495994066168178,
    "functional_factor": 1.0335963620231274
}