{
    "structural_factor": 2.751229662406513,
    "functional_factor": 3.121995351475406
}