{
    "structural_factor": 2.042431977371838,
    "functional_factor": 1.2575963062264701
}