{
    "structural_factor": 4.005460493130968,
    "functional_factor": 1.782706322452399
}