{
    "structural_factor": 1.900282763542022,
    "functional_factor": 2.0818681757185424
}