{
    "structural_factor": 1.3509625984862144,
    "functional_factor": 1.5612068172778568
}