{
    "structural_factor": 1.799664030844074,
    "functional_factor": 1.0000323887015818
}