{
    "structural_factor": 1.1499539974392294,
    "functional_factor": 1.5623725913314421
}