{
    "structural_factor": 1.0491731959895705,
    "functional_factor": 1.6648524593078953
}