{
    "structural_factor": 2.0004143076921426,
    "functional_factor": 3.126960993488497
}