{
    "structural_factor": 3.2516169592751676,
    "functional_factor": 1.784738341598542
}