{
    "structural_factor": 1.3498090392756912,
    "functional_factor": 1.785461620576451
}