{
    "structural_factor": 1.900107642118346,
    "functional_factor": 2.500695651029565
}