{
    "structural_factor": 3.503256928542435,
    "functional_factor": 2.0813252673299627
}