{
    "structural_factor": 2.0000407315533657,
    "functional_factor": 1.7851138378363782
}