{
    "structural_factor": 1.3999949594858507,
    "functional_factor": 1.6640286938100692
}