{
    "structural_factor": 3.7546725920424686,
    "functional_factor": 1.134757744494218
}