{
    "structural_factor": 3.0000992162111295,
    "functional_factor": 1.0862340241711235
}