{
    "structural_factor": 1.8006032062611736,
    "functional_factor": 1.6636491666123407
}