{
    "structural_factor": 1.2534665786076205,
    "functional_factor": 1.4659627199972034
}