{
    "structural_factor": 1.0498194086815118,
    "functional_factor": 2.0839347318307406
}