{
    "structural_factor": 2.751332354399141,
    "functional_factor": 1.469978165638093
}