{
    "structural_factor": 1.4000175190594117,
    "functional_factor": 3.1260577923148127
}