{
    "structural_factor": 0.9995520300840882,
    "functional_factor": 4.164210476721032
}