{
    "structural_factor": 2.750570324996595,
    "functional_factor": 1.470046853691551
}