{
    "structural_factor": 3.001484602854466,
    "functional_factor": 2.2712092438794227
}