{
    "structural_factor": 4.003184725234685,
    "functional_factor": 3.5661621254920903
}