{
    "structural_factor": 1.1498647813036202,
    "functional_factor": 2.498199332319666
}