{
    "structural_factor": 2.250078605445625,
    "functional_factor": 1.1362361932137197
}