{
    "structural_factor": 0.9997664626996576,
    "functional_factor": 2.0829666772414415
}