{
    "structural_factor": 1.6494123988406586,
    "functional_factor": 1.9235112539330346
}