{
    "structural_factor": 1.7996814294345695,
    "functional_factor": 1.0000246005707616
}