{
    "structural_factor": 1.0563049853055568,
    "functional_factor": 1.182390242117694
}