{
    "structural_factor": 3.7530504223469188,
    "functional_factor": 1.5610209178932766
}