{
    "structural_factor": 1.798647448478614,
    "functional_factor": 1.0870738696309405
}