{
    "structural_factor": 3.0025876717286555,
    "functional_factor": 1.3146393123423932
}