{
    "structural_factor": 1.4499543908760586,
    "functional_factor": 3.1234716445901287
}