{
    "structural_factor": 4.00635926914485,
    "functional_factor": 2.494661691549904
}