{
    "structural_factor": 3.7535401808909685,
    "functional_factor": 1.4685767051304437
}