{
    "structural_factor": 1.099582195340283,
    "functional_factor": 4.168190767513263
}