{
    "structural_factor": 4.004783192894655,
    "functional_factor": 2.080385401970884
}