{
    "structural_factor": 4.001860205587932,
    "functional_factor": 2.497734487918859
}