{
    "structural_factor": 1.1997467415456087,
    "functional_factor": 2.0838871758437567
}