{
    "structural_factor": 2.4995588039101095,
    "functional_factor": 4.169204565182932
}