{
    "structural_factor": 1.1493987695959205,
    "functional_factor": 1.9226630458023302
}