{
    "structural_factor": 1.6961062964832267,
    "functional_factor": 1.279888522914928
}