{
    "structural_factor": 1.8502332124523464,
    "functional_factor": 2.776436960908973
}