{
    "structural_factor": 3.251746940385525,
    "functional_factor": 1.469644476377515
}