{
    "structural_factor": 1.6496050592872553,
    "functional_factor": 4.167623152839399
}