{
    "structural_factor": 3.5014549964431003,
    "functional_factor": 1.085789268591376
}