{
    "structural_factor": 1.150039941413134,
    "functional_factor": 1.6639413147958622
}