{
    "structural_factor": 2.020419242739885,
    "functional_factor": 1.0007508631579456
}