{
    "structural_factor": 1.8791071577594152,
    "functional_factor": 1.0635464685348608
}