{
    "structural_factor": 1.1500178612156426,
    "functional_factor": 1.5625996392367683
}