{
    "structural_factor": 1.2998739342139702,
    "functional_factor": 2.5014610540781774
}