{
    "structural_factor": 1.6050547351259516,
    "functional_factor": 1.5570162599966657
}