{
    "structural_factor": 1.900387666376365,
    "functional_factor": 1.3154496595481409
}