{
    "structural_factor": 3.502634329736019,
    "functional_factor": 1.3876343023304447
}