{
    "structural_factor": 2.2502135481552563,
    "functional_factor": 2.500345013138053
}