{
    "structural_factor": 1.549702091336544,
    "functional_factor": 1.0000180223807784
}