{
    "structural_factor": 0.9993120749904554,
    "functional_factor": 1.6645768409859092
}