{
    "structural_factor": 1.3003979535397534,
    "functional_factor": 1.5623501408823348
}