{
    "structural_factor": 2.5009739347607804,
    "functional_factor": 2.49784793041906
}