{
    "structural_factor": 2.200755870304658,
    "functional_factor": 0.9998332922713561
}