{
    "structural_factor": 1.8529172821957292,
    "functional_factor": 1.2694890161616794
}