{
    "structural_factor": 1.3998833255796848,
    "functional_factor": 2.501398949280274
}