{
    "structural_factor": 1.9500568252709714,
    "functional_factor": 2.082268943262048
}