{
    "structural_factor": 1.4013544032788088,
    "functional_factor": 1.561074615542727
}