{
    "structural_factor": 1.9505274356258868,
    "functional_factor": 1.6636331261993087
}