{
    "structural_factor": 3.5020029213086765,
    "functional_factor": 2.498718618477718
}