{
    "structural_factor": 1.4501136379188782,
    "functional_factor": 2.083114656513704
}