{
    "structural_factor": 1.8500783580800642,
    "functional_factor": 2.2718787197288335
}