{
    "structural_factor": 1.999939806817485,
    "functional_factor": 1.7852655873959369
}