{
    "structural_factor": 4.008500881984209,
    "functional_factor": 1.1872406752784035
}