{
    "structural_factor": 1.1995281973400216,
    "functional_factor": 4.166962409530227
}