{
    "structural_factor": 2.5008507880119617,
    "functional_factor": 3.5692715960676047
}