{
    "structural_factor": 2.110433810750131,
    "functional_factor": 1.2540217009826629
}