{
    "structural_factor": 2.250245997528611,
    "functional_factor": 1.1359913493857907
}