{
    "structural_factor": 1.2498361027270641,
    "functional_factor": 1.7855627287402405
}