{
    "structural_factor": 2.250387094839884,
    "functional_factor": 2.083501627445893
}