{
    "structural_factor": 1.59947872335035,
    "functional_factor": 4.166492307196568
}