{
    "structural_factor": 1.4000567589040396,
    "functional_factor": 2.0827474398339216
}