{
    "structural_factor": 1.199754696645896,
    "functional_factor": 2.2714442712553633
}