{
    "structural_factor": 1.6000076493158784,
    "functional_factor": 1.7853454374642894
}