{
    "structural_factor": 1.449806092236606,
    "functional_factor": 3.125422521793552
}