{
    "structural_factor": 1.4411781670931918,
    "functional_factor": 1.3006675823862266
}