{
    "structural_factor": 1.6648511475345598,
    "functional_factor": 1.0002993476986273
}