{
    "structural_factor": 1.2999253201382703,
    "functional_factor": 1.6638894422400854
}