{
    "structural_factor": 1.7000535769220435,
    "functional_factor": 2.499941831091261
}