{
    "structural_factor": 2.243177984447419,
    "functional_factor": 1.1136443435576358
}