{
    "structural_factor": 1.599713942200654,
    "functional_factor": 1.0000265588242674
}