{
    "structural_factor": 1.5498664813291334,
    "functional_factor": 1.785519549550676
}