{
    "structural_factor": 1.6001208473234911,
    "functional_factor": 2.498468066120053
}