{
    "structural_factor": 1.4501614933575044,
    "functional_factor": 1.6632827254266103
}