{
    "structural_factor": 1.7000316172743186,
    "functional_factor": 2.7760223947631535
}