{
    "structural_factor": 3.002494429616819,
    "functional_factor": 2.0816200993908227
}