{
    "structural_factor": 1.750044021866842,
    "functional_factor": 2.778509064274439
}