{
    "structural_factor": 1.4004666433411044,
    "functional_factor": 1.6631178002525258
}