{
    "structural_factor": 2.047973426967509,
    "functional_factor": 1.292023787824313
}