{
    "structural_factor": 1.3494607091309472,
    "functional_factor": 1.923002070064997
}