{
    "structural_factor": 1.1998727811739305,
    "functional_factor": 3.5735189746170497
}