{
    "structural_factor": 2.250444638619124,
    "functional_factor": 1.664071698491548
}