{
    "structural_factor": 1.1497683875669216,
    "functional_factor": 2.27266634073123
}