{
    "structural_factor": 1.5162198627565135,
    "functional_factor": 1.0739221001506511
}