{
    "structural_factor": 1.399950022641797,
    "functional_factor": 3.1228129538306404
}