{
    "structural_factor": 1.449879216708974,
    "functional_factor": 2.7777288462484324
}