{
    "structural_factor": 1.3170753577490886,
    "functional_factor": 1.3701544645135015
}