{
    "structural_factor": 1.0494076340686704,
    "functional_factor": 1.9241343246950455
}