{
    "structural_factor": 2.750571840086685,
    "functional_factor": 1.6626301336910814
}