{
    "structural_factor": 0.9996461892655862,
    "functional_factor": 1.5622233430126982
}