{
    "structural_factor": 1.1742388174170013,
    "functional_factor": 1.0636677910833405
}