{
    "structural_factor": 4.0000551475455515,
    "functional_factor": 0.999807139758388
}