{
    "structural_factor": 1.2996764407763937,
    "functional_factor": 1.0000517985697557
}