{
    "structural_factor": 3.2515748463417147,
    "functional_factor": 1.784198593163514
}