{
    "structural_factor": 1.099875019687412,
    "functional_factor": 1.3882350136867228
}