{
    "structural_factor": 1.8240406545370185,
    "functional_factor": 1.255601975724595
}