{
    "structural_factor": 1.8503922279858762,
    "functional_factor": 2.0827299134096084
}