{
    "structural_factor": 1.4876366849842015,
    "functional_factor": 1.3059490236595022
}