{
    "structural_factor": 1.750120957437192,
    "functional_factor": 2.777752495166177
}