{
    "structural_factor": 3.502945842397954,
    "functional_factor": 3.56713966987904
}