{
    "structural_factor": 2.1831849517779873,
    "functional_factor": 1.0011923876698434
}