{
    "structural_factor": 1.4999248646168502,
    "functional_factor": 3.5716979559361217
}