{
    "structural_factor": 1.9502321467869783,
    "functional_factor": 2.0827481863050896
}