{
    "structural_factor": 0.9997736818200529,
    "functional_factor": 2.084704899283442
}