{
    "structural_factor": 1.4998657223975453,
    "functional_factor": 1.7852639628676752
}