{
    "structural_factor": 3.501551597365995,
    "functional_factor": 4.156834638130975
}