{
    "structural_factor": 1.9425159956909939,
    "functional_factor": 1.2528603711834152
}