{
    "structural_factor": 2.501220898441086,
    "functional_factor": 1.5616655769172862
}