{
    "structural_factor": 3.503269618037958,
    "functional_factor": 1.2480027790338066
}