{
    "structural_factor": 2.7512724996463445,
    "functional_factor": 3.1236638046937077
}