{
    "structural_factor": 1.8991145955347142,
    "functional_factor": 1.0867514727219607
}