{
    "structural_factor": 2.249988446695375,
    "functional_factor": 1.1360995120571786
}