{
    "structural_factor": 1.9509504798413024,
    "functional_factor": 1.352228703598242
}