{
    "structural_factor": 1.9547508677498908,
    "functional_factor": 1.1333679497402613
}