{
    "structural_factor": 1.5999826309077794,
    "functional_factor": 2.272756898558357
}