{
    "structural_factor": 3.001362334624315,
    "functional_factor": 2.0828724498687494
}