{
    "structural_factor": 1.9502601143862515,
    "functional_factor": 2.271414858323723
}