{
    "structural_factor": 1.9994206648642323,
    "functional_factor": 4.164431594791817
}