{
    "structural_factor": 3.252142638808433,
    "functional_factor": 1.3876098173610358
}