{
    "structural_factor": 1.0998238447469362,
    "functional_factor": 1.3881522758100893
}