{
    "structural_factor": 3.2512524242377276,
    "functional_factor": 2.7729365825732444
}