{
    "structural_factor": 1.9502902695793385,
    "functional_factor": 2.777389344110449
}