{
    "structural_factor": 1.9245315351378582,
    "functional_factor": 1.3751469960961404
}