{
    "structural_factor": 4.004112694489464,
    "functional_factor": 1.9197045703619857
}