{
    "structural_factor": 1.950201565565078,
    "functional_factor": 2.2717560760548134
}