{
    "structural_factor": 1.349865431836225,
    "functional_factor": 2.272728464333799
}