{
    "structural_factor": 2.5007120657955384,
    "functional_factor": 1.469972924000879
}