{
    "structural_factor": 3.0008620257520406,
    "functional_factor": 1.9216992554055128
}