{
    "structural_factor": 2.7518424708366407,
    "functional_factor": 3.5726091175118624
}