{
    "structural_factor": 1.7595449032392727,
    "functional_factor": 1.2223951289346473
}