{
    "structural_factor": 4.004372154346511,
    "functional_factor": 1.5599912859422467
}