{
    "structural_factor": 0.9997846759548866,
    "functional_factor": 2.273663586788629
}