{
    "structural_factor": 1.5385941075753542,
    "functional_factor": 1.433522052877609
}