{
    "structural_factor": 2.0880723586069965,
    "functional_factor": 1.3025141336698267
}