{
    "structural_factor": 1.850014378652455,
    "functional_factor": 1.663882605092387
}