{
    "structural_factor": 1.2998654945526986,
    "functional_factor": 2.499458253664088
}