{
    "structural_factor": 1.0992004493820022,
    "functional_factor": 1.6648158925226133
}