{
    "structural_factor": 2.2377165271956256,
    "functional_factor": 1.004635488084457
}