{
    "structural_factor": 1.4998687871642444,
    "functional_factor": 1.785059170135336
}