{
    "structural_factor": 1.515361283044113,
    "functional_factor": 1.5468150568109735
}