{
    "structural_factor": 1.7183852440250706,
    "functional_factor": 1.326296191791972
}