{
    "structural_factor": 1.999332467018361,
    "functional_factor": 1.923059954926744
}