{
    "structural_factor": 3.75423955089213,
    "functional_factor": 2.2718295855846233
}