{
    "structural_factor": 1.8498029532601743,
    "functional_factor": 1.785423064736243
}