{
    "structural_factor": 2.2006135938366667,
    "functional_factor": 1.0000505203703325
}