{
    "structural_factor": 1.6499128977110125,
    "functional_factor": 3.1254819377336367
}