{
    "structural_factor": 1.2502586604034962,
    "functional_factor": 1.6637855913737492
}