{
    "structural_factor": 3.751684879337935,
    "functional_factor": 4.160187757138519
}