{
    "structural_factor": 1.549988040043815,
    "functional_factor": 1.7853725044971358
}