{
    "structural_factor": 1.149893919703516,
    "functional_factor": 3.1249085308654334
}