{
    "structural_factor": 3.2500645372623893,
    "functional_factor": 1.086364831209654
}