{
    "structural_factor": 1.4016035476579174,
    "functional_factor": 1.560730377110212
}