{
    "structural_factor": 4.00699158609105,
    "functional_factor": 2.494608469775718
}