{
    "structural_factor": 1.0495827082904232,
    "functional_factor": 4.164629149418181
}