{
    "structural_factor": 3.2494417674650906,
    "functional_factor": 0.9999608387308383
}