{
    "structural_factor": 1.600014064091953,
    "functional_factor": 1.6629732292540804
}