{
    "structural_factor": 3.502002624583537,
    "functional_factor": 1.4694108393415002
}