{
    "structural_factor": 1.7000284660623257,
    "functional_factor": 1.7855194146323727
}