{
    "structural_factor": 1.538615563924208,
    "functional_factor": 1.0050299997677345
}