{
    "structural_factor": 1.474154453772387,
    "functional_factor": 1.0309964904940991
}