{
    "structural_factor": 1.1496965824499654,
    "functional_factor": 2.2731809400449805
}