{
    "structural_factor": 2.501283098014475,
    "functional_factor": 2.77755589451673
}