{
    "structural_factor": 0.9998218776932492,
    "functional_factor": 2.7766305932834494
}