{
    "structural_factor": 1.4011452321014148,
    "functional_factor": 1.5609486567961248
}