{
    "structural_factor": 1.9033791463166614,
    "functional_factor": 1.1343262254401487
}