{
    "structural_factor": 2.2505576060952075,
    "functional_factor": 2.7768443651508443
}