{
    "structural_factor": 2.4062487608767404,
    "functional_factor": 1.0119879751981973
}