{
    "structural_factor": 1.5495678229955518,
    "functional_factor": 1.9228521497257247
}