{
    "structural_factor": 1.8001316564135206,
    "functional_factor": 2.4991550324076566
}