{
    "structural_factor": 3.504255047484056,
    "functional_factor": 2.7749183428768442
}