{
    "structural_factor": 1.553709022548859,
    "functional_factor": 1.5586813520613243
}