{
    "structural_factor": 3.755922762715777,
    "functional_factor": 3.1196131611414226
}