{
    "structural_factor": 1.3999335832617719,
    "functional_factor": 3.124346684653699
}