{
    "structural_factor": 1.3499912549606,
    "functional_factor": 3.124281026911156
}