{
    "structural_factor": 3.000859562604258,
    "functional_factor": 1.78446383863604
}