{
    "structural_factor": 1.8501974525457894,
    "functional_factor": 2.083395969803948
}