{
    "structural_factor": 1.7996822555238587,
    "functional_factor": 1.0000355537418757
}