{
    "structural_factor": 1.3499158762061856,
    "functional_factor": 3.1250635933537896
}