{
    "structural_factor": 1.0001516731499211,
    "functional_factor": 1.2487356995482255
}