{
    "structural_factor": 1.4999669270305633,
    "functional_factor": 2.777691515095295
}