{
    "structural_factor": 1.850106726395777,
    "functional_factor": 3.1211045209279984
}