{
    "structural_factor": 0.9999204100545684,
    "functional_factor": 2.7766022583898624
}