{
    "structural_factor": 1.9002085766907368,
    "functional_factor": 2.0837348441950465
}