{
    "structural_factor": 2.0870798396438803,
    "functional_factor": 1.4596151457784932
}