{
    "structural_factor": 1.2499100175568107,
    "functional_factor": 2.777015980404793
}