{
    "structural_factor": 3.2516402918890144,
    "functional_factor": 1.7842307062828793
}