{
    "structural_factor": 2.00022387885644,
    "functional_factor": 3.569831972881073
}