{
    "structural_factor": 3.0006174042106397,
    "functional_factor": 1.248753958788796
}