{
    "structural_factor": 1.1997407563726428,
    "functional_factor": 2.083519026723961
}