{
    "structural_factor": 1.799871449757166,
    "functional_factor": 1.7852705448056712
}