{
    "structural_factor": 1.4500175119510947,
    "functional_factor": 1.6641433767263358
}