{
    "structural_factor": 1.7488606863130642,
    "functional_factor": 1.0869336080711343
}