{
    "structural_factor": 1.3498733408941994,
    "functional_factor": 2.4998744090803866
}