{
    "structural_factor": 2.250923853550004,
    "functional_factor": 3.1230848529222177
}