{
    "structural_factor": 3.001439361944069,
    "functional_factor": 1.1358545747669093
}