{
    "structural_factor": 1.7836966640443066,
    "functional_factor": 1.0003221116468963
}