{
    "structural_factor": 1.5332175147910452,
    "functional_factor": 1.3127804325146482
}