{
    "structural_factor": 1.9994243561668628,
    "functional_factor": 1.9235891667319505
}