{
    "structural_factor": 1.8493027517218992,
    "functional_factor": 1.0133259305929598
}