{
    "structural_factor": 2.0002629206411324,
    "functional_factor": 2.776842553893632
}