{
    "structural_factor": 3.2525447541310064,
    "functional_factor": 1.1353274085135674
}