{
    "structural_factor": 1.6995964106547454,
    "functional_factor": 1.9224776683624067
}