{
    "structural_factor": 3.2513008161471366,
    "functional_factor": 1.5617156954870282
}