{
    "structural_factor": 1.8181251169258474,
    "functional_factor": 1.5037034587323241
}