{
    "structural_factor": 3.252604394015281,
    "functional_factor": 3.118928877296317
}