{
    "structural_factor": 3.0006497069255675,
    "functional_factor": 1.785073487400806
}