{
    "structural_factor": 1.1498224530079897,
    "functional_factor": 0.9999923902629256
}