{
    "structural_factor": 0.9999371267961742,
    "functional_factor": 1.2491848653069912
}