{
    "structural_factor": 3.753121278325654,
    "functional_factor": 1.7847289431516768
}