{
    "structural_factor": 0.9998411151075605,
    "functional_factor": 2.49967886620737
}