{
    "structural_factor": 1.949737763099169,
    "functional_factor": 4.164135053290797
}