{
    "structural_factor": 0.999525764562074,
    "functional_factor": 1.9232439690955119
}