{
    "structural_factor": 3.7509870828482264,
    "functional_factor": 1.9217031822369233
}