{
    "structural_factor": 1.049516326644608,
    "functional_factor": 1.787175230635124
}