{
    "structural_factor": 1.5494284883678386,
    "functional_factor": 1.9223664059846357
}