{
    "structural_factor": 0.9998484753108632,
    "functional_factor": 1.3157790391635638
}