{
    "structural_factor": 1.5999610799422983,
    "functional_factor": 2.499637760825688
}