{
    "structural_factor": 1.2995374248980882,
    "functional_factor": 4.168160588134783
}