{
    "structural_factor": 1.2998680234516573,
    "functional_factor": 3.1220893561160095
}