{
    "structural_factor": 1.449479452158625,
    "functional_factor": 1.9221779958096974
}