{
    "structural_factor": 3.754021422528566,
    "functional_factor": 3.123126905409917
}