{
    "structural_factor": 3.5042656225173765,
    "functional_factor": 1.3869315640454738
}