{
    "structural_factor": 1.3002993490711394,
    "functional_factor": 1.6632142811528707
}