{
    "structural_factor": 1.4610038717288072,
    "functional_factor": 1.2395805746125519
}