{
    "structural_factor": 1.575350761247822,
    "functional_factor": 1.2773990010872176
}