{
    "structural_factor": 1.2503514401039608,
    "functional_factor": 1.6630883483971017
}