{
    "structural_factor": 1.5995005077752913,
    "functional_factor": 4.165564290021933
}