{
    "structural_factor": 1.9003759113298375,
    "functional_factor": 3.5685480929793347
}