{
    "structural_factor": 1.2476823043834273,
    "functional_factor": 1.0963367886571644
}