{
    "structural_factor": 1.5267655796106847,
    "functional_factor": 1.186102610522997
}