{
    "structural_factor": 2.5039348037371525,
    "functional_factor": 1.2468362023388653
}