{
    "structural_factor": 2.0002371214164216,
    "functional_factor": 2.271714575214327
}