{
    "structural_factor": 1.45579399719192,
    "functional_factor": 1.0064235942967383
}