{
    "structural_factor": 1.5186477835976235,
    "functional_factor": 1.036531164870945
}