{
    "structural_factor": 1.8493639573639005,
    "functional_factor": 1.9224306337175432
}