{
    "structural_factor": 3.501737946929942,
    "functional_factor": 1.3876552887005462
}