{
    "structural_factor": 1.1695216610877857,
    "functional_factor": 1.0207308443123009
}