{
    "structural_factor": 1.902951421014975,
    "functional_factor": 1.0000833994471332
}