{
    "structural_factor": 1.8063247869649788,
    "functional_factor": 1.2683397654126431
}