{
    "structural_factor": 1.24974680907302,
    "functional_factor": 1.0000121448435813
}