{
    "structural_factor": 2.309553963111905,
    "functional_factor": 1.000445351568764
}