{
    "structural_factor": 4.003140057453318,
    "functional_factor": 1.3147093027303796
}