{
    "structural_factor": 3.2529430910092896,
    "functional_factor": 2.496365249773227
}