{
    "structural_factor": 1.9496816392337246,
    "functional_factor": 4.164846009705429
}