{
    "structural_factor": 1.9377667987853975,
    "functional_factor": 1.055327289876383
}