{
    "structural_factor": 3.252410559011251,
    "functional_factor": 1.1355411110668787
}