{
    "structural_factor": 1.3999798591785289,
    "functional_factor": 2.2737556360684352
}