{
    "structural_factor": 1.0998068657491875,
    "functional_factor": 1.5624120725255635
}