{
    "structural_factor": 1.299838115043653,
    "functional_factor": 3.1228702516804523
}