{
    "structural_factor": 0.9996914932724593,
    "functional_factor": 1.5630676637244374
}