{
    "structural_factor": 1.8567869357242925,
    "functional_factor": 1.132088822924739
}