{
    "structural_factor": 3.2515706364456287,
    "functional_factor": 1.7840677111042016
}