{
    "structural_factor": 1.750298043820746,
    "functional_factor": 2.0824867106911182
}