{
    "structural_factor": 1.7008476896437001,
    "functional_factor": 1.6630808839818074
}