{
    "structural_factor": 1.3994762319573033,
    "functional_factor": 4.165240188425819
}