{
    "structural_factor": 2.024243180409989,
    "functional_factor": 1.2995077167036615
}