{
    "structural_factor": 1.3998673223996094,
    "functional_factor": 2.4987902755360882
}