{
    "structural_factor": 2.0202834551843534,
    "functional_factor": 1.000859165272635
}