{
    "structural_factor": 1.810607277407862,
    "functional_factor": 1.258717224497845
}