{
    "structural_factor": 1.4499857400693663,
    "functional_factor": 3.1250777211895713
}