{
    "structural_factor": 1.8503395594825707,
    "functional_factor": 1.6630098098707435
}