{
    "structural_factor": 1.4564709194887464,
    "functional_factor": 1.2005253724889384
}