{
    "structural_factor": 1.8498801129013576,
    "functional_factor": 2.7780137802133495
}