{
    "structural_factor": 1.04930445126854,
    "functional_factor": 1.6644749329285493
}