{
    "structural_factor": 2.5018868792393265,
    "functional_factor": 1.1889141098976344
}