{
    "structural_factor": 1.7544635983421881,
    "functional_factor": 1.0036159293978841
}