{
    "structural_factor": 3.252534181566789,
    "functional_factor": 2.0826073510412417
}