{
    "structural_factor": 3.249667401192125,
    "functional_factor": 0.9999542253349744
}