{
    "structural_factor": 1.1995325437559317,
    "functional_factor": 4.166211275199681
}