{
    "structural_factor": 1.9496554439780749,
    "functional_factor": 1.000025965874906
}