{
    "structural_factor": 1.243193490872008,
    "functional_factor": 1.0475349747746623
}