{
    "structural_factor": 3.504043437491291,
    "functional_factor": 2.2686668567673847
}