{
    "structural_factor": 1.9501324614998883,
    "functional_factor": 2.272519992099822
}