{
    "structural_factor": 1.0998569244020426,
    "functional_factor": 1.5622064121007622
}