{
    "structural_factor": 1.8283033564453393,
    "functional_factor": 1.2907708806967273
}