{
    "structural_factor": 1.6999869128089637,
    "functional_factor": 2.2724095023118465
}