{
    "structural_factor": 1.3030330718415986,
    "functional_factor": 1.4671510110102426
}