{
    "structural_factor": 1.150102317718327,
    "functional_factor": 1.5619637310210928
}