{
    "structural_factor": 1.7495843629281984,
    "functional_factor": 4.160084991935937
}