{
    "structural_factor": 1.5653843611740896,
    "functional_factor": 1.0404536175755041
}