{
    "structural_factor": 1.5349268711902793,
    "functional_factor": 1.007437972853841
}