{
    "structural_factor": 1.049795562444947,
    "functional_factor": 2.4998801204221013
}