{
    "structural_factor": 4.004454481712116,
    "functional_factor": 2.49778944006552
}