{
    "structural_factor": 4.004972892559183,
    "functional_factor": 2.270280712114439
}