{
    "structural_factor": 2.0003302771518867,
    "functional_factor": 3.5695629239474047
}