{
    "structural_factor": 1.0886545304501418,
    "functional_factor": 1.046518453762333
}