{
    "structural_factor": 1.041681201204934,
    "functional_factor": 1.0425064696473565
}