{
    "structural_factor": 1.8995627834602988,
    "functional_factor": 1.923105767195211
}