{
    "structural_factor": 2.750872016248947,
    "functional_factor": 2.7776056156121562
}