{
    "structural_factor": 2.144515584176202,
    "functional_factor": 1.3027374417788489
}