{
    "structural_factor": 4.004595708196731,
    "functional_factor": 1.4688963062319627
}