{
    "structural_factor": 1.4501231015778298,
    "functional_factor": 1.664033831905661
}