{
    "structural_factor": 1.7500863730794431,
    "functional_factor": 2.2719185468382035
}