{
    "structural_factor": 1.750301080902706,
    "functional_factor": 1.6634871506437978
}