{
    "structural_factor": 4.003571878497664,
    "functional_factor": 1.2479940362395159
}