{
    "structural_factor": 1.1498687578006177,
    "functional_factor": 2.5004874593742983
}