{
    "structural_factor": 1.799381503169677,
    "functional_factor": 4.165303250199099
}