{
    "structural_factor": 3.752815295119177,
    "functional_factor": 1.135268414149208
}