{
    "structural_factor": 1.8494949952520146,
    "functional_factor": 1.9226275903465628
}