{
    "structural_factor": 1.2015500651467617,
    "functional_factor": 1.3863054372755392
}