{
    "structural_factor": 1.4997225206012463,
    "functional_factor": 1.0000087089069196
}