{
    "structural_factor": 3.501666554462963,
    "functional_factor": 1.085870671524192
}