{
    "structural_factor": 1.0995079968235526,
    "functional_factor": 4.171076076640138
}