{
    "structural_factor": 1.9620216905671304,
    "functional_factor": 1.0003213203172046
}