{
    "structural_factor": 1.1719536245589957,
    "functional_factor": 1.0658326829480333
}