{
    "structural_factor": 4.002601012839428,
    "functional_factor": 4.1583887099856005
}