{
    "structural_factor": 1.2999348477006276,
    "functional_factor": 1.7852542618015361
}