{
    "structural_factor": 1.4178923084334152,
    "functional_factor": 1.0009741816533595
}