{
    "structural_factor": 3.2512951821170644,
    "functional_factor": 1.4698582953843113
}