{
    "structural_factor": 1.0498834312064185,
    "functional_factor": 2.7772691210507436
}