{
    "structural_factor": 1.9002094594144945,
    "functional_factor": 2.775713929730856
}