{
    "structural_factor": 1.4000538451094364,
    "functional_factor": 2.0826279392156124
}