{
    "structural_factor": 2.2715702320964435,
    "functional_factor": 1.1783593272605735
}