{
    "structural_factor": 2.750069039630291,
    "functional_factor": 1.9229319680065993
}