{
    "structural_factor": 2.010796906505404,
    "functional_factor": 1.380772736130523
}