{
    "structural_factor": 2.3104330880226085,
    "functional_factor": 1.0037938266213833
}