{
    "structural_factor": 3.753055128863086,
    "functional_factor": 3.1217032443276014
}