{
    "structural_factor": 1.850496256172914,
    "functional_factor": 2.0829571947966112
}