{
    "structural_factor": 3.5021477718563196,
    "functional_factor": 1.1355440667905303
}