{
    "structural_factor": 1.5001494924968184,
    "functional_factor": 1.664128554082345
}