{
    "structural_factor": 3.753244178439628,
    "functional_factor": 2.081053327827712
}