{
    "structural_factor": 2.7498884550145406,
    "functional_factor": 1.9216465152570528
}