{
    "structural_factor": 3.5016981009187553,
    "functional_factor": 1.3149365513780518
}