{
    "structural_factor": 1.3494351168014622,
    "functional_factor": 1.92310944120574
}