{
    "structural_factor": 3.2510491586970063,
    "functional_factor": 2.4981262329137013
}