{
    "structural_factor": 3.754479787373614,
    "functional_factor": 1.085053329650216
}