{
    "structural_factor": 1.5009409230256814,
    "functional_factor": 1.5613583965744642
}