{
    "structural_factor": 4.002915023463779,
    "functional_factor": 1.5612569389738997
}