{
    "structural_factor": 1.0996568501446775,
    "functional_factor": 2.083178166705072
}