{
    "structural_factor": 1.3998695686259672,
    "functional_factor": 2.5008611797288838
}