{
    "structural_factor": 3.5019747386934474,
    "functional_factor": 3.122538317713037
}