{
    "structural_factor": 1.294039513953647,
    "functional_factor": 1.206249767675495
}