{
    "structural_factor": 1.4610056345360662,
    "functional_factor": 1.0025962828756905
}