{
    "structural_factor": 1.2505083049597594,
    "functional_factor": 1.4697845579888233
}