{
    "structural_factor": 1.7918472574125301,
    "functional_factor": 1.0777857310655699
}