{
    "structural_factor": 1.099925673596505,
    "functional_factor": 2.777943325930215
}