{
    "structural_factor": 2.5007834867276877,
    "functional_factor": 2.2712912084320744
}