{
    "structural_factor": 1.1999233595651775,
    "functional_factor": 2.778561957203976
}