{
    "structural_factor": 1.900411514642159,
    "functional_factor": 2.0822115957234812
}