{
    "structural_factor": 3.501565734614368,
    "functional_factor": 1.469341869422522
}