{
    "structural_factor": 1.8495936647789757,
    "functional_factor": 1.0000561203228364
}