{
    "structural_factor": 1.8001587480941608,
    "functional_factor": 3.5746423756399994
}