{
    "structural_factor": 2.7506208736119,
    "functional_factor": 1.5619952226247469
}