{
    "structural_factor": 0.9997431609367864,
    "functional_factor": 1.3883398101911515
}