{
    "structural_factor": 2.25023636017578,
    "functional_factor": 2.77678350759565
}