{
    "structural_factor": 1.6495346780950373,
    "functional_factor": 4.169174025896081
}