{
    "structural_factor": 1.399960763725514,
    "functional_factor": 2.7770081339337516
}