{
    "structural_factor": 1.8624840334955581,
    "functional_factor": 1.381626419220431
}