{
    "structural_factor": 2.4814538490780667,
    "functional_factor": 1.0066070412536063
}