{
    "structural_factor": 1.9250336403765123,
    "functional_factor": 1.33388557308968
}