{
    "structural_factor": 1.0013094169203425,
    "functional_factor": 1.1881131852088616
}