{
    "structural_factor": 1.7497039563979238,
    "functional_factor": 1.000017319961685
}