{
    "structural_factor": 1.4499296601182186,
    "functional_factor": 2.273506865249437
}