{
    "structural_factor": 1.8995743512889864,
    "functional_factor": 1.922289683344889
}