{
    "structural_factor": 3.2498007868810648,
    "functional_factor": 1.0863828931611674
}