{
    "structural_factor": 1.4035780435069505,
    "functional_factor": 1.466194919237175
}