{
    "structural_factor": 1.4997306557330998,
    "functional_factor": 1.000012559950088
}