{
    "structural_factor": 1.1997461777755407,
    "functional_factor": 1.7858679911007393
}