{
    "structural_factor": 1.2000021614564376,
    "functional_factor": 1.6640813670069752
}