{
    "structural_factor": 3.7538713912295805,
    "functional_factor": 3.565345978580862
}