{
    "structural_factor": 2.2041710427130217,
    "functional_factor": 1.3110360277998054
}