{
    "structural_factor": 1.6499710498559172,
    "functional_factor": 2.4997783884330453
}