{
    "structural_factor": 3.7507818116946305,
    "functional_factor": 1.086129546821879
}