{
    "structural_factor": 0.9997515924752187,
    "functional_factor": 1.3881243406329358
}