{
    "structural_factor": 2.0002664170097204,
    "functional_factor": 3.5732312849249244
}