{
    "structural_factor": 1.3994674030339456,
    "functional_factor": 1.922754991969398
}