{
    "structural_factor": 1.4498741275567042,
    "functional_factor": 3.5698351695170216
}