{
    "structural_factor": 2.034449276491691,
    "functional_factor": 1.293274776296186
}