{
    "structural_factor": 2.0897416810037175,
    "functional_factor": 1.3083131536310193
}