{
    "structural_factor": 1.5999505709785435,
    "functional_factor": 1.6639728357610297
}