{
    "structural_factor": 4.003851650450528,
    "functional_factor": 1.0852666130806619
}