{
    "structural_factor": 1.4012146802726162,
    "functional_factor": 1.2479499576012145
}