{
    "structural_factor": 3.251111078790243,
    "functional_factor": 1.3881960003741773
}