{
    "structural_factor": 1.7494117302492376,
    "functional_factor": 4.165122929557946
}