{
    "structural_factor": 1.800121786503801,
    "functional_factor": 1.6638926197471122
}