{
    "structural_factor": 1.299481202296074,
    "functional_factor": 1.9237221177600403
}