{
    "structural_factor": 1.5496472770672036,
    "functional_factor": 1.0000395212806386
}