{
    "structural_factor": 4.0029279335638615,
    "functional_factor": 2.2699211952512544
}