{
    "structural_factor": 1.5498417661343409,
    "functional_factor": 1.7853233909502273
}