{
    "structural_factor": 3.001550231337677,
    "functional_factor": 2.7749715039617175
}