{
    "structural_factor": 1.199868349610304,
    "functional_factor": 2.5005918622407117
}