{
    "structural_factor": 2.052136251800551,
    "functional_factor": 1.2180913154065423
}