{
    "structural_factor": 2.000192666362914,
    "functional_factor": 1.7851046722164052
}