{
    "structural_factor": 2.0001607847610905,
    "functional_factor": 2.7760891273310104
}