{
    "structural_factor": 1.1499162919601302,
    "functional_factor": 2.5002310430230374
}