{
    "structural_factor": 2.7513220522218305,
    "functional_factor": 2.4989725920191574
}