{
    "structural_factor": 1.2998524801841305,
    "functional_factor": 2.5015272327405786
}