{
    "structural_factor": 3.7554382478058295,
    "functional_factor": 2.2678514497798594
}