{
    "structural_factor": 3.7500431571635198,
    "functional_factor": 0.9998404841513996
}