{
    "structural_factor": 2.500764959079856,
    "functional_factor": 3.570887519851269
}