{
    "structural_factor": 2.254025217133554,
    "functional_factor": 1.1876059688542107
}