{
    "structural_factor": 1.9501468747926074,
    "functional_factor": 2.7769740054811662
}