{
    "structural_factor": 3.7524664390796523,
    "functional_factor": 1.6623446577032441
}