{
    "structural_factor": 3.752996534580576,
    "functional_factor": 1.4687367964362268
}