{
    "structural_factor": 3.7527319624860005,
    "functional_factor": 1.920958172423824
}