{
    "structural_factor": 1.6502211655548018,
    "functional_factor": 1.6640200878542888
}