{
    "structural_factor": 4.004037232876932,
    "functional_factor": 1.4694584291508062
}