{
    "structural_factor": 1.426898656100154,
    "functional_factor": 1.290787728874299
}