{
    "structural_factor": 3.0020317086280164,
    "functional_factor": 1.561267227175373
}