{
    "structural_factor": 1.1998280860164505,
    "functional_factor": 3.5684506901837256
}