{
    "structural_factor": 1.8501798587046094,
    "functional_factor": 2.271382817572811
}