{
    "structural_factor": 1.0998354142066031,
    "functional_factor": 2.082663042088214
}