{
    "structural_factor": 2.7512925095453236,
    "functional_factor": 2.081570265077328
}