{
    "structural_factor": 1.699999307910898,
    "functional_factor": 3.124980840149335
}