{
    "structural_factor": 2.0091055053356457,
    "functional_factor": 1.3904093706484477
}