{
    "structural_factor": 1.850148135595181,
    "functional_factor": 2.778541992995454
}