{
    "structural_factor": 1.7000832395963985,
    "functional_factor": 2.500414142057851
}