{
    "structural_factor": 1.1517661749941326,
    "functional_factor": 1.3136895004425613
}