{
    "structural_factor": 1.844239947784413,
    "functional_factor": 0.9998708411221083
}