{
    "structural_factor": 1.0498511498294343,
    "functional_factor": 2.778054329982441
}