{
    "structural_factor": 1.1998974462834122,
    "functional_factor": 2.7761747867600652
}