{
    "structural_factor": 3.753531376587051,
    "functional_factor": 1.387413675062452
}