{
    "structural_factor": 3.2517069752223127,
    "functional_factor": 4.1606994381800675
}