{
    "structural_factor": 1.4747907608531488,
    "functional_factor": 1.0008365129120649
}