{
    "structural_factor": 1.600118500264392,
    "functional_factor": 3.1240330477203364
}