{
    "structural_factor": 1.199920598028992,
    "functional_factor": 2.7750069894075664
}