{
    "structural_factor": 3.752549711979193,
    "functional_factor": 4.160625337236625
}