{
    "structural_factor": 1.531145403872882,
    "functional_factor": 1.0099295421971193
}