{
    "structural_factor": 1.0521558511837634,
    "functional_factor": 1.1869778578330592
}