{
    "structural_factor": 1.849078761143204,
    "functional_factor": 1.0868608622393956
}