{
    "structural_factor": 3.501923113815669,
    "functional_factor": 4.163959888425685
}