{
    "structural_factor": 3.75208043840456,
    "functional_factor": 1.0858468011549154
}