{
    "structural_factor": 1.8432878491315452,
    "functional_factor": 1.000215997224322
}