{
    "structural_factor": 1.4002989234515824,
    "functional_factor": 1.6637137273160296
}