{
    "structural_factor": 1.1998522053117624,
    "functional_factor": 2.083006443528815
}