{
    "structural_factor": 1.4999356927074852,
    "functional_factor": 2.4997223367697186
}