{
    "structural_factor": 1.2816739744656946,
    "functional_factor": 1.2833536317768774
}