{
    "structural_factor": 3.754334995657109,
    "functional_factor": 1.1884895439601233
}