{
    "structural_factor": 1.9501557410305077,
    "functional_factor": 2.5021423391307516
}