{
    "structural_factor": 1.5724449647506282,
    "functional_factor": 1.0358156195603032
}