{
    "structural_factor": 2.5006972471741182,
    "functional_factor": 1.4701284016321077
}