{
    "structural_factor": 1.87191523010537,
    "functional_factor": 1.2650265382737411
}