{
    "structural_factor": 1.6498530769509658,
    "functional_factor": 1.7848204769266725
}