{
    "structural_factor": 0.9994933686408181,
    "functional_factor": 4.172880185205066
}