{
    "structural_factor": 1.7001182600823834,
    "functional_factor": 2.084034936965123
}