{
    "structural_factor": 1.9624557550091861,
    "functional_factor": 1.0000860355369172
}