{
    "structural_factor": 1.8332164931291048,
    "functional_factor": 1.0845155727518705
}