{
    "structural_factor": 1.759262023817807,
    "functional_factor": 1.2229728187203712
}