{
    "structural_factor": 4.0037310611366035,
    "functional_factor": 1.248058880024622
}