{
    "structural_factor": 1.4499100289090003,
    "functional_factor": 3.5700981583689924
}