{
    "structural_factor": 1.899074431948976,
    "functional_factor": 1.019248142359904
}