{
    "structural_factor": 1.5994223019319938,
    "functional_factor": 1.9227984050032625
}