{
    "structural_factor": 4.002146855996411,
    "functional_factor": 1.387627368085651
}