{
    "structural_factor": 1.4518322886866664,
    "functional_factor": 1.5601234332706346
}