{
    "structural_factor": 1.3999767947478527,
    "functional_factor": 1.785197956727705
}