{
    "structural_factor": 1.2498949054904196,
    "functional_factor": 3.124725913214825
}