{
    "structural_factor": 1.5970600218531446,
    "functional_factor": 1.0055249820958903
}