{
    "structural_factor": 1.2998902928549592,
    "functional_factor": 1.7850322391127285
}