{
    "structural_factor": 1.599815739533329,
    "functional_factor": 1.7860765887621568
}