{
    "structural_factor": 1.3494639598220421,
    "functional_factor": 4.161941986811169
}