{
    "structural_factor": 2.7501384817562045,
    "functional_factor": 4.159168464061067
}