{
    "structural_factor": 1.1498612480657588,
    "functional_factor": 3.5673908656119244
}