{
    "structural_factor": 3.000845217336309,
    "functional_factor": 1.3152709848262303
}