{
    "structural_factor": 3.502832318245916,
    "functional_factor": 1.1353003392070726
}