{
    "structural_factor": 1.5999639350651305,
    "functional_factor": 2.500129281123815
}