{
    "structural_factor": 1.8497031198943987,
    "functional_factor": 4.164665153446492
}