{
    "structural_factor": 1.7990894413987586,
    "functional_factor": 1.086723905650555
}