{
    "structural_factor": 1.4001232261581569,
    "functional_factor": 1.663770535906325
}