{
    "structural_factor": 3.5007070766865045,
    "functional_factor": 4.15765239659776
}