{
    "structural_factor": 1.76916353382622,
    "functional_factor": 1.301346225929001
}