{
    "structural_factor": 1.4999089536762027,
    "functional_factor": 3.572256257345843
}