{
    "structural_factor": 2.453707341881507,
    "functional_factor": 1.145218828806159
}