{
    "structural_factor": 2.266282045615225,
    "functional_factor": 1.1812690671156327
}