{
    "structural_factor": 0.9998363165472353,
    "functional_factor": 2.083031257717086
}