{
    "structural_factor": 1.8709412824742129,
    "functional_factor": 1.2968031470891477
}