{
    "structural_factor": 1.6485607419921409,
    "functional_factor": 1.0870093997767574
}