{
    "structural_factor": 0.999659901569548,
    "functional_factor": 1.5633357747551555
}