{
    "structural_factor": 4.004090185650792,
    "functional_factor": 1.134923243489789
}