{
    "structural_factor": 1.528612747980294,
    "functional_factor": 1.002984175892903
}