{
    "structural_factor": 1.849722691725918,
    "functional_factor": 1.0000155868672624
}