{
    "structural_factor": 1.971358186124421,
    "functional_factor": 1.3731832880473247
}