{
    "structural_factor": 0.9995379591150892,
    "functional_factor": 1.5631159683475642
}