{
    "structural_factor": 1.5995644281212136,
    "functional_factor": 4.165086440139124
}