{
    "structural_factor": 1.5499470527614172,
    "functional_factor": 2.501334604667327
}