{
    "structural_factor": 2.999406601975294,
    "functional_factor": 1.0000227228664131
}