{
    "structural_factor": 3.7537070033343194,
    "functional_factor": 1.2479963535874041
}