{
    "structural_factor": 1.1998670557561535,
    "functional_factor": 2.7768490420215137
}