{
    "structural_factor": 1.1498798907970016,
    "functional_factor": 3.1263990695767707
}