{
    "structural_factor": 1.5994479609834262,
    "functional_factor": 1.9232327096437372
}