{
    "structural_factor": 2.4997028576613616,
    "functional_factor": 1.9225074361251733
}