{
    "structural_factor": 1.6499865644548322,
    "functional_factor": 3.57129614508748
}