{
    "structural_factor": 2.259895975322948,
    "functional_factor": 1.000301541379701
}