{
    "structural_factor": 1.9494996965727898,
    "functional_factor": 1.9220931466966458
}