{
    "structural_factor": 1.289496882716056,
    "functional_factor": 1.210594775902808
}