{
    "structural_factor": 1.0994046944249707,
    "functional_factor": 1.9238567327921379
}