{
    "structural_factor": 1.099876736082964,
    "functional_factor": 3.5730377084629694
}