{
    "structural_factor": 1.8445696522816843,
    "functional_factor": 1.0468482940216608
}