{
    "structural_factor": 2.7503672615443144,
    "functional_factor": 1.7854152592682795
}