{
    "structural_factor": 1.7501185610515197,
    "functional_factor": 3.569149484975709
}