{
    "structural_factor": 1.5494477373857676,
    "functional_factor": 1.9232046150408226
}