{
    "structural_factor": 1.664754579218156,
    "functional_factor": 1.0002597033622143
}