{
    "structural_factor": 2.751215688443948,
    "functional_factor": 2.4987206338785617
}