{
    "structural_factor": 1.0095611749600883,
    "functional_factor": 1.1248824882259763
}