{
    "structural_factor": 1.8799636652605294,
    "functional_factor": 1.0575998412923708
}