{
    "structural_factor": 2.5000498022784843,
    "functional_factor": 1.9228128491994763
}