{
    "structural_factor": 1.4576259013542865,
    "functional_factor": 1.2421835684408058
}