{
    "structural_factor": 3.751694483405056,
    "functional_factor": 1.5613703374112222
}