{
    "structural_factor": 3.2511114013664724,
    "functional_factor": 1.6630482872822896
}