{
    "structural_factor": 2.249746593425018,
    "functional_factor": 1.086459357199552
}