{
    "structural_factor": 0.9994223674946736,
    "functional_factor": 1.9232640101849634
}