{
    "structural_factor": 1.450087614700335,
    "functional_factor": 2.0826346373731197
}