{
    "structural_factor": 1.5285415703226286,
    "functional_factor": 1.003093666560353
}