{
    "structural_factor": 2.5005534962854323,
    "functional_factor": 1.3880561100154907
}