{
    "structural_factor": 0.9998784656562735,
    "functional_factor": 1.2490225002259037
}