{
    "structural_factor": 2.7515472172193527,
    "functional_factor": 1.248442564891666
}