{
    "structural_factor": 1.4324780672885646,
    "functional_factor": 1.3078056744618873
}