{
    "structural_factor": 1.8496280079397651,
    "functional_factor": 1.0000442020199451
}