{
    "structural_factor": 3.0007335148487337,
    "functional_factor": 1.6635011776757405
}