{
    "structural_factor": 1.5501053560642681,
    "functional_factor": 1.663160782882946
}