{
    "structural_factor": 1.1498440988850551,
    "functional_factor": 3.1259440679190917
}