{
    "structural_factor": 2.501297394038266,
    "functional_factor": 3.121719392588728
}