{
    "structural_factor": 2.0002833512893052,
    "functional_factor": 1.6633493969219664
}