{
    "structural_factor": 2.5609774059475083,
    "functional_factor": 1.0972257487706274
}