{
    "structural_factor": 1.0244565908777783,
    "functional_factor": 1.1084169684344338
}