{
    "structural_factor": 1.4500910769277187,
    "functional_factor": 2.0829284111820767
}