{
    "structural_factor": 0.9999435627379781,
    "functional_factor": 1.3154735535135194
}