{
    "structural_factor": 1.9977602660913096,
    "functional_factor": 1.0002451952080946
}