{
    "structural_factor": 1.64959575046088,
    "functional_factor": 4.1624286449295465
}