{
    "structural_factor": 3.7543286484661293,
    "functional_factor": 1.920695694912273
}