{
    "structural_factor": 2.2684006681399054,
    "functional_factor": 1.3429555450821713
}