{
    "structural_factor": 1.199927797115421,
    "functional_factor": 2.779716387653297
}