{
    "structural_factor": 1.3456731970643163,
    "functional_factor": 1.008235211619182
}