{
    "structural_factor": 2.7507636288203527,
    "functional_factor": 3.122912686135617
}