{
    "structural_factor": 1.1504008966912076,
    "functional_factor": 1.4702261417846472
}