{
    "structural_factor": 1.5995940395070123,
    "functional_factor": 1.922643309245734
}