{
    "structural_factor": 1.4494470909631658,
    "functional_factor": 4.160803025377639
}