{
    "structural_factor": 1.3998116628697324,
    "functional_factor": 1.7851901079230044
}