{
    "structural_factor": 2.2552117592583505,
    "functional_factor": 1.0022786019685133
}