{
    "structural_factor": 1.449985182970502,
    "functional_factor": 2.777038278322607
}