{
    "structural_factor": 1.8500836059685069,
    "functional_factor": 1.7849739133872307
}