{
    "structural_factor": 0.9997621175366147,
    "functional_factor": 1.470791272688618
}