{
    "structural_factor": 3.0023919517522546,
    "functional_factor": 1.135148260139846
}