{
    "structural_factor": 1.499462657735427,
    "functional_factor": 1.923186199121724
}