{
    "structural_factor": 2.00151633038156,
    "functional_factor": 1.1353098800755466
}