{
    "structural_factor": 3.251458730272221,
    "functional_factor": 1.1892858545793712
}