{
    "structural_factor": 1.2023856109324709,
    "functional_factor": 1.3854603864058117
}