{
    "structural_factor": 1.7498657753565627,
    "functional_factor": 1.785409556662529
}