{
    "structural_factor": 2.084627018493264,
    "functional_factor": 1.2652468626421511
}