{
    "structural_factor": 1.8002485667028212,
    "functional_factor": 2.4980995040612335
}