{
    "structural_factor": 1.452705636212648,
    "functional_factor": 1.0646727901587079
}