{
    "structural_factor": 1.049845327465941,
    "functional_factor": 2.4996416573184996
}