{
    "structural_factor": 0.9998698568719393,
    "functional_factor": 3.1251278094395065
}