{
    "structural_factor": 1.0497988116129227,
    "functional_factor": 1.3886204372711075
}