{
    "structural_factor": 1.8393207983976467,
    "functional_factor": 1.0023543962582244
}