{
    "structural_factor": 1.5499918079469408,
    "functional_factor": 2.7777114610478266
}