{
    "structural_factor": 1.4498360704459834,
    "functional_factor": 2.2726988972271434
}