{
    "structural_factor": 0.9998824787647171,
    "functional_factor": 1.315689528730933
}