{
    "structural_factor": 3.249649464285441,
    "functional_factor": 0.9999640023563168
}