{
    "structural_factor": 1.2625999826370684,
    "functional_factor": 1.3024346183321565
}