{
    "structural_factor": 0.9997965205974657,
    "functional_factor": 1.0000187237562872
}