{
    "structural_factor": 1.3419486804114167,
    "functional_factor": 1.0107466571021926
}