{
    "structural_factor": 2.751600960950291,
    "functional_factor": 2.776505023880718
}