{
    "structural_factor": 1.8497665939857835,
    "functional_factor": 1.7845652349855452
}