{
    "structural_factor": 1.5994716792961257,
    "functional_factor": 1.9227869657182834
}