{
    "structural_factor": 1.6495433905564865,
    "functional_factor": 4.169401361404487
}