{
    "structural_factor": 1.4599820513743857,
    "functional_factor": 1.2404869445377866
}