{
    "structural_factor": 1.1996523323087656,
    "functional_factor": 2.0823937359943603
}