{
    "structural_factor": 2.5003501458122406,
    "functional_factor": 2.2719890785350723
}