{
    "structural_factor": 3.504024355642423,
    "functional_factor": 2.772762178130971
}