{
    "structural_factor": 1.1493702255250193,
    "functional_factor": 1.9241391803981147
}