{
    "structural_factor": 1.2043280593207655,
    "functional_factor": 1.2444126532510635
}