{
    "structural_factor": 1.5999848085847388,
    "functional_factor": 1.7843554711974607
}