{
    "structural_factor": 1.837273499254552,
    "functional_factor": 1.2886664562060817
}