{
    "structural_factor": 2.9994642904638678,
    "functional_factor": 0.9999998894179633
}