{
    "structural_factor": 4.00571181155819,
    "functional_factor": 1.24745208050353
}