{
    "structural_factor": 1.3994838826294427,
    "functional_factor": 4.164095715621087
}