{
    "structural_factor": 3.7520345679252185,
    "functional_factor": 1.3880371213500404
}