{
    "structural_factor": 3.000883215597751,
    "functional_factor": 1.5614757402782073
}