{
    "structural_factor": 1.0493320331904625,
    "functional_factor": 1.6646775486745913
}