{
    "structural_factor": 3.5030158095382293,
    "functional_factor": 2.773650012395042
}