{
    "structural_factor": 3.0017068976357613,
    "functional_factor": 1.5611442935519249
}