{
    "structural_factor": 1.1496855138497732,
    "functional_factor": 2.27247541372807
}