{
    "structural_factor": 1.91392221976419,
    "functional_factor": 1.0682483164017353
}