{
    "structural_factor": 2.0005050285657973,
    "functional_factor": 3.1248562881062494
}