{
    "structural_factor": 2.2514921266731247,
    "functional_factor": 1.3875157260062658
}