{
    "structural_factor": 1.6371778341549517,
    "functional_factor": 1.1442646149895246
}