{
    "structural_factor": 4.003268028955707,
    "functional_factor": 1.3873482892332873
}