{
    "structural_factor": 2.750142719449404,
    "functional_factor": 1.562367457472928
}