{
    "structural_factor": 0.999854229009255,
    "functional_factor": 3.5713799272324778
}