{
    "structural_factor": 2.7517335354445853,
    "functional_factor": 3.123293781263277
}