{
    "structural_factor": 1.1867172473813639,
    "functional_factor": 1.0522000026086462
}