{
    "structural_factor": 3.251232057245318,
    "functional_factor": 1.663070228339187
}