{
    "structural_factor": 1.4498401765657243,
    "functional_factor": 1.7862254947670455
}