{
    "structural_factor": 1.4643926476072122,
    "functional_factor": 1.3272099737603982
}