{
    "structural_factor": 2.5010804947007514,
    "functional_factor": 2.774774949032277
}