{
    "structural_factor": 1.099787645884251,
    "functional_factor": 3.1265150586470023
}