{
    "structural_factor": 3.251708517876176,
    "functional_factor": 1.9216372002905775
}