{
    "structural_factor": 1.6096173571779473,
    "functional_factor": 1.2938823020031525
}