{
    "structural_factor": 3.502344393541199,
    "functional_factor": 1.248185437483856
}