{
    "structural_factor": 3.001358472030868,
    "functional_factor": 1.4697694009370577
}