{
    "structural_factor": 1.8000749373791516,
    "functional_factor": 2.499008654157138
}