{
    "structural_factor": 1.3999368155351009,
    "functional_factor": 1.7867175284945598
}