{
    "structural_factor": 1.2697110304408317,
    "functional_factor": 1.2950700553140517
}