{
    "structural_factor": 1.4998738702659673,
    "functional_factor": 1.7857965268450295
}