{
    "structural_factor": 1.814231073152035,
    "functional_factor": 1.0958295042924122
}