{
    "structural_factor": 1.550005293903426,
    "functional_factor": 3.1254252192277576
}