{
    "structural_factor": 1.4495401272312736,
    "functional_factor": 4.168058858851009
}