{
    "structural_factor": 1.9787589916827717,
    "functional_factor": 1.2965931551516316
}