{
    "structural_factor": 2.750616096735981,
    "functional_factor": 1.1358953093761401
}