{
    "structural_factor": 3.5012761637981855,
    "functional_factor": 1.7846777035056687
}