{
    "structural_factor": 1.0495570701930217,
    "functional_factor": 4.166986214341273
}