{
    "structural_factor": 1.4999563245445082,
    "functional_factor": 1.6642900742399909
}