{
    "structural_factor": 1.306882424198468,
    "functional_factor": 1.3809110886363543
}