{
    "structural_factor": 1.8502533118034385,
    "functional_factor": 2.0816859241177212
}