{
    "structural_factor": 1.1497114277492249,
    "functional_factor": 1.785775265243905
}