{
    "structural_factor": 3.0005269602788194,
    "functional_factor": 4.164005761181439
}