{
    "structural_factor": 3.5024256898740918,
    "functional_factor": 1.2481568876036113
}