{
    "structural_factor": 1.3495653171015733,
    "functional_factor": 4.168448845350856
}