{
    "structural_factor": 1.1495517719987947,
    "functional_factor": 4.163444527372043
}