{
    "structural_factor": 3.249664847509498,
    "functional_factor": 0.9999715691668835
}