{
    "structural_factor": 1.1003036181945012,
    "functional_factor": 1.3879740931188247
}