{
    "structural_factor": 1.5501233493513085,
    "functional_factor": 2.0832115730897027
}