{
    "structural_factor": 2.250442651348778,
    "functional_factor": 2.7751386294676426
}