{
    "structural_factor": 0.9997612897925272,
    "functional_factor": 1.4707418413492148
}