{
    "structural_factor": 1.7584551930304975,
    "functional_factor": 1.0012088377432262
}