{
    "structural_factor": 1.7000367460454697,
    "functional_factor": 2.5007591315933517
}