{
    "structural_factor": 1.6986158709634809,
    "functional_factor": 1.0870472654154681
}