{
    "structural_factor": 0.999471188625388,
    "functional_factor": 1.9236579352966248
}