{
    "structural_factor": 2.250273080635625,
    "functional_factor": 1.7847804031009373
}