{
    "structural_factor": 1.5499850773832773,
    "functional_factor": 3.5732792644349978
}