{
    "structural_factor": 0.9998918314744086,
    "functional_factor": 1.315740471660583
}