{
    "structural_factor": 1.7972549791568175,
    "functional_factor": 1.1119886894260345
}