{
    "structural_factor": 1.0999877897057666,
    "functional_factor": 1.4698189882562522
}