{
    "structural_factor": 2.501046676547711,
    "functional_factor": 3.1244495153271643
}