{
    "structural_factor": 2.750981479315079,
    "functional_factor": 3.572818593767234
}