{
    "structural_factor": 1.900168679090153,
    "functional_factor": 2.2723145530341786
}