{
    "structural_factor": 3.0023925450134783,
    "functional_factor": 3.121583996031358
}