{
    "structural_factor": 4.004298563413373,
    "functional_factor": 1.1348948620156196
}