{
    "structural_factor": 1.7002761625532203,
    "functional_factor": 2.0827677254260664
}