{
    "structural_factor": 1.3499209404672168,
    "functional_factor": 2.5001871588467717
}