{
    "structural_factor": 1.1498862090994633,
    "functional_factor": 2.500052819378021
}