{
    "structural_factor": 1.4000944955701264,
    "functional_factor": 1.6638698020716167
}