{
    "structural_factor": 1.349451474936307,
    "functional_factor": 1.92328943239166
}