{
    "structural_factor": 1.7258634430014765,
    "functional_factor": 1.2063907071732258
}