{
    "structural_factor": 1.5497061866455162,
    "functional_factor": 1.0000339218811065
}