{
    "structural_factor": 0.9997519214295282,
    "functional_factor": 1.4706524415993556
}