{
    "structural_factor": 1.5084382154307483,
    "functional_factor": 1.4133202469780557
}