{
    "structural_factor": 1.8999053731235338,
    "functional_factor": 1.784777995105672
}