{
    "structural_factor": 1.988803190718441,
    "functional_factor": 1.1829538599614478
}