{
    "structural_factor": 1.0999121126303277,
    "functional_factor": 3.573835891322985
}