{
    "structural_factor": 1.6494822597195449,
    "functional_factor": 4.163199255147913
}