{
    "structural_factor": 1.2495144794959632,
    "functional_factor": 1.9227974669583499
}