{
    "structural_factor": 1.7987932333809948,
    "functional_factor": 1.0869692573065362
}