{
    "structural_factor": 3.0031696320750267,
    "functional_factor": 1.2476876066067841
}