{
    "structural_factor": 1.3804443821197587,
    "functional_factor": 1.0222043273498194
}