{
    "structural_factor": 1.2498588275550402,
    "functional_factor": 3.1231148085478355
}