{
    "structural_factor": 2.5006620978093452,
    "functional_factor": 1.78471521550111
}