{
    "structural_factor": 1.7074963255443179,
    "functional_factor": 1.309842262174107
}