{
    "structural_factor": 1.199483322278422,
    "functional_factor": 4.1674125267588344
}