{
    "structural_factor": 1.8004226342939444,
    "functional_factor": 1.6635645127137888
}