{
    "structural_factor": 1.1998466717271765,
    "functional_factor": 2.2720731019232234
}