{
    "structural_factor": 1.727715559393608,
    "functional_factor": 1.2563847705120301
}