{
    "structural_factor": 1.5493511091530232,
    "functional_factor": 4.1675645948967075
}