{
    "structural_factor": 1.3499355348891955,
    "functional_factor": 1.663938106906374
}