{
    "structural_factor": 4.007208136698108,
    "functional_factor": 1.187643833185565
}