{
    "structural_factor": 3.7531317346171864,
    "functional_factor": 1.3877194845842844
}