{
    "structural_factor": 2.250387766833108,
    "functional_factor": 2.7758309940277375
}