{
    "structural_factor": 2.177846741446931,
    "functional_factor": 1.3988508937215338
}