{
    "structural_factor": 2.5004897871555163,
    "functional_factor": 1.1359200440810746
}