{
    "structural_factor": 2.251359797266876,
    "functional_factor": 1.5612765010604333
}