{
    "structural_factor": 1.2504062702790408,
    "functional_factor": 1.4700499558216849
}