{
    "structural_factor": 3.002377765032009,
    "functional_factor": 1.4692148688319304
}