{
    "structural_factor": 1.900226946967322,
    "functional_factor": 3.5732108893303094
}