{
    "structural_factor": 1.1011924542797256,
    "functional_factor": 1.2474130395189498
}