{
    "structural_factor": 1.5500325499880647,
    "functional_factor": 2.777409099415579
}