{
    "structural_factor": 2.094223910480391,
    "functional_factor": 1.4170593334956545
}