{
    "structural_factor": 1.1998195519462487,
    "functional_factor": 2.084330632021023
}