{
    "structural_factor": 1.199835456673818,
    "functional_factor": 2.2721118478063898
}