{
    "structural_factor": 1.8998925217535805,
    "functional_factor": 4.167759941801152
}