{
    "structural_factor": 1.0499172786341235,
    "functional_factor": 3.123684955832284
}