{
    "structural_factor": 2.185802248351183,
    "functional_factor": 0.9999413210281478
}