{
    "structural_factor": 1.8001376930435085,
    "functional_factor": 2.7774269701110272
}