{
    "structural_factor": 4.00023277029059,
    "functional_factor": 0.999768992830712
}