{
    "structural_factor": 1.1999161893807395,
    "functional_factor": 2.7771194812333198
}