{
    "structural_factor": 3.2517833912519643,
    "functional_factor": 2.77545553468498
}