{
    "structural_factor": 1.9266050190996038,
    "functional_factor": 1.2608128697545045
}