{
    "structural_factor": 2.0811005187799316,
    "functional_factor": 1.0001332893425054
}