{
    "structural_factor": 1.4105427457673945,
    "functional_factor": 1.4594198675484615
}