{
    "structural_factor": 1.5499620540717371,
    "functional_factor": 3.1237596732053614
}