{
    "structural_factor": 0.9999189741912872,
    "functional_factor": 1.2488701251019416
}