{
    "structural_factor": 2.5004629538566303,
    "functional_factor": 1.663653646874615
}