{
    "structural_factor": 2.2494398032125478,
    "functional_factor": 1.0867078373778543
}