{
    "structural_factor": 1.755129297641781,
    "functional_factor": 1.304651833992068
}