{
    "structural_factor": 1.0497580690852804,
    "functional_factor": 1.0000493538299837
}