{
    "structural_factor": 1.101168398938229,
    "functional_factor": 1.2476251490166865
}