{
    "structural_factor": 3.2511934648881873,
    "functional_factor": 1.248843801720443
}