{
    "structural_factor": 2.253995665434881,
    "functional_factor": 1.467858744315001
}