{
    "structural_factor": 3.7541407803208946,
    "functional_factor": 2.270087461907321
}