{
    "structural_factor": 2.2580027957698796,
    "functional_factor": 1.0011287079600077
}