{
    "structural_factor": 2.000649492367792,
    "functional_factor": 1.35917512112589
}