{
    "structural_factor": 1.7503502701725662,
    "functional_factor": 1.663704065982757
}