{
    "structural_factor": 1.4494937626734277,
    "functional_factor": 1.922405285621786
}