{
    "structural_factor": 1.8002285364661812,
    "functional_factor": 3.5707509654817504
}