{
    "structural_factor": 1.999662902817805,
    "functional_factor": 1.0000185994845259
}