{
    "structural_factor": 1.700080058834947,
    "functional_factor": 2.499714524052312
}