{
    "structural_factor": 2.030094483792953,
    "functional_factor": 1.194985629656314
}