{
    "structural_factor": 0.9999006699158527,
    "functional_factor": 1.31550380661325
}