{
    "structural_factor": 2.7510089542014806,
    "functional_factor": 1.135795641618198
}