{
    "structural_factor": 1.5999650027520524,
    "functional_factor": 3.1253389505077735
}