{
    "structural_factor": 3.755094159563003,
    "functional_factor": 2.0808360549666576
}