{
    "structural_factor": 1.4999625077539482,
    "functional_factor": 2.7779079142498126
}