{
    "structural_factor": 1.6995571373413383,
    "functional_factor": 4.164263038063005
}