{
    "structural_factor": 1.149683543223251,
    "functional_factor": 2.2732041002808256
}