{
    "structural_factor": 1.8316726402297707,
    "functional_factor": 1.1253555298800075
}