{
    "structural_factor": 3.2526238916312376,
    "functional_factor": 2.080722074572613
}