{
    "structural_factor": 3.25078972008415,
    "functional_factor": 1.9224835422038544
}