{
    "structural_factor": 3.752501574672371,
    "functional_factor": 1.7847952146295154
}