{
    "structural_factor": 1.5772968531517673,
    "functional_factor": 1.2095697292603884
}