{
    "structural_factor": 1.7209928529019767,
    "functional_factor": 1.366770801462828
}