{
    "structural_factor": 4.0023586399453945,
    "functional_factor": 4.153938054949323
}