{
    "structural_factor": 1.7502786771117977,
    "functional_factor": 2.08414533060904
}