{
    "structural_factor": 1.9997535071537458,
    "functional_factor": 4.1649861286912495
}