{
    "structural_factor": 1.349971374204575,
    "functional_factor": 2.0832575075608406
}