{
    "structural_factor": 1.0498347957353835,
    "functional_factor": 1.3888533797938871
}