{
    "structural_factor": 1.6000754484837219,
    "functional_factor": 1.6638423865123326
}