{
    "structural_factor": 3.25188818465209,
    "functional_factor": 1.9204384077169816
}