{
    "structural_factor": 1.4652180168898212,
    "functional_factor": 1.454977914424784
}