{
    "structural_factor": 1.4000403088461477,
    "functional_factor": 2.0823723101866047
}