{
    "structural_factor": 1.8503144446221413,
    "functional_factor": 2.0829334279922214
}