{
    "structural_factor": 1.2999607708786303,
    "functional_factor": 2.7766414521067753
}