{
    "structural_factor": 3.002292177968633,
    "functional_factor": 3.5703143371460335
}