{
    "structural_factor": 1.3499892481930054,
    "functional_factor": 3.123637988414735
}