{
    "structural_factor": 1.550013801717701,
    "functional_factor": 2.5010229468794702
}