{
    "structural_factor": 2.2499071693709705,
    "functional_factor": 1.785621333100278
}