{
    "structural_factor": 1.1498164047938098,
    "functional_factor": 2.2739045787754444
}