{
    "structural_factor": 1.7486421768622675,
    "functional_factor": 1.0869542841001472
}