{
    "structural_factor": 1.2009670483419517,
    "functional_factor": 1.4687638482867167
}