{
    "structural_factor": 1.4999232429113882,
    "functional_factor": 3.57397423454246
}