{
    "structural_factor": 3.253002758991862,
    "functional_factor": 2.0814154284285222
}