{
    "structural_factor": 1.9485400201475709,
    "functional_factor": 1.0870728748810476
}