{
    "structural_factor": 1.7002821540799151,
    "functional_factor": 1.6634441077580764
}