{
    "structural_factor": 3.2519003220596963,
    "functional_factor": 1.6629233320681929
}