{
    "structural_factor": 1.249888031976772,
    "functional_factor": 3.572483306346058
}