{
    "structural_factor": 1.2494586258558154,
    "functional_factor": 4.167347905207236
}