{
    "structural_factor": 2.0188804144258716,
    "functional_factor": 1.2031103587085377
}