{
    "structural_factor": 1.200266392092384,
    "functional_factor": 1.5622273736560948
}