{
    "structural_factor": 1.982037628330682,
    "functional_factor": 1.29424958504358
}