{
    "structural_factor": 1.7500610009769793,
    "functional_factor": 2.272622828871219
}