{
    "structural_factor": 2.999741018735475,
    "functional_factor": 1.086506974107865
}