{
    "structural_factor": 1.499883252605713,
    "functional_factor": 2.2729744318914813
}