{
    "structural_factor": 1.0995453032305482,
    "functional_factor": 4.166020823160375
}