{
    "structural_factor": 1.2100954473641607,
    "functional_factor": 1.238380847643995
}