{
    "structural_factor": 1.4994891496529206,
    "functional_factor": 1.9227876061463192
}