{
    "structural_factor": 2.99955493946546,
    "functional_factor": 0.9999935499503478
}