{
    "structural_factor": 1.9002716235857806,
    "functional_factor": 1.6638920829435373
}