{
    "structural_factor": 1.0496873277507628,
    "functional_factor": 1.5621876879243914
}