{
    "structural_factor": 3.755157962719817,
    "functional_factor": 2.4954772772429616
}