{
    "structural_factor": 1.2505338200795215,
    "functional_factor": 1.5612637235833535
}