{
    "structural_factor": 2.751305241715071,
    "functional_factor": 2.2705406203429943
}