{
    "structural_factor": 1.7112189229688117,
    "functional_factor": 1.551872086641075
}