{
    "structural_factor": 1.5501940861405499,
    "functional_factor": 1.0859717641899949
}