{
    "structural_factor": 1.150163991255778,
    "functional_factor": 1.4695732688149021
}