{
    "structural_factor": 1.7996009499319776,
    "functional_factor": 4.166935124228595
}