{
    "structural_factor": 1.585501316833514,
    "functional_factor": 1.002984349617761
}