{
    "structural_factor": 1.7994036937983335,
    "functional_factor": 1.9226003820325706
}