{
    "structural_factor": 3.502147046025201,
    "functional_factor": 1.7848714878609415
}