{
    "structural_factor": 1.7502378484600345,
    "functional_factor": 3.1242225542625723
}