{
    "structural_factor": 3.2521590062127372,
    "functional_factor": 3.570206600525945
}