{
    "structural_factor": 3.7535216929686426,
    "functional_factor": 3.5657314102129742
}