{
    "structural_factor": 1.250058187889779,
    "functional_factor": 1.6640715826841228
}