{
    "structural_factor": 1.748305293359219,
    "functional_factor": 1.087124221742136
}