{
    "structural_factor": 1.4995833041786253,
    "functional_factor": 4.160599108531585
}