{
    "structural_factor": 3.2522491446626605,
    "functional_factor": 2.775788084998151
}