{
    "structural_factor": 3.251365930407115,
    "functional_factor": 1.1891030472057473
}