{
    "structural_factor": 1.755121630284437,
    "functional_factor": 1.5577956413848273
}