{
    "structural_factor": 1.4999728864107313,
    "functional_factor": 1.6635596062760647
}