{
    "structural_factor": 3.7528139009228356,
    "functional_factor": 1.5612471913857389
}