{
    "structural_factor": 2.7511189845964354,
    "functional_factor": 2.082630897963155
}