{
    "structural_factor": 1.199898589002432,
    "functional_factor": 2.082157634731977
}