{
    "structural_factor": 3.7526829832112063,
    "functional_factor": 4.164939542526977
}