{
    "structural_factor": 3.752844824424858,
    "functional_factor": 1.9201229126632662
}