{
    "structural_factor": 3.7483858587991388,
    "functional_factor": 1.0864173797003613
}