{
    "structural_factor": 1.1498526772976105,
    "functional_factor": 2.7774731049931125
}