{
    "structural_factor": 1.949929434095477,
    "functional_factor": 1.7852145192916982
}