{
    "structural_factor": 1.899679727225638,
    "functional_factor": 1.000001870541392
}