{
    "structural_factor": 1.902761323269865,
    "functional_factor": 1.0002099702792802
}