{
    "structural_factor": 2.7508788444622665,
    "functional_factor": 4.160002865098956
}