{
    "structural_factor": 1.850216700293935,
    "functional_factor": 3.1230322995429365
}