{
    "structural_factor": 1.850064656786872,
    "functional_factor": 2.778507079292538
}