{
    "structural_factor": 1.599971222033817,
    "functional_factor": 3.5710254885700063
}