{
    "structural_factor": 1.7995938242625698,
    "functional_factor": 1.0000263836481191
}