{
    "structural_factor": 1.800229718266125,
    "functional_factor": 3.567833935241994
}