{
    "structural_factor": 2.0001621414943247,
    "functional_factor": 2.0823172709419433
}