{
    "structural_factor": 3.50518178304188,
    "functional_factor": 1.188073893798664
}