{
    "structural_factor": 1.5424904732312785,
    "functional_factor": 1.0024465156986264
}