{
    "structural_factor": 1.0996887254042613,
    "functional_factor": 2.272539226266803
}