{
    "structural_factor": 1.6494130202977304,
    "functional_factor": 1.9230245339237446
}