{
    "structural_factor": 1.6494837462231824,
    "functional_factor": 4.165322157763338
}