{
    "structural_factor": 2.0735703769382514,
    "functional_factor": 1.3117755528553834
}