{
    "structural_factor": 1.2510587843188523,
    "functional_factor": 1.2481374881411897
}