{
    "structural_factor": 1.9185430227725797,
    "functional_factor": 2.887882314615807
}