{
    "structural_factor": 1.4599781933681306,
    "functional_factor": 1.0351152017584542
}