{
    "structural_factor": 1.0586143519357856,
    "functional_factor": 1.4780722943846119
}