{
    "structural_factor": 1.8651152513040667,
    "functional_factor": 2.0615430568193536
}