{
    "structural_factor": 1.6102002971542337,
    "functional_factor": 2.1597754571712584
}