{
    "structural_factor": 3.786013507934557,
    "functional_factor": 1.1169794903917432
}