{
    "structural_factor": 1.8713495507904028,
    "functional_factor": 2.5151686189845743
}