{
    "structural_factor": 1.6886583605861794,
    "functional_factor": 1.2310387680137709
}