{
    "structural_factor": 1.1453022571259972,
    "functional_factor": 2.980635148375165
}