{
    "structural_factor": 1.1998527675748445,
    "functional_factor": 0.9999771915548172
}