{
    "structural_factor": 2.1142248282950926,
    "functional_factor": 2.1591160125910087
}