{
    "structural_factor": 3.773164978292817,
    "functional_factor": 1.069466785319926
}