{
    "structural_factor": 4.266793596654181,
    "functional_factor": 1.0728535741927352
}