{
    "structural_factor": 1.8584725151571178,
    "functional_factor": 1.5495364555065116
}