{
    "structural_factor": 1.3556414893700433,
    "functional_factor": 1.3111718278528641
}