{
    "structural_factor": 4.041936658485882,
    "functional_factor": 2.026936411949504
}