{
    "structural_factor": 1.8144422552160255,
    "functional_factor": 3.005371854221964
}