{
    "structural_factor": 4.261431361475502,
    "functional_factor": 1.2700622775266253
}