{
    "structural_factor": 0.9099579880951808,
    "functional_factor": 4.476715717967753
}