{
    "structural_factor": 1.707462738280858,
    "functional_factor": 1.029225037979128
}