{
    "structural_factor": 1.4073390472736447,
    "functional_factor": 3.548333251950212
}