{
    "structural_factor": 1.29322119463127,
    "functional_factor": 1.3230760835267046
}