{
    "structural_factor": 1.0669603200715734,
    "functional_factor": 1.1519115100561044
}