{
    "structural_factor": 1.2294592066615342,
    "functional_factor": 2.5053340661750942
}