{
    "structural_factor": 1.6535376480213717,
    "functional_factor": 2.9919161576943494
}