{
    "structural_factor": 1.0206850108363246,
    "functional_factor": 1.2426270197116578
}