{
    "structural_factor": 1.5179494857673739,
    "functional_factor": 1.2198748636699115
}