{
    "structural_factor": 1.0525505947255656,
    "functional_factor": 3.1223678004406588
}