{
    "structural_factor": 3.8754898571534646,
    "functional_factor": 3.5143800783419503
}