{
    "structural_factor": 2.9052824488003206,
    "functional_factor": 3.2421244846608754
}