{
    "structural_factor": 1.4938610759993483,
    "functional_factor": 1.1632492136399792
}