{
    "structural_factor": 2.764385718377626,
    "functional_factor": 2.6092709683058226
}