{
    "structural_factor": 2.2590929906750143,
    "functional_factor": 1.015250903343588
}