{
    "structural_factor": 2.8364947799664475,
    "functional_factor": 5.547636383721675
}