{
    "structural_factor": 1.3419676296118863,
    "functional_factor": 1.8869019425025895
}