{
    "structural_factor": 3.079280688039278,
    "functional_factor": 2.600874756807236
}