{
    "structural_factor": 3.716761806202834,
    "functional_factor": 3.5613130550071688
}