{
    "structural_factor": 1.3009685121374996,
    "functional_factor": 1.9871263212832255
}