{
    "structural_factor": 4.532851848330053,
    "functional_factor": 1.2046206766359777
}