{
    "structural_factor": 1.0032155537577732,
    "functional_factor": 2.55219494541863
}