{
    "structural_factor": 1.7933130225834484,
    "functional_factor": 1.9190543855605433
}