{
    "structural_factor": 1.0996428572264474,
    "functional_factor": 1.8878359336294712
}