{
    "structural_factor": 1.9516211793164324,
    "functional_factor": 1.1310221713924917
}