{
    "structural_factor": 4.016835193638062,
    "functional_factor": 1.0431443325909913
}