{
    "structural_factor": 1.5660305512428265,
    "functional_factor": 1.0387957146999223
}