{
    "structural_factor": 4.285553355806899,
    "functional_factor": 1.1327865738580853
}