{
    "structural_factor": 3.499840659695035,
    "functional_factor": 0.9998702743772151
}