{
    "structural_factor": 2.4305168984316867,
    "functional_factor": 4.919945960927305
}