{
    "structural_factor": 1.301268056988124,
    "functional_factor": 1.003792423801205
}