{
    "structural_factor": 3.2980737642865634,
    "functional_factor": 1.1782920415623255
}