{
    "structural_factor": 1.7055651432325405,
    "functional_factor": 2.002448989380157
}