{
    "structural_factor": 0.9876974329327706,
    "functional_factor": 3.522042761330408
}