{
    "structural_factor": 1.0847285550567063,
    "functional_factor": 1.2452307298232064
}