{
    "structural_factor": 1.4143570340665639,
    "functional_factor": 2.5731521107599256
}