{
    "structural_factor": 2.2811082994781757,
    "functional_factor": 1.1211360523794425
}