{
    "structural_factor": 1.6103755159736104,
    "functional_factor": 2.132894528421881
}