{
    "structural_factor": 1.2738693233963967,
    "functional_factor": 3.54773004165866
}