{
    "structural_factor": 0.7611871030561871,
    "functional_factor": 5.409382018687541
}