{
    "structural_factor": 0.8005331757918457,
    "functional_factor": 9.976662976855655
}