{
    "structural_factor": 3.8003913989751883,
    "functional_factor": 1.4113200755205189
}