{
    "structural_factor": 4.68120836189737,
    "functional_factor": 2.552501769150627
}