{
    "structural_factor": 1.6611385473138849,
    "functional_factor": 1.2799720664976268
}