{
    "structural_factor": 4.0081051724924475,
    "functional_factor": 1.0180533110036114
}