{
    "structural_factor": 1.0771801789872912,
    "functional_factor": 1.7353836657119508
}