{
    "structural_factor": 1.002434289640652,
    "functional_factor": 1.0157798092489052
}