{
    "structural_factor": 5.011278277497133,
    "functional_factor": 1.0353588366365427
}