{
    "structural_factor": 1.662917001329128,
    "functional_factor": 1.0312749484278056
}