{
    "structural_factor": 2.4820312858843905,
    "functional_factor": 1.9431936848084237
}