{
    "structural_factor": 2.886638873688182,
    "functional_factor": 9.75652233715366
}