{
    "structural_factor": 1.6791103027175693,
    "functional_factor": 4.233821664000105
}