{
    "structural_factor": 2.7412486548514985,
    "functional_factor": 1.7416565928942316
}