{
    "structural_factor": 4.124147590344528,
    "functional_factor": 1.3692255965350917
}