{
    "structural_factor": 4.389986706604238,
    "functional_factor": 1.7414434762492386
}