{
    "structural_factor": 2.4615254011379104,
    "functional_factor": 2.422075265287203
}