{
    "structural_factor": 1.37371223904374,
    "functional_factor": 1.681577663745576
}