{
    "structural_factor": 4.519328993736871,
    "functional_factor": 1.0833440614828143
}