{
    "structural_factor": 1.2090554332756447,
    "functional_factor": 1.029407814065147
}