{
    "structural_factor": 1.6737474471528089,
    "functional_factor": 1.0563444720945538
}