{
    "structural_factor": 1.241058042255569,
    "functional_factor": 1.6187678014405353
}