{
    "structural_factor": 1.3770735111699073,
    "functional_factor": 2.677875520654933
}