{
    "structural_factor": 3.4998806027340055,
    "functional_factor": 0.9998655903668063
}