{
    "structural_factor": 1.1590096049435406,
    "functional_factor": 1.4415757570809422
}