{
    "structural_factor": 1.4712424324097473,
    "functional_factor": 1.0619047978413945
}