{
    "structural_factor": 1.2509335564670239,
    "functional_factor": 1.2248410182865213
}