{
    "structural_factor": 1.2224712596597973,
    "functional_factor": 2.761653682475193
}