{
    "structural_factor": 1.1785270516377622,
    "functional_factor": 1.1034261208488314
}