{
    "structural_factor": 0.9917239761314576,
    "functional_factor": 7.105781892545431
}