{
    "structural_factor": 1.2352139582493318,
    "functional_factor": 1.435458525265639
}