{
    "structural_factor": 1.8396390517847965,
    "functional_factor": 1.1102430680345894
}