{
    "structural_factor": 1.3635621336037254,
    "functional_factor": 1.0391345932515288
}