{
    "structural_factor": 3.134039112639029,
    "functional_factor": 3.4309380645017336
}