{
    "structural_factor": 4.268332831492423,
    "functional_factor": 1.0456098932304916
}