{
    "structural_factor": 1.1639142109903342,
    "functional_factor": 1.0649196264153953
}