{
    "structural_factor": 5.002088926700545,
    "functional_factor": 0.9994380071637076
}