{
    "structural_factor": 1.548217601668382,
    "functional_factor": 3.028759138600845
}