{
    "structural_factor": 1.0779052445650774,
    "functional_factor": 1.147886065478434
}