{
    "structural_factor": 1.5650363504154505,
    "functional_factor": 1.308072979173221
}