{
    "structural_factor": 1.426814824566465,
    "functional_factor": 3.7279000680712597
}