{
    "structural_factor": 1.8967881307532923,
    "functional_factor": 1.1003056508588116
}