{
    "structural_factor": 3.7618304649200653,
    "functional_factor": 1.0356050423032312
}