{
    "structural_factor": 2.7530147137328758,
    "functional_factor": 1.0039465732014
}