{
    "structural_factor": 1.8761418242041434,
    "functional_factor": 1.4962143666822074
}