{
    "structural_factor": 2.192082648347312,
    "functional_factor": 3.0337541427936943
}