{
    "structural_factor": 1.8139193324805656,
    "functional_factor": 1.030762469318396
}