{
    "structural_factor": 1.1198548187559354,
    "functional_factor": 1.102382542643197
}