{
    "structural_factor": 3.753070695541924,
    "functional_factor": 1.0043982540753233
}