{
    "structural_factor": 2.797342981496471,
    "functional_factor": 1.7287286528714556
}