{
    "structural_factor": 0.9998873894734116,
    "functional_factor": 0.9999949690916382
}