{
    "structural_factor": 1.363913742832135,
    "functional_factor": 1.4749934726510843
}