{
    "structural_factor": 1.480117489301278,
    "functional_factor": 1.5664913304759216
}