{
    "structural_factor": 1.386619030768072,
    "functional_factor": 3.7027662276589974
}