{
    "structural_factor": 1.814446399942563,
    "functional_factor": 1.683221504687957
}