{
    "structural_factor": 4.918634932129199,
    "functional_factor": 1.8399198880542895
}