{
    "structural_factor": 1.9979120201921992,
    "functional_factor": 1.731220990825889
}