{
    "structural_factor": 1.5061568446823892,
    "functional_factor": 1.2035550998739943
}