{
    "structural_factor": 1.2836284924004495,
    "functional_factor": 1.1304454186359818
}