{
    "structural_factor": 3.800225070792484,
    "functional_factor": 1.7265812439208634
}