{
    "structural_factor": 1.8141874060277134,
    "functional_factor": 3.4011239840740837
}