{
    "structural_factor": 1.6977015416797228,
    "functional_factor": 1.9163597217411934
}