{
    "structural_factor": 1.4168100760165219,
    "functional_factor": 2.2657727813792543
}