{
    "structural_factor": 1.360553758373926,
    "functional_factor": 4.442943825224397
}