{
    "structural_factor": 4.616555301874675,
    "functional_factor": 2.134291718323611
}