{
    "structural_factor": 1.8883997498710343,
    "functional_factor": 2.931825400816391
}