{
    "structural_factor": 1.162787563373635,
    "functional_factor": 2.186425494135917
}