{
    "structural_factor": 1.1783427513881892,
    "functional_factor": 2.0798670325226754
}