{
    "structural_factor": 5.0133801791548205,
    "functional_factor": 1.038202949171721
}