{
    "structural_factor": 0.3940714075461005,
    "functional_factor": 7.025731569671245
}