{
    "structural_factor": 4.289017052557944,
    "functional_factor": 1.155624313874073
}