{
    "structural_factor": 4.614075177173324,
    "functional_factor": 2.129188491083792
}