{
    "structural_factor": 1.54981709214731,
    "functional_factor": 0.9999849110526895
}