{
    "structural_factor": 0.46817660830628943,
    "functional_factor": 4.153360090426858
}