{
    "structural_factor": 1.905803263239767,
    "functional_factor": 1.1295990448580717
}