{
    "structural_factor": 1.5481598543378248,
    "functional_factor": 2.989980727883794
}