{
    "structural_factor": 3.3949031113557653,
    "functional_factor": 2.266373235704249
}