{
    "structural_factor": 1.5438233287268692,
    "functional_factor": 2.5721522169722597
}