{
    "structural_factor": 1.4457445995034366,
    "functional_factor": 3.7246908218320542
}