{
    "structural_factor": 1.8792668439220417,
    "functional_factor": 1.0640769076001115
}