{
    "structural_factor": 1.0940277148683817,
    "functional_factor": 4.471569902137279
}