{
    "structural_factor": 1.8770500557492416,
    "functional_factor": 1.8126326425577526
}