{
    "structural_factor": 1.138999416069607,
    "functional_factor": 1.5278074655626361
}