{
    "structural_factor": 1.3498071406673748,
    "functional_factor": 1.0000001662716491
}