{
    "structural_factor": 1.1531042518551013,
    "functional_factor": 1.0269066611609967
}