{
    "structural_factor": 0.7585041900527458,
    "functional_factor": 4.503758174364772
}