{
    "structural_factor": 1.064676558165283,
    "functional_factor": 3.062921240408081
}