{
    "structural_factor": 3.0955530133640132,
    "functional_factor": 3.9767390438309405
}