{
    "structural_factor": 1.0472944203607042,
    "functional_factor": 1.0134679153653146
}