{
    "structural_factor": 2.008440136687734,
    "functional_factor": 1.8433210153316528
}