{
    "structural_factor": 0.7178087223647408,
    "functional_factor": 4.439641843848476
}