{
    "structural_factor": 0.9141662972718921,
    "functional_factor": 6.191803957144026
}