{
    "structural_factor": 1.2056705791531126,
    "functional_factor": 1.4764427814104342
}