{
    "structural_factor": 4.358649383493856,
    "functional_factor": 2.962857117983259
}