{
    "structural_factor": 2.5125605870710084,
    "functional_factor": 1.0149233408167537
}