{
    "structural_factor": 1.309011128200609,
    "functional_factor": 1.0349675743082902
}