{
    "structural_factor": 2.5738750359180567,
    "functional_factor": 1.364241617858445
}