{
    "structural_factor": 1.4665614533751141,
    "functional_factor": 1.745292051422498
}