{
    "structural_factor": 4.590593824905469,
    "functional_factor": 3.2784300002342395
}