{
    "structural_factor": 1.6422564085498588,
    "functional_factor": 2.755102524158567
}