{
    "structural_factor": 1.462589739148916,
    "functional_factor": 1.8165996875478918
}