{
    "structural_factor": 1.9848937712056458,
    "functional_factor": 1.065466282865161
}