{
    "structural_factor": 1.3449369994934381,
    "functional_factor": 4.5178062185384515
}