{
    "structural_factor": 1.734894831541378,
    "functional_factor": 4.166716228458371
}