{
    "structural_factor": 1.5310742896513216,
    "functional_factor": 1.6162495915062394
}