{
    "structural_factor": 1.0227438310772976,
    "functional_factor": 1.1036083294371097
}