{
    "structural_factor": 1.378415828340003,
    "functional_factor": 3.894896028301965
}