{
    "structural_factor": 1.3033767672555143,
    "functional_factor": 1.0292998295244966
}