{
    "structural_factor": 4.768747808996871,
    "functional_factor": 1.1330885678760645
}