{
    "structural_factor": 1.4322269290323135,
    "functional_factor": 2.4366193641394513
}