{
    "structural_factor": 1.3997472630077255,
    "functional_factor": 1.0000058768929792
}