{
    "structural_factor": 1.3515298487336727,
    "functional_factor": 3.767316030132417
}