{
    "structural_factor": 1.085978464969519,
    "functional_factor": 1.8115215113501428
}