{
    "structural_factor": 1.1589149803638727,
    "functional_factor": 1.0312979998763112
}