{
    "structural_factor": 2.7711081676087104,
    "functional_factor": 3.898011539950649
}