{
    "structural_factor": 1.5425042934282822,
    "functional_factor": 1.1304649755995793
}