{
    "structural_factor": 5.0657034772525975,
    "functional_factor": 1.3765458024080262
}