{
    "structural_factor": 3.4936923103026127,
    "functional_factor": 2.857374296648855
}