{
    "structural_factor": 1.9496751599990503,
    "functional_factor": 0.9999968537758595
}