{
    "structural_factor": 1.1188129628704169,
    "functional_factor": 1.0850033649892863
}