{
    "structural_factor": 0.33213340155189847,
    "functional_factor": 8.253407745927575
}