{
    "structural_factor": 0.9378148590197393,
    "functional_factor": 5.791371287845305
}