{
    "structural_factor": 1.229730455718751,
    "functional_factor": 2.771450264328443
}