{
    "structural_factor": 1.949742327525111,
    "functional_factor": 0.9999751435898026
}