{
    "structural_factor": 1.6001988610549243,
    "functional_factor": 1.6707287200977754
}