{
    "structural_factor": 1.7979919217091997,
    "functional_factor": 1.1015977014498548
}