{
    "structural_factor": 1.6859873697143717,
    "functional_factor": 1.1114184391510435
}