{
    "structural_factor": 1.5021138410922814,
    "functional_factor": 1.6530265735614287
}