{
    "structural_factor": 1.137256383182034,
    "functional_factor": 3.817469414407437
}