{
    "structural_factor": 1.0468508600128537,
    "functional_factor": 3.242192269532939
}