{
    "structural_factor": 0.9259859415367774,
    "functional_factor": 2.501744628846602
}