{
    "structural_factor": 4.5104272556434974,
    "functional_factor": 1.0345831844269728
}