{
    "structural_factor": 2.9996689606235925,
    "functional_factor": 0.9999603962666108
}