{
    "structural_factor": 2.0023981697980484,
    "functional_factor": 1.0034538084735316
}