{
    "structural_factor": 0.23654399017513264,
    "functional_factor": 8.821822788308099
}