{
    "structural_factor": 3.3012175916574886,
    "functional_factor": 1.187872405069907
}