{
    "structural_factor": 1.6015337498763984,
    "functional_factor": 1.0038296339561996
}