{
    "structural_factor": 4.498746207489381,
    "functional_factor": 1.7171666190338601
}