{
    "structural_factor": 0.6890118628904522,
    "functional_factor": 5.495467590577295
}