{
    "structural_factor": 1.1695915976545919,
    "functional_factor": 3.7246615987682663
}