{
    "structural_factor": 1.144815743246196,
    "functional_factor": 2.4970651428546256
}