{
    "structural_factor": 3.502770769220772,
    "functional_factor": 1.004298186969742
}