{
    "structural_factor": 1.4606900057309236,
    "functional_factor": 1.224697227285771
}