{
    "structural_factor": 2.047372920761994,
    "functional_factor": 1.09882753255403
}