{
    "structural_factor": 1.2474087328523609,
    "functional_factor": 5.917661234986271
}