{
    "structural_factor": 4.156545549594088,
    "functional_factor": 2.026369996140581
}