{
    "structural_factor": 1.5271583135036728,
    "functional_factor": 3.5785017578765945
}