{
    "structural_factor": 1.293660717109065,
    "functional_factor": 4.71916658289848
}