{
    "structural_factor": 4.518364419952744,
    "functional_factor": 1.0712898078495225
}