{
    "structural_factor": 0.7011628119959703,
    "functional_factor": 5.78122855255649
}