{
    "structural_factor": 2.0181105277021962,
    "functional_factor": 1.0332325097199824
}