{
    "structural_factor": 2.037435912581892,
    "functional_factor": 2.064738674406056
}