{
    "structural_factor": 1.22229440536029,
    "functional_factor": 1.0851648966211862
}