{
    "structural_factor": 1.9996796825992407,
    "functional_factor": 1.0000133177560453
}