{
    "structural_factor": 1.4161978490755873,
    "functional_factor": 1.4354410486915976
}