{
    "structural_factor": 1.3474549064243564,
    "functional_factor": 1.280365514204342
}