{
    "structural_factor": 2.2711669761024855,
    "functional_factor": 5.898996911218793
}