{
    "structural_factor": 1.3112995673889376,
    "functional_factor": 1.4776211423679941
}