{
    "structural_factor": 1.2004883887588909,
    "functional_factor": 3.1620822702260702
}