{
    "structural_factor": 4.366616122606902,
    "functional_factor": 2.57100556954376
}