{
    "structural_factor": 4.757189671564076,
    "functional_factor": 1.9772525631642401
}