{
    "structural_factor": 1.119748736792746,
    "functional_factor": 6.986563191975912
}