{
    "structural_factor": 2.8114064079840424,
    "functional_factor": 1.5351216062508342
}