{
    "structural_factor": 1.9365634056769863,
    "functional_factor": 2.2437523409081153
}