{
    "structural_factor": 1.251231584846557,
    "functional_factor": 1.0037109765600478
}