{
    "structural_factor": 0.357894741499748,
    "functional_factor": 6.964078408099247
}