{
    "structural_factor": 1.806257678887132,
    "functional_factor": 3.7450572812650273
}