{
    "structural_factor": 4.758242977867706,
    "functional_factor": 1.0195062890662885
}