{
    "structural_factor": 1.8730871493306982,
    "functional_factor": 1.7409225179489192
}