{
    "structural_factor": 1.138598651054561,
    "functional_factor": 2.1254393057726118
}