{
    "structural_factor": 1.623044528899591,
    "functional_factor": 1.481712775875873
}