{
    "structural_factor": 1.5373774848983495,
    "functional_factor": 1.0991783188316302
}