{
    "structural_factor": 3.66217070261908,
    "functional_factor": 4.925923426176657
}