{
    "structural_factor": 1.67606231317298,
    "functional_factor": 1.0639209135774201
}