{
    "structural_factor": 1.506733375966371,
    "functional_factor": 1.0146268792614608
}