{
    "structural_factor": 1.6947646437874075,
    "functional_factor": 3.1819695770271545
}