{
    "structural_factor": 1.8497217578052765,
    "functional_factor": 1.0000108911632788
}