{
    "structural_factor": 1.043540801247079,
    "functional_factor": 2.3520544043254246
}