{
    "structural_factor": 1.1553643293994003,
    "functional_factor": 2.33196529438964
}