{
    "structural_factor": 1.8050065996580449,
    "functional_factor": 1.145844760331442
}