{
    "structural_factor": 4.3709429958127854,
    "functional_factor": 1.6093746928447963
}