{
    "structural_factor": 3.5162516853119428,
    "functional_factor": 3.886804097634368
}