{
    "structural_factor": 0.3579955812400943,
    "functional_factor": 5.219272408550487
}