{
    "structural_factor": 1.7209044841238883,
    "functional_factor": 3.7827984428554906
}