{
    "structural_factor": 1.554624434627851,
    "functional_factor": 3.9026202355324155
}