{
    "structural_factor": 2.5663423444655913,
    "functional_factor": 2.1033428994663397
}