{
    "structural_factor": 1.607248841393173,
    "functional_factor": 3.5494153346165342
}