{
    "structural_factor": 0.6509103109357542,
    "functional_factor": 4.086548744695117
}