{
    "structural_factor": 1.6511730794266561,
    "functional_factor": 1.0033126109696218
}