{
    "structural_factor": 4.2504425956452785,
    "functional_factor": 0.999758137432238
}