{
    "structural_factor": 1.343362297436739,
    "functional_factor": 1.7618590957268987
}