{
    "structural_factor": 1.294684737688707,
    "functional_factor": 1.535739965484343
}