{
    "structural_factor": 2.6373949652935806,
    "functional_factor": 2.191455993087443
}