{
    "structural_factor": 1.3400620793094917,
    "functional_factor": 3.3922371605562907
}