{
    "structural_factor": 1.6512332838803243,
    "functional_factor": 1.0037880053145338
}