{
    "structural_factor": 1.488225993746308,
    "functional_factor": 3.576971529730326
}