{
    "structural_factor": 2.2195865242619095,
    "functional_factor": 3.0178012916898256
}