{
    "structural_factor": 2.797453126864149,
    "functional_factor": 1.1105597040605943
}