{
    "structural_factor": 1.2569435143867667,
    "functional_factor": 1.7586802220486508
}