{
    "structural_factor": 4.782697014612206,
    "functional_factor": 1.1637066562866438
}