{
    "structural_factor": 1.7815675159552558,
    "functional_factor": 1.3559314957059383
}