{
    "structural_factor": 1.9115840228568115,
    "functional_factor": 1.1429950081946934
}