{
    "structural_factor": 1.6122741587870086,
    "functional_factor": 1.0306832192911224
}