{
    "structural_factor": 4.905741115157905,
    "functional_factor": 3.398578104960315
}