{
    "structural_factor": 2.6565119811227866,
    "functional_factor": 4.627593379616371
}