{
    "structural_factor": 2.6636134799242663,
    "functional_factor": 2.205569591817841
}