{
    "structural_factor": 3.083701783014638,
    "functional_factor": 1.2967815258917141
}