{
    "structural_factor": 1.3137953274659422,
    "functional_factor": 2.13736151877915
}