{
    "structural_factor": 4.4226416145337915,
    "functional_factor": 2.55272104650236
}