{
    "structural_factor": 1.398602632723199,
    "functional_factor": 1.8184336756686372
}