{
    "structural_factor": 1.1128578661558404,
    "functional_factor": 3.202753949228433
}