{
    "structural_factor": 2.77830534808032,
    "functional_factor": 2.0951752060690496
}