{
    "structural_factor": 0.40730697277302985,
    "functional_factor": 4.328308797343773
}