{
    "structural_factor": 1.1054346765010563,
    "functional_factor": 1.6956658016507224
}