{
    "structural_factor": 0.9998696025934257,
    "functional_factor": 0.9999899782020631
}