{
    "structural_factor": 1.8972560331065256,
    "functional_factor": 1.7710840585915841
}