{
    "structural_factor": 1.9516292751002857,
    "functional_factor": 1.0037388683230821
}