{
    "structural_factor": 1.1217614168036882,
    "functional_factor": 1.9218916637023131
}