{
    "structural_factor": 3.0139974229686315,
    "functional_factor": 2.1039986064298137
}