{
    "structural_factor": 4.641615321123058,
    "functional_factor": 3.2015574913199605
}