{
    "structural_factor": 1.116099820081011,
    "functional_factor": 1.7201760201605092
}