{
    "structural_factor": 3.30447089625944,
    "functional_factor": 1.11550791015712
}