{
    "structural_factor": 1.5004846249030896,
    "functional_factor": 1.0036498866590258
}