{
    "structural_factor": 3.499884216875034,
    "functional_factor": 0.9999031450391137
}