{
    "structural_factor": 2.8180093814573186,
    "functional_factor": 1.3398204639257907
}