{
    "structural_factor": 3.682820239391427,
    "functional_factor": 2.121640775514242
}