{
    "structural_factor": 1.7568512094607172,
    "functional_factor": 1.6644121130131666
}