{
    "structural_factor": 3.654442349892561,
    "functional_factor": 1.5718541366498742
}