{
    "structural_factor": 1.3645323080993825,
    "functional_factor": 3.0034697163985853
}