{
    "structural_factor": 1.8152466600607327,
    "functional_factor": 2.1378853446116843
}