{
    "structural_factor": 1.836121711885098,
    "functional_factor": 2.5856073566873365
}