{
    "structural_factor": 2.0542890788101507,
    "functional_factor": 1.4307345921944743
}