{
    "structural_factor": 2.288814734049867,
    "functional_factor": 6.857339570812818
}