{
    "structural_factor": 1.4586301836554452,
    "functional_factor": 1.9519145857280666
}