{
    "structural_factor": 1.7281456647219546,
    "functional_factor": 1.060441652892422
}