{
    "structural_factor": 3.2610565973854073,
    "functional_factor": 1.0169173280760748
}