{
    "structural_factor": 3.2720798591918125,
    "functional_factor": 1.0342781236915168
}