{
    "structural_factor": 4.047391126705568,
    "functional_factor": 1.2421524506536377
}