{
    "structural_factor": 1.2436212917408396,
    "functional_factor": 1.6582707301816428
}