{
    "structural_factor": 1.5046666611993178,
    "functional_factor": 1.9586766243565639
}