{
    "structural_factor": 0.8765644708647287,
    "functional_factor": 3.3108015069989163
}