{
    "structural_factor": 1.1406796326492008,
    "functional_factor": 1.6657502595814766
}