{
    "structural_factor": 2.1715538990863044,
    "functional_factor": 1.9701299829596466
}