{
    "structural_factor": 2.2752804150960735,
    "functional_factor": 13.106978367408255
}