{
    "structural_factor": 1.2474743293180115,
    "functional_factor": 1.9882494557433712
}