{
    "structural_factor": 1.0033432411626093,
    "functional_factor": 1.0152901524819546
}