{
    "structural_factor": 1.1167345733922185,
    "functional_factor": 3.1657087718870662
}