{
    "structural_factor": 1.0057103765998576,
    "functional_factor": 5.827670237362341
}