{
    "structural_factor": 1.5923682001954305,
    "functional_factor": 1.420689270596286
}