{
    "structural_factor": 1.1042427355457531,
    "functional_factor": 3.266894689772305
}