{
    "structural_factor": 3.4066435213077115,
    "functional_factor": 3.0413237134031306
}