{
    "structural_factor": 4.759990326974945,
    "functional_factor": 1.0184946248598516
}