{
    "structural_factor": 3.9814848045423568,
    "functional_factor": 2.8245138009173236
}