{
    "structural_factor": 1.7095906413232165,
    "functional_factor": 1.6720533398571031
}