{
    "structural_factor": 2.5026703966915633,
    "functional_factor": 1.0038784769534952
}