{
    "structural_factor": 2.719296663736201,
    "functional_factor": 3.2251278279963116
}