{
    "structural_factor": 3.981495164948008,
    "functional_factor": 3.878180276643323
}