{
    "structural_factor": 4.508037426682837,
    "functional_factor": 1.0188713890937173
}