{
    "structural_factor": 3.255398721237407,
    "functional_factor": 1.0161522772290956
}