{
    "structural_factor": 2.529932699197219,
    "functional_factor": 1.7383937841807575
}