{
    "structural_factor": 1.1497323484529207,
    "functional_factor": 1.0037610093641345
}