{
    "structural_factor": 4.078684741097669,
    "functional_factor": 4.5582789878234165
}