{
    "structural_factor": 1.3554560066520007,
    "functional_factor": 1.6240548648041606
}