{
    "structural_factor": 2.7759256274600914,
    "functional_factor": 2.216194505172134
}