{
    "structural_factor": 3.2531656625039065,
    "functional_factor": 1.0041633115766702
}