{
    "structural_factor": 1.9850261742909532,
    "functional_factor": 1.0624611588986947
}