{
    "structural_factor": 1.7623726819176913,
    "functional_factor": 3.38992536618294
}