{
    "structural_factor": 1.506486805606927,
    "functional_factor": 1.0258642450358444
}