{
    "structural_factor": 1.281460330262358,
    "functional_factor": 3.2034018789494456
}