{
    "structural_factor": 1.4506814053722268,
    "functional_factor": 1.3219741540617864
}