{
    "structural_factor": 1.5690065077022963,
    "functional_factor": 1.3554873788973396
}