{
    "structural_factor": 1.2498000488866228,
    "functional_factor": 1.0037409672774649
}