{
    "structural_factor": 1.2605097186049719,
    "functional_factor": 1.4696795617111607
}