{
    "structural_factor": 1.6853182144509788,
    "functional_factor": 2.9955000458787198
}