{
    "structural_factor": 2.239805272333376,
    "functional_factor": 1.786421618301767
}