{
    "structural_factor": 1.9449958381823216,
    "functional_factor": 2.1521946063037607
}