{
    "structural_factor": 4.016919972290542,
    "functional_factor": 1.0384697124708424
}