{
    "structural_factor": 4.022915942856073,
    "functional_factor": 1.0457693360409521
}