{
    "structural_factor": 2.535505664383215,
    "functional_factor": 1.9133475085536364
}