{
    "structural_factor": 4.552147527920542,
    "functional_factor": 1.542131353600254
}