{
    "structural_factor": 1.365590138147095,
    "functional_factor": 3.7099250148112906
}