{
    "structural_factor": 1.138452185165851,
    "functional_factor": 2.3375244362712535
}