{
    "structural_factor": 1.3243981727253196,
    "functional_factor": 1.112738091339688
}