{
    "structural_factor": 1.449789348350675,
    "functional_factor": 0.9999922279533533
}