{
    "structural_factor": 2.8144025227144205,
    "functional_factor": 1.136877060434251
}