{
    "structural_factor": 1.6342291616943316,
    "functional_factor": 1.5092203583767763
}