{
    "structural_factor": 1.6355474827091376,
    "functional_factor": 4.802166479455286
}