{
    "structural_factor": 1.2787480487025222,
    "functional_factor": 3.2236227951743044
}