{
    "structural_factor": 1.304403679751912,
    "functional_factor": 1.014924907805867
}