{
    "structural_factor": 1.316801296103774,
    "functional_factor": 2.0351849659618066
}