{
    "structural_factor": 3.210442422761845,
    "functional_factor": 1.8178593299500894
}