{
    "structural_factor": 1.3616530050378823,
    "functional_factor": 1.0305832009304787
}