{
    "structural_factor": 1.8216699626586892,
    "functional_factor": 1.1955979564171075
}