{
    "structural_factor": 1.8522462326570672,
    "functional_factor": 1.0035669774962985
}