{
    "structural_factor": 2.252335095523599,
    "functional_factor": 1.0036426448454647
}