{
    "structural_factor": 1.373660820096965,
    "functional_factor": 10.049458880830072
}