{
    "structural_factor": 4.783775254748904,
    "functional_factor": 1.364490611858236
}