{
    "structural_factor": 1.0801700693326504,
    "functional_factor": 4.472745721914436
}