{
    "structural_factor": 1.6891813814545442,
    "functional_factor": 1.442557801977563
}