{
    "structural_factor": 1.8667250557006942,
    "functional_factor": 1.0350168334350098
}