{
    "structural_factor": 2.2794224264766147,
    "functional_factor": 3.8283713760368694
}