{
    "structural_factor": 3.433039876143537,
    "functional_factor": 5.33186583675781
}