{
    "structural_factor": 1.5605946106533561,
    "functional_factor": 2.9756575382490142
}