{
    "structural_factor": 1.3269788407044032,
    "functional_factor": 3.9017251289412016
}