{
    "structural_factor": 2.59142461493345,
    "functional_factor": 1.5059427741736287
}