{
    "structural_factor": 2.647773599624594,
    "functional_factor": 2.310737144157892
}