{
    "structural_factor": 3.050184178574732,
    "functional_factor": 1.7022038456935742
}