{
    "structural_factor": 1.4550067679523595,
    "functional_factor": 1.0129738047913508
}