{
    "structural_factor": 1.0218248981811895,
    "functional_factor": 5.026080334645042
}