{
    "structural_factor": 1.1035451636863398,
    "functional_factor": 1.0148784144361473
}