{
    "structural_factor": 1.5070286390878591,
    "functional_factor": 1.0138346914141065
}