{
    "structural_factor": 1.141245057980674,
    "functional_factor": 3.052372782357987
}