{
    "structural_factor": 1.7996584770528714,
    "functional_factor": 1.0000071689518875
}