{
    "structural_factor": 0.9223128250332275,
    "functional_factor": 7.081298409827709
}