{
    "structural_factor": 2.6181582858737826,
    "functional_factor": 1.9462799219897282
}