{
    "structural_factor": 1.2736499632435243,
    "functional_factor": 2.359407205745042
}