{
    "structural_factor": 1.4804969703745097,
    "functional_factor": 2.484880561202188
}