{
    "structural_factor": 1.144575181342793,
    "functional_factor": 3.2588454657696038
}