{
    "structural_factor": 1.12347625530307,
    "functional_factor": 4.4661488161363065
}