{
    "structural_factor": 1.5918208868627561,
    "functional_factor": 1.9351411955353286
}