{
    "structural_factor": 1.8377695384063997,
    "functional_factor": 1.5040208078868391
}