{
    "structural_factor": 1.449764728758234,
    "functional_factor": 1.0000109271682598
}