{
    "structural_factor": 1.41222143727499,
    "functional_factor": 1.1394418256730643
}