{
    "structural_factor": 5.027013074678303,
    "functional_factor": 1.0763537301716284
}