{
    "structural_factor": 1.7497068321184515,
    "functional_factor": 1.0000221217938718
}