{
    "structural_factor": 2.4874185981316024,
    "functional_factor": 3.4911165819104872
}