{
    "structural_factor": 1.3794626587429475,
    "functional_factor": 1.1471914071729992
}