{
    "structural_factor": 1.0247314986386826,
    "functional_factor": 1.3115904664880902
}