{
    "structural_factor": 2.5259936583382325,
    "functional_factor": 1.2255542248498053
}