{
    "structural_factor": 2.7723867641458195,
    "functional_factor": 3.9529028776669715
}