{
    "structural_factor": 1.9449537621477673,
    "functional_factor": 1.351748788275958
}