{
    "structural_factor": 1.9939937081750816,
    "functional_factor": 2.251896925402088
}