{
    "structural_factor": 1.2272847791590349,
    "functional_factor": 2.0442159110023166
}