{
    "structural_factor": 1.6760244473358237,
    "functional_factor": 1.0873665181707464
}