{
    "structural_factor": 1.4167185309438084,
    "functional_factor": 2.50158768166639
}