{
    "structural_factor": 0.933974362679844,
    "functional_factor": 4.4276237180738285
}