{
    "structural_factor": 1.2545089620371068,
    "functional_factor": 1.0152147819660593
}