{
    "structural_factor": 0.9919596854451899,
    "functional_factor": 3.4176422546979848
}