{
    "structural_factor": 2.4323225384143656,
    "functional_factor": 4.525795457789349
}