{
    "structural_factor": 2.838400457630504,
    "functional_factor": 1.289431291949586
}