{
    "structural_factor": 1.8276067740404922,
    "functional_factor": 3.419435473027723
}