{
    "structural_factor": 2.8002168253716007,
    "functional_factor": 1.2633146047791362
}