{
    "structural_factor": 1.5316849838869202,
    "functional_factor": 1.9958950691085937
}