{
    "structural_factor": 1.9053722921409375,
    "functional_factor": 1.4202893081304881
}