{
    "structural_factor": 2.2609270918870585,
    "functional_factor": 1.0147932431580162
}