{
    "structural_factor": 0.9997133166388008,
    "functional_factor": 1.003814600392644
}