{
    "structural_factor": 4.257898390628367,
    "functional_factor": 1.01728766369603
}