{
    "structural_factor": 1.6213247000394937,
    "functional_factor": 1.2647279352196088
}