{
    "structural_factor": 1.0882162438749172,
    "functional_factor": 4.595948356360535
}