{
    "structural_factor": 1.823158500756449,
    "functional_factor": 2.8142562686719423
}