{
    "structural_factor": 1.033538451940447,
    "functional_factor": 3.743881616724098
}