{
    "structural_factor": 1.399805252948912,
    "functional_factor": 0.9999876179868735
}