{
    "structural_factor": 4.266876897830354,
    "functional_factor": 2.0251512290442477
}