{
    "structural_factor": 1.5269090079916412,
    "functional_factor": 1.057748910637947
}