{
    "structural_factor": 1.5433350601763671,
    "functional_factor": 2.500404728385601
}