{
    "structural_factor": 1.8100200890845735,
    "functional_factor": 1.6886338235128433
}