{
    "structural_factor": 1.4511225834430805,
    "functional_factor": 1.0035924020457394
}