{
    "structural_factor": 1.0095644442860334,
    "functional_factor": 2.8928853735915965
}