{
    "structural_factor": 3.229245615913296,
    "functional_factor": 2.003793786361203
}