{
    "structural_factor": 4.250084726436602,
    "functional_factor": 0.9997966442410976
}