{
    "structural_factor": 1.913056110562992,
    "functional_factor": 4.4179727743570885
}