{
    "structural_factor": 4.555292961145979,
    "functional_factor": 1.2761641647384048
}