{
    "structural_factor": 1.932537585377288,
    "functional_factor": 1.2208364031252974
}