{
    "structural_factor": 1.8021923524541346,
    "functional_factor": 1.0035850747491741
}