{
    "structural_factor": 1.6807929672619675,
    "functional_factor": 1.4992900056489114
}