{
    "structural_factor": 4.010053502385154,
    "functional_factor": 1.0174622358968455
}