{
    "structural_factor": 2.0184361770098964,
    "functional_factor": 1.5013191272444555
}