{
    "structural_factor": 1.24450369718693,
    "functional_factor": 3.4029381641819407
}