{
    "structural_factor": 1.3261926586983692,
    "functional_factor": 5.854246025033604
}