{
    "structural_factor": 4.273855612826709,
    "functional_factor": 1.7446529041390906
}