{
    "structural_factor": 1.1721891019757356,
    "functional_factor": 2.7546524511795485
}