{
    "structural_factor": 1.125287153149154,
    "functional_factor": 1.7346619760498165
}