{
    "structural_factor": 3.219025544894354,
    "functional_factor": 3.7187106611210985
}