{
    "structural_factor": 2.2495872699361663,
    "functional_factor": 1.0000160022768296
}