{
    "structural_factor": 1.2749977119203326,
    "functional_factor": 1.0999573950039614
}