{
    "structural_factor": 0.5395905744254039,
    "functional_factor": 4.137648629397378
}