{
    "structural_factor": 1.6060936405857813,
    "functional_factor": 2.3571230877309524
}