{
    "structural_factor": 2.2441015591348186,
    "functional_factor": 2.398655506036402
}