{
    "structural_factor": 1.0034311703122925,
    "functional_factor": 1.0151887311544037
}