{
    "structural_factor": 2.032400389696009,
    "functional_factor": 1.0885564118150015
}