{
    "structural_factor": 1.0174205717552296,
    "functional_factor": 1.1014941541170684
}