{
    "structural_factor": 4.937502378893913,
    "functional_factor": 1.487348431086214
}