{
    "structural_factor": 1.685947941145281,
    "functional_factor": 2.5637772073676413
}