{
    "structural_factor": 1.26546360718571,
    "functional_factor": 1.4826242580021058
}