{
    "structural_factor": 2.806357583773593,
    "functional_factor": 2.1120146124832675
}