{
    "structural_factor": 0.3148775609336665,
    "functional_factor": 8.347809401920475
}