{
    "structural_factor": 2.25274701528295,
    "functional_factor": 1.0034026916538823
}