{
    "structural_factor": 1.022034141950212,
    "functional_factor": 1.628486035574471
}