{
    "structural_factor": 3.7086515023237143,
    "functional_factor": 2.119287742960168
}