{
    "structural_factor": 0.9747889783651582,
    "functional_factor": 2.289127521042664
}