{
    "structural_factor": 1.25688318136455,
    "functional_factor": 2.3304594319718372
}