{
    "structural_factor": 1.1277512977479733,
    "functional_factor": 1.9450465269719097
}