{
    "structural_factor": 2.5283593233475132,
    "functional_factor": 1.1246347579884277
}