{
    "structural_factor": 1.9020241689312132,
    "functional_factor": 1.003918545231264
}