{
    "structural_factor": 1.7461291843653968,
    "functional_factor": 1.9449887518145994
}