{
    "structural_factor": 2.2922775530492636,
    "functional_factor": 1.1081497899858672
}