{
    "structural_factor": 2.0565996325780254,
    "functional_factor": 1.6850712949815254
}