{
    "structural_factor": 2.8718135485753136,
    "functional_factor": 2.603244367442371
}