{
    "structural_factor": 1.0320897987129045,
    "functional_factor": 1.2054952056070507
}