{
    "structural_factor": 2.0871022085335413,
    "functional_factor": 4.571669296984084
}