{
    "structural_factor": 1.2599600612591157,
    "functional_factor": 1.0358836307586967
}