{
    "structural_factor": 4.06527636268211,
    "functional_factor": 1.3773613706549521
}