{
    "structural_factor": 1.0230423089979614,
    "functional_factor": 2.600860429335062
}