{
    "structural_factor": 2.7172835816637373,
    "functional_factor": 2.6710398996327327
}