{
    "structural_factor": 4.251513579979898,
    "functional_factor": 1.2028968019943507
}