{
    "structural_factor": 1.6286169839867544,
    "functional_factor": 2.5544547922179146
}