{
    "structural_factor": 1.5315187833945434,
    "functional_factor": 1.1127285830755556
}