{
    "structural_factor": 2.038841405450685,
    "functional_factor": 2.249650157440444
}