{
    "structural_factor": 1.8304820378034112,
    "functional_factor": 1.061472337853162
}