{
    "structural_factor": 2.0484720996747376,
    "functional_factor": 1.1502772714619791
}