{
    "structural_factor": 1.0746087955685601,
    "functional_factor": 3.731220264556889
}