{
    "structural_factor": 1.767624313829076,
    "functional_factor": 1.0359423563586725
}