{
    "structural_factor": 1.2575922692619137,
    "functional_factor": 1.477197783967238
}