{
    "structural_factor": 2.516683418587344,
    "functional_factor": 1.5165229557420234
}