{
    "structural_factor": 4.260640798624294,
    "functional_factor": 1.0180063252470835
}