{
    "structural_factor": 0.45099584929456943,
    "functional_factor": 7.240020622648826
}