{
    "structural_factor": 1.8084133967829266,
    "functional_factor": 1.6738597888266984
}