{
    "structural_factor": 3.3881855649446893,
    "functional_factor": 2.0484071472105487
}