{
    "structural_factor": 3.2052477011329734,
    "functional_factor": 1.950383285684678
}