{
    "structural_factor": 4.516944613129791,
    "functional_factor": 1.1412665127924182
}