{
    "structural_factor": 3.939173065834386,
    "functional_factor": 1.838169476992533
}