{
    "structural_factor": 4.0338530612578545,
    "functional_factor": 3.497558488810654
}