{
    "structural_factor": 1.8554579837318967,
    "functional_factor": 3.0060895647076573
}