{
    "structural_factor": 3.51181445199281,
    "functional_factor": 1.0172025789356998
}