{
    "structural_factor": 1.6410735059719015,
    "functional_factor": 2.5030513147624647
}