{
    "structural_factor": 1.6512436793078884,
    "functional_factor": 1.1963660629538104
}