{
    "structural_factor": 0.9963516190306089,
    "functional_factor": 1.7504028724855751
}