{
    "structural_factor": 1.4018604617548582,
    "functional_factor": 1.2781972338864334
}