{
    "structural_factor": 1.9129375525602825,
    "functional_factor": 2.526667534343913
}