{
    "structural_factor": 1.2010482108243081,
    "functional_factor": 1.0037391142039533
}