{
    "structural_factor": 1.5203027492197254,
    "functional_factor": 1.1140857426499184
}