{
    "structural_factor": 3.298340902258465,
    "functional_factor": 1.3148761210161801
}