{
    "structural_factor": 1.738379727101537,
    "functional_factor": 1.4695797908379495
}