{
    "structural_factor": 1.397679344576134,
    "functional_factor": 2.832085774410162
}