{
    "structural_factor": 3.5123580874478653,
    "functional_factor": 1.1980433918739744
}