{
    "structural_factor": 1.167299077675682,
    "functional_factor": 2.45539416724345
}