{
    "structural_factor": 1.9061637053430032,
    "functional_factor": 1.828343134729641
}