{
    "structural_factor": 2.3332188591864607,
    "functional_factor": 1.2094104804518073
}