{
    "structural_factor": 1.0197625395078616,
    "functional_factor": 1.9301963870325989
}