{
    "structural_factor": 1.6582935182158032,
    "functional_factor": 1.015420537607917
}