{
    "structural_factor": 2.8195463900153226,
    "functional_factor": 1.5430713029442338
}