{
    "structural_factor": 1.2747968686793167,
    "functional_factor": 1.5703563211593763
}