{
    "structural_factor": 4.10002470297644,
    "functional_factor": 2.237588841850364
}