{
    "structural_factor": 4.400545579850119,
    "functional_factor": 1.5757108377841897
}