{
    "structural_factor": 1.4286239089556492,
    "functional_factor": 3.2016325617210146
}