{
    "structural_factor": 3.7093816588545097,
    "functional_factor": 1.6302400579912055
}