{
    "structural_factor": 4.767260495680097,
    "functional_factor": 1.1427670765907911
}