{
    "structural_factor": 0.8564525525355174,
    "functional_factor": 3.3093494445386487
}