{
    "structural_factor": 3.073797766656072,
    "functional_factor": 1.2265853349520466
}