{
    "structural_factor": 1.4819729714532532,
    "functional_factor": 1.9931534925165597
}