{
    "structural_factor": 1.5047413827566516,
    "functional_factor": 1.2790353608572071
}