{
    "structural_factor": 1.8986138211710786,
    "functional_factor": 1.4477779542414992
}