{
    "structural_factor": 2.812773569851796,
    "functional_factor": 1.6639945760427766
}