{
    "structural_factor": 4.0253256004577525,
    "functional_factor": 1.1212835725373989
}