{
    "structural_factor": 1.6550092667447291,
    "functional_factor": 2.2386636130549187
}