{
    "structural_factor": 1.5576327235376977,
    "functional_factor": 1.0146827879692613
}