{
    "structural_factor": 0.9772119228962101,
    "functional_factor": 4.39790925274505
}