{
    "structural_factor": 1.2671126604501708,
    "functional_factor": 1.0624051348287933
}