{
    "structural_factor": 1.5528562843233769,
    "functional_factor": 2.5801851997726226
}