{
    "structural_factor": 2.714697787489606,
    "functional_factor": 4.553845104521297
}