{
    "structural_factor": 1.228037117934256,
    "functional_factor": 1.6223030150924718
}