{
    "structural_factor": 4.177986553151603,
    "functional_factor": 3.8847085407072246
}