{
    "structural_factor": 1.8163101108219053,
    "functional_factor": 1.9065699088917947
}