{
    "structural_factor": 1.0191960881605395,
    "functional_factor": 1.7302475605152656
}