{
    "structural_factor": 1.8679599257268573,
    "functional_factor": 1.9078106740535403
}