{
    "structural_factor": 1.7918305341735785,
    "functional_factor": 1.7719784580324853
}