{
    "structural_factor": 1.4181112622019152,
    "functional_factor": 3.0038346088204517
}