{
    "structural_factor": 1.7695196998317606,
    "functional_factor": 3.0175048043227832
}