{
    "structural_factor": 1.8484569792422099,
    "functional_factor": 1.1307458822425374
}