{
    "structural_factor": 2.591225377891988,
    "functional_factor": 1.2847692481435515
}