{
    "structural_factor": 1.4637903062189095,
    "functional_factor": 1.139185594493049
}