{
    "structural_factor": 4.002401013250197,
    "functional_factor": 1.0038749595254859
}