{
    "structural_factor": 3.9669877199235666,
    "functional_factor": 1.6384007924997768
}