{
    "structural_factor": 1.135320298207108,
    "functional_factor": 1.6189648746013543
}