{
    "structural_factor": 3.7594226352664126,
    "functional_factor": 3.174788341894694
}