{
    "structural_factor": 2.4194153864524153,
    "functional_factor": 3.254327504307563
}