{
    "structural_factor": 2.7118453260635063,
    "functional_factor": 2.426367690731308
}