{
    "structural_factor": 1.3187157894693728,
    "functional_factor": 1.164307103848954
}