{
    "structural_factor": 1.4615337233394325,
    "functional_factor": 1.0329252610141266
}