{
    "structural_factor": 1.5779674696191128,
    "functional_factor": 1.0583355125634188
}