{
    "structural_factor": 3.003307053326151,
    "functional_factor": 1.004045296434099
}