{
    "structural_factor": 1.5143187416023791,
    "functional_factor": 3.7614686247044915
}