{
    "structural_factor": 3.292958950918702,
    "functional_factor": 1.1116490413852114
}