{
    "structural_factor": 1.1696684360053766,
    "functional_factor": 3.675515139866901
}