{
    "structural_factor": 1.2392310391410826,
    "functional_factor": 5.899809696590002
}