{
    "structural_factor": 1.4670529370779533,
    "functional_factor": 1.3529120267393702
}