{
    "structural_factor": 1.5011446753177726,
    "functional_factor": 1.6613414274687577
}