{
    "structural_factor": 3.335331463298449,
    "functional_factor": 3.9543321841648402
}