{
    "structural_factor": 3.7164425309491,
    "functional_factor": 1.5001505245196323
}