{
    "structural_factor": 1.1656795101637496,
    "functional_factor": 2.134640061929394
}