{
    "structural_factor": 1.2106831462284284,
    "functional_factor": 1.4320094457968344
}