{
    "structural_factor": 1.2772145310172278,
    "functional_factor": 3.3452525491113545
}