{
    "structural_factor": 1.9495720834409498,
    "functional_factor": 1.0000179712614994
}