{
    "structural_factor": 1.7497563489740318,
    "functional_factor": 0.9999904930101039
}