{
    "structural_factor": 1.716687687019078,
    "functional_factor": 3.487906233964986
}