{
    "structural_factor": 2.0247210485565845,
    "functional_factor": 1.2048469010438714
}