{
    "structural_factor": 1.9555671899299953,
    "functional_factor": 1.1281850363819648
}