{
    "structural_factor": 3.7888781117499413,
    "functional_factor": 1.915113034707733
}