{
    "structural_factor": 0.6647207850805433,
    "functional_factor": 4.44637407676824
}