{
    "structural_factor": 5.039138394345762,
    "functional_factor": 1.2488469637315303
}