{
    "structural_factor": 1.5511598814047094,
    "functional_factor": 1.0030829455171095
}