{
    "structural_factor": 1.560475577850137,
    "functional_factor": 2.5699069904787146
}