{
    "structural_factor": 1.2565646577979979,
    "functional_factor": 2.1794380753097107
}