{
    "structural_factor": 1.0188632863438583,
    "functional_factor": 4.637406726882137
}