{
    "structural_factor": 1.6114690868216823,
    "functional_factor": 3.2132818336949844
}