{
    "structural_factor": 1.5070822128125323,
    "functional_factor": 1.0145728242069865
}