{
    "structural_factor": 1.0575413261179536,
    "functional_factor": 1.2051217604004107
}