{
    "structural_factor": 1.5560956572431917,
    "functional_factor": 1.0144778885021268
}