{
    "structural_factor": 0.9723089075100124,
    "functional_factor": 4.970511732896269
}