{
    "structural_factor": 1.8067845930092585,
    "functional_factor": 1.195365457479183
}