{
    "structural_factor": 1.8967824390143844,
    "functional_factor": 2.4823951600276724
}