{
    "structural_factor": 1.5131731532485129,
    "functional_factor": 1.0289942462845678
}