{
    "structural_factor": 1.7726206728693825,
    "functional_factor": 2.8047730062909006
}