{
    "structural_factor": 1.1130010716800927,
    "functional_factor": 4.501117056103721
}