{
    "structural_factor": 4.521871077606438,
    "functional_factor": 1.0742313499629794
}