{
    "structural_factor": 1.9995618285798546,
    "functional_factor": 1.7118174599979963
}