{
    "structural_factor": 3.914327009114574,
    "functional_factor": 3.401285213760903
}