{
    "structural_factor": 1.9776405781194384,
    "functional_factor": 1.7010933057840798
}