{
    "structural_factor": 2.517747116171568,
    "functional_factor": 2.2758864052851724
}