{
    "structural_factor": 0.9522477405710563,
    "functional_factor": 1.8480890536195884
}