{
    "structural_factor": 1.0218453553596503,
    "functional_factor": 1.4472464915280294
}