{
    "structural_factor": 5.010826393485554,
    "functional_factor": 1.1459060339254754
}