{
    "structural_factor": 1.5274504840297554,
    "functional_factor": 2.1247045124787034
}