{
    "structural_factor": 1.4301658916379307,
    "functional_factor": 1.6168925080138048
}