{
    "structural_factor": 0.6210297749393258,
    "functional_factor": 4.462411854303845
}