{
    "structural_factor": 3.038964646661349,
    "functional_factor": 1.0636589720811453
}