{
    "structural_factor": 1.0843731482063705,
    "functional_factor": 3.546602285584133
}