{
    "structural_factor": 1.0468848269947209,
    "functional_factor": 2.6758703808838495
}