{
    "structural_factor": 1.3183319840488867,
    "functional_factor": 1.4348391290088218
}