{
    "structural_factor": 1.5818266056839012,
    "functional_factor": 1.0836639902138059
}