{
    "structural_factor": 3.9999901365699144,
    "functional_factor": 0.9997910911268022
}