{
    "structural_factor": 1.6183419336908669,
    "functional_factor": 1.6271723665060422
}