{
    "structural_factor": 4.899563408952726,
    "functional_factor": 1.5646714506877315
}