{
    "structural_factor": 1.7120777650190324,
    "functional_factor": 1.320971148172098
}