{
    "structural_factor": 0.2516531626480283,
    "functional_factor": 8.691769491516986
}