{
    "structural_factor": 3.2134788107283905,
    "functional_factor": 2.1886180118474043
}