{
    "structural_factor": 1.0097299640612047,
    "functional_factor": 4.492644717465794
}