{
    "structural_factor": 1.8062744383197147,
    "functional_factor": 1.1666095513185282
}