{
    "structural_factor": 3.512005187392621,
    "functional_factor": 1.016990385932619
}