{
    "structural_factor": 1.4293467014897603,
    "functional_factor": 2.1327758774011554
}