{
    "structural_factor": 1.2334909103597718,
    "functional_factor": 1.96485944393095
}