{
    "structural_factor": 1.645695976823467,
    "functional_factor": 1.425903765005759
}