{
    "structural_factor": 1.866728667015499,
    "functional_factor": 1.0326207711837097
}