{
    "structural_factor": 4.508032221627701,
    "functional_factor": 1.0169852506848218
}