{
    "structural_factor": 1.5036069852973186,
    "functional_factor": 1.9363491953638863
}