{
    "structural_factor": 0.4067233387305376,
    "functional_factor": 5.3179529783409984
}