{
    "structural_factor": 1.3924279118172878,
    "functional_factor": 3.3800689667814834
}