{
    "structural_factor": 4.0154278587116385,
    "functional_factor": 2.598918783903512
}