{
    "structural_factor": 1.8440367884219546,
    "functional_factor": 8.0123086665467
}