{
    "structural_factor": 1.0367897458336752,
    "functional_factor": 5.37304728820199
}