{
    "structural_factor": 3.048102986881188,
    "functional_factor": 1.1933868564686716
}