{
    "structural_factor": 0.7576500925947982,
    "functional_factor": 5.052255367911038
}