{
    "structural_factor": 1.4734443872856864,
    "functional_factor": 1.2019188845707487
}