{
    "structural_factor": 3.022629374737424,
    "functional_factor": 1.690273409827406
}