{
    "structural_factor": 1.601670536387143,
    "functional_factor": 1.8354406916641666
}