{
    "structural_factor": 3.9280989170747924,
    "functional_factor": 3.0307371989176213
}