{
    "structural_factor": 1.9579422135363698,
    "functional_factor": 1.0148913100154862
}