{
    "structural_factor": 1.2437523449685572,
    "functional_factor": 2.98809432284561
}