{
    "structural_factor": 3.0422292217605147,
    "functional_factor": 1.0661173726696311
}