{
    "structural_factor": 3.2075587253001885,
    "functional_factor": 3.22624993437514
}