{
    "structural_factor": 0.9975634654413009,
    "functional_factor": 5.703792543711061
}