{
    "structural_factor": 1.2898786905052895,
    "functional_factor": 2.2740585041631034
}