{
    "structural_factor": 0.5226571837911675,
    "functional_factor": 4.090816251799584
}