{
    "structural_factor": 1.9817402215863178,
    "functional_factor": 1.2114699895270262
}