{
    "structural_factor": 4.000686530947471,
    "functional_factor": 1.200766149883731
}