{
    "structural_factor": 1.6642992495586761,
    "functional_factor": 1.342934365183874
}