{
    "structural_factor": 1.545253226051341,
    "functional_factor": 1.4365427248020988
}