{
    "structural_factor": 1.377989670296953,
    "functional_factor": 1.995981583521652
}