{
    "structural_factor": 4.049714217988375,
    "functional_factor": 1.5642414791047512
}