{
    "structural_factor": 1.9951121497218691,
    "functional_factor": 1.1482636027870359
}