{
    "structural_factor": 1.5329056843299147,
    "functional_factor": 1.1484767994490557
}