{
    "structural_factor": 1.4092102424600375,
    "functional_factor": 1.0353519084311098
}