{
    "structural_factor": 4.025780781839047,
    "functional_factor": 1.0759183797342589
}