{
    "structural_factor": 3.0028791032148874,
    "functional_factor": 1.0044287478996798
}