{
    "structural_factor": 1.3959740515867562,
    "functional_factor": 6.227117846462863
}