{
    "structural_factor": 4.511042547773456,
    "functional_factor": 1.0194240288531027
}