{
    "structural_factor": 3.009435741015068,
    "functional_factor": 1.0163183585430442
}