{
    "structural_factor": 3.5111735641955324,
    "functional_factor": 4.554812947141862
}