{
    "structural_factor": 1.7457783135673868,
    "functional_factor": 2.2336580696157373
}