{
    "structural_factor": 1.7515772886254066,
    "functional_factor": 1.0036870776130205
}