{
    "structural_factor": 4.0390660873871935,
    "functional_factor": 1.1856256971118009
}