{
    "structural_factor": 4.410752056781736,
    "functional_factor": 1.8366877055518651
}