{
    "structural_factor": 2.2745965068411738,
    "functional_factor": 5.857800596624607
}