{
    "structural_factor": 1.1815681501596351,
    "functional_factor": 3.052957246356597
}