{
    "structural_factor": 2.4276492478381586,
    "functional_factor": 2.2113672257219457
}