{
    "structural_factor": 1.1998259490259306,
    "functional_factor": 1.0000072429721292
}