{
    "structural_factor": 1.5685247302371568,
    "functional_factor": 1.1380010348814251
}