{
    "structural_factor": 1.7684288461711104,
    "functional_factor": 2.267288409829492
}