{
    "structural_factor": 3.5124851841648086,
    "functional_factor": 3.1704404860749356
}