{
    "structural_factor": 0.7937446751505904,
    "functional_factor": 5.74690409044726
}