{
    "structural_factor": 1.588630924312507,
    "functional_factor": 2.2618295829262367
}