{
    "structural_factor": 1.3843310026134819,
    "functional_factor": 3.1678455969381076
}