{
    "structural_factor": 1.4018649934642684,
    "functional_factor": 3.2077682892754513
}