{
    "structural_factor": 1.5261031584751257,
    "functional_factor": 1.062045268478427
}