{
    "structural_factor": 0.9977172773157965,
    "functional_factor": 3.2445970067602126
}