{
    "structural_factor": 2.8014546188421825,
    "functional_factor": 1.108698504002432
}