{
    "structural_factor": 1.772777260042406,
    "functional_factor": 1.313149982888685
}