{
    "structural_factor": 1.2794932985671619,
    "functional_factor": 2.337954050488421
}