{
    "structural_factor": 1.5228924096793017,
    "functional_factor": 1.0856276966385543
}