{
    "structural_factor": 1.1732878419140487,
    "functional_factor": 1.0982296614588398
}