{
    "structural_factor": 1.139225229856383,
    "functional_factor": 1.3593540363515415
}