{
    "structural_factor": 2.144080497424956,
    "functional_factor": 1.9232294010889337
}