{
    "structural_factor": 4.50942135889322,
    "functional_factor": 1.019049074668483
}