{
    "structural_factor": 1.990061505994374,
    "functional_factor": 1.317786485825997
}