{
    "structural_factor": 1.8249238581180947,
    "functional_factor": 1.115561278164978
}