{
    "structural_factor": 1.544025650658012,
    "functional_factor": 4.687561163089062
}