{
    "structural_factor": 1.2414851425402258,
    "functional_factor": 1.533559774857833
}