{
    "structural_factor": 1.7286475161043702,
    "functional_factor": 1.2654316112829753
}