{
    "structural_factor": 1.0215423341046392,
    "functional_factor": 2.974422823732505
}