{
    "structural_factor": 1.4383125121322957,
    "functional_factor": 1.0994453840979848
}