{
    "structural_factor": 1.6351358468494697,
    "functional_factor": 1.097029778455919
}