{
    "structural_factor": 1.601777921906233,
    "functional_factor": 1.634954425513309
}