{
    "structural_factor": 2.6269222370346785,
    "functional_factor": 4.708233999451216
}