{
    "structural_factor": 0.9326020740400165,
    "functional_factor": 5.095856024954083
}