{
    "structural_factor": 1.1867648623468052,
    "functional_factor": 1.3265807998827688
}