{
    "structural_factor": 1.0032535562389557,
    "functional_factor": 1.014651370817672
}