{
    "structural_factor": 1.1866338531036036,
    "functional_factor": 3.802557417106108
}