{
    "structural_factor": 1.6016861277422798,
    "functional_factor": 1.003400422314835
}