{
    "structural_factor": 2.937808155399943,
    "functional_factor": 3.833299997025636
}