{
    "structural_factor": 1.1497997001051439,
    "functional_factor": 1.0000169687731049
}