{
    "structural_factor": 1.0502979649858524,
    "functional_factor": 2.471228140773355
}