{
    "structural_factor": 1.9084438334553633,
    "functional_factor": 1.687895550022199
}