{
    "structural_factor": 1.3309065484214808,
    "functional_factor": 2.668289300466714
}