{
    "structural_factor": 2.8093356170274064,
    "functional_factor": 1.70538596205313
}