{
    "structural_factor": 1.65423959394211,
    "functional_factor": 3.3513139033696593
}