{
    "structural_factor": 1.3815376682825207,
    "functional_factor": 2.260156865019186
}