{
    "structural_factor": 1.373629883841591,
    "functional_factor": 4.448248572829489
}