{
    "structural_factor": 2.0465668242534707,
    "functional_factor": 2.210817932156037
}