{
    "structural_factor": 4.011787530610199,
    "functional_factor": 3.5749804915895473
}