{
    "structural_factor": 3.7512501941915306,
    "functional_factor": 1.004584502717735
}