{
    "structural_factor": 2.490504339460648,
    "functional_factor": 2.2779303545696092
}