{
    "structural_factor": 1.8131064629151092,
    "functional_factor": 3.0240119866440134
}