{
    "structural_factor": 1.3497492128002968,
    "functional_factor": 1.000016879178587
}