{
    "structural_factor": 1.6652101811176037,
    "functional_factor": 1.030543309661583
}