{
    "structural_factor": 4.225570057802205,
    "functional_factor": 1.9573397526854452
}