{
    "structural_factor": 2.04613153875111,
    "functional_factor": 2.6065315149407264
}