{
    "structural_factor": 1.2251123488264282,
    "functional_factor": 1.9938830830185157
}