{
    "structural_factor": 2.1898363019243603,
    "functional_factor": 5.087275484372508
}