{
    "structural_factor": 1.5333473616096458,
    "functional_factor": 1.0987465786081054
}