{
    "structural_factor": 1.5775005510846973,
    "functional_factor": 1.0625707806459963
}