{
    "structural_factor": 1.7666401658157356,
    "functional_factor": 1.0327047622047492
}