{
    "structural_factor": 1.5012985775411576,
    "functional_factor": 1.6234350586898927
}