{
    "structural_factor": 1.2813287796573414,
    "functional_factor": 1.2371757178226217
}