{
    "structural_factor": 3.5220151344701365,
    "functional_factor": 1.0429929287000703
}