{
    "structural_factor": 1.5125305254403718,
    "functional_factor": 1.7567501736592894
}