{
    "structural_factor": 3.9156541251614683,
    "functional_factor": 1.967169397266322
}