{
    "structural_factor": 1.8228308259370887,
    "functional_factor": 1.176231687167824
}