{
    "structural_factor": 3.564587815685195,
    "functional_factor": 7.174563740177675
}