{
    "structural_factor": 0.42870305516199464,
    "functional_factor": 4.573963639456952
}