{
    "structural_factor": 1.5011655436544096,
    "functional_factor": 1.0036116847838532
}