{
    "structural_factor": 0.6246467861361769,
    "functional_factor": 4.556011045912992
}