{
    "structural_factor": 1.8999108946508423,
    "functional_factor": 2.6224393816132094
}