{
    "structural_factor": 1.6096755367022677,
    "functional_factor": 2.458519748981213
}