{
    "structural_factor": 1.3567070509884978,
    "functional_factor": 2.574290736209461
}