{
    "structural_factor": 4.5129815794460715,
    "functional_factor": 1.74160906570789
}