{
    "structural_factor": 2.0235119383793863,
    "functional_factor": 1.3449275971230326
}