{
    "structural_factor": 3.0358750218693125,
    "functional_factor": 1.0719495552232123
}