{
    "structural_factor": 1.215280519165029,
    "functional_factor": 1.0642084767309028
}