{
    "structural_factor": 5.057170360127539,
    "functional_factor": 1.5154663477888002
}