{
    "structural_factor": 1.6057554142016963,
    "functional_factor": 3.178492904487053
}