{
    "structural_factor": 3.220155086370897,
    "functional_factor": 1.726541997418859
}