{
    "structural_factor": 1.1504230220676477,
    "functional_factor": 1.0032415635822125
}