{
    "structural_factor": 3.7605634762232745,
    "functional_factor": 1.0179205980271318
}