{
    "structural_factor": 3.067658809236363,
    "functional_factor": 1.5264168281673824
}