{
    "structural_factor": 1.4046231522452504,
    "functional_factor": 2.5810841042167065
}