{
    "structural_factor": 4.250415273311041,
    "functional_factor": 2.34646376516157
}