{
    "structural_factor": 1.2086579293952346,
    "functional_factor": 5.4748519494818195
}