{
    "structural_factor": 2.81810546739219,
    "functional_factor": 3.591726819358844
}