{
    "structural_factor": 3.021044268933467,
    "functional_factor": 1.0339914800412247
}