{
    "structural_factor": 1.0968914560035496,
    "functional_factor": 2.322307226571502
}