{
    "structural_factor": 4.507646069517822,
    "functional_factor": 1.0377892426258282
}