{
    "structural_factor": 0.43975254383546863,
    "functional_factor": 7.125407626562483
}