{
    "structural_factor": 1.9353921796558264,
    "functional_factor": 1.3169021390118694
}