{
    "structural_factor": 1.8809845471993258,
    "functional_factor": 4.425648187967964
}