{
    "structural_factor": 1.002202680662494,
    "functional_factor": 3.2931438721565383
}