{
    "structural_factor": 1.792581707860454,
    "functional_factor": 1.1491111039249506
}