{
    "structural_factor": 2.88501926064714,
    "functional_factor": 3.2569174519748434
}