{
    "structural_factor": 4.178396409953052,
    "functional_factor": 2.4420249574053607
}