{
    "structural_factor": 1.823772665557196,
    "functional_factor": 1.8044099901921804
}