{
    "structural_factor": 3.736310843456421,
    "functional_factor": 3.9672801295676736
}