{
    "structural_factor": 0.9281315391907504,
    "functional_factor": 3.6269998369769567
}