{
    "structural_factor": 4.083095494285165,
    "functional_factor": 3.5284802557418065
}