{
    "structural_factor": 2.1444335277902047,
    "functional_factor": 1.8809557643540384
}