{
    "structural_factor": 3.7861077303776565,
    "functional_factor": 1.2070744905164128
}