{
    "structural_factor": 5.029611959963356,
    "functional_factor": 1.2919861147844274
}