{
    "structural_factor": 4.515480972766949,
    "functional_factor": 1.920755889969694
}