{
    "structural_factor": 2.5116450117219338,
    "functional_factor": 3.150615629881708
}