{
    "structural_factor": 1.442263849511843,
    "functional_factor": 3.495230733272945
}