{
    "structural_factor": 1.6619514997673226,
    "functional_factor": 1.8732343622396077
}