{
    "structural_factor": 1.1661027103142103,
    "functional_factor": 1.063542414725135
}