{
    "structural_factor": 4.754556412634503,
    "functional_factor": 1.004481735102658
}