{
    "structural_factor": 1.278127717634253,
    "functional_factor": 3.4878889047574893
}