{
    "structural_factor": 1.4665144923581093,
    "functional_factor": 3.3882736098690445
}