{
    "structural_factor": 2.0878000847758096,
    "functional_factor": 1.971386616038255
}