{
    "structural_factor": 1.8309916348187023,
    "functional_factor": 2.542909572591704
}