{
    "structural_factor": 1.7582657842698983,
    "functional_factor": 1.0146690262979763
}