{
    "structural_factor": 1.7304349124000642,
    "functional_factor": 3.818432108302548
}