{
    "structural_factor": 4.9606665015391895,
    "functional_factor": 3.42588976123557
}