{
    "structural_factor": 1.8809983913601527,
    "functional_factor": 2.056439505409224
}