{
    "structural_factor": 1.7279662918679115,
    "functional_factor": 2.5551489698354293
}