{
    "structural_factor": 1.1476808161667715,
    "functional_factor": 1.888200263961109
}