{
    "structural_factor": 1.7425045479001207,
    "functional_factor": 1.9514147778154203
}