{
    "structural_factor": 2.4996936271247887,
    "functional_factor": 0.9999746781827372
}