{
    "structural_factor": 1.3049403612431842,
    "functional_factor": 1.0260717296578337
}