{
    "structural_factor": 3.477920808536122,
    "functional_factor": 1.8120389963757184
}