{
    "structural_factor": 1.2036154695061378,
    "functional_factor": 1.0152306882269249
}