{
    "structural_factor": 4.396560387055152,
    "functional_factor": 1.8196390972119945
}