{
    "structural_factor": 1.3533770288781852,
    "functional_factor": 2.5755200329061085
}