{
    "structural_factor": 2.1663055323067812,
    "functional_factor": 5.767629521651803
}