{
    "structural_factor": 1.615108254091271,
    "functional_factor": 1.0351834429537414
}