{
    "structural_factor": 3.7964524084332547,
    "functional_factor": 1.1503887136906976
}