{
    "structural_factor": 1.2307649834835028,
    "functional_factor": 1.236947295959986
}