{
    "structural_factor": 1.4209814303688924,
    "functional_factor": 1.0861071427288158
}