{
    "structural_factor": 1.0459982079057095,
    "functional_factor": 3.203360133612114
}