{
    "structural_factor": 0.5138954675100437,
    "functional_factor": 5.815183798866573
}