{
    "structural_factor": 5.02285536604535,
    "functional_factor": 1.7671873819021167
}