{
    "structural_factor": 2.542686577009071,
    "functional_factor": 1.0932868132764233
}