{
    "structural_factor": 1.1579048806968184,
    "functional_factor": 1.0293940288635874
}