{
    "structural_factor": 2.3146105814522273,
    "functional_factor": 3.498196678113005
}