{
    "structural_factor": 1.137797300996249,
    "functional_factor": 1.2415093154403347
}