{
    "structural_factor": 5.016481492015593,
    "functional_factor": 1.0446089872480397
}