{
    "structural_factor": 0.6563953112833216,
    "functional_factor": 6.7525182954432
}