{
    "structural_factor": 1.7811363683606094,
    "functional_factor": 1.1642505751962446
}