{
    "structural_factor": 2.5026830886340417,
    "functional_factor": 1.0036510169924717
}