{
    "structural_factor": 1.5107401014554944,
    "functional_factor": 2.8941873215757266
}