{
    "structural_factor": 2.6151503642402214,
    "functional_factor": 5.727261600017618
}