{
    "structural_factor": 1.1985809045704527,
    "functional_factor": 4.41321153664271
}