{
    "structural_factor": 1.4200983902302309,
    "functional_factor": 1.0618513295558325
}