{
    "structural_factor": 1.352899043649234,
    "functional_factor": 1.6695997576144301
}