{
    "structural_factor": 4.976871377758873,
    "functional_factor": 2.6295631033681475
}