{
    "structural_factor": 2.565523202451811,
    "functional_factor": 3.926671809728514
}