{
    "structural_factor": 1.326595368447147,
    "functional_factor": 1.727657232800646
}