{
    "structural_factor": 0.9973586541092205,
    "functional_factor": 3.7737628458438164
}