{
    "structural_factor": 1.0929676895009015,
    "functional_factor": 4.384973862097731
}