{
    "structural_factor": 1.70806775080672,
    "functional_factor": 1.0255413736968955
}