{
    "structural_factor": 1.6003818785012034,
    "functional_factor": 1.0035968958934216
}