{
    "structural_factor": 0.4724632628174409,
    "functional_factor": 7.107531189935297
}