{
    "structural_factor": 1.6835806119382024,
    "functional_factor": 2.0510363077810347
}