{
    "structural_factor": 3.933185107749825,
    "functional_factor": 2.0308967683323207
}