{
    "structural_factor": 2.002218684561089,
    "functional_factor": 1.003573420965826
}