{
    "structural_factor": 0.9337680868277628,
    "functional_factor": 15.430434551713525
}