{
    "structural_factor": 0.6967926424141078,
    "functional_factor": 6.552999694779111
}