{
    "structural_factor": 1.6701003085556765,
    "functional_factor": 1.6616183509100866
}