{
    "structural_factor": 2.876859369508836,
    "functional_factor": 3.565031101962578
}