{
    "structural_factor": 1.561127870679295,
    "functional_factor": 1.0348187492752665
}