{
    "structural_factor": 1.393438190818296,
    "functional_factor": 2.9901599582273506
}