{
    "structural_factor": 1.1055635549227265,
    "functional_factor": 1.4397664934528431
}