{
    "structural_factor": 2.7615673765461346,
    "functional_factor": 3.154516509203233
}