{
    "structural_factor": 3.6101514941166735,
    "functional_factor": 2.2200766082984855
}