{
    "structural_factor": 1.4390373995192713,
    "functional_factor": 2.504663569536203
}