{
    "structural_factor": 1.5601846457827968,
    "functional_factor": 1.2978186884774985
}