{
    "structural_factor": 1.0340032541925492,
    "functional_factor": 1.4130540200557702
}