{
    "structural_factor": 4.521456815676835,
    "functional_factor": 1.0764472819443198
}