{
    "structural_factor": 2.499690797539059,
    "functional_factor": 0.999986012311817
}