{
    "structural_factor": 1.333080277214718,
    "functional_factor": 2.7600106593120524
}