{
    "structural_factor": 1.7504678723258098,
    "functional_factor": 1.2350967162995141
}