{
    "structural_factor": 1.6566178386123032,
    "functional_factor": 1.0147195639150213
}