{
    "structural_factor": 1.2962198716883735,
    "functional_factor": 1.2025005710825203
}