{
    "structural_factor": 1.0498381490767268,
    "functional_factor": 1.0000004276003363
}