{
    "structural_factor": 1.6143633486500328,
    "functional_factor": 1.0306664077477794
}