{
    "structural_factor": 1.3705111574534499,
    "functional_factor": 1.2031297346118122
}