{
    "structural_factor": 4.708478991689457,
    "functional_factor": 1.8757001609661104
}