{
    "structural_factor": 1.3005906349382292,
    "functional_factor": 3.379634299188891
}