{
    "structural_factor": 2.01525563237704,
    "functional_factor": 1.1446945107319637
}