{
    "structural_factor": 1.978827445171455,
    "functional_factor": 1.5182959054185445
}