{
    "structural_factor": 1.6997369557630009,
    "functional_factor": 1.000019292522495
}