{
    "structural_factor": 1.4022526773662738,
    "functional_factor": 1.194842992712907
}