{
    "structural_factor": 1.2363232514395979,
    "functional_factor": 3.21059756169177
}