{
    "structural_factor": 1.060420664027052,
    "functional_factor": 1.8000816785828067
}