{
    "structural_factor": 1.730600629926831,
    "functional_factor": 1.1603931143294768
}