{
    "structural_factor": 1.1937778516368998,
    "functional_factor": 15.508722327920953
}