{
    "structural_factor": 1.211215801182677,
    "functional_factor": 1.7523128048201513
}