{
    "structural_factor": 1.8814685437178078,
    "functional_factor": 2.0030613014603644
}