{
    "structural_factor": 3.467647592084776,
    "functional_factor": 1.4973658301902295
}