{
    "structural_factor": 1.263791855930872,
    "functional_factor": 1.3249849577614607
}