{
    "structural_factor": 2.034381629367196,
    "functional_factor": 1.3636603372749383
}