{
    "structural_factor": 1.5259096481236123,
    "functional_factor": 1.522041341858091
}