{
    "structural_factor": 1.1876093815579236,
    "functional_factor": 1.3068277086306046
}