{
    "structural_factor": 1.1772158507283308,
    "functional_factor": 1.942492538399066
}