{
    "structural_factor": 1.216155457435521,
    "functional_factor": 1.326313399604391
}