{
    "structural_factor": 1.815627378728062,
    "functional_factor": 1.034988242940291
}