{
    "structural_factor": 1.0031907006251113,
    "functional_factor": 1.0145121215305015
}