{
    "structural_factor": 1.8213139505920286,
    "functional_factor": 1.2014252548302469
}