{
    "structural_factor": 4.291386963475258,
    "functional_factor": 1.2884788083771697
}