{
    "structural_factor": 1.4624662422415111,
    "functional_factor": 1.0305874604628718
}