{
    "structural_factor": 1.549218105615085,
    "functional_factor": 1.5441046224030266
}