{
    "structural_factor": 1.2542145866947059,
    "functional_factor": 1.8968701731230844
}