{
    "structural_factor": 1.1127185195674998,
    "functional_factor": 1.0658152431354946
}