{
    "structural_factor": 1.2750459611649727,
    "functional_factor": 2.0397057361980155
}