{
    "structural_factor": 4.771317632263774,
    "functional_factor": 1.2385319369368175
}