{
    "structural_factor": 1.4998041676035851,
    "functional_factor": 0.9999981367398277
}