{
    "structural_factor": 1.497955410814839,
    "functional_factor": 6.190597956724825
}