{
    "structural_factor": 1.55546737931972,
    "functional_factor": 1.0131969516360422
}