{
    "structural_factor": 1.1380099946859792,
    "functional_factor": 1.203049913185781
}