{
    "structural_factor": 1.8706708571005843,
    "functional_factor": 2.830933695308049
}