{
    "structural_factor": 0.525018507810874,
    "functional_factor": 7.205991660852536
}