{
    "structural_factor": 1.3373254681636484,
    "functional_factor": 1.195606796264524
}