{
    "structural_factor": 4.758404396494417,
    "functional_factor": 1.146033642442289
}