{
    "structural_factor": 3.222840884458769,
    "functional_factor": 2.8267486135475424
}