{
    "structural_factor": 1.8306171928879045,
    "functional_factor": 1.1652613165295929
}