{
    "structural_factor": 1.7738021353755766,
    "functional_factor": 1.637487302698253
}