{
    "structural_factor": 1.9299868686526842,
    "functional_factor": 1.514240265685936
}