{
    "structural_factor": 2.8250481743431637,
    "functional_factor": 2.4453190787422345
}