{
    "structural_factor": 1.412173586083179,
    "functional_factor": 1.035237309288572
}