{
    "structural_factor": 1.1898189831226293,
    "functional_factor": 3.242632298815102
}