{
    "structural_factor": 2.257330694686255,
    "functional_factor": 5.847864343652322
}