{
    "structural_factor": 1.5140356131932848,
    "functional_factor": 1.2231472126893899
}