{
    "structural_factor": 4.30962717176748,
    "functional_factor": 1.5400779549229329
}