{
    "structural_factor": 1.9065787708367206,
    "functional_factor": 1.8842021245272262
}