{
    "structural_factor": 1.9099081639937967,
    "functional_factor": 1.7635774880554849
}