{
    "structural_factor": 1.438897894412091,
    "functional_factor": 1.1295317228454511
}