{
    "structural_factor": 1.3548667258231741,
    "functional_factor": 1.0129943821456406
}