{
    "structural_factor": 2.8958308470856893,
    "functional_factor": 2.2107838675390385
}