{
    "structural_factor": 1.897152777934348,
    "functional_factor": 1.1481398241748788
}