{
    "structural_factor": 1.6405393092993499,
    "functional_factor": 2.2386461066796763
}