{
    "structural_factor": 1.1231306780761097,
    "functional_factor": 4.586844897751377
}