{
    "structural_factor": 4.030400184699948,
    "functional_factor": 1.1595813053879134
}