{
    "structural_factor": 2.055522165383604,
    "functional_factor": 1.1008793299454827
}