{
    "structural_factor": 2.654387835067158,
    "functional_factor": 1.9884418641001276
}