{
    "structural_factor": 4.224217545841525,
    "functional_factor": 2.429407134962499
}