{
    "structural_factor": 1.8597405744424627,
    "functional_factor": 1.6405393557524979
}