{
    "structural_factor": 1.4945673270321667,
    "functional_factor": 1.1439922899098978
}