{
    "structural_factor": 1.59976088369007,
    "functional_factor": 0.9999951730242593
}