{
    "structural_factor": 2.788504253561644,
    "functional_factor": 1.0691695574163607
}