{
    "structural_factor": 2.5252781905822093,
    "functional_factor": 5.000952644081836
}