{
    "structural_factor": 1.8773734686026868,
    "functional_factor": 1.6939484207534161
}