{
    "structural_factor": 1.7496786295143243,
    "functional_factor": 1.0000010480575507
}