{
    "structural_factor": 4.052630666259619,
    "functional_factor": 2.2759496903986975
}