{
    "structural_factor": 0.941025789368009,
    "functional_factor": 4.568317384567388
}