{
    "structural_factor": 3.7176578859620535,
    "functional_factor": 1.8688793614010688
}