{
    "structural_factor": 1.7315617634320082,
    "functional_factor": 1.0571174272089723
}