{
    "structural_factor": 3.4702158365294453,
    "functional_factor": 3.524283435672095
}