{
    "structural_factor": 4.0660085962122094,
    "functional_factor": 1.2697897266604439
}