{
    "structural_factor": 1.799684832084721,
    "functional_factor": 1.0000196625078441
}