{
    "structural_factor": 3.296000500782243,
    "functional_factor": 1.1282254459264542
}