{
    "structural_factor": 1.3013243264345633,
    "functional_factor": 1.0032011036686184
}