{
    "structural_factor": 1.3404881984942416,
    "functional_factor": 1.7977342002747259
}