{
    "structural_factor": 1.7259838013863387,
    "functional_factor": 1.7465641363465534
}