{
    "structural_factor": 2.2604639673289615,
    "functional_factor": 2.563943617282113
}