{
    "structural_factor": 1.8084764983748318,
    "functional_factor": 1.7406943230669896
}