{
    "structural_factor": 1.228000774073331,
    "functional_factor": 3.3265779386108227
}