{
    "structural_factor": 1.857582192764884,
    "functional_factor": 1.0150491642158186
}