{
    "structural_factor": 5.0147359918509675,
    "functional_factor": 1.3528364115444567
}