{
    "structural_factor": 0.7002331664085323,
    "functional_factor": 7.088528700643104
}