{
    "structural_factor": 0.9845230792415517,
    "functional_factor": 3.230146539958461
}