{
    "structural_factor": 1.209590248759099,
    "functional_factor": 1.0313717061156846
}