{
    "structural_factor": 2.877911348983777,
    "functional_factor": 2.329898227966937
}