{
    "structural_factor": 4.2591935128584515,
    "functional_factor": 1.0187585581284855
}