{
    "structural_factor": 2.5499157245812145,
    "functional_factor": 1.443444108348355
}