{
    "structural_factor": 3.243234789348276,
    "functional_factor": 2.0649967690485656
}