{
    "structural_factor": 3.7512959555333567,
    "functional_factor": 1.0039974411831667
}