{
    "structural_factor": 1.7886694843588495,
    "functional_factor": 3.3976884383566763
}