{
    "structural_factor": 2.2496856425185396,
    "functional_factor": 0.9999817468107564
}