{
    "structural_factor": 4.5131952790428596,
    "functional_factor": 1.0451621730771683
}