{
    "structural_factor": 1.461829427080648,
    "functional_factor": 2.348519518782124
}