{
    "structural_factor": 1.4798338148052175,
    "functional_factor": 1.1128284849747823
}