{
    "structural_factor": 3.0026355653015213,
    "functional_factor": 1.0038016797831382
}