{
    "structural_factor": 1.9245579924167677,
    "functional_factor": 1.1401003941281114
}