{
    "structural_factor": 1.834831347493726,
    "functional_factor": 1.355487325946044
}