{
    "structural_factor": 1.9652981068013473,
    "functional_factor": 1.817590241301566
}