{
    "structural_factor": 1.5200054657348203,
    "functional_factor": 2.118318386107781
}