{
    "structural_factor": 1.1863521490574136,
    "functional_factor": 5.3697268261284306
}