{
    "structural_factor": 1.435573851791794,
    "functional_factor": 5.54567096661424
}