{
    "structural_factor": 1.571833667236437,
    "functional_factor": 1.328295768047933
}