{
    "structural_factor": 1.207961583538206,
    "functional_factor": 1.8086489728026771
}