{
    "structural_factor": 1.062515455592885,
    "functional_factor": 1.0637789865496956
}