{
    "structural_factor": 1.4757423343282174,
    "functional_factor": 1.062752579000951
}