{
    "structural_factor": 1.6566161614119645,
    "functional_factor": 1.0138100494216793
}