{
    "structural_factor": 2.7497203363145606,
    "functional_factor": 0.9999631939840665
}