{
    "structural_factor": 1.7940245177834595,
    "functional_factor": 2.022970078548736
}