{
    "structural_factor": 1.0713356611990636,
    "functional_factor": 5.859403415077868
}