{
    "structural_factor": 4.009485560591681,
    "functional_factor": 1.1719441067232768
}