{
    "structural_factor": 1.7546802514176025,
    "functional_factor": 1.1655922188346484
}