{
    "structural_factor": 1.1914761488505334,
    "functional_factor": 1.4032361171207528
}