{
    "structural_factor": 4.51065595800434,
    "functional_factor": 1.0453799565841106
}