{
    "structural_factor": 1.1047951150224966,
    "functional_factor": 1.036552643336296
}