{
    "structural_factor": 1.7739248605477336,
    "functional_factor": 4.123130004795706
}