{
    "structural_factor": 3.35388551256591,
    "functional_factor": 1.8008632306688273
}