{
    "structural_factor": 0.18007862811967024,
    "functional_factor": 4.76582566806722
}