{
    "structural_factor": 1.3660322149236708,
    "functional_factor": 5.845459581633054
}