{
    "structural_factor": 1.245350756751947,
    "functional_factor": 5.480090743510821
}