{
    "structural_factor": 1.2359784234293383,
    "functional_factor": 1.7940772079006826
}