{
    "structural_factor": 2.3000528938474387,
    "functional_factor": 1.1032265354954027
}