{
    "structural_factor": 3.9586441544114894,
    "functional_factor": 1.7652810722004486
}