{
    "structural_factor": 2.7914433735206607,
    "functional_factor": 1.0682517336142436
}