{
    "structural_factor": 1.8753295325569386,
    "functional_factor": 1.1406372582698208
}