{
    "structural_factor": 1.8008154687746554,
    "functional_factor": 1.0037701127036962
}