{
    "structural_factor": 0.8244407250037996,
    "functional_factor": 5.738370996977346
}