{
    "structural_factor": 2.9997976969054125,
    "functional_factor": 0.9999415399789152
}