{
    "structural_factor": 1.8515823412033492,
    "functional_factor": 2.2450530193221074
}