{
    "structural_factor": 2.771435766599018,
    "functional_factor": 1.0321484817517326
}