{
    "structural_factor": 1.750405834171334,
    "functional_factor": 1.7003961843123392
}