{
    "structural_factor": 1.0392394180510711,
    "functional_factor": 1.0601986159800627
}