{
    "structural_factor": 1.1040344356839036,
    "functional_factor": 1.0159075865140588
}