{
    "structural_factor": 2.03079439173078,
    "functional_factor": 1.117579507471983
}