{
    "structural_factor": 1.9019630953706836,
    "functional_factor": 1.0039103953019466
}