{
    "structural_factor": 1.085310250183076,
    "functional_factor": 1.200068825396045
}