{
    "structural_factor": 1.1382786721927507,
    "functional_factor": 1.795552409303729
}