{
    "structural_factor": 1.319400525878067,
    "functional_factor": 1.953589458678751
}