{
    "structural_factor": 4.040022310096275,
    "functional_factor": 2.5926521972916268
}