{
    "structural_factor": 1.893898847253215,
    "functional_factor": 1.4463355528072683
}