{
    "structural_factor": 0.7862226826824152,
    "functional_factor": 2.864361130771712
}