{
    "structural_factor": 4.00649029317061,
    "functional_factor": 1.9187203859699176
}