{
    "structural_factor": 3.377717624252862,
    "functional_factor": 3.8274326617930714
}