{
    "structural_factor": 0.9725321658489963,
    "functional_factor": 5.423538132132266
}