{
    "structural_factor": 4.9834129454298175,
    "functional_factor": 1.0790582124019765
}