{
    "structural_factor": 3.033282887269596,
    "functional_factor": 1.0628350307974743
}