{
    "structural_factor": 3.0112135250774634,
    "functional_factor": 1.7608000544203095
}