{
    "structural_factor": 3.743304628952533,
    "functional_factor": 3.1645291273523877
}