{
    "structural_factor": 1.749892669251682,
    "functional_factor": 1.0138101455131239
}