{
    "structural_factor": 1.9589399629627313,
    "functional_factor": 2.5633876983716304
}