{
    "structural_factor": 1.5173684182567122,
    "functional_factor": 1.3293268252402075
}