{
    "structural_factor": 3.536386355234193,
    "functional_factor": 1.1201864847190186
}