{
    "structural_factor": 1.7811874750624515,
    "functional_factor": 1.0588597690328063
}