{
    "structural_factor": 1.0397080688218971,
    "functional_factor": 1.646060866362384
}