{
    "structural_factor": 4.3608370343916025,
    "functional_factor": 3.267643426754074
}