{
    "structural_factor": 1.7101443049600007,
    "functional_factor": 2.1295532566279727
}