{
    "structural_factor": 1.7411488544088192,
    "functional_factor": 3.390377329710718
}