{
    "structural_factor": 0.5547314841537344,
    "functional_factor": 5.3305547732515475
}