{
    "structural_factor": 1.1148220500444832,
    "functional_factor": 1.0623769501181624
}