{
    "structural_factor": 4.058452118394272,
    "functional_factor": 4.45040208932511
}