{
    "structural_factor": 1.7065564967482871,
    "functional_factor": 2.2660378709834066
}