{
    "structural_factor": 0.4344759252462392,
    "functional_factor": 4.483481428014165
}