{
    "structural_factor": 1.054418105127587,
    "functional_factor": 1.7537837781754295
}