{
    "structural_factor": 0.941870934375508,
    "functional_factor": 3.546219018331384
}