{
    "structural_factor": 1.5582868856392693,
    "functional_factor": 1.359509882388123
}