{
    "structural_factor": 2.0492493650523422,
    "functional_factor": 3.2355917885719006
}