{
    "structural_factor": 2.2601023355079763,
    "functional_factor": 1.0151493027378582
}