{
    "structural_factor": 2.7529882172485434,
    "functional_factor": 1.0040180019404283
}