{
    "structural_factor": 3.8058679985521833,
    "functional_factor": 1.5408192886336491
}