{
    "structural_factor": 2.758145014203374,
    "functional_factor": 2.8448333849872327
}