{
    "structural_factor": 2.0207940855932094,
    "functional_factor": 1.035640090559715
}