{
    "structural_factor": 1.601772792102784,
    "functional_factor": 1.003742933903593
}