{
    "structural_factor": 1.7775610434712839,
    "functional_factor": 1.114675818976441
}