{
    "structural_factor": 4.579604525474096,
    "functional_factor": 2.027956064873524
}