{
    "structural_factor": 1.0555208540971959,
    "functional_factor": 1.036389000643178
}