{
    "structural_factor": 1.7043042891118052,
    "functional_factor": 1.8319261424939302
}