{
    "structural_factor": 1.8467685369807303,
    "functional_factor": 5.323684557490113
}