{
    "structural_factor": 0.9771845922794326,
    "functional_factor": 1.955532533750905
}