{
    "structural_factor": 1.8609855693129238,
    "functional_factor": 3.4854326465005343
}