{
    "structural_factor": 5.0373515603996335,
    "functional_factor": 1.1271922608822205
}