{
    "structural_factor": 2.047561022787999,
    "functional_factor": 1.0993854038688102
}