{
    "structural_factor": 1.6210713779821808,
    "functional_factor": 6.4238096758323175
}