{
    "structural_factor": 1.1136088444417298,
    "functional_factor": 1.5410365211617807
}