{
    "structural_factor": 1.728268447385128,
    "functional_factor": 4.658525140409224
}