{
    "structural_factor": 3.995303473352053,
    "functional_factor": 2.6219200678844046
}