{
    "structural_factor": 3.210623699263993,
    "functional_factor": 2.5445727896165544
}