{
    "structural_factor": 1.3947830411787288,
    "functional_factor": 1.884167577394999
}