{
    "structural_factor": 1.0871417826806367,
    "functional_factor": 2.76472818224756
}