{
    "structural_factor": 1.8919820097902758,
    "functional_factor": 2.0275178590149823
}