{
    "structural_factor": 0.8581541594990613,
    "functional_factor": 6.659566181965214
}