{
    "structural_factor": 1.981513777123267,
    "functional_factor": 1.0598195366023786
}