{
    "structural_factor": 3.7379865739579934,
    "functional_factor": 2.8735855917584625
}