{
    "structural_factor": 1.3402555779162693,
    "functional_factor": 2.596852002851305
}