{
    "structural_factor": 1.1721206820401606,
    "functional_factor": 5.950018385720683
}