{
    "structural_factor": 1.405136936342694,
    "functional_factor": 4.471804838657386
}