{
    "structural_factor": 4.167856352410361,
    "functional_factor": 3.2142031055579623
}