{
    "structural_factor": 5.01768227903818,
    "functional_factor": 1.0777160106904757
}