{
    "structural_factor": 3.5409398472063827,
    "functional_factor": 1.746134258203685
}