{
    "structural_factor": 2.499661381227193,
    "functional_factor": 0.9999991808953768
}