{
    "structural_factor": 1.4469860650829645,
    "functional_factor": 1.6866652747104454
}