{
    "structural_factor": 1.849766626588433,
    "functional_factor": 0.9999835718614027
}