{
    "structural_factor": 1.9673279825155565,
    "functional_factor": 1.0329579160843867
}