{
    "structural_factor": 1.7017476672315859,
    "functional_factor": 1.0039273888415718
}