{
    "structural_factor": 1.9996997765387128,
    "functional_factor": 1.000013511118352
}