{
    "structural_factor": 0.45590038032114494,
    "functional_factor": 5.345126217994626
}