{
    "structural_factor": 4.030754486496132,
    "functional_factor": 1.177976420034098
}