{
    "structural_factor": 4.773816225627888,
    "functional_factor": 1.0811096373271807
}