{
    "structural_factor": 2.7780966292024383,
    "functional_factor": 1.128857296005231
}