{
    "structural_factor": 1.8820675219770548,
    "functional_factor": 1.267693086888817
}