{
    "structural_factor": 1.9013622479903343,
    "functional_factor": 1.130034615504568
}