{
    "structural_factor": 1.3263355777675767,
    "functional_factor": 4.019857018840293
}