{
    "structural_factor": 1.301675047525583,
    "functional_factor": 2.4444986450506603
}