{
    "structural_factor": 2.2256275058738617,
    "functional_factor": 1.523346416656595
}