{
    "structural_factor": 1.9203578068859313,
    "functional_factor": 1.038508006019198
}