{
    "structural_factor": 1.9418054945953673,
    "functional_factor": 2.1711166341721
}