{
    "structural_factor": 0.821594499379046,
    "functional_factor": 6.107388569765299
}