{
    "structural_factor": 2.2709676506610985,
    "functional_factor": 1.031316231935478
}