{
    "structural_factor": 2.7503563006179785,
    "functional_factor": 1.613525341048265
}