{
    "structural_factor": 1.0986625399542662,
    "functional_factor": 1.475882696110724
}