{
    "structural_factor": 3.800708458007903,
    "functional_factor": 1.6826748847665352
}