{
    "structural_factor": 1.9120956258214856,
    "functional_factor": 3.4194264438387356
}