{
    "structural_factor": 3.2219482197603506,
    "functional_factor": 2.2998746677693456
}