{
    "structural_factor": 1.9643168299516705,
    "functional_factor": 3.4308236154588476
}