{
    "structural_factor": 1.6370081745197818,
    "functional_factor": 1.6836603901840645
}