{
    "structural_factor": 1.6993055930249226,
    "functional_factor": 1.237561854560038
}