{
    "structural_factor": 1.5808785473195535,
    "functional_factor": 2.54503062093291
}