{
    "structural_factor": 1.6089006975799511,
    "functional_factor": 3.2163721837229318
}