{
    "structural_factor": 3.3655034765491054,
    "functional_factor": 2.2263579267895435
}