{
    "structural_factor": 1.1900632509616682,
    "functional_factor": 1.2414090258626143
}