{
    "structural_factor": 0.9147393085600858,
    "functional_factor": 5.353377402953475
}