{
    "structural_factor": 1.4179930319368892,
    "functional_factor": 3.504316519779762
}