{
    "structural_factor": 3.040997029901458,
    "functional_factor": 1.887783949488064
}