{
    "structural_factor": 0.9032575158335686,
    "functional_factor": 3.9263757939034662
}