{
    "structural_factor": 2.5739497483088636,
    "functional_factor": 1.5248932347872652
}