{
    "structural_factor": 1.413673556354087,
    "functional_factor": 1.4770324851271106
}