{
    "structural_factor": 1.9096912754480728,
    "functional_factor": 2.561596019511246
}