{
    "structural_factor": 1.5521584588308432,
    "functional_factor": 1.6694846506265046
}