{
    "structural_factor": 5.007701446635024,
    "functional_factor": 1.039113567172454
}