{
    "structural_factor": 4.0101547084987,
    "functional_factor": 1.963963725585501
}