{
    "structural_factor": 1.7067233264842971,
    "functional_factor": 1.0130803041460519
}