{
    "structural_factor": 2.7709026965556482,
    "functional_factor": 1.0358491101445833
}