{
    "structural_factor": 1.4515714451775388,
    "functional_factor": 1.0038289046352498
}