{
    "structural_factor": 3.762368647006695,
    "functional_factor": 1.141442356614762
}