{
    "structural_factor": 4.757266467270883,
    "functional_factor": 1.0187958139831852
}