{
    "structural_factor": 1.1092455942151256,
    "functional_factor": 1.205113900257953
}