{
    "structural_factor": 3.778258735566186,
    "functional_factor": 1.178919749946134
}