{
    "structural_factor": 2.552427935196489,
    "functional_factor": 1.8701513202125164
}