{
    "structural_factor": 1.899700396159922,
    "functional_factor": 0.999997558066606
}