{
    "structural_factor": 1.2707614404677183,
    "functional_factor": 1.4330671538370408
}