{
    "structural_factor": 2.464638158925238,
    "functional_factor": 2.073246176640194
}