{
    "structural_factor": 2.7157539796319328,
    "functional_factor": 2.5404081909331775
}