{
    "structural_factor": 1.406777051129014,
    "functional_factor": 2.045825734793943
}