{
    "structural_factor": 2.999681775153705,
    "functional_factor": 0.9999677155857896
}