{
    "structural_factor": 2.974590513761425,
    "functional_factor": 3.750869870656657
}