{
    "structural_factor": 4.142567214180862,
    "functional_factor": 3.8715504409812778
}