{
    "structural_factor": 1.849793039568419,
    "functional_factor": 0.9999861812716924
}