{
    "structural_factor": 2.5103479728827462,
    "functional_factor": 1.0307297593027847
}