{
    "structural_factor": 1.2699764042749426,
    "functional_factor": 1.0591537842530336
}