{
    "structural_factor": 4.497904066045381,
    "functional_factor": 2.688232345332589
}