{
    "structural_factor": 1.171740705363567,
    "functional_factor": 2.981246362665962
}