{
    "structural_factor": 4.763621693707579,
    "functional_factor": 1.0378112532698462
}