{
    "structural_factor": 3.249747227623162,
    "functional_factor": 0.9999539681211493
}