{
    "structural_factor": 4.902246088642354,
    "functional_factor": 1.8333978363730774
}