{
    "structural_factor": 1.527039292092341,
    "functional_factor": 1.0657501878447118
}