{
    "structural_factor": 1.1401445377118886,
    "functional_factor": 2.3609472526446242
}