{
    "structural_factor": 2.0177290840845803,
    "functional_factor": 1.035341446904708
}