{
    "structural_factor": 1.1549920981860344,
    "functional_factor": 4.494293683829288
}