{
    "structural_factor": 1.439513073134703,
    "functional_factor": 1.234684867777914
}