{
    "structural_factor": 1.4439447936580998,
    "functional_factor": 1.058260231907247
}