{
    "structural_factor": 1.5278859323428757,
    "functional_factor": 2.600825435492529
}