{
    "structural_factor": 1.6361526219867162,
    "functional_factor": 1.4418310684200544
}