{
    "structural_factor": 2.499665184882318,
    "functional_factor": 0.9999906645926803
}