{
    "structural_factor": 2.284295379618167,
    "functional_factor": 1.2178970269923124
}