{
    "structural_factor": 0.9494874562001023,
    "functional_factor": 3.04679880213774
}