{
    "structural_factor": 2.322882976295899,
    "functional_factor": 1.7739711036516388
}