{
    "structural_factor": 2.8772679549973796,
    "functional_factor": 5.698063255022185
}