{
    "structural_factor": 1.329719127562322,
    "functional_factor": 7.1497808513713155
}