{
    "structural_factor": 3.155054103686874,
    "functional_factor": 3.841941014836149
}