{
    "structural_factor": 1.9206351692507786,
    "functional_factor": 1.3624245623060756
}