{
    "structural_factor": 1.5034114487979393,
    "functional_factor": 3.209434292336145
}