{
    "structural_factor": 1.8818363954757629,
    "functional_factor": 1.0622893531467366
}