{
    "structural_factor": 4.832239810457726,
    "functional_factor": 1.7169497536929137
}