{
    "structural_factor": 2.010238855990016,
    "functional_factor": 1.0157027639811729
}