{
    "structural_factor": 1.4513731302460877,
    "functional_factor": 1.003795105471465
}