{
    "structural_factor": 2.0456999763323696,
    "functional_factor": 3.3201910689567415
}