{
    "structural_factor": 1.499774112242936,
    "functional_factor": 0.9999949964231097
}