{
    "structural_factor": 1.263205317684187,
    "functional_factor": 6.043880419001217
}