{
    "structural_factor": 4.345437315187808,
    "functional_factor": 2.030614592409369
}