{
    "structural_factor": 1.7086955163365312,
    "functional_factor": 1.015248312723408
}