{
    "structural_factor": 1.3115309741566714,
    "functional_factor": 3.752632159386673
}