{
    "structural_factor": 1.4018984541638115,
    "functional_factor": 1.6672210180088185
}