{
    "structural_factor": 2.500188790653824,
    "functional_factor": 1.8467725818004843
}