{
    "structural_factor": 1.4613193962279996,
    "functional_factor": 2.2583271017270508
}