{
    "structural_factor": 3.557987307847835,
    "functional_factor": 1.1903346974081344
}