{
    "structural_factor": 2.5026763103361906,
    "functional_factor": 1.0039892291277923
}