{
    "structural_factor": 2.3735902508267,
    "functional_factor": 2.671940842466796
}