{
    "structural_factor": 1.2497845362754187,
    "functional_factor": 1.000012852475839
}