{
    "structural_factor": 1.5755036941913954,
    "functional_factor": 1.3112066268929068
}