{
    "structural_factor": 2.499653897201916,
    "functional_factor": 0.9999657626344072
}