{
    "structural_factor": 1.7456269727663967,
    "functional_factor": 2.6900749283697607
}