{
    "structural_factor": 1.1508145502957265,
    "functional_factor": 1.0039305930369165
}