{
    "structural_factor": 5.025173385375212,
    "functional_factor": 1.1318875579047416
}