{
    "structural_factor": 1.505137136211465,
    "functional_factor": 1.2997029862482996
}