{
    "structural_factor": 1.1098011334981999,
    "functional_factor": 1.475671453406868
}