{
    "structural_factor": 1.0464774831445363,
    "functional_factor": 3.6192413131025285
}