{
    "structural_factor": 1.6089430423062716,
    "functional_factor": 1.2405713472729911
}