{
    "structural_factor": 2.0080786039412133,
    "functional_factor": 1.1303675520617735
}