{
    "structural_factor": 3.880218232619308,
    "functional_factor": 3.045865879596839
}