{
    "structural_factor": 1.0873963494296468,
    "functional_factor": 1.6320195203507166
}