{
    "structural_factor": 1.9778026232202848,
    "functional_factor": 1.3001911111689997
}