{
    "structural_factor": 3.322746718485813,
    "functional_factor": 1.5300084565124406
}