{
    "structural_factor": 1.7878664922733736,
    "functional_factor": 1.1120360513552343
}