{
    "structural_factor": 1.4507474475571975,
    "functional_factor": 1.6304720466020313
}