{
    "structural_factor": 1.9240009235793016,
    "functional_factor": 2.388820629300989
}