{
    "structural_factor": 1.418681419927557,
    "functional_factor": 1.4811627647474865
}