{
    "structural_factor": 2.0412088541235245,
    "functional_factor": 2.1765532736099273
}