{
    "structural_factor": 3.2518411765169963,
    "functional_factor": 1.003695737936936
}