{
    "structural_factor": 1.9997325105658272,
    "functional_factor": 0.9999834780822061
}