{
    "structural_factor": 1.843054118778556,
    "functional_factor": 1.9187967517716882
}