{
    "structural_factor": 1.228151976465936,
    "functional_factor": 3.5014883863392288
}