{
    "structural_factor": 4.171081105534533,
    "functional_factor": 3.385723735074062
}