{
    "structural_factor": 1.6896223046422034,
    "functional_factor": 1.0984032861475834
}