{
    "structural_factor": 1.3289800832901908,
    "functional_factor": 1.5204721558960295
}