{
    "structural_factor": 3.4155028177171105,
    "functional_factor": 5.68935388439149
}