{
    "structural_factor": 2.7445370897662023,
    "functional_factor": 3.1529121986536497
}