{
    "structural_factor": 2.0603643721842246,
    "functional_factor": 1.848676746467779
}