{
    "structural_factor": 3.07832635776648,
    "functional_factor": 1.956948453022224
}