{
    "structural_factor": 1.000427274689719,
    "functional_factor": 1.004013327335282
}