{
    "structural_factor": 1.0597187918684914,
    "functional_factor": 2.8921988767160034
}