{
    "structural_factor": -0.13224546097208675,
    "functional_factor": 4.1013449825764585
}