{
    "structural_factor": 4.874553857352282,
    "functional_factor": 2.699489556731949
}