{
    "structural_factor": 1.1982854480324103,
    "functional_factor": 1.7603134358123058
}