{
    "structural_factor": 2.928691145524495,
    "functional_factor": 1.3650585399904558
}