{
    "structural_factor": 1.2610834142392653,
    "functional_factor": 2.8828622310030405
}