{
    "structural_factor": 1.8162261171281024,
    "functional_factor": 1.0325024989066676
}