{
    "structural_factor": 1.0317490842928472,
    "functional_factor": 1.287756440024872
}