{
    "structural_factor": 1.3728005599777515,
    "functional_factor": 1.0622604370490516
}