{
    "structural_factor": 1.5997855735169937,
    "functional_factor": 0.999998053212504
}