{
    "structural_factor": 1.8517021490298495,
    "functional_factor": 1.2392930450429145
}