{
    "structural_factor": 1.575549586511425,
    "functional_factor": 1.5002968649641797
}