{
    "structural_factor": 1.0255194430895316,
    "functional_factor": 2.501096825917302
}