{
    "structural_factor": 3.354159104742737,
    "functional_factor": 3.496492748815828
}