{
    "structural_factor": 1.2240800021343403,
    "functional_factor": 2.254374009893916
}