{
    "structural_factor": 3.7314576723013286,
    "functional_factor": 2.4681246453485604
}