{
    "structural_factor": 2.521652629453526,
    "functional_factor": 3.4034905241490403
}