{
    "structural_factor": 1.8497849273914364,
    "functional_factor": 0.9999650819296146
}