{
    "structural_factor": 1.8327666798772628,
    "functional_factor": 1.0661334747896687
}