{
    "structural_factor": 1.386404036550756,
    "functional_factor": 10.437794810274887
}