{
    "structural_factor": 3.866614467154224,
    "functional_factor": 6.293265470505575
}