{
    "structural_factor": 1.6843677434316024,
    "functional_factor": 3.2250943576772806
}