{
    "structural_factor": 1.1505687995805247,
    "functional_factor": 1.003609716458012
}