{
    "structural_factor": 2.9721347649181458,
    "functional_factor": 2.296633848646176
}