{
    "structural_factor": 1.9820145043053221,
    "functional_factor": 3.4057725592708095
}