{
    "structural_factor": 1.5225525254540084,
    "functional_factor": 1.0639292234062148
}