{
    "structural_factor": 4.02795070284244,
    "functional_factor": 1.7530582099935943
}