{
    "structural_factor": 2.047900301902995,
    "functional_factor": 1.4522899306879844
}