{
    "structural_factor": 4.022928734848585,
    "functional_factor": 1.1287784722040062
}