{
    "structural_factor": 3.0654923426501828,
    "functional_factor": 1.4025766045223056
}