{
    "structural_factor": 4.580475689834433,
    "functional_factor": 2.223589046160823
}