{
    "structural_factor": 1.9018934113284722,
    "functional_factor": 1.1007870579748227
}