{
    "structural_factor": 2.3240405722629465,
    "functional_factor": 1.5133950003333607
}