{
    "structural_factor": 4.495041017226401,
    "functional_factor": 1.773722594668996
}