{
    "structural_factor": 1.9679455436603626,
    "functional_factor": 1.0307977195063596
}