{
    "structural_factor": 3.7675465301722944,
    "functional_factor": 1.0436413668480973
}