{
    "structural_factor": 1.7433001649350148,
    "functional_factor": 1.9258659073549451
}