{
    "structural_factor": 1.6580046851716828,
    "functional_factor": 1.8250489416789164
}