{
    "structural_factor": 1.6240914304168768,
    "functional_factor": 1.5248457718680064
}