{
    "structural_factor": 1.5060813786249618,
    "functional_factor": 1.0139121864831688
}