{
    "structural_factor": 3.5088099608671337,
    "functional_factor": 1.0168928312801213
}