{
    "structural_factor": 1.9053815592385506,
    "functional_factor": 2.37219394413836
}