{
    "structural_factor": 4.276007327776952,
    "functional_factor": 1.1275504741059432
}