{
    "structural_factor": 4.794450050367412,
    "functional_factor": 1.6953220553962334
}