{
    "structural_factor": 1.248442288021567,
    "functional_factor": 1.0139499300713162
}