{
    "structural_factor": 0.5236109846104926,
    "functional_factor": 7.313385368324525
}