{
    "structural_factor": 1.2960885980893366,
    "functional_factor": 1.2800500313815084
}