{
    "structural_factor": 1.2810686483011995,
    "functional_factor": 2.1139287808400273
}