{
    "structural_factor": 1.399813500697016,
    "functional_factor": 0.9999971423439982
}