{
    "structural_factor": 1.3514201886439499,
    "functional_factor": 1.0036162793933616
}