{
    "structural_factor": 1.7964145728509693,
    "functional_factor": 1.0969781399952145
}