{
    "structural_factor": 1.1129829926965737,
    "functional_factor": 1.1655843554150178
}