{
    "structural_factor": 1.2409471879915996,
    "functional_factor": 1.8929880781937838
}