{
    "structural_factor": 1.0594391553419633,
    "functional_factor": 4.989041215153159
}