{
    "structural_factor": 3.236907261276778,
    "functional_factor": 3.4375172226743858
}