{
    "structural_factor": 3.5295502121684357,
    "functional_factor": 1.4680277239070314
}