{
    "structural_factor": 1.3062782895635479,
    "functional_factor": 2.219349767037431
}