{
    "structural_factor": 4.315602997824386,
    "functional_factor": 1.2672367999791834
}