{
    "structural_factor": 3.8917438645142486,
    "functional_factor": 2.228466213051328
}