{
    "structural_factor": 1.1755952192531025,
    "functional_factor": 2.5157441757438104
}