{
    "structural_factor": 3.2604688401415935,
    "functional_factor": 1.0172283838321143
}