{
    "structural_factor": 1.1246378130923074,
    "functional_factor": 1.1072970145162109
}