{
    "structural_factor": 1.1518745354380728,
    "functional_factor": 1.4774761455294207
}