{
    "structural_factor": 1.655599964522884,
    "functional_factor": 3.229477652122997
}