{
    "structural_factor": 1.6570647232877007,
    "functional_factor": 1.0146313544102925
}