{
    "structural_factor": 1.7513781697648168,
    "functional_factor": 2.0460952750424033
}