{
    "structural_factor": 0.5837526533775979,
    "functional_factor": 5.6600744607406135
}