{
    "structural_factor": 2.027000063919874,
    "functional_factor": 1.504536730853334
}