{
    "structural_factor": 1.8076640884598918,
    "functional_factor": 1.8288959870092445
}