{
    "structural_factor": 5.015000524492967,
    "functional_factor": 2.6115203547085866
}