{
    "structural_factor": 1.647876855520025,
    "functional_factor": 2.2530197866489123
}