{
    "structural_factor": 1.1806364489391308,
    "functional_factor": 3.3314157023488407
}