{
    "structural_factor": 1.1527661379966687,
    "functional_factor": 4.550524471364063
}