{
    "structural_factor": 0.6973293330990693,
    "functional_factor": 5.376215214410906
}