{
    "structural_factor": 1.791744426961583,
    "functional_factor": 1.098301308993019
}