{
    "structural_factor": 1.2501485701374733,
    "functional_factor": 3.4964784350703115
}