{
    "structural_factor": 3.2901496849852543,
    "functional_factor": 1.0684505623866198
}