{
    "structural_factor": 3.4308589345362215,
    "functional_factor": 2.0249345738002322
}