{
    "structural_factor": 2.742324520723906,
    "functional_factor": 2.424849396159895
}