{
    "structural_factor": 1.061926783607843,
    "functional_factor": 5.713484192730057
}