{
    "structural_factor": 0.5220569774630345,
    "functional_factor": 4.214976097257799
}