{
    "structural_factor": 3.386951870884549,
    "functional_factor": 1.8640682570524751
}