{
    "structural_factor": 3.389703318281383,
    "functional_factor": 2.5713358239644335
}