{
    "structural_factor": 3.2031812904610026,
    "functional_factor": 5.704965788720179
}