{
    "structural_factor": 4.781540135380654,
    "functional_factor": 1.1249752814965235
}