{
    "structural_factor": 3.539511507473098,
    "functional_factor": 2.9038905149340746
}