{
    "structural_factor": 1.6590076934880642,
    "functional_factor": 2.360521695024844
}