{
    "structural_factor": 1.8451538458038932,
    "functional_factor": 3.8062330759531235
}