{
    "structural_factor": 5.003097610768306,
    "functional_factor": 1.2035330590367677
}