{
    "structural_factor": 2.4996994627581564,
    "functional_factor": 0.9999760164984004
}