{
    "structural_factor": 1.2423139662596676,
    "functional_factor": 5.884780500491202
}