{
    "structural_factor": 1.022542405291985,
    "functional_factor": 2.9739264567613724
}