{
    "structural_factor": 4.601604137141669,
    "functional_factor": 3.063685082794364
}