{
    "structural_factor": 1.5113029419072355,
    "functional_factor": 1.0304453513493597
}