{
    "structural_factor": 1.5210323929302452,
    "functional_factor": 1.311413315888991
}