{
    "structural_factor": 1.3381282825450724,
    "functional_factor": 1.1442032245460778
}