{
    "structural_factor": 1.7231211113153173,
    "functional_factor": 2.8061385774115033
}