{
    "structural_factor": 2.26173787803066,
    "functional_factor": 2.852029913540023
}