{
    "structural_factor": 1.0590893818635603,
    "functional_factor": 2.60942461913159
}