{
    "structural_factor": 4.783648546849862,
    "functional_factor": 1.7252776230024895
}