{
    "structural_factor": 3.0235723974760385,
    "functional_factor": 1.0357123504860646
}