{
    "structural_factor": 0.9998469150063943,
    "functional_factor": 1.0000101512139807
}