{
    "structural_factor": 1.4416725910417745,
    "functional_factor": 2.9934043251932305
}