{
    "structural_factor": 3.788306507806353,
    "functional_factor": 1.7506883842485577
}