{
    "structural_factor": 1.1746488401955244,
    "functional_factor": 1.7322168284820545
}