{
    "structural_factor": 1.595361512930947,
    "functional_factor": 1.698368890298406
}