{
    "structural_factor": 1.4287271996666926,
    "functional_factor": 15.343690627658129
}