{
    "structural_factor": 1.4065143879022062,
    "functional_factor": 1.925569713265348
}