{
    "structural_factor": 1.0229176181202648,
    "functional_factor": 5.7318427094304765
}