{
    "structural_factor": 1.2020844437142701,
    "functional_factor": 1.8963426143393296
}