{
    "structural_factor": 1.2816070475424084,
    "functional_factor": 3.8041986429830947
}