{
    "structural_factor": 0.9054838824714535,
    "functional_factor": 4.273506799087312
}