{
    "structural_factor": 1.095351104951611,
    "functional_factor": 2.667700947620809
}