{
    "structural_factor": 1.397147780556895,
    "functional_factor": 1.6176787225181484
}