{
    "structural_factor": 1.017191661202344,
    "functional_factor": 15.422863160415734
}