{
    "structural_factor": 1.5025037333396567,
    "functional_factor": 1.4055304151482624
}