{
    "structural_factor": 4.548518301734779,
    "functional_factor": 1.702170590084288
}