{
    "structural_factor": 2.014801559757835,
    "functional_factor": 3.843549430956237
}