{
    "structural_factor": 2.2690531470019346,
    "functional_factor": 2.5944436596138996
}