{
    "structural_factor": 1.5346577352589925,
    "functional_factor": 1.0973860015989914
}