{
    "structural_factor": 1.314777789577775,
    "functional_factor": 2.858813521395266
}