{
    "structural_factor": 2.0774513907854955,
    "functional_factor": 1.300602111253076
}