{
    "structural_factor": 3.1692169122737264,
    "functional_factor": 1.5692190391523761
}