{
    "structural_factor": 2.0833958823235808,
    "functional_factor": 1.2734726925588147
}