{
    "structural_factor": 1.7788357298114932,
    "functional_factor": 2.513666776370645
}