{
    "structural_factor": 4.510341358809778,
    "functional_factor": 1.0180416765846259
}