{
    "structural_factor": 1.062256433350472,
    "functional_factor": 1.0661265410913419
}