{
    "structural_factor": 1.3288161789855557,
    "functional_factor": 1.097131753010365
}