{
    "structural_factor": 1.1895243082576814,
    "functional_factor": 1.6162284872394261
}