{
    "structural_factor": 2.2695053633264415,
    "functional_factor": 3.2326848035359528
}