{
    "structural_factor": 1.2825976884076145,
    "functional_factor": 1.505157594815911
}