{
    "structural_factor": 1.9746767441737818,
    "functional_factor": 2.583179478000732
}