{
    "structural_factor": 2.93170530121426,
    "functional_factor": 1.5653480969507412
}