{
    "structural_factor": 1.3250123953903323,
    "functional_factor": 2.3569332157649736
}