{
    "structural_factor": 4.54589036325758,
    "functional_factor": 1.1762399395050405
}