{
    "structural_factor": 2.014776758815461,
    "functional_factor": 1.0350737209494696
}