{
    "structural_factor": 1.8974178132721946,
    "functional_factor": 1.0591030110081734
}