{
    "structural_factor": 1.3584042016761924,
    "functional_factor": 2.040100761453765
}