{
    "structural_factor": 1.0498714687313215,
    "functional_factor": 1.0000032313101368
}