{
    "structural_factor": 2.096470668477738,
    "functional_factor": 1.4548423264055572
}