{
    "structural_factor": 2.774377284605644,
    "functional_factor": 4.04457600025574
}