{
    "structural_factor": 1.0767409366971523,
    "functional_factor": 1.950119652840366
}