{
    "structural_factor": 2.7522650267592654,
    "functional_factor": 1.0043565333454858
}