{
    "structural_factor": 1.3507461241958112,
    "functional_factor": 1.237184874617258
}