{
    "structural_factor": 3.1529935567455576,
    "functional_factor": 1.6996548847253166
}