{
    "structural_factor": 4.0022755396571,
    "functional_factor": 1.0048535198889215
}