{
    "structural_factor": 1.6612735222302433,
    "functional_factor": 1.3633509238096548
}