{
    "structural_factor": 1.2730656868152215,
    "functional_factor": 4.705023182116483
}