{
    "structural_factor": 3.422057405092701,
    "functional_factor": 2.1969213807892807
}