{
    "structural_factor": 1.1534714363418181,
    "functional_factor": 1.0150108657558725
}