{
    "structural_factor": 1.3619535794155226,
    "functional_factor": 1.814654600234462
}