{
    "structural_factor": 1.5567346795661232,
    "functional_factor": 1.0251777358570235
}