{
    "structural_factor": 1.1671406544419298,
    "functional_factor": 1.688364363441434
}