{
    "structural_factor": 3.6117316416295346,
    "functional_factor": 2.0474648497656203
}