{
    "structural_factor": 3.539452162964826,
    "functional_factor": 1.6971164889006694
}