{
    "structural_factor": 1.6480951931761363,
    "functional_factor": 2.5574958593217016
}