{
    "structural_factor": 1.8739732396111508,
    "functional_factor": 1.5187989758182439
}