{
    "structural_factor": 1.8177766100742119,
    "functional_factor": 1.9495024440118245
}