{
    "structural_factor": 4.262500261110039,
    "functional_factor": 1.0445786909111938
}