{
    "structural_factor": 4.035355876799185,
    "functional_factor": 1.1064222304544644
}