{
    "structural_factor": 3.978797468669312,
    "functional_factor": 3.1863652016496506
}