{
    "structural_factor": 3.8031294644977662,
    "functional_factor": 4.564944442194403
}