{
    "structural_factor": 1.9523372672613877,
    "functional_factor": 1.003933741490762
}