{
    "structural_factor": 1.4009724705010866,
    "functional_factor": 1.0036661249823355
}