{
    "structural_factor": 1.4285987328050156,
    "functional_factor": 1.9993941521434748
}