{
    "structural_factor": 1.9127292802639198,
    "functional_factor": 1.8613986536179519
}