{
    "structural_factor": 2.1572097737747624,
    "functional_factor": 4.44003244699198
}