{
    "structural_factor": 4.298207466299157,
    "functional_factor": 1.1232337772646712
}