{
    "structural_factor": 1.620584521673103,
    "functional_factor": 2.1327913499912916
}