{
    "structural_factor": 4.761606925858381,
    "functional_factor": 2.6036831921436256
}