{
    "structural_factor": 1.024768716925687,
    "functional_factor": 1.9062038848770424
}