{
    "structural_factor": 1.2235674227669722,
    "functional_factor": 2.352855116158214
}