{
    "structural_factor": 0.7555361647998199,
    "functional_factor": 7.663570187143793
}