{
    "structural_factor": 1.002242839194325,
    "functional_factor": 1.1417545094466848
}