{
    "structural_factor": 2.775978906450641,
    "functional_factor": 1.0392399736874163
}