{
    "structural_factor": 1.1064626917127411,
    "functional_factor": 1.4353920369082156
}