{
    "structural_factor": 4.50865874582775,
    "functional_factor": 1.0180125042940835
}