{
    "structural_factor": 3.0033973506571976,
    "functional_factor": 1.0039167201495018
}