{
    "structural_factor": 1.7457085624386683,
    "functional_factor": 1.1061681367095448
}