{
    "structural_factor": 3.115707881256472,
    "functional_factor": 4.365599914747458
}