{
    "structural_factor": 1.8543290620222397,
    "functional_factor": 2.6225909153805507
}