{
    "structural_factor": 1.5744974542484522,
    "functional_factor": 1.0615046368057734
}