{
    "structural_factor": 3.7966897511275453,
    "functional_factor": 1.322428282685809
}