{
    "structural_factor": 1.9091716600193567,
    "functional_factor": 1.014608377205203
}