{
    "structural_factor": 1.5493195243808817,
    "functional_factor": 2.004850308159848
}