{
    "structural_factor": 3.4996155260312816,
    "functional_factor": 0.9999464854837902
}