{
    "structural_factor": 0.8572489295630539,
    "functional_factor": 3.5417101037523655
}