{
    "structural_factor": 3.313484420103898,
    "functional_factor": 1.54385999300353
}