{
    "structural_factor": 1.8246563428871523,
    "functional_factor": 3.094188591781884
}