{
    "structural_factor": 1.679329153564292,
    "functional_factor": 1.2046477297095728
}