{
    "structural_factor": 1.4454654622733076,
    "functional_factor": 4.7279859033289275
}