{
    "structural_factor": 1.4850827649161202,
    "functional_factor": 3.39307721849698
}