{
    "structural_factor": 3.5264390308201006,
    "functional_factor": 3.247309774069509
}