{
    "structural_factor": 0.27192977801266316,
    "functional_factor": 7.780712499775825
}