{
    "structural_factor": 3.0210773480526765,
    "functional_factor": 1.2342780351134117
}