{
    "structural_factor": 2.221356878404241,
    "functional_factor": 2.4124110426254086
}