{
    "structural_factor": 4.003247092011803,
    "functional_factor": 1.0038585224467647
}