{
    "structural_factor": 1.6603652283371175,
    "functional_factor": 5.792763787794914
}