{
    "structural_factor": 4.000223434692441,
    "functional_factor": 0.9998155800686999
}