{
    "structural_factor": 1.584226073817434,
    "functional_factor": 1.0989779985479409
}