{
    "structural_factor": 1.5967451293606538,
    "functional_factor": 2.9952362447617533
}