{
    "structural_factor": 1.7243676775550785,
    "functional_factor": 3.2244331340231045
}