{
    "structural_factor": 1.81590664007797,
    "functional_factor": 1.767562096116037
}