{
    "structural_factor": 1.0160311894434504,
    "functional_factor": 2.766427261940072
}