{
    "structural_factor": 1.4729853422100305,
    "functional_factor": 1.0609922670633596
}