{
    "structural_factor": 1.3755358590031566,
    "functional_factor": 2.113859402246162
}