{
    "structural_factor": 3.0098059728060544,
    "functional_factor": 2.9025133440587485
}