{
    "structural_factor": 1.349482376709123,
    "functional_factor": 1.357478586511462
}