{
    "structural_factor": 3.464299808962248,
    "functional_factor": 2.4310926162337814
}