{
    "structural_factor": 2.595917709933008,
    "functional_factor": 1.2304512083887753
}