{
    "structural_factor": 2.003802457516891,
    "functional_factor": 1.7782753327392513
}