{
    "structural_factor": 1.3084539402532243,
    "functional_factor": 1.3529212778481352
}