{
    "structural_factor": 1.5866523725397716,
    "functional_factor": 2.8383447003917075
}