{
    "structural_factor": 1.348232839445123,
    "functional_factor": 2.490723902251607
}