{
    "structural_factor": 2.1434043987095768,
    "functional_factor": 2.892837758697933
}