{
    "structural_factor": 3.695183234355204,
    "functional_factor": 2.0305267725957505
}