{
    "structural_factor": 3.76883630957568,
    "functional_factor": 1.1077854894181642
}