{
    "structural_factor": 1.860464464084481,
    "functional_factor": 1.670850655909901
}