{
    "structural_factor": 1.153806333133535,
    "functional_factor": 1.8946640195304654
}