{
    "structural_factor": 1.2166228200528693,
    "functional_factor": 3.059193322547401
}