{
    "structural_factor": 1.6017039725057833,
    "functional_factor": 1.003751014101607
}