{
    "structural_factor": 0.9051867001622588,
    "functional_factor": 4.602919913197905
}