{
    "structural_factor": 1.3885442511776307,
    "functional_factor": 1.792581195656622
}