{
    "structural_factor": 1.8487875978889508,
    "functional_factor": 1.1050401512595323
}