{
    "structural_factor": 1.332343058021036,
    "functional_factor": 1.5012721454310194
}