{
    "structural_factor": 1.5852526290183062,
    "functional_factor": 1.7327533667783521
}