{
    "structural_factor": 3.291375878451451,
    "functional_factor": 1.8918995047954168
}