{
    "structural_factor": 3.19413203140795,
    "functional_factor": 6.882866811947289
}