{
    "structural_factor": 3.7858229981329963,
    "functional_factor": 1.0714310583240363
}