{
    "structural_factor": 2.0135953279473733,
    "functional_factor": 1.1668863613239977
}