{
    "structural_factor": 4.425262696123404,
    "functional_factor": 1.8757782660944338
}