{
    "structural_factor": 1.1979211295911325,
    "functional_factor": 3.503373687668388
}