{
    "structural_factor": 1.7264020702402987,
    "functional_factor": 3.079181585234982
}