{
    "structural_factor": 1.8257894672198052,
    "functional_factor": 2.3894778251842115
}