{
    "structural_factor": 4.550465927186642,
    "functional_factor": 1.417504565841917
}