{
    "structural_factor": 2.9867409736299826,
    "functional_factor": 2.8038989694553442
}