{
    "structural_factor": 2.081460847709901,
    "functional_factor": 1.232135433555563
}