{
    "structural_factor": 1.3371993382252878,
    "functional_factor": 6.84818811672043
}