{
    "structural_factor": 3.273569063111711,
    "functional_factor": 1.0415964790172398
}