{
    "structural_factor": 0.6187503660887697,
    "functional_factor": 5.369854110372045
}