{
    "structural_factor": 2.916952960249812,
    "functional_factor": 3.0601787538459986
}