{
    "structural_factor": 2.8517214106207045,
    "functional_factor": 4.867419179304151
}