{
    "structural_factor": 1.3657166941609675,
    "functional_factor": 2.141036664950604
}