{
    "structural_factor": 1.4473661227728443,
    "functional_factor": 3.3012109474184967
}