{
    "structural_factor": 3.9439217867583745,
    "functional_factor": 4.039658386497606
}