{
    "structural_factor": 1.7077349579537244,
    "functional_factor": 1.6290106839049776
}