{
    "structural_factor": 2.2881618813566007,
    "functional_factor": 1.0643869453424748
}