{
    "structural_factor": 1.0003496906186782,
    "functional_factor": 1.003626906628059
}