{
    "structural_factor": 4.011014551698147,
    "functional_factor": 3.9248226306223155
}