{
    "structural_factor": 1.7767170459650359,
    "functional_factor": 3.0859682471250163
}