{
    "structural_factor": 0.6301920387773626,
    "functional_factor": 4.2568483125302174
}