{
    "structural_factor": 1.3334340638188922,
    "functional_factor": 2.121771893886581
}