{
    "structural_factor": 0.717281384713577,
    "functional_factor": 7.827547288161188
}