{
    "structural_factor": 4.540588054579219,
    "functional_factor": 1.3839512531555407
}