{
    "structural_factor": 4.250087251487197,
    "functional_factor": 0.9998114103409518
}