{
    "structural_factor": 0.9142097118331082,
    "functional_factor": 2.5849422907761155
}