{
    "structural_factor": 1.4038635066848781,
    "functional_factor": 1.177393861346113
}