{
    "structural_factor": 1.611601619319168,
    "functional_factor": 1.3004202557056754
}