{
    "structural_factor": 4.531148839168126,
    "functional_factor": 1.3285381164216021
}