{
    "structural_factor": 1.3424639256770377,
    "functional_factor": 1.0592305581563488
}