{
    "structural_factor": 1.7770330285232545,
    "functional_factor": 1.804134196000615
}