{
    "structural_factor": 1.6191258140626508,
    "functional_factor": 1.730924631803442
}