{
    "structural_factor": 3.3939253443112283,
    "functional_factor": 1.7028603656264332
}