{
    "structural_factor": 2.496699074889033,
    "functional_factor": 2.4159371863843404
}