{
    "structural_factor": 1.894141009569107,
    "functional_factor": 1.0986000386241894
}