{
    "structural_factor": 4.318325977715834,
    "functional_factor": 1.8822453814201512
}