{
    "structural_factor": 1.064791859539817,
    "functional_factor": 1.5398403833586678
}