{
    "structural_factor": 1.9272741368696489,
    "functional_factor": 1.6952811785767832
}