{
    "structural_factor": 1.14830648594894,
    "functional_factor": 1.7593572567533287
}