{
    "structural_factor": 1.4118802851442525,
    "functional_factor": 1.029048329119696
}