{
    "structural_factor": 3.5124565375852734,
    "functional_factor": 1.0173197966300005
}