{
    "structural_factor": 2.594444774813737,
    "functional_factor": 3.911337478254858
}