{
    "structural_factor": 1.4506141536090673,
    "functional_factor": 1.65885604967615
}