{
    "structural_factor": 5.010358596025696,
    "functional_factor": 1.0200985496816175
}