{
    "structural_factor": 1.1850581661192248,
    "functional_factor": 2.574149781555993
}