{
    "structural_factor": 1.7650516992864063,
    "functional_factor": 1.9407878838119013
}