{
    "structural_factor": 4.326906485672511,
    "functional_factor": 3.2231387794010113
}