{
    "structural_factor": 1.6551931867620344,
    "functional_factor": 1.822576247641993
}