{
    "structural_factor": 4.250205485830846,
    "functional_factor": 0.9997749573795898
}