{
    "structural_factor": 1.4698708938655556,
    "functional_factor": 2.6668337724523887
}