{
    "structural_factor": 1.3626484819859939,
    "functional_factor": 3.1972725459447244
}