{
    "structural_factor": 1.3885544899423106,
    "functional_factor": 2.3770204867504137
}