{
    "structural_factor": 2.527526970018844,
    "functional_factor": 1.039236776793784
}