{
    "structural_factor": 1.661423642858213,
    "functional_factor": 1.6764006970234928
}