{
    "structural_factor": 2.1098757061527205,
    "functional_factor": 2.7271569414749712
}