{
    "structural_factor": 1.1581915297742382,
    "functional_factor": 1.1142367163090112
}