{
    "structural_factor": 1.1220379784885661,
    "functional_factor": 3.222200110521615
}