{
    "structural_factor": 1.3138144654835329,
    "functional_factor": 1.13752296440221
}