{
    "structural_factor": 1.1616399992756001,
    "functional_factor": 1.3234365734737603
}