{
    "structural_factor": 5.03286787521429,
    "functional_factor": 1.4233260770017502
}