{
    "structural_factor": 0.37868327196722207,
    "functional_factor": 4.350569596577497
}