{
    "structural_factor": 1.2539769248233041,
    "functional_factor": 1.329480802791034
}