{
    "structural_factor": 0.9714283203512001,
    "functional_factor": 1.7270393588579325
}