{
    "structural_factor": 1.0869034765512584,
    "functional_factor": 1.5273199371756199
}