{
    "structural_factor": 3.5331072068697797,
    "functional_factor": 1.0770116123068991
}