{
    "structural_factor": 1.9787379282909567,
    "functional_factor": 4.946090886125537
}