{
    "structural_factor": 4.764543344708724,
    "functional_factor": 1.0405391291305417
}