{
    "structural_factor": 1.0519014448980355,
    "functional_factor": 1.4390713541388198
}