{
    "structural_factor": 1.1685959091609954,
    "functional_factor": 2.850534817828914
}