{
    "structural_factor": 1.3497632459728874,
    "functional_factor": 1.0000133979275145
}