{
    "structural_factor": 2.3200237272085342,
    "functional_factor": 1.1463951269209822
}