{
    "structural_factor": 1.9467920086642494,
    "functional_factor": 1.059176582063732
}