{
    "structural_factor": 5.0164834799552755,
    "functional_factor": 1.37022212720885
}