{
    "structural_factor": 3.5677464397528453,
    "functional_factor": 1.5544494031088352
}