{
    "structural_factor": 4.252799519183637,
    "functional_factor": 1.004349515943327
}