{
    "structural_factor": 3.7357862166147044,
    "functional_factor": 4.5367301732568475
}