{
    "structural_factor": 1.9106293687477878,
    "functional_factor": 1.028767413064814
}