{
    "structural_factor": 1.0502780819716608,
    "functional_factor": 1.030304403576771
}