{
    "structural_factor": 4.506590462692241,
    "functional_factor": 1.0172517471331528
}