{
    "structural_factor": 3.7873515524113524,
    "functional_factor": 1.1341679986579287
}