{
    "structural_factor": 1.9022631863920842,
    "functional_factor": 1.0038743820837632
}