{
    "structural_factor": 3.0033667802170942,
    "functional_factor": 1.0039739899028062
}