{
    "structural_factor": 4.282484010382932,
    "functional_factor": 1.2111356881276472
}