{
    "structural_factor": 1.8762169191839855,
    "functional_factor": 3.4199200356063506
}