{
    "structural_factor": 1.2585083898251543,
    "functional_factor": 1.139745125592491
}