{
    "structural_factor": 4.694540969021195,
    "functional_factor": 6.570678699849858
}