{
    "structural_factor": 1.57300398315266,
    "functional_factor": 1.0625261041932412
}