{
    "structural_factor": 3.006992910387422,
    "functional_factor": 2.6241874788412503
}