{
    "structural_factor": 3.003093873787021,
    "functional_factor": 1.0040364887048052
}