{
    "structural_factor": 1.4836438495918434,
    "functional_factor": 2.517604499497954
}