{
    "structural_factor": 1.2998437370953306,
    "functional_factor": 0.9999774663362074
}