{
    "structural_factor": 3.7689620695989143,
    "functional_factor": 1.035594625979953
}