{
    "structural_factor": 0.9199447321420358,
    "functional_factor": 3.786424912172607
}