{
    "structural_factor": 1.15055115164522,
    "functional_factor": 3.3579041190602608
}