{
    "structural_factor": 3.2523062611052427,
    "functional_factor": 1.004580028448255
}