{
    "structural_factor": 1.3585827726661694,
    "functional_factor": 1.0357047771716192
}