{
    "structural_factor": 1.701858174148726,
    "functional_factor": 1.0034222160756288
}