{
    "structural_factor": 1.5860457281506595,
    "functional_factor": 1.0985103900071438
}