{
    "structural_factor": 1.9497220485854694,
    "functional_factor": 0.9999980035989342
}