{
    "structural_factor": 0.9418547239060706,
    "functional_factor": 2.037256594577847
}