{
    "structural_factor": 0.9998464526056312,
    "functional_factor": 0.9999957633852931
}