{
    "structural_factor": 0.9723664088109701,
    "functional_factor": 2.5083572827655374
}