{
    "structural_factor": 1.9997224209225282,
    "functional_factor": 0.9999804081474752
}