{
    "structural_factor": 1.2970085120291124,
    "functional_factor": 3.745682337909994
}