{
    "structural_factor": 2.999684264156027,
    "functional_factor": 0.9999468072113509
}