{
    "structural_factor": 3.7741157644947028,
    "functional_factor": 1.0792992594306328
}