{
    "structural_factor": 4.386971322165703,
    "functional_factor": 2.022957197549884
}