{
    "structural_factor": 4.7296412106332015,
    "functional_factor": 2.638075891729121
}