{
    "structural_factor": 1.39979778102581,
    "functional_factor": 1.0000065780783889
}