{
    "structural_factor": 1.5843414078423332,
    "functional_factor": 1.441337174166116
}