{
    "structural_factor": 3.012282536960876,
    "functional_factor": 3.409849551813044
}