{
    "structural_factor": 1.1937716616114353,
    "functional_factor": 3.408292906469409
}