{
    "structural_factor": 3.153749029044943,
    "functional_factor": 3.1942241728625818
}