{
    "structural_factor": 1.876712008419252,
    "functional_factor": 1.4416273616624038
}