{
    "structural_factor": 2.5128813584420997,
    "functional_factor": 1.0280265651389247
}