{
    "structural_factor": 1.7893928634301794,
    "functional_factor": 1.4714442286414324
}