{
    "structural_factor": 4.192345933459284,
    "functional_factor": 2.12360262603531
}