{
    "structural_factor": 1.1299942758390489,
    "functional_factor": 3.7309348446973596
}