{
    "structural_factor": 1.75567150267778,
    "functional_factor": 1.5477380775856129
}