{
    "structural_factor": 1.3667723638212206,
    "functional_factor": 3.700123330737637
}