{
    "structural_factor": 1.3574397965140916,
    "functional_factor": 3.5616042235999066
}