{
    "structural_factor": 1.3512085567192134,
    "functional_factor": 5.041570090422044
}