{
    "structural_factor": 1.3095513244541173,
    "functional_factor": 3.200234480341588
}