{
    "structural_factor": 4.169547239734585,
    "functional_factor": 2.1081452023426976
}