{
    "structural_factor": 1.3981354327573796,
    "functional_factor": 1.3236275015785302
}