{
    "structural_factor": 0.9243181515293539,
    "functional_factor": 3.280749719254092
}