{
    "structural_factor": 2.5390257729855557,
    "functional_factor": 1.061129111517044
}