{
    "structural_factor": 1.6140814390161682,
    "functional_factor": 3.0111937686222787
}