{
    "structural_factor": 1.0118127640487837,
    "functional_factor": 3.0579001085587945
}