{
    "structural_factor": 2.0116951835449193,
    "functional_factor": 10.676891006915715
}