{
    "structural_factor": 4.100850622619259,
    "functional_factor": 1.7082898251862186
}