{
    "structural_factor": 4.515694048005713,
    "functional_factor": 1.4046042216868984
}