{
    "structural_factor": 3.7497876625245996,
    "functional_factor": 0.9998927876693087
}