{
    "structural_factor": 4.539276499196622,
    "functional_factor": 1.1344343947665685
}