{
    "structural_factor": 1.153970492340595,
    "functional_factor": 1.0150878330044988
}