{
    "structural_factor": 1.7144816085393508,
    "functional_factor": 3.705400113109423
}