{
    "structural_factor": 2.10693961484132,
    "functional_factor": 3.572954535926154
}