{
    "structural_factor": 1.4777349851750325,
    "functional_factor": 3.044319167291717
}