{
    "structural_factor": 3.467753805913286,
    "functional_factor": 2.11534815954015
}