{
    "structural_factor": 1.8874200675426505,
    "functional_factor": 3.17111478706112
}