{
    "structural_factor": 4.500910050653215,
    "functional_factor": 1.0041781600635067
}