{
    "structural_factor": 1.5719654554713391,
    "functional_factor": 1.055726644920198
}