{
    "structural_factor": 1.5152274922208135,
    "functional_factor": 3.906807909885261
}