{
    "structural_factor": 1.3260334690018019,
    "functional_factor": 1.6770643370960434
}