{
    "structural_factor": 4.2975023562937515,
    "functional_factor": 1.9710067739888475
}