{
    "structural_factor": 1.2542998925057036,
    "functional_factor": 1.0147937374880982
}