{
    "structural_factor": 2.957006555345843,
    "functional_factor": 1.5365318844245381
}