{
    "structural_factor": 1.060409125929023,
    "functional_factor": 1.089594205993106
}