{
    "structural_factor": 1.4181242531742306,
    "functional_factor": 1.3059995886806504
}