{
    "structural_factor": 1.2065043987716284,
    "functional_factor": 10.369489329948744
}