{
    "structural_factor": 2.7835733990863063,
    "functional_factor": 1.0608675877793363
}