{
    "structural_factor": 3.7530805126331663,
    "functional_factor": 1.0047034021898416
}