{
    "structural_factor": 4.703355201034708,
    "functional_factor": 1.648234433982252
}