{
    "structural_factor": 1.0117938732954725,
    "functional_factor": 2.48857305717108
}