{
    "structural_factor": 5.047546358463896,
    "functional_factor": 1.5671298703303222
}