{
    "structural_factor": 1.6497700268552946,
    "functional_factor": 0.9999941704594274
}