{
    "structural_factor": 2.453423164617234,
    "functional_factor": 5.399373807461018
}