{
    "structural_factor": 1.5669081860095346,
    "functional_factor": 2.6733721419569187
}