{
    "structural_factor": 3.302399450321829,
    "functional_factor": 1.7097057177569166
}