{
    "structural_factor": 4.305301781659136,
    "functional_factor": 1.5592015120634521
}