{
    "structural_factor": 1.9523803002924918,
    "functional_factor": 1.0038424256578589
}