{
    "structural_factor": 2.521632215194315,
    "functional_factor": 1.0320506912969922
}