{
    "structural_factor": 1.7409108469048808,
    "functional_factor": 1.2305094949367197
}