{
    "structural_factor": 1.1682311221683572,
    "functional_factor": 1.5737182679926724
}