{
    "structural_factor": 4.009807046015709,
    "functional_factor": 1.0184739128495306
}