{
    "structural_factor": 1.5170353573853999,
    "functional_factor": 4.134316267032203
}