{
    "structural_factor": 4.993349979816311,
    "functional_factor": 1.1769672998287564
}