{
    "structural_factor": 5.008891280208442,
    "functional_factor": 1.0186719565465923
}