{
    "structural_factor": 0.8800157809836576,
    "functional_factor": 3.2434741384910506
}