{
    "structural_factor": 1.8440894847948504,
    "functional_factor": 2.517708761438329
}