{
    "structural_factor": 1.4592803603083777,
    "functional_factor": 2.5692255576908405
}