{
    "structural_factor": 1.8767283713592615,
    "functional_factor": 3.557762646825416
}