{
    "structural_factor": 1.5226483557965316,
    "functional_factor": 1.0619135306372507
}