{
    "structural_factor": 0.9781974502166699,
    "functional_factor": 4.563534893576208
}