{
    "structural_factor": 1.4759982168328236,
    "functional_factor": 1.0582377146495547
}