{
    "structural_factor": 1.1321477572798189,
    "functional_factor": 5.3759822991935104
}