{
    "structural_factor": 4.294022390557281,
    "functional_factor": 1.6065168737011275
}