{
    "structural_factor": 4.058993172258392,
    "functional_factor": 1.1700543019584033
}