{
    "structural_factor": 1.0313168563532777,
    "functional_factor": 1.915284719033389
}