{
    "structural_factor": 4.577408504294295,
    "functional_factor": 2.0160981183971836
}