{
    "structural_factor": 1.8955601758435172,
    "functional_factor": 3.0134688109622707
}