{
    "structural_factor": 1.1587525866593424,
    "functional_factor": 1.6561137117883025
}