{
    "structural_factor": 3.0330634437832638,
    "functional_factor": 1.460822018912165
}