{
    "structural_factor": 1.1182093716972232,
    "functional_factor": 3.049637339782954
}