{
    "structural_factor": 3.2495527129202926,
    "functional_factor": 0.9999734931659305
}