{
    "structural_factor": 1.5978363076322681,
    "functional_factor": 6.122097031612546
}