{
    "structural_factor": 1.1600511506247526,
    "functional_factor": 1.0395207987701645
}