{
    "structural_factor": 1.6096985308299712,
    "functional_factor": 1.3581135206774022
}