{
    "structural_factor": 1.024642397810095,
    "functional_factor": 4.491858123170752
}