{
    "structural_factor": 2.342914392736677,
    "functional_factor": 1.275281721526474
}