{
    "structural_factor": 1.1231846700976698,
    "functional_factor": 2.1435964565913497
}