{
    "structural_factor": 0.9581432422226585,
    "functional_factor": 1.970303640082986
}