{
    "structural_factor": 0.8514375146177307,
    "functional_factor": 5.405111437939317
}