{
    "structural_factor": 1.057021093270565,
    "functional_factor": 1.031891410187804
}