{
    "structural_factor": 4.948996511620927,
    "functional_factor": 2.4748140231414957
}