{
    "structural_factor": 3.4201885335502573,
    "functional_factor": 2.1017172789734007
}