{
    "structural_factor": 2.1246583003936914,
    "functional_factor": 3.4866859412394797
}