{
    "structural_factor": 1.0649449818626093,
    "functional_factor": 3.276449727149055
}