{
    "structural_factor": 1.229980405941742,
    "functional_factor": 1.132175077332152
}