{
    "structural_factor": 1.1235596423520027,
    "functional_factor": 2.035658484969891
}