{
    "structural_factor": 3.201539735758239,
    "functional_factor": 5.55435209515729
}