{
    "structural_factor": 2.5572243805013612,
    "functional_factor": 2.604502333344719
}