{
    "structural_factor": 2.749710275428559,
    "functional_factor": 0.9999635911861037
}