{
    "structural_factor": 4.769816068032119,
    "functional_factor": 1.0839090298693987
}