{
    "structural_factor": 3.5033111422139154,
    "functional_factor": 1.0044000856704818
}