{
    "structural_factor": 4.758915911880394,
    "functional_factor": 1.27524081511874
}