{
    "structural_factor": 1.5058216283856154,
    "functional_factor": 1.0145749618639317
}