{
    "structural_factor": 1.2275325213337502,
    "functional_factor": 4.674977814822744
}