{
    "structural_factor": 1.9970451759258183,
    "functional_factor": 1.0591395658510678
}