{
    "structural_factor": 1.5531799395625578,
    "functional_factor": 5.99405657271376
}