{
    "structural_factor": 1.4801849048636984,
    "functional_factor": 2.1362558093338997
}