{
    "structural_factor": 4.032990680132469,
    "functional_factor": 1.751613496498755
}