{
    "structural_factor": 1.2017284549573546,
    "functional_factor": 5.886066725087632
}