{
    "structural_factor": 2.7623439710598428,
    "functional_factor": 1.0150543168322017
}