{
    "structural_factor": 1.9652584377573357,
    "functional_factor": 1.7681588062129336
}