{
    "structural_factor": 4.815385711205107,
    "functional_factor": 1.8856416591497183
}