{
    "structural_factor": 1.0022847766033505,
    "functional_factor": 1.0155358055264976
}