{
    "structural_factor": 1.1803339731795977,
    "functional_factor": 1.1675982065300123
}