{
    "structural_factor": 4.501003419472685,
    "functional_factor": 1.0187653849128997
}