{
    "structural_factor": 3.8080142498125418,
    "functional_factor": 1.551070035198704
}