{
    "structural_factor": 1.229933237862893,
    "functional_factor": 5.769101892150947
}