{
    "structural_factor": 1.6998169744718823,
    "functional_factor": 0.9999896916962933
}