{
    "structural_factor": 1.9182736391994888,
    "functional_factor": 1.0346401476196236
}