{
    "structural_factor": 1.269522159683477,
    "functional_factor": 2.9903520792021223
}