{
    "structural_factor": 1.0267947883964699,
    "functional_factor": 1.6877542550921738
}