{
    "structural_factor": 4.306022857313515,
    "functional_factor": 1.2616095559224951
}