{
    "structural_factor": 4.741621301305646,
    "functional_factor": 2.8685874957813557
}