{
    "structural_factor": 1.1646913220044675,
    "functional_factor": 1.0638990156067853
}