{
    "structural_factor": 1.5490153462907197,
    "functional_factor": 1.913647392597239
}