{
    "structural_factor": 0.9891891649672213,
    "functional_factor": 1.9697416873784366
}