{
    "structural_factor": 1.7191945591447588,
    "functional_factor": 1.9395901133299187
}