{
    "structural_factor": 1.9693378530351273,
    "functional_factor": 5.856554696290782
}