{
    "structural_factor": 0.09523659394125986,
    "functional_factor": 4.479832105303313
}