{
    "structural_factor": 1.9804627217866475,
    "functional_factor": 1.1167352834427868
}