{
    "structural_factor": 1.538023918634986,
    "functional_factor": 2.239782380368625
}