{
    "structural_factor": 0.6884238724894345,
    "functional_factor": 5.9540444196813915
}