{
    "structural_factor": 5.016688040514632,
    "functional_factor": 1.0756753026048784
}