{
    "structural_factor": 2.7177723202471706,
    "functional_factor": 4.633501935143155
}