{
    "structural_factor": 1.3512413584180083,
    "functional_factor": 1.0039886932082094
}