{
    "structural_factor": 1.5967845454872447,
    "functional_factor": 1.9104551253668347
}