{
    "structural_factor": 1.2226907505287758,
    "functional_factor": 1.7344281288038002
}