{
    "structural_factor": 1.8629496466957196,
    "functional_factor": 1.6335869957019387
}