{
    "structural_factor": 3.246651596606725,
    "functional_factor": 3.508767438953833
}