{
    "structural_factor": 1.2158669220565195,
    "functional_factor": 2.853115279551309
}