{
    "structural_factor": 2.0152585245211236,
    "functional_factor": 1.641385705419651
}