{
    "structural_factor": 1.141207078333234,
    "functional_factor": 1.674357382588632
}