{
    "structural_factor": 5.001639801697166,
    "functional_factor": 0.999514110031685
}