{
    "structural_factor": 1.726487608525467,
    "functional_factor": 1.0619685427382952
}