{
    "structural_factor": 3.7768195564696083,
    "functional_factor": 1.0693299616124106
}