{
    "structural_factor": 0.5270287221129609,
    "functional_factor": 7.347649673740648
}