{
    "structural_factor": 0.41469294981087546,
    "functional_factor": 4.533147439566196
}