{
    "structural_factor": 2.0016464470665554,
    "functional_factor": 1.0031644015056447
}