{
    "structural_factor": 1.4432267907730019,
    "functional_factor": 1.1439347815855303
}