{
    "structural_factor": 2.2819435247963766,
    "functional_factor": 2.1966089696872486
}