{
    "structural_factor": 1.3713330561490025,
    "functional_factor": 1.0620517010634785
}