{
    "structural_factor": 1.4578924687167183,
    "functional_factor": 1.969847744366983
}