{
    "structural_factor": 4.293055203747493,
    "functional_factor": 1.2337096962091527
}