{
    "structural_factor": 1.4318526183396885,
    "functional_factor": 1.682064244712695
}