{
    "structural_factor": 1.6079784698530981,
    "functional_factor": 1.9546911545028456
}