{
    "structural_factor": 1.7261610555532456,
    "functional_factor": 1.0640399651162626
}