{
    "structural_factor": 1.2738131871567364,
    "functional_factor": 1.9435291206072205
}