{
    "structural_factor": 3.7149509318758818,
    "functional_factor": 4.045151506205349
}