{
    "structural_factor": 1.6395938440891813,
    "functional_factor": 1.9667890631032043
}