{
    "structural_factor": 3.1948929294727537,
    "functional_factor": 2.679124737113819
}