{
    "structural_factor": 1.7730880983338217,
    "functional_factor": 1.1375931493760207
}