{
    "structural_factor": 2.00961691601562,
    "functional_factor": 1.0144232271119533
}