{
    "structural_factor": 3.4999024263649168,
    "functional_factor": 0.9998887601779782
}