{
    "structural_factor": 3.0171387678721744,
    "functional_factor": 3.9198725015034817
}