{
    "structural_factor": 1.5083978980902877,
    "functional_factor": 4.593282084163695
}