{
    "structural_factor": 2.2691123094731678,
    "functional_factor": 3.1029007116569103
}