{
    "structural_factor": 1.25988184264145,
    "functional_factor": 3.1847665835184333
}