{
    "structural_factor": 1.0445527158463865,
    "functional_factor": 3.042551477588603
}