{
    "structural_factor": 5.011007502076914,
    "functional_factor": 2.858506150942539
}