{
    "structural_factor": 0.967212647795531,
    "functional_factor": 7.03213591150147
}