{
    "structural_factor": 1.861546536801292,
    "functional_factor": 4.635336153301898
}