{
    "structural_factor": 1.2997709266372188,
    "functional_factor": 1.000020062112817
}