{
    "structural_factor": 1.607356918282846,
    "functional_factor": 3.21055677114487
}