{
    "structural_factor": 0.9137223163516816,
    "functional_factor": 15.468337574939945
}