{
    "structural_factor": 4.167827134304169,
    "functional_factor": 1.8476689803712651
}