{
    "structural_factor": 4.568485209149242,
    "functional_factor": 1.8784485251870413
}