{
    "structural_factor": 1.0510378777872118,
    "functional_factor": 1.8900723848782452
}