{
    "structural_factor": 2.5426092356147683,
    "functional_factor": 1.065412052417725
}