{
    "structural_factor": 4.023949249656141,
    "functional_factor": 1.072253154674931
}