{
    "structural_factor": 4.9455653255442025,
    "functional_factor": 1.558342194303262
}