{
    "structural_factor": 1.944461852933112,
    "functional_factor": 1.4773908749997338
}