{
    "structural_factor": 4.767294994177624,
    "functional_factor": 1.0823528274570189
}