{
    "structural_factor": 2.525707643151916,
    "functional_factor": 1.603609994253586
}