{
    "structural_factor": 3.944739612775509,
    "functional_factor": 1.829288148614641
}