{
    "structural_factor": 2.56459208024239,
    "functional_factor": 1.6532321656821385
}