{
    "structural_factor": 1.131566594338188,
    "functional_factor": 1.3086100855346108
}