{
    "structural_factor": 1.1897670310780115,
    "functional_factor": 1.2844514065549517
}