{
    "structural_factor": 2.0678416224728173,
    "functional_factor": 1.688683592855663
}