{
    "structural_factor": 2.3147386978719653,
    "functional_factor": 1.130587772890931
}