{
    "structural_factor": 1.4616564619559063,
    "functional_factor": 1.3317275193613636
}