{
    "structural_factor": 1.7711936166350684,
    "functional_factor": 1.7426160209149684
}