{
    "structural_factor": 1.5997111733056952,
    "functional_factor": 1.0000284553958112
}