{
    "structural_factor": 1.515943240426159,
    "functional_factor": 2.3573528185607544
}