{
    "structural_factor": 1.7105724224121113,
    "functional_factor": 2.466104616500981
}