{
    "structural_factor": 0.2872709530303048,
    "functional_factor": 9.065076597198635
}