{
    "structural_factor": 3.810597214293889,
    "functional_factor": 1.2311482769276945
}