{
    "structural_factor": 3.556577272414229,
    "functional_factor": 1.5480345165448446
}