{
    "structural_factor": 1.084989914877405,
    "functional_factor": 1.6119830882390649
}