{
    "structural_factor": 3.002756457600277,
    "functional_factor": 1.0033940614433652
}