{
    "structural_factor": 1.6276832761260251,
    "functional_factor": 3.060909957408433
}