{
    "structural_factor": 3.680935279499852,
    "functional_factor": 1.962355719713071
}