{
    "structural_factor": 2.0191129521652216,
    "functional_factor": 2.4015122896046996
}