{
    "structural_factor": 2.9837440109078295,
    "functional_factor": 2.427015531793758
}