{
    "structural_factor": 2.002428336112604,
    "functional_factor": 1.0039122137162333
}