{
    "structural_factor": 1.0538386244628672,
    "functional_factor": 1.0151919026854814
}