{
    "structural_factor": 2.0229311409595225,
    "functional_factor": 1.2815798515268157
}