{
    "structural_factor": 1.517464965633414,
    "functional_factor": 3.373289874411668
}