{
    "structural_factor": 2.2523935942722977,
    "functional_factor": 1.0039994187240842
}