{
    "structural_factor": 4.5057162165706695,
    "functional_factor": 2.121731952674327
}