{
    "structural_factor": 1.0997693498133512,
    "functional_factor": 1.8443999944795282
}