{
    "structural_factor": 4.284421002074139,
    "functional_factor": 1.3645313057995747
}