{
    "structural_factor": 1.1063565207227704,
    "functional_factor": 1.036092230776401
}