{
    "structural_factor": 1.8734353748085804,
    "functional_factor": 3.0937466007152947
}