{
    "structural_factor": 2.273302753811467,
    "functional_factor": 2.5797623898447632
}