{
    "structural_factor": 1.0185534440497417,
    "functional_factor": 2.029653097845951
}