{
    "structural_factor": 1.7461959771059692,
    "functional_factor": 1.4296943375188504
}