{
    "structural_factor": 1.599749359759933,
    "functional_factor": 1.0000205083727254
}