{
    "structural_factor": 1.2600213905373814,
    "functional_factor": 1.3063167621706917
}