{
    "structural_factor": 1.0087422110260775,
    "functional_factor": 1.7907829711129442
}