{
    "structural_factor": 1.8629107683099166,
    "functional_factor": 3.403649239014776
}