{
    "structural_factor": 1.1177301476400374,
    "functional_factor": 7.6507219588278526
}