{
    "structural_factor": 1.8901509349404928,
    "functional_factor": 2.6123871433544275
}