{
    "structural_factor": 3.7708661166106303,
    "functional_factor": 1.4685191491345067
}