{
    "structural_factor": 1.9996847720887907,
    "functional_factor": 1.0000100361281128
}