{
    "structural_factor": 4.312106254558271,
    "functional_factor": 1.2334994836481536
}