{
    "structural_factor": 1.148559649526787,
    "functional_factor": 3.490828690816505
}