{
    "structural_factor": 4.996476809319513,
    "functional_factor": 1.7191006508898332
}