{
    "structural_factor": 1.5946439896169242,
    "functional_factor": 2.560551012929511
}