{
    "structural_factor": 1.8031732162658902,
    "functional_factor": 2.469340644787014
}