{
    "structural_factor": 1.492594252321788,
    "functional_factor": 1.83895924469138
}