{
    "structural_factor": 2.786964088735013,
    "functional_factor": 1.0669546269059305
}