{
    "structural_factor": 4.426050429771881,
    "functional_factor": 1.480425229254537
}