{
    "structural_factor": 1.1199564148879033,
    "functional_factor": 2.5221701179976708
}