{
    "structural_factor": 0.9537352031192342,
    "functional_factor": 4.444546393996875
}