{
    "structural_factor": 3.5029772217975563,
    "functional_factor": 1.0171836185892231
}