{
    "structural_factor": 5.001777735255187,
    "functional_factor": 0.9994665702365495
}