{
    "structural_factor": 1.5597896741874009,
    "functional_factor": 6.998232418618643
}