{
    "structural_factor": 1.4500904993763266,
    "functional_factor": 1.0038824011601903
}