{
    "structural_factor": 1.2731290067793282,
    "functional_factor": 3.0458116222968736
}