{
    "structural_factor": 1.6516912591079018,
    "functional_factor": 1.93861717200702
}