{
    "structural_factor": 1.7465969800933696,
    "functional_factor": 7.950444145086984
}