{
    "structural_factor": 3.7398375813457436,
    "functional_factor": 1.5422314104285648
}