{
    "structural_factor": 1.6456441363865353,
    "functional_factor": 2.986627600305435
}