{
    "structural_factor": 3.2953795574252043,
    "functional_factor": 1.3541687351087612
}