{
    "structural_factor": 1.8597450445539216,
    "functional_factor": 1.956073377445166
}