{
    "structural_factor": 0.6689898404290922,
    "functional_factor": 5.9599005729635675
}