{
    "structural_factor": 1.5322619890719926,
    "functional_factor": 1.5038412216639576
}