{
    "structural_factor": 1.0508856628067633,
    "functional_factor": 1.0038959113481374
}