{
    "structural_factor": 2.753313663991471,
    "functional_factor": 1.004159564979915
}