{
    "structural_factor": 1.3287868724817518,
    "functional_factor": 2.0289191350945046
}