{
    "structural_factor": 1.2268937342861619,
    "functional_factor": 1.1325633213139865
}