{
    "structural_factor": 1.27588623306239,
    "functional_factor": 2.251808560358418
}