{
    "structural_factor": 1.3538831113400474,
    "functional_factor": 1.8985031496539504
}