{
    "structural_factor": 5.008175254697306,
    "functional_factor": 1.0192480296270394
}