{
    "structural_factor": 2.9472076049491176,
    "functional_factor": 3.9212498526545083
}