{
    "structural_factor": 1.0839162316207156,
    "functional_factor": 1.2856417214116724
}