{
    "structural_factor": 0.6292965201675866,
    "functional_factor": 5.739340682235921
}