{
    "structural_factor": 1.8188548013426418,
    "functional_factor": 3.047125916787895
}