{
    "structural_factor": 1.1829836857746605,
    "functional_factor": 1.6915439362577254
}