{
    "structural_factor": 1.7296716245286392,
    "functional_factor": 1.2045846672445344
}