{
    "structural_factor": 4.565019593790232,
    "functional_factor": 2.2001451850478007
}