{
    "structural_factor": 1.8516374057102067,
    "functional_factor": 1.0040541328749026
}