{
    "structural_factor": 2.0359488593143693,
    "functional_factor": 1.0623281830391569
}