{
    "structural_factor": 4.62397670435048,
    "functional_factor": 2.0205273570833753
}