{
    "structural_factor": 5.035557492968047,
    "functional_factor": 1.7413221223604203
}