{
    "structural_factor": 3.264228829643957,
    "functional_factor": 1.0296370683620235
}