{
    "structural_factor": 1.156195772140521,
    "functional_factor": 1.035995807580348
}