{
    "structural_factor": 1.4574601060004708,
    "functional_factor": 3.005431111685275
}