{
    "structural_factor": 4.7560024494422315,
    "functional_factor": 1.507883760949614
}