{
    "structural_factor": 1.4098160220443077,
    "functional_factor": 1.0305188872812074
}