{
    "structural_factor": 1.755849797298673,
    "functional_factor": 1.6886490184513747
}