{
    "structural_factor": 3.1061495061813953,
    "functional_factor": 1.7958618984032577
}