{
    "structural_factor": 1.5093635184112826,
    "functional_factor": 1.9417289179261572
}