{
    "structural_factor": 3.772144807485435,
    "functional_factor": 2.6752058618588923
}