{
    "structural_factor": 1.1778152117999385,
    "functional_factor": 1.6219726326771686
}