{
    "structural_factor": 0.9305369206006802,
    "functional_factor": 4.497528454502259
}