{
    "structural_factor": 2.233119679851395,
    "functional_factor": 2.643298052390433
}