{
    "structural_factor": 2.331632003375588,
    "functional_factor": 1.2015766922978224
}