{
    "structural_factor": 2.8087916248265574,
    "functional_factor": 4.600756899929986
}