{
    "structural_factor": 1.1892705427916934,
    "functional_factor": 2.599733888176163
}