{
    "structural_factor": 1.190186212486257,
    "functional_factor": 1.4115866752919413
}