{
    "structural_factor": 3.7613300555172793,
    "functional_factor": 2.23073633227102
}