{
    "structural_factor": 0.9280898357663601,
    "functional_factor": 2.8617344638607993
}