{
    "structural_factor": 1.8699219063068109,
    "functional_factor": 1.6328028732258382
}