{
    "structural_factor": 1.691916417421897,
    "functional_factor": 2.1538467032168094
}