{
    "structural_factor": 1.1059656658746428,
    "functional_factor": 3.653371744759286
}