{
    "structural_factor": 1.4014636299928536,
    "functional_factor": 1.0033173861551672
}