{
    "structural_factor": 0.8995959426318921,
    "functional_factor": 5.721779470387656
}