{
    "structural_factor": 1.0955576751295455,
    "functional_factor": 1.974535891212225
}