{
    "structural_factor": 1.391902420706938,
    "functional_factor": 1.144452974334722
}