{
    "structural_factor": 3.2721053179029087,
    "functional_factor": 1.0330859088890871
}