{
    "structural_factor": 4.269315803108812,
    "functional_factor": 1.0705423109889167
}