{
    "structural_factor": 4.4764110252761835,
    "functional_factor": 1.9172252635970175
}