{
    "structural_factor": 4.38863510154457,
    "functional_factor": 4.016592583172271
}