{
    "structural_factor": 1.1756453744907136,
    "functional_factor": 2.0326418407612685
}