{
    "structural_factor": 3.272406925487534,
    "functional_factor": 1.0390453149761143
}