{
    "structural_factor": 1.101823745632953,
    "functional_factor": 1.026023936044739
}