{
    "structural_factor": 1.2667050909614643,
    "functional_factor": 1.9328720451244321
}