{
    "structural_factor": 1.4581805779554975,
    "functional_factor": 3.56076011870079
}