{
    "structural_factor": 2.113584770133954,
    "functional_factor": 2.077468835165945
}