{
    "structural_factor": 1.5779093953043464,
    "functional_factor": 1.202671254778219
}