{
    "structural_factor": 1.018094284593319,
    "functional_factor": 1.9948607123347903
}