{
    "structural_factor": 1.6633303296773962,
    "functional_factor": 5.344238183002902
}