{
    "structural_factor": 1.2012045111281813,
    "functional_factor": 1.0035292888030238
}