{
    "structural_factor": 1.6541080241499075,
    "functional_factor": 1.543134431576014
}