{
    "structural_factor": 2.112966785576552,
    "functional_factor": 2.425265690335213
}