{
    "structural_factor": 1.8215944106500852,
    "functional_factor": 1.6561205476656973
}