{
    "structural_factor": 1.3345130082117604,
    "functional_factor": 1.13049142066053
}