{
    "structural_factor": 1.2085317019235595,
    "functional_factor": 2.4533925441590787
}