{
    "structural_factor": 1.6643045424782448,
    "functional_factor": 4.388468801182503
}