{
    "structural_factor": 1.3006561303767503,
    "functional_factor": 1.6643378490049712
}