{
    "structural_factor": 4.251176383392535,
    "functional_factor": 1.0185186703468487
}