{
    "structural_factor": 2.533802867246853,
    "functional_factor": 1.058691198874828
}