{
    "structural_factor": 0.8556069902972088,
    "functional_factor": 4.4626076806934005
}