{
    "structural_factor": 1.1001998869342124,
    "functional_factor": 1.003107936270278
}