{
    "structural_factor": 3.7589913350135613,
    "functional_factor": 1.0158506906415916
}