{
    "structural_factor": 3.0104662007617775,
    "functional_factor": 1.0144070425150837
}