{
    "structural_factor": 0.5922362234663922,
    "functional_factor": 4.457293026212134
}