{
    "structural_factor": 4.471669493314027,
    "functional_factor": 2.8787352467069973
}