{
    "structural_factor": 2.537431180505448,
    "functional_factor": 1.067230499471609
}