{
    "structural_factor": 3.05415210062979,
    "functional_factor": 1.2726506968969524
}