{
    "structural_factor": 2.552684138528995,
    "functional_factor": 1.1561229059770044
}