{
    "structural_factor": 4.503799630037471,
    "functional_factor": 1.0040778272368938
}