{
    "structural_factor": 0.6435254009579237,
    "functional_factor": 4.566318421176829
}