{
    "structural_factor": 1.5997578154128649,
    "functional_factor": 0.999996596456449
}