{
    "structural_factor": 1.199846322554489,
    "functional_factor": 1.0000074789479125
}