{
    "structural_factor": 2.32559117627664,
    "functional_factor": 1.3254109475903784
}