{
    "structural_factor": 3.8029628394652164,
    "functional_factor": 1.5992623517477547
}