{
    "structural_factor": 1.072349251670372,
    "functional_factor": 1.1073201028828041
}