{
    "structural_factor": 3.5424510051620484,
    "functional_factor": 1.1016575054424744
}