{
    "structural_factor": 1.6516343100937825,
    "functional_factor": 1.0038753873006747
}