{
    "structural_factor": 1.4821126820649184,
    "functional_factor": 5.566515426931876
}