{
    "structural_factor": 4.969344838170847,
    "functional_factor": 2.4415607447626915
}