{
    "structural_factor": 1.0133478470506891,
    "functional_factor": 6.097520568242448
}