{
    "structural_factor": 4.514641919953496,
    "functional_factor": 1.0399729181566837
}