{
    "structural_factor": 1.3045060086912472,
    "functional_factor": 1.0152138517791487
}