{
    "structural_factor": 2.822020653679253,
    "functional_factor": 1.367092923374252
}