{
    "structural_factor": 3.8757340438519408,
    "functional_factor": 1.7150591488325688
}