{
    "structural_factor": 0.9359790017717279,
    "functional_factor": 5.440210156192795
}