{
    "structural_factor": 1.2011561386005487,
    "functional_factor": 1.0039481842546447
}