{
    "structural_factor": 1.7997365065201179,
    "functional_factor": 1.0000015693989683
}