{
    "structural_factor": 1.4378265308551788,
    "functional_factor": 2.3779263273228994
}