{
    "structural_factor": 1.59737003242784,
    "functional_factor": 1.1648098901418742
}