{
    "structural_factor": 1.7732354381589566,
    "functional_factor": 1.2296017750429835
}