{
    "structural_factor": 1.1171990579139668,
    "functional_factor": 1.0642250414028167
}