{
    "structural_factor": 3.004512501124954,
    "functional_factor": 1.015626790381726
}