{
    "structural_factor": 0.13934025354018514,
    "functional_factor": 4.764661504912403
}