{
    "structural_factor": 1.9116631300568525,
    "functional_factor": 1.9158351826149762
}