{
    "structural_factor": 4.288268129219986,
    "functional_factor": 1.8075728141872043
}