{
    "structural_factor": 1.2115949200689096,
    "functional_factor": 4.390568893013205
}