{
    "structural_factor": 2.0828924909727795,
    "functional_factor": 1.3665265299711984
}