{
    "structural_factor": 1.9663670799058146,
    "functional_factor": 1.0310285773068848
}