{
    "structural_factor": 3.2798271283269664,
    "functional_factor": 1.7478309640646676
}