{
    "structural_factor": 1.5068882057123019,
    "functional_factor": 2.225865811447038
}