{
    "structural_factor": 2.027248938896107,
    "functional_factor": 1.1972898163802108
}