{
    "structural_factor": 2.064284039954699,
    "functional_factor": 1.1441901968652857
}