{
    "structural_factor": 3.786484966214711,
    "functional_factor": 1.2308969402732544
}