{
    "structural_factor": 1.4866257978191402,
    "functional_factor": 1.796647023621025
}