{
    "structural_factor": 1.7916944533898378,
    "functional_factor": 1.0974511168302061
}