{
    "structural_factor": 1.4512220408533598,
    "functional_factor": 1.9079676000326131
}