{
    "structural_factor": 1.7855507893370273,
    "functional_factor": 3.900817891465769
}