{
    "structural_factor": 0.858775464024556,
    "functional_factor": 15.53175290969348
}