{
    "structural_factor": 2.4997568305337654,
    "functional_factor": 0.9999677760286512
}