{
    "structural_factor": 3.5517547276788286,
    "functional_factor": 1.3201316064789783
}