{
    "structural_factor": 3.99629635549571,
    "functional_factor": 2.680104437871174
}