{
    "structural_factor": 3.28665490844686,
    "functional_factor": 1.1212200978785996
}