{
    "structural_factor": 4.252542521903309,
    "functional_factor": 1.0047717585946723
}