{
    "structural_factor": 1.4995086878010087,
    "functional_factor": 1.9120847870741764
}