{
    "structural_factor": 4.287288295804755,
    "functional_factor": 1.9107127891690407
}