{
    "structural_factor": 1.2383821049502208,
    "functional_factor": 2.1262735618107906
}