{
    "structural_factor": 0.863559920073573,
    "functional_factor": 4.597759922932007
}