{
    "structural_factor": 2.1964636287155246,
    "functional_factor": 2.5521863789552364
}