{
    "structural_factor": 3.564999299662104,
    "functional_factor": 1.2280059614383398
}