{
    "structural_factor": 1.2114985495236936,
    "functional_factor": 1.0396422425208778
}