{
    "structural_factor": 1.2569644401199156,
    "functional_factor": 1.645020187891767
}