{
    "structural_factor": 3.3213878290851238,
    "functional_factor": 3.252413172326686
}