{
    "structural_factor": 4.227533848497935,
    "functional_factor": 2.6344794490267174
}