{
    "structural_factor": 2.2497007272620033,
    "functional_factor": 0.9999759313093901
}