{
    "structural_factor": 0.20486067028774932,
    "functional_factor": 6.499310732877624
}