{
    "structural_factor": 1.9997059681294351,
    "functional_factor": 1.0000013854396896
}