{
    "structural_factor": 1.070429350944548,
    "functional_factor": 1.9906688424316779
}