{
    "structural_factor": 1.9783057779511302,
    "functional_factor": 1.499866122764879
}