{
    "structural_factor": 2.338475638832383,
    "functional_factor": 3.9360335044680825
}