{
    "structural_factor": 3.249770249231735,
    "functional_factor": 0.9999138292886407
}