{
    "structural_factor": 2.5052332240289674,
    "functional_factor": 2.852809781587044
}