{
    "structural_factor": 3.5163097287095373,
    "functional_factor": 1.041730862784194
}