{
    "structural_factor": 1.7108341090621444,
    "functional_factor": 1.4124880924175771
}