{
    "structural_factor": 1.521096912582496,
    "functional_factor": 2.1302076063911386
}