{
    "structural_factor": 1.3917951563457027,
    "functional_factor": 2.497102636941606
}