{
    "structural_factor": 2.7659800294020442,
    "functional_factor": 2.5884799072922555
}