{
    "structural_factor": 1.4127600492507149,
    "functional_factor": 2.8896391071396077
}