{
    "structural_factor": 1.4857486753833724,
    "functional_factor": 2.6048779314082626
}