{
    "structural_factor": 1.5847478529064192,
    "functional_factor": 2.3822541315611274
}