{
    "structural_factor": 1.2998128479171214,
    "functional_factor": 5.724375493044391
}