{
    "structural_factor": 1.4645325771909579,
    "functional_factor": 4.542779436305621
}