{
    "structural_factor": 1.938577684258164,
    "functional_factor": 3.4021648657990866
}