{
    "structural_factor": 3.3069226603053594,
    "functional_factor": 2.2168889814697477
}