{
    "structural_factor": 1.110831308250939,
    "functional_factor": 2.821705452597482
}