{
    "structural_factor": 1.763736678541976,
    "functional_factor": 1.2431074649193872
}