{
    "structural_factor": 0.8869202218174947,
    "functional_factor": 2.4964801133628773
}