{
    "structural_factor": 3.2864558122218157,
    "functional_factor": 1.2734682195094118
}