{
    "structural_factor": 1.4193772857938636,
    "functional_factor": 2.122785071406122
}