{
    "structural_factor": 1.6517994791672574,
    "functional_factor": 1.00396990902013
}