{
    "structural_factor": 1.064456808447202,
    "functional_factor": 3.508027461798746
}