{
    "structural_factor": 1.173159376223354,
    "functional_factor": 2.263904912069063
}