{
    "structural_factor": 0.2670097176172486,
    "functional_factor": 8.385578472380733
}