{
    "structural_factor": 1.2817974503535106,
    "functional_factor": 1.1535739817842026
}