{
    "structural_factor": 2.0172319121849385,
    "functional_factor": 2.280293241028381
}