{
    "structural_factor": 2.0218857829839076,
    "functional_factor": 1.0384153817040405
}