{
    "structural_factor": 3.2432659030330724,
    "functional_factor": 2.87590179523657
}