{
    "structural_factor": 4.578853370776944,
    "functional_factor": 2.2411857027601476
}