{
    "structural_factor": 2.023427827967373,
    "functional_factor": 1.2448891710313863
}