{
    "structural_factor": 4.753083716566137,
    "functional_factor": 1.0044538963770517
}