{
    "structural_factor": 3.5229776386811174,
    "functional_factor": 1.0439430062301933
}