{
    "structural_factor": 1.5987561309346026,
    "functional_factor": 3.145410068613375
}