{
    "structural_factor": 4.277049109473852,
    "functional_factor": 1.1376972586083374
}