{
    "structural_factor": 4.262347680024593,
    "functional_factor": 1.044602418799433
}