{
    "structural_factor": 4.667965582990642,
    "functional_factor": 2.7500913246514336
}