{
    "structural_factor": 1.6352509281289782,
    "functional_factor": 1.9951873102371827
}