{
    "structural_factor": 1.0010142008268652,
    "functional_factor": 3.1288717531370573
}