{
    "structural_factor": 1.6505099747857452,
    "functional_factor": 3.7896351454677073
}