{
    "structural_factor": 1.3571532028011826,
    "functional_factor": 1.728539750587794
}