{
    "structural_factor": 2.4867656342713103,
    "functional_factor": 3.150467104437596
}