{
    "structural_factor": 4.51001873675505,
    "functional_factor": 1.1443898174834921
}