{
    "structural_factor": 4.949591382822633,
    "functional_factor": 2.305248851485338
}