{
    "structural_factor": 1.94964144583568,
    "functional_factor": 1.0000079424493504
}