{
    "structural_factor": 4.514123785868012,
    "functional_factor": 3.2229421350217766
}