{
    "structural_factor": 1.04514712243148,
    "functional_factor": 5.873359920044435
}