{
    "structural_factor": 1.4037687678541886,
    "functional_factor": 3.7132711933006637
}