{
    "structural_factor": 1.0507254395914294,
    "functional_factor": 1.0034137749623382
}