{
    "structural_factor": 1.3196681404348096,
    "functional_factor": 7.718525555187592
}