{
    "structural_factor": 2.259229369193831,
    "functional_factor": 1.013875305297805
}