{
    "structural_factor": 1.4238369308866368,
    "functional_factor": 1.7327849774722786
}