{
    "structural_factor": 1.3491708646652991,
    "functional_factor": 1.6492314747459518
}