{
    "structural_factor": 1.1498203235120876,
    "functional_factor": 1.0000047360616247
}