{
    "structural_factor": 1.5014917957585832,
    "functional_factor": 1.0039560534343863
}