{
    "structural_factor": 1.6220413394877413,
    "functional_factor": 1.4875737852944049
}