{
    "structural_factor": 2.78592491947382,
    "functional_factor": 2.1048501614008677
}