{
    "structural_factor": 1.960542675477557,
    "functional_factor": 1.0258938810263305
}