{
    "structural_factor": 3.451683397569572,
    "functional_factor": 1.4789530069798387
}