{
    "structural_factor": 1.8048348215787513,
    "functional_factor": 1.1649727279388606
}