{
    "structural_factor": 1.6641573261880886,
    "functional_factor": 1.0329729758093458
}