{
    "structural_factor": 1.2087680687341504,
    "functional_factor": 1.4988228883418702
}