{
    "structural_factor": 2.494733444677376,
    "functional_factor": 1.7901283553453446
}