{
    "structural_factor": 0.6104810393910591,
    "functional_factor": 5.787482228870756
}