{
    "structural_factor": 4.807951330413623,
    "functional_factor": 1.3819800793592758
}