{
    "structural_factor": 2.7729212410394437,
    "functional_factor": 1.7163483248761364
}