{
    "structural_factor": 1.6452985387753383,
    "functional_factor": 1.0595952463867262
}