{
    "structural_factor": 2.3722659769194254,
    "functional_factor": 1.888873934846534
}