{
    "structural_factor": 2.0540685733555737,
    "functional_factor": 1.10516679248582
}