{
    "structural_factor": 1.9393837843347135,
    "functional_factor": 1.3268349447546155
}