{
    "structural_factor": 2.7980948211236174,
    "functional_factor": 1.1070051241955763
}