{
    "structural_factor": 1.2704559163889435,
    "functional_factor": 1.1145110139744592
}