{
    "structural_factor": 4.754463266109792,
    "functional_factor": 1.0045355230350645
}