{
    "structural_factor": 4.460727506810069,
    "functional_factor": 1.9543148833950361
}