{
    "structural_factor": 1.1170692776712383,
    "functional_factor": 1.0667760309540895
}