{
    "structural_factor": 1.6534853632094488,
    "functional_factor": 2.160977127633926
}