{
    "structural_factor": 3.039148070787827,
    "functional_factor": 1.0683625144501934
}