{
    "structural_factor": 1.80711470707823,
    "functional_factor": 1.4163275960721078
}