{
    "structural_factor": 3.785890258932747,
    "functional_factor": 1.339169376188228
}