{
    "structural_factor": 3.9998556241889687,
    "functional_factor": 0.999872412494222
}