{
    "structural_factor": 1.825467328249831,
    "functional_factor": 1.4951693047552754
}