{
    "structural_factor": 2.3131290827596636,
    "functional_factor": 1.1322874467276152
}