{
    "structural_factor": 4.435258325273849,
    "functional_factor": 1.557689091400638
}