{
    "structural_factor": 3.4560876422288502,
    "functional_factor": 2.545729681421309
}