{
    "structural_factor": 3.7206744302906194,
    "functional_factor": 2.2903604921680403
}