{
    "structural_factor": 4.225904207468779,
    "functional_factor": 2.8807650125350737
}