{
    "structural_factor": 1.2193564754971737,
    "functional_factor": 1.0668656710112079
}