{
    "structural_factor": 2.1327808841353186,
    "functional_factor": 3.968375981629737
}