{
    "structural_factor": 3.695822112690386,
    "functional_factor": 1.4788139133659426
}