{
    "structural_factor": 1.5651909724878303,
    "functional_factor": 1.035186457772719
}