{
    "structural_factor": 4.017155875100913,
    "functional_factor": 1.0362872238060663
}