{
    "structural_factor": 1.8237273545545611,
    "functional_factor": 1.2299789253405182
}