{
    "structural_factor": 1.5242504558157166,
    "functional_factor": 1.203003135073415
}