{
    "structural_factor": 1.1657746682629067,
    "functional_factor": 1.0610590429169107
}