{
    "structural_factor": 5.003359388502064,
    "functional_factor": 1.004546866098119
}