{
    "structural_factor": 1.1270736956280691,
    "functional_factor": 1.101135181747698
}