{
    "structural_factor": 1.094539255064176,
    "functional_factor": 1.9895413733789238
}