{
    "structural_factor": 2.34753258701608,
    "functional_factor": 2.730782166770202
}