{
    "structural_factor": 4.26224370910014,
    "functional_factor": 1.1450471021272144
}