{
    "structural_factor": 3.6743311876354907,
    "functional_factor": 7.097579601167088
}