{
    "structural_factor": 1.492332596461466,
    "functional_factor": 2.140821893455935
}