{
    "structural_factor": 1.7756516491934633,
    "functional_factor": 2.0538706288942667
}