{
    "structural_factor": 1.1385194465838246,
    "functional_factor": 1.9656570859016436
}