{
    "structural_factor": 4.763246773905898,
    "functional_factor": 1.0422076841250052
}