{
    "structural_factor": 4.521556546871946,
    "functional_factor": 1.9692669821870816
}