{
    "structural_factor": 1.406884213494819,
    "functional_factor": 1.0152349768770812
}