{
    "structural_factor": 3.062139710269407,
    "functional_factor": 1.1834793894163944
}