{
    "structural_factor": 0.9846947843322942,
    "functional_factor": 1.8062982522076105
}