{
    "structural_factor": 1.4760293533500382,
    "functional_factor": 2.3686898723086514
}