{
    "structural_factor": 4.3051603783904095,
    "functional_factor": 1.2117950818986494
}