{
    "structural_factor": 1.86722822843103,
    "functional_factor": 4.4002795060653
}