{
    "structural_factor": 1.7066855169915842,
    "functional_factor": 1.0139204339174186
}