{
    "structural_factor": 4.500508144507144,
    "functional_factor": 0.9996954119341289
}