{
    "structural_factor": 3.7798025207862476,
    "functional_factor": 1.7503151099415661
}