{
    "structural_factor": 4.947449964063968,
    "functional_factor": 2.83021931345607
}