{
    "structural_factor": 1.749170885227498,
    "functional_factor": 1.7742534538253005
}