{
    "structural_factor": 4.000198587466878,
    "functional_factor": 0.9997844426968097
}