{
    "structural_factor": 2.035254086559847,
    "functional_factor": 1.0668840073875838
}