{
    "structural_factor": 0.8879363208432841,
    "functional_factor": 2.7867098939416954
}