{
    "structural_factor": 0.5905141726280215,
    "functional_factor": 4.079918096395052
}