{
    "structural_factor": 3.860325010747007,
    "functional_factor": 2.218910479408062
}