{
    "structural_factor": 4.517559554901517,
    "functional_factor": 1.0409644680974997
}