{
    "structural_factor": 1.211819381912211,
    "functional_factor": 2.7504441172645455
}