{
    "structural_factor": 1.9036954724636923,
    "functional_factor": 1.7440661499707788
}