{
    "structural_factor": 2.20970098185659,
    "functional_factor": 4.547223622051897
}