{
    "structural_factor": 1.04984552782898,
    "functional_factor": 0.9999947550371444
}