{
    "structural_factor": 1.7865644273196801,
    "functional_factor": 1.5705475979645878
}