{
    "structural_factor": 2.3224449265063987,
    "functional_factor": 1.9763976217882033
}