{
    "structural_factor": 1.089812932567919,
    "functional_factor": 6.989246256768014
}