{
    "structural_factor": 1.301044010014178,
    "functional_factor": 1.0037788171814759
}