{
    "structural_factor": 1.7973090718147033,
    "functional_factor": 2.6015374622972995
}