{
    "structural_factor": 1.7521682427176022,
    "functional_factor": 1.0040221118188786
}