{
    "structural_factor": 3.953100161937875,
    "functional_factor": 1.8757019753791682
}