{
    "structural_factor": 1.304499213122852,
    "functional_factor": 1.0148967931176214
}