{
    "structural_factor": 1.602510046017786,
    "functional_factor": 2.675522521801135
}