{
    "structural_factor": 2.5121090532279373,
    "functional_factor": 1.0162482497489345
}