{
    "structural_factor": 0.8222087331149548,
    "functional_factor": 4.412792712980329
}