{
    "structural_factor": 2.4055873620212767,
    "functional_factor": 3.9987225324565134
}