{
    "structural_factor": 1.1485455870214891,
    "functional_factor": 1.2649286691719308
}