{
    "structural_factor": 1.2845586301992122,
    "functional_factor": 2.453086102271426
}