{
    "structural_factor": 3.7848372262017937,
    "functional_factor": 3.844487385043514
}