{
    "structural_factor": 4.201743533435155,
    "functional_factor": 3.347494666264781
}