{
    "structural_factor": 1.3607415372101928,
    "functional_factor": 1.7577388304781092
}