{
    "structural_factor": 0.28117687735146163,
    "functional_factor": 8.981416773926128
}