{
    "structural_factor": 3.00252676067332,
    "functional_factor": 2.1093019106188
}