{
    "structural_factor": 1.8416530195341045,
    "functional_factor": 3.235029825844581
}