{
    "structural_factor": 1.8520765736190286,
    "functional_factor": 1.0035813238274476
}