{
    "structural_factor": 1.7653515278594951,
    "functional_factor": 1.7660304770009205
}