{
    "structural_factor": 4.811951405131092,
    "functional_factor": 1.2760149997798995
}