{
    "structural_factor": 1.6041977103385798,
    "functional_factor": 1.626283699162308
}