{
    "structural_factor": 3.4041257224918664,
    "functional_factor": 3.06824528072752
}