{
    "structural_factor": 1.025344460533849,
    "functional_factor": 1.1483752969703613
}