{
    "structural_factor": 2.3557895737126895,
    "functional_factor": 5.650462593436826
}