{
    "structural_factor": 1.4497190564005238,
    "functional_factor": 1.0000104304514301
}