{
    "structural_factor": 4.4558024801789875,
    "functional_factor": 1.551270906536025
}