{
    "structural_factor": 1.465493255651028,
    "functional_factor": 1.038403086312972
}