{
    "structural_factor": 3.482455944192049,
    "functional_factor": 1.541514420167247
}