{
    "structural_factor": 1.349847262709669,
    "functional_factor": 0.9999919454991851
}