{
    "structural_factor": 1.2610698708300876,
    "functional_factor": 1.1136768936872488
}