{
    "structural_factor": 1.6518400300504419,
    "functional_factor": 1.1646635869720614
}