{
    "structural_factor": 1.7428652190280824,
    "functional_factor": 2.8870327797117277
}