{
    "structural_factor": 1.0200215342297492,
    "functional_factor": 2.863897521698985
}