{
    "structural_factor": 1.3903458322440405,
    "functional_factor": 3.7098961641526462
}