{
    "structural_factor": 1.7362171580626453,
    "functional_factor": 1.084856394973725
}