{
    "structural_factor": 1.782504806929133,
    "functional_factor": 1.998505341588421
}