{
    "structural_factor": 4.017343886011348,
    "functional_factor": 1.045445081921761
}