{
    "structural_factor": 3.8871963508018332,
    "functional_factor": 5.2255167780712215
}