{
    "structural_factor": 0.8557297609644129,
    "functional_factor": 6.054104024902335
}