{
    "structural_factor": 1.8044427635009423,
    "functional_factor": 6.514990444299462
}