{
    "structural_factor": 2.7633725136724734,
    "functional_factor": 1.0156981288919125
}