{
    "structural_factor": 1.0145650321809982,
    "functional_factor": 1.0652942956929141
}