{
    "structural_factor": 1.834979043630084,
    "functional_factor": 2.0534878624151913
}