{
    "structural_factor": 3.000979856350109,
    "functional_factor": 3.411391579104955
}