{
    "structural_factor": 1.3673824377825994,
    "functional_factor": 3.3688547969878595
}