{
    "structural_factor": 2.597644788200922,
    "functional_factor": 4.625959339853533
}