{
    "structural_factor": 1.7259907637323268,
    "functional_factor": 1.2211154244957685
}