{
    "structural_factor": 5.022458562643494,
    "functional_factor": 3.157326676843785
}