{
    "structural_factor": 1.8578788966223827,
    "functional_factor": 1.8259256778091049
}