{
    "structural_factor": 2.5149291355341523,
    "functional_factor": 2.7922675844349905
}