{
    "structural_factor": 1.2830689725548676,
    "functional_factor": 6.114932527956116
}