{
    "structural_factor": 0.999838406769991,
    "functional_factor": 1.0000041154863224
}