{
    "structural_factor": 1.036619711289084,
    "functional_factor": 3.807625897100379
}