{
    "structural_factor": 1.1899855076053745,
    "functional_factor": 1.5278097782290838
}