{
    "structural_factor": 1.1965910295702546,
    "functional_factor": 2.982419919528415
}