{
    "structural_factor": 1.4220039655174943,
    "functional_factor": 1.0614536642709675
}