{
    "structural_factor": 1.2498106989207742,
    "functional_factor": 1.0000062682158135
}