{
    "structural_factor": 1.1206239502359154,
    "functional_factor": 2.2668485486070957
}