{
    "structural_factor": 1.9842818069376444,
    "functional_factor": 1.2722505859228637
}