{
    "structural_factor": 4.684634218729166,
    "functional_factor": 1.8355848446070844
}