{
    "structural_factor": 0.8786842816956936,
    "functional_factor": 3.799466710370495
}