{
    "structural_factor": 4.710222051920473,
    "functional_factor": 3.4594334359545122
}