{
    "structural_factor": 1.382259752081249,
    "functional_factor": 2.765110472473259
}