{
    "structural_factor": 1.0748225434742982,
    "functional_factor": 1.1027390364732164
}