{
    "structural_factor": 3.503436661358806,
    "functional_factor": 1.0037506692778833
}