{
    "structural_factor": 3.3110895992266594,
    "functional_factor": 1.1631839825808894
}