{
    "structural_factor": 1.140516288401279,
    "functional_factor": 5.0084653720496926
}