{
    "structural_factor": 1.5000208455797182,
    "functional_factor": 3.5561872875879
}