{
    "structural_factor": 1.9670632522363871,
    "functional_factor": 1.0293464982682228
}