{
    "structural_factor": 0.9976240999476084,
    "functional_factor": 3.377507551974013
}