{
    "structural_factor": 1.9343854338640134,
    "functional_factor": 4.6873717382628595
}