{
    "structural_factor": 1.89361013638846,
    "functional_factor": 2.1805307113912913
}