{
    "structural_factor": 3.3825630764860293,
    "functional_factor": 3.420441083045431
}