{
    "structural_factor": 0.9796890956026882,
    "functional_factor": 3.1851553203403076
}