{
    "structural_factor": 2.9455969190092075,
    "functional_factor": 2.974712949118527
}