{
    "structural_factor": 1.8449490974565455,
    "functional_factor": 2.608215880781467
}