{
    "structural_factor": 1.7778084197296813,
    "functional_factor": 1.0617022727005767
}