{
    "structural_factor": 1.130734377006712,
    "functional_factor": 3.2348763320921923
}