{
    "structural_factor": 2.248079340738655,
    "functional_factor": 1.841330483102803
}