{
    "structural_factor": 1.3522186069916984,
    "functional_factor": 1.1940241780808163
}