{
    "structural_factor": 1.7625102535003305,
    "functional_factor": 1.8770518589700766
}