{
    "structural_factor": 0.6425772765671784,
    "functional_factor": 7.439233084831871
}