{
    "structural_factor": 1.1811326913083187,
    "functional_factor": 1.5011673080989534
}