{
    "structural_factor": 1.9304501889726884,
    "functional_factor": 2.5626727119596557
}