{
    "structural_factor": 3.7500735225392665,
    "functional_factor": 0.9998414138150957
}