{
    "structural_factor": 1.8720916572089772,
    "functional_factor": 5.1055022743306235
}