{
    "structural_factor": 0.9224767673802826,
    "functional_factor": 1.7343890501264294
}