{
    "structural_factor": 1.4011123222053483,
    "functional_factor": 1.2012987756576818
}