{
    "structural_factor": 1.5421662180456996,
    "functional_factor": 7.347368801619266
}