{
    "structural_factor": 4.532897050755244,
    "functional_factor": 1.1239389194003488
}