{
    "structural_factor": 2.890473370819602,
    "functional_factor": 3.7298379628104508
}