{
    "structural_factor": 3.655366161672049,
    "functional_factor": 2.099635865094158
}