{
    "structural_factor": 1.2269511746588442,
    "functional_factor": 1.0996947235275145
}