{
    "structural_factor": 1.7568495131687158,
    "functional_factor": 1.0147427589349154
}