{
    "structural_factor": 4.031981395984998,
    "functional_factor": 1.2095849359589101
}