{
    "structural_factor": 1.9564490230623368,
    "functional_factor": 1.683941449699189
}