{
    "structural_factor": 1.3840695147784732,
    "functional_factor": 1.1050578981163843
}