{
    "structural_factor": 2.520318213121647,
    "functional_factor": 1.032029164007383
}