{
    "structural_factor": 1.640336183298925,
    "functional_factor": 2.5710407821454755
}