{
    "structural_factor": 1.4512161696975732,
    "functional_factor": 1.6506350234458274
}