{
    "structural_factor": 1.348910526415804,
    "functional_factor": 1.0139291964586419
}