{
    "structural_factor": 3.319919753505025,
    "functional_factor": 1.3603115045847343
}