{
    "structural_factor": 1.9167144779643808,
    "functional_factor": 1.0329164848103287
}