{
    "structural_factor": 1.0214889352919732,
    "functional_factor": 4.4519160471272645
}