{
    "structural_factor": 4.134949797053063,
    "functional_factor": 4.042095208742106
}