{
    "structural_factor": 1.4630487963431895,
    "functional_factor": 1.6186388865047205
}