{
    "structural_factor": 1.7377858445644172,
    "functional_factor": 1.0994741250218216
}