{
    "structural_factor": 4.476559599715021,
    "functional_factor": 2.6376754283307124
}