{
    "structural_factor": 1.2233723665340224,
    "functional_factor": 1.1491025809812778
}