{
    "structural_factor": 2.796302535955273,
    "functional_factor": 1.1740416213825544
}