{
    "structural_factor": 1.890124765763835,
    "functional_factor": 1.1056855726585346
}