{
    "structural_factor": 4.251382752784663,
    "functional_factor": 1.714608096339429
}