{
    "structural_factor": 1.6662426618294766,
    "functional_factor": 1.3144016609926996
}