{
    "structural_factor": 1.716264464098204,
    "functional_factor": 1.1772356081472481
}