{
    "structural_factor": 1.4374802228256804,
    "functional_factor": 3.1990600174661536
}