{
    "structural_factor": 1.949633473569452,
    "functional_factor": 1.0000026076180786
}