{
    "structural_factor": 1.4013558044745376,
    "functional_factor": 1.0037425021110686
}