{
    "structural_factor": 2.7756457631761444,
    "functional_factor": 1.9891002751483111
}