{
    "structural_factor": 2.542847594574304,
    "functional_factor": 1.068466200186793
}