{
    "structural_factor": 3.253137214311584,
    "functional_factor": 1.0043206707192354
}