{
    "structural_factor": 4.25031785416405,
    "functional_factor": 0.9997498039408322
}