{
    "structural_factor": 1.4560968499400238,
    "functional_factor": 2.3523829347505614
}