{
    "structural_factor": 1.3143119196223279,
    "functional_factor": 1.4987054061954852
}