{
    "structural_factor": 4.007690081282249,
    "functional_factor": 1.0184467047669532
}