{
    "structural_factor": 2.752197660623212,
    "functional_factor": 1.0034487927804872
}