{
    "structural_factor": 4.836854710842666,
    "functional_factor": 4.483526181226644
}