{
    "structural_factor": 1.4958797764737046,
    "functional_factor": 3.1530403743569404
}