{
    "structural_factor": 2.5682481909516786,
    "functional_factor": 1.3332136728048953
}