{
    "structural_factor": 1.05462702441597,
    "functional_factor": 3.468630722688953
}