{
    "structural_factor": 1.6559608554738479,
    "functional_factor": 2.1287041671891864
}