{
    "structural_factor": 2.378659330420244,
    "functional_factor": 5.722870053562066
}