{
    "structural_factor": 1.455061504774623,
    "functional_factor": 1.028902894998404
}