{
    "structural_factor": 1.0254035255410219,
    "functional_factor": 3.1766505370083213
}