{
    "structural_factor": 1.8231178494934497,
    "functional_factor": 1.4411227367735704
}