{
    "structural_factor": 1.0245897312165029,
    "functional_factor": 4.465205865896074
}