{
    "structural_factor": 2.06958197592914,
    "functional_factor": 3.7587980241027217
}