{
    "structural_factor": 0.9864354268540069,
    "functional_factor": 1.4845595237865878
}