{
    "structural_factor": 4.471109410529574,
    "functional_factor": 3.4640115270489042
}