{
    "structural_factor": 1.0808472295220153,
    "functional_factor": 1.6338500833044356
}