{
    "structural_factor": 1.4246894513235226,
    "functional_factor": 1.0640205609262106
}