{
    "structural_factor": 4.503689343408825,
    "functional_factor": 1.0046686913251996
}