{
    "structural_factor": 4.455158202969071,
    "functional_factor": 2.3057198357943185
}