{
    "structural_factor": 3.9409704487417345,
    "functional_factor": 2.4522498128367642
}