{
    "structural_factor": 1.270656272154755,
    "functional_factor": 1.683482757882564
}