{
    "structural_factor": 1.9615650538384068,
    "functional_factor": 1.1672020068816744
}