{
    "structural_factor": 1.217941450567936,
    "functional_factor": 7.695792373528544
}