{
    "structural_factor": 2.7529415095121226,
    "functional_factor": 1.0152667041698977
}