{
    "structural_factor": 2.7688311500720784,
    "functional_factor": 3.7343833294423625
}