{
    "structural_factor": 4.250949082186564,
    "functional_factor": 1.0041228624978438
}