{
    "structural_factor": 1.6680916712007257,
    "functional_factor": 1.1936902796812607
}