{
    "structural_factor": 1.1744362348055473,
    "functional_factor": 1.1342267662857406
}