{
    "structural_factor": 1.4665291132747815,
    "functional_factor": 1.7560768361115044
}