{
    "structural_factor": 1.8590078953853697,
    "functional_factor": 1.7736293136092978
}