{
    "structural_factor": 1.0973290422409612,
    "functional_factor": 3.7658145346671574
}