{
    "structural_factor": 1.008061817501666,
    "functional_factor": 3.6214633481843657
}