{
    "structural_factor": 1.701662734853455,
    "functional_factor": 1.0038748081855586
}