{
    "structural_factor": 1.246945965584751,
    "functional_factor": 3.5607230808708077
}