{
    "structural_factor": 1.88784882084361,
    "functional_factor": 1.506457856163963
}