{
    "structural_factor": 0.9193723330930307,
    "functional_factor": 1.6638710921529845
}