{
    "structural_factor": 1.8156004218120059,
    "functional_factor": 1.761870574673481
}