{
    "structural_factor": 1.4485486280278417,
    "functional_factor": 3.712204016785331
}