{
    "structural_factor": 3.284373028760524,
    "functional_factor": 1.0740485996136184
}