{
    "structural_factor": 1.8586196102536665,
    "functional_factor": 1.1658848348450412
}