{
    "structural_factor": 1.870987209374884,
    "functional_factor": 1.0374968452747984
}