{
    "structural_factor": 4.533780336998305,
    "functional_factor": 1.6073658677686231
}