{
    "structural_factor": 1.4030776510391554,
    "functional_factor": 7.152763409329949
}