{
    "structural_factor": 3.232539199254981,
    "functional_factor": 1.5347833568196174
}