{
    "structural_factor": 1.0491845252725818,
    "functional_factor": 2.575014574684155
}