{
    "structural_factor": 1.1186195074088756,
    "functional_factor": 1.6844929282357657
}