{
    "structural_factor": 1.0396411214725634,
    "functional_factor": 1.3365314521088014
}