{
    "structural_factor": 1.376582351763538,
    "functional_factor": 1.519677000808173
}