{
    "structural_factor": 1.6576407597844116,
    "functional_factor": 1.0141201138747231
}