{
    "structural_factor": 1.216896225246629,
    "functional_factor": 1.060785025064302
}