{
    "structural_factor": 1.61333706403598,
    "functional_factor": 3.541620725698451
}