{
    "structural_factor": 2.23454774423704,
    "functional_factor": 2.507285388356946
}