{
    "structural_factor": 1.6848049092778028,
    "functional_factor": 2.380860784821996
}