{
    "structural_factor": 2.145732623333009,
    "functional_factor": 2.5929049069770578
}