{
    "structural_factor": 1.9245428301716931,
    "functional_factor": 1.4436904778380983
}