{
    "structural_factor": 3.7584376029856963,
    "functional_factor": 2.6334734386884873
}