{
    "structural_factor": 1.2042027094201553,
    "functional_factor": 2.561806078046695
}