{
    "structural_factor": 2.7535004258788276,
    "functional_factor": 1.0039132175230117
}