{
    "structural_factor": 1.5886227137729845,
    "functional_factor": 1.1481172396714856
}