{
    "structural_factor": 1.3293329697095513,
    "functional_factor": 5.768273126109277
}