{
    "structural_factor": 1.0048266063754403,
    "functional_factor": 2.1609386821384757
}