{
    "structural_factor": 1.4196542164305614,
    "functional_factor": 7.7000612852004116
}