{
    "structural_factor": 1.2302797110103791,
    "functional_factor": 2.5835546490852708
}