{
    "structural_factor": 4.697622251149001,
    "functional_factor": 1.7556893646394223
}