{
    "structural_factor": 1.3140644307973033,
    "functional_factor": 1.114465299552236
}