{
    "structural_factor": 3.198598093533525,
    "functional_factor": 2.089344048377131
}