{
    "structural_factor": 1.051451784732773,
    "functional_factor": 1.443406470976027
}