{
    "structural_factor": 1.1037439031387115,
    "functional_factor": 1.0145689749311557
}