{
    "structural_factor": 1.275033310689068,
    "functional_factor": 1.149460320117621
}