{
    "structural_factor": 2.604214837130827,
    "functional_factor": 1.897997580808832
}