{
    "structural_factor": 3.173163473921902,
    "functional_factor": 2.2719964777624697
}