{
    "structural_factor": 1.5580668268342217,
    "functional_factor": 1.0151397168377627
}