{
    "structural_factor": 2.3649803066619204,
    "functional_factor": 4.08813474615031
}