{
    "structural_factor": 1.2204060446468135,
    "functional_factor": 2.986219327688165
}