{
    "structural_factor": 2.2714940483947657,
    "functional_factor": 1.033106423336087
}