{
    "structural_factor": 1.3386666137617422,
    "functional_factor": 2.4904595081345167
}