{
    "structural_factor": 1.032598121432284,
    "functional_factor": 1.6123873391175567
}