{
    "structural_factor": 1.0213788942147353,
    "functional_factor": 4.489201791407923
}