{
    "structural_factor": 1.2553804104240769,
    "functional_factor": 4.389509298841714
}