{
    "structural_factor": 3.252776456119803,
    "functional_factor": 1.0039863218401457
}