{
    "structural_factor": 1.7504684516771942,
    "functional_factor": 1.098467038109105
}