{
    "structural_factor": 1.4823214460390444,
    "functional_factor": 2.0309528005285093
}