{
    "structural_factor": 1.6003851305509749,
    "functional_factor": 1.0141573120552962
}