{
    "structural_factor": 0.9354422580096852,
    "functional_factor": 2.5946012550260447
}