{
    "structural_factor": 1.6444667300763849,
    "functional_factor": 6.02162618510905
}