{
    "structural_factor": 4.780225112147467,
    "functional_factor": 1.0752078286467468
}