{
    "structural_factor": 2.7412212592440564,
    "functional_factor": 3.429894575623057
}