{
    "structural_factor": 2.569639548120422,
    "functional_factor": 1.1509330034576335
}