{
    "structural_factor": 1.6862462079013611,
    "functional_factor": 4.807225139804025
}