{
    "structural_factor": 4.273396359378583,
    "functional_factor": 1.0802039203163636
}