{
    "structural_factor": 2.201487902663893,
    "functional_factor": 1.354176567235152
}