{
    "structural_factor": 1.6196333169817914,
    "functional_factor": 5.803105498751496
}