{
    "structural_factor": 1.5635372493967148,
    "functional_factor": 1.0306951993869637
}