{
    "structural_factor": 1.461956080958617,
    "functional_factor": 1.931418860786251
}