{
    "structural_factor": 5.001381491863451,
    "functional_factor": 0.9995816960137484
}