{
    "structural_factor": 1.1402381771173618,
    "functional_factor": 1.059349385769896
}