{
    "structural_factor": 2.0100647583656155,
    "functional_factor": 1.014767824117798
}