{
    "structural_factor": 2.4474878727179683,
    "functional_factor": 2.5743351039365625
}