{
    "structural_factor": 1.286111098439198,
    "functional_factor": 1.6890597706252808
}