{
    "structural_factor": 4.218074298184676,
    "functional_factor": 1.6400056685105668
}