{
    "structural_factor": 1.8720828836209673,
    "functional_factor": 5.9143561930461415
}