{
    "structural_factor": 1.5154006769440562,
    "functional_factor": 1.0388587362082604
}