{
    "structural_factor": 1.2994659968655662,
    "functional_factor": 2.494670599730468
}