{
    "structural_factor": 0.9283711262519836,
    "functional_factor": 3.522305646188541
}