{
    "structural_factor": 1.3188809382918862,
    "functional_factor": 4.627122363287368
}