{
    "structural_factor": 1.43115993401382,
    "functional_factor": 2.0297865030671143
}