{
    "structural_factor": 1.0865963782394719,
    "functional_factor": 1.6661802638194407
}