{
    "structural_factor": 1.5252138803585469,
    "functional_factor": 2.577986802600536
}