{
    "structural_factor": 1.4216118333960674,
    "functional_factor": 1.0595547555084226
}