{
    "structural_factor": 1.3604435798014545,
    "functional_factor": 1.0331003773716105
}