{
    "structural_factor": 1.5464883673067056,
    "functional_factor": 1.4196793911336048
}