{
    "structural_factor": 1.562904781060411,
    "functional_factor": 3.7853809161429446
}