{
    "structural_factor": 1.0498373327809696,
    "functional_factor": 0.9999892804341954
}