{
    "structural_factor": 1.9015806062575258,
    "functional_factor": 1.0037163243813212
}