{
    "structural_factor": 1.0239233652619049,
    "functional_factor": 1.2002094826444287
}