{
    "structural_factor": 1.1449932390075632,
    "functional_factor": 1.7535948558495182
}