{
    "structural_factor": 1.1999135499349827,
    "functional_factor": 2.2793626796471766
}