{
    "structural_factor": 3.539742646253577,
    "functional_factor": 1.3671229353786998
}