{
    "structural_factor": 2.9758911580193996,
    "functional_factor": 2.1942137598121225
}