{
    "structural_factor": 2.316706421912345,
    "functional_factor": 1.6442963495720964
}