{
    "structural_factor": 1.6401357330852233,
    "functional_factor": 1.9656015304970302
}