{
    "structural_factor": 1.6063017028369555,
    "functional_factor": 1.713630264895223
}