{
    "structural_factor": 2.411947381244406,
    "functional_factor": 2.1866912465770594
}