{
    "structural_factor": 1.0024705411235517,
    "functional_factor": 1.7683753755054183
}