{
    "structural_factor": 1.0727944845032875,
    "functional_factor": 3.1674515733216286
}