{
    "structural_factor": 1.014546300262607,
    "functional_factor": 1.53708583280467
}