{
    "structural_factor": 2.0586895453870366,
    "functional_factor": 1.1291048273991897
}