{
    "structural_factor": 2.0008535792575457,
    "functional_factor": 2.4859520616876627
}