{
    "structural_factor": 1.5112073505410715,
    "functional_factor": 1.3335639389546765
}