{
    "structural_factor": 1.0676030493863387,
    "functional_factor": 2.267327172346605
}