{
    "structural_factor": 4.752414814602171,
    "functional_factor": 1.0038762555186425
}