{
    "structural_factor": 1.7816442047108463,
    "functional_factor": 2.5372360722862357
}