{
    "structural_factor": 1.9343014913471988,
    "functional_factor": 1.2702420389441522
}