{
    "structural_factor": 4.213589823115494,
    "functional_factor": 1.5029725891410508
}