{
    "structural_factor": 1.6755558949093063,
    "functional_factor": 1.1135718751095929
}