{
    "structural_factor": 1.7013587687930567,
    "functional_factor": 1.19589971339043
}