{
    "structural_factor": 4.0112221309316505,
    "functional_factor": 1.1449122442384938
}