{
    "structural_factor": 2.0126527128231344,
    "functional_factor": 3.101310279998981
}