{
    "structural_factor": 1.6351265591832065,
    "functional_factor": 1.5671430671658984
}