{
    "structural_factor": 1.1512663964615364,
    "functional_factor": 1.3085878856059838
}