{
    "structural_factor": 2.5098803227132054,
    "functional_factor": 1.0155493280569827
}