{
    "structural_factor": 1.5498905158293033,
    "functional_factor": 1.0135734064083528
}