{
    "structural_factor": 3.2963265381431897,
    "functional_factor": 3.339936417769971
}