{
    "structural_factor": 1.5847793644663848,
    "functional_factor": 2.6045467914178375
}