{
    "structural_factor": 1.606058234130466,
    "functional_factor": 1.0151965619344046
}