{
    "structural_factor": 3.5122277822698065,
    "functional_factor": 2.5999402511083782
}