{
    "structural_factor": 3.958983846547551,
    "functional_factor": 1.4790335196010258
}