{
    "structural_factor": 2.5183194487373304,
    "functional_factor": 1.1538313670233062
}