{
    "structural_factor": 1.1924974169148348,
    "functional_factor": 1.1965686334341947
}