{
    "structural_factor": 1.3921040906636801,
    "functional_factor": 3.4781511378732115
}