{
    "structural_factor": 1.0127089841239911,
    "functional_factor": 1.2363272405721193
}