{
    "structural_factor": 2.2616639218360706,
    "functional_factor": 1.0156938384829888
}