{
    "structural_factor": 1.7518054259726552,
    "functional_factor": 1.0033991612867952
}