{
    "structural_factor": 2.7322412404301355,
    "functional_factor": 1.8579660179147741
}