{
    "structural_factor": 1.551726128154547,
    "functional_factor": 1.0032964795172141
}