{
    "structural_factor": 1.114704618257955,
    "functional_factor": 1.3247942314180667
}