{
    "structural_factor": 2.8222719905579727,
    "functional_factor": 2.9140291741480855
}