{
    "structural_factor": 4.268690201229412,
    "functional_factor": 2.5956586495552436
}