{
    "structural_factor": 3.5366458463915613,
    "functional_factor": 1.0730621809775616
}