{
    "structural_factor": 1.749795063267331,
    "functional_factor": 0.9999785699340759
}