{
    "structural_factor": 2.0570464806722772,
    "functional_factor": 3.687814882512102
}