{
    "structural_factor": 4.903586446853013,
    "functional_factor": 3.2010574431473002
}