{
    "structural_factor": 0.6362019025501756,
    "functional_factor": 5.694615370802769
}