{
    "structural_factor": 1.2512321112301168,
    "functional_factor": 1.0037742147462825
}