{
    "structural_factor": 1.0869260042760864,
    "functional_factor": 5.887209272215904
}