{
    "structural_factor": 3.6181505350974685,
    "functional_factor": 3.4291583864972828
}