{
    "structural_factor": 4.811945228184339,
    "functional_factor": 2.2415647506906824
}