{
    "structural_factor": 1.504479626835774,
    "functional_factor": 2.0481130038779822
}