{
    "structural_factor": 1.5397036406718578,
    "functional_factor": 3.3904818706288964
}