{
    "structural_factor": 3.2936178815296677,
    "functional_factor": 1.6859613583154736
}