{
    "structural_factor": 3.441667661458488,
    "functional_factor": 1.9588686195719152
}