{
    "structural_factor": 3.916929721912577,
    "functional_factor": 3.566994814569736
}