{
    "structural_factor": 1.171350936870368,
    "functional_factor": 1.150684337305576
}