{
    "structural_factor": 4.743333576626399,
    "functional_factor": 1.8106890189859417
}