{
    "structural_factor": 1.7602938457378141,
    "functional_factor": 1.4148767961242004
}