{
    "structural_factor": 1.8192252372144413,
    "functional_factor": 1.278201334867991
}