{
    "structural_factor": 1.8692296088404512,
    "functional_factor": 1.4929797405564542
}