{
    "structural_factor": 2.5502873252014404,
    "functional_factor": 2.1740790525487164
}