{
    "structural_factor": 1.3177057460330865,
    "functional_factor": 1.0648119174928357
}