{
    "structural_factor": 4.528718694281452,
    "functional_factor": 1.2355718294629106
}