{
    "structural_factor": 1.2243209552562375,
    "functional_factor": 5.382782173868276
}