{
    "structural_factor": 0.2881956545762276,
    "functional_factor": 6.130907248318868
}