{
    "structural_factor": 1.182731453246253,
    "functional_factor": 3.24112815707538
}