{
    "structural_factor": 2.0071547396382208,
    "functional_factor": 5.767072324804221
}