{
    "structural_factor": 2.8941828133708345,
    "functional_factor": 1.598747585752944
}