{
    "structural_factor": 1.0785053582556179,
    "functional_factor": 1.6933774857475123
}