{
    "structural_factor": 1.296449524606321,
    "functional_factor": 1.6717052040675886
}