{
    "structural_factor": 3.812976347872143,
    "functional_factor": 1.2073717815416167
}