{
    "structural_factor": 2.6515208258666823,
    "functional_factor": 2.9452322487068487
}