{
    "structural_factor": 1.3498880044079782,
    "functional_factor": 1.0039202797094582
}