{
    "structural_factor": 4.516889752700431,
    "functional_factor": 1.0464073242659742
}