{
    "structural_factor": 5.036928099143219,
    "functional_factor": 1.7013114981294417
}