{
    "structural_factor": 1.8912190393628785,
    "functional_factor": 1.4743273559955379
}