{
    "structural_factor": 1.8207099680022145,
    "functional_factor": 1.7440391186654263
}