{
    "structural_factor": 1.040496282724216,
    "functional_factor": 7.600519683856311
}