{
    "structural_factor": 1.1979191773248938,
    "functional_factor": 1.2253231412626222
}