{
    "structural_factor": 1.5352448858846333,
    "functional_factor": 5.757877655494316
}