{
    "structural_factor": 1.6350164140612484,
    "functional_factor": 1.084169621064699
}