{
    "structural_factor": 0.9532920936473556,
    "functional_factor": 3.660293452155444
}