{
    "structural_factor": 1.8417835685257218,
    "functional_factor": 1.4370415855990202
}