{
    "structural_factor": 1.8304922250170124,
    "functional_factor": 1.0639208653378165
}