{
    "structural_factor": 3.9394101294831922,
    "functional_factor": 1.8336702528710902
}