{
    "structural_factor": 4.530013571845556,
    "functional_factor": 1.1814747491577846
}