{
    "structural_factor": 1.1496353403551207,
    "functional_factor": 2.602927162718533
}