{
    "structural_factor": 1.4900031821225723,
    "functional_factor": 2.5103828046884846
}