{
    "structural_factor": 2.3554968413344386,
    "functional_factor": 4.421055943302938
}