{
    "structural_factor": 1.2871150028346814,
    "functional_factor": 1.1446617239828811
}