{
    "structural_factor": 1.889702535918823,
    "functional_factor": 1.0858182305548119
}