{
    "structural_factor": 1.494092779944575,
    "functional_factor": 1.2348659549856957
}