{
    "structural_factor": 1.852629203070518,
    "functional_factor": 1.0983499447024199
}