{
    "structural_factor": 1.7508438245197782,
    "functional_factor": 1.003643898160715
}