{
    "structural_factor": 1.7418456841300602,
    "functional_factor": 1.1480815013365115
}