{
    "structural_factor": 0.40453816643470153,
    "functional_factor": 5.106104642688183
}