{
    "structural_factor": 1.124909362033932,
    "functional_factor": 4.484714413094418
}