{
    "structural_factor": 1.0024944819366681,
    "functional_factor": 1.0138080127917146
}