{
    "structural_factor": 4.764074886194195,
    "functional_factor": 1.0487640186950813
}