{
    "structural_factor": 1.878501776595574,
    "functional_factor": 1.1148372388479697
}