{
    "structural_factor": 1.7019705152739413,
    "functional_factor": 1.0035360838774132
}