{
    "structural_factor": 1.463344521407367,
    "functional_factor": 3.2029746538834347
}