{
    "structural_factor": 4.315047454170449,
    "functional_factor": 8.425222767501204
}