{
    "structural_factor": 1.0191961534669145,
    "functional_factor": 7.728005179544038
}