{
    "structural_factor": 3.287065580119443,
    "functional_factor": 3.9610563012167472
}