{
    "structural_factor": 1.7548531958516482,
    "functional_factor": 3.8329033210713632
}