{
    "structural_factor": 3.5059060777543856,
    "functional_factor": 2.5521209487371275
}