{
    "structural_factor": 1.312124875735847,
    "functional_factor": 1.9312774285765364
}