{
    "structural_factor": 3.4079913148847627,
    "functional_factor": 1.5659021063312455
}