{
    "structural_factor": 2.7613844737130457,
    "functional_factor": 1.159397579982667
}