{
    "structural_factor": 3.7719362886214727,
    "functional_factor": 1.0451057532656027
}