{
    "structural_factor": 1.2456644494945917,
    "functional_factor": 7.0762816053913165
}