{
    "structural_factor": 3.4458415689750876,
    "functional_factor": 2.305305630049442
}