{
    "structural_factor": 1.9226105287281539,
    "functional_factor": 1.302238469654137
}