{
    "structural_factor": 1.781735344337914,
    "functional_factor": 2.378697415063669
}