{
    "structural_factor": 1.1951944137790218,
    "functional_factor": 1.649377330782611
}