{
    "structural_factor": 1.3488920274377312,
    "functional_factor": 1.6558825307008047
}