{
    "structural_factor": 2.512044732216904,
    "functional_factor": 1.0146060354765365
}