{
    "structural_factor": 1.9813215260293435,
    "functional_factor": 2.011374917601011
}