{
    "structural_factor": 3.227696008391147,
    "functional_factor": 3.1545117380964403
}