{
    "structural_factor": 1.7803845172621955,
    "functional_factor": 1.0622929330803088
}