{
    "structural_factor": 1.702263309568877,
    "functional_factor": 1.0036865786805378
}