{
    "structural_factor": 3.208424300197558,
    "functional_factor": 2.2990654016613017
}