{
    "structural_factor": 5.03246153803254,
    "functional_factor": 1.1269025236591177
}