{
    "structural_factor": 5.0307061752143705,
    "functional_factor": 1.3290627548143246
}