{
    "structural_factor": 1.4284150949633803,
    "functional_factor": 1.1059303163288847
}