{
    "structural_factor": 1.5385007538154454,
    "functional_factor": 1.7967536276038143
}