{
    "structural_factor": 3.5222545380638928,
    "functional_factor": 1.0361921030556664
}