{
    "structural_factor": 4.296880352129232,
    "functional_factor": 3.564625546706561
}