{
    "structural_factor": 1.5513235025492746,
    "functional_factor": 1.0035757056501524
}