{
    "structural_factor": 1.8570230922436295,
    "functional_factor": 2.373492471159628
}