{
    "structural_factor": 2.2598818005184054,
    "functional_factor": 2.4295274598442846
}