{
    "structural_factor": 2.708101706753046,
    "functional_factor": 3.0393205649937203
}