{
    "structural_factor": 1.570455150342766,
    "functional_factor": 2.1286263291911336
}