{
    "structural_factor": 2.498554711014826,
    "functional_factor": 1.063993039921828
}