{
    "structural_factor": 1.7044439669566374,
    "functional_factor": 2.052804313474917
}