{
    "structural_factor": 3.0633547183532017,
    "functional_factor": 1.5432416272367708
}