{
    "structural_factor": 1.9432170992425841,
    "functional_factor": 1.7789799840212295
}