{
    "structural_factor": 1.5583108539610615,
    "functional_factor": 2.262246138184022
}