{
    "structural_factor": 1.1509256358605247,
    "functional_factor": 1.0038276421484509
}