{
    "structural_factor": 2.2879244888553028,
    "functional_factor": 1.0657677179377494
}