{
    "structural_factor": 2.898295368957179,
    "functional_factor": 1.697690052447111
}