{
    "structural_factor": 1.817168631026853,
    "functional_factor": 4.120593805473065
}