{
    "structural_factor": 2.7786586741926054,
    "functional_factor": 1.0395421357453523
}