{
    "structural_factor": 1.9207712530758152,
    "functional_factor": 1.3254022452907832
}