{
    "structural_factor": 4.9033887706018815,
    "functional_factor": 2.437634422236742
}