{
    "structural_factor": 1.7776537099987297,
    "functional_factor": 1.2666088597677663
}