{
    "structural_factor": 1.8021636005740174,
    "functional_factor": 1.003447377417875
}