{
    "structural_factor": 1.920091022680416,
    "functional_factor": 3.072984832760149
}