{
    "structural_factor": 1.8026412524286815,
    "functional_factor": 1.6623591772187374
}