{
    "structural_factor": 2.564998971653696,
    "functional_factor": 3.371335892611014
}