{
    "structural_factor": 3.545019191926693,
    "functional_factor": 3.270657952693257
}