{
    "structural_factor": 1.4497731832395366,
    "functional_factor": 1.0000140725414597
}