{
    "structural_factor": 4.764941342493061,
    "functional_factor": 1.0467803023920552
}