{
    "structural_factor": 2.0495378011671614,
    "functional_factor": 1.4518853901826372
}