{
    "structural_factor": 2.240434563294804,
    "functional_factor": 2.261485256609704
}