{
    "structural_factor": 0.41769530699062263,
    "functional_factor": 7.066575982629262
}