{
    "structural_factor": 4.046699607284131,
    "functional_factor": 1.3214910703442329
}