{
    "structural_factor": 3.0042898651837824,
    "functional_factor": 1.4830810424297878
}