{
    "structural_factor": 1.8066341276608684,
    "functional_factor": 1.014858927006333
}