{
    "structural_factor": 3.78747457865353,
    "functional_factor": 1.1044640910483252
}