{
    "structural_factor": 1.454051629552141,
    "functional_factor": 1.2757322775937816
}