{
    "structural_factor": 1.674591487991093,
    "functional_factor": 1.2658970581059312
}