{
    "structural_factor": 1.4507692433078208,
    "functional_factor": 1.7282924545040836
}