{
    "structural_factor": 1.5015588800069002,
    "functional_factor": 1.0040906879082838
}