{
    "structural_factor": 1.2729308928165604,
    "functional_factor": 1.106294411615406
}