{
    "structural_factor": 2.286118891944269,
    "functional_factor": 1.0598754831002561
}