{
    "structural_factor": 3.53481973576762,
    "functional_factor": 1.067551996015473
}