{
    "structural_factor": 1.4776201829837758,
    "functional_factor": 4.144474089558454
}