{
    "structural_factor": 0.9928147720416003,
    "functional_factor": 2.506256799608673
}