{
    "structural_factor": 1.7313147567037699,
    "functional_factor": 2.5125328706197836
}