{
    "structural_factor": 1.6153794103602812,
    "functional_factor": 4.622928483411326
}