{
    "structural_factor": 2.958056797417031,
    "functional_factor": 5.5680631165170045
}