{
    "structural_factor": 0.9378399993475259,
    "functional_factor": 3.2016366989538843
}