{
    "structural_factor": 1.2800865313165537,
    "functional_factor": 2.5134376005314767
}