{
    "structural_factor": 1.1085754127276917,
    "functional_factor": 5.7497888724797335
}