{
    "structural_factor": 4.996803468056453,
    "functional_factor": 1.767592492740725
}