{
    "structural_factor": 1.2497967192962316,
    "functional_factor": 1.0000018903876662
}