{
    "structural_factor": 1.3597523072297844,
    "functional_factor": 1.0356710335225117
}