{
    "structural_factor": 1.5907418138961569,
    "functional_factor": 2.4434606589627137
}