{
    "structural_factor": 1.3043758876823557,
    "functional_factor": 1.224383728373716
}