{
    "structural_factor": 1.548139407342548,
    "functional_factor": 2.0438372656362938
}