{
    "structural_factor": 1.9548294758642029,
    "functional_factor": 2.377008415933782
}