{
    "structural_factor": 1.8732482611094574,
    "functional_factor": 1.1959539108511514
}