{
    "structural_factor": 1.7951603415837485,
    "functional_factor": 1.058549998121446
}