{
    "structural_factor": 1.0140676364596917,
    "functional_factor": 4.505719511386005
}