{
    "structural_factor": 1.3752840658126455,
    "functional_factor": 1.112590250524555
}