{
    "structural_factor": 3.28977144147784,
    "functional_factor": 1.071501863497823
}