{
    "structural_factor": 1.4733341907734472,
    "functional_factor": 1.7333255552128306
}