{
    "structural_factor": 3.573346490414062,
    "functional_factor": 1.3686903555342638
}