{
    "structural_factor": 1.2872474895289956,
    "functional_factor": 3.1516550599801794
}