{
    "structural_factor": 3.789173401028743,
    "functional_factor": 2.0265139974737125
}