{
    "structural_factor": 2.260955458650026,
    "functional_factor": 1.0145154388307618
}