{
    "structural_factor": 1.1031899798950682,
    "functional_factor": 1.015640014997958
}