{
    "structural_factor": 3.8214134888695273,
    "functional_factor": 1.3124846575480946
}