{
    "structural_factor": 2.0000286847401894,
    "functional_factor": 1.4495617248195523
}