{
    "structural_factor": 2.5432899279305206,
    "functional_factor": 1.1133158316268978
}