{
    "structural_factor": 1.3255546247526095,
    "functional_factor": 3.036605741184999
}