{
    "structural_factor": 3.633296517470516,
    "functional_factor": 1.8689569432890771
}