{
    "structural_factor": 4.065692677033893,
    "functional_factor": 1.5050043094051504
}