{
    "structural_factor": 1.2497867644541871,
    "functional_factor": 0.9999990202932385
}