{
    "structural_factor": 3.393389693640607,
    "functional_factor": 3.9112933886786183
}