{
    "structural_factor": 1.2133791901517956,
    "functional_factor": 1.4397010074295178
}