{
    "structural_factor": 1.6990123853144423,
    "functional_factor": 1.6958660637895218
}