{
    "structural_factor": 5.003489355320093,
    "functional_factor": 1.0045583832946061
}