{
    "structural_factor": 2.2529144499848472,
    "functional_factor": 1.0037335182698301
}