{
    "structural_factor": 1.007588523737554,
    "functional_factor": 1.4800992262677721
}