{
    "structural_factor": 1.8092905886664676,
    "functional_factor": 2.256733035579998
}