{
    "structural_factor": 1.6587775051062563,
    "functional_factor": 1.9483519992663296
}