{
    "structural_factor": 4.289707860199379,
    "functional_factor": 1.1872470983378078
}