{
    "structural_factor": 1.555630221191563,
    "functional_factor": 2.556312813920981
}