{
    "structural_factor": 1.9017905369111527,
    "functional_factor": 1.0036694537665158
}