{
    "structural_factor": 2.760379826769073,
    "functional_factor": 2.181657818389998
}