{
    "structural_factor": 4.612541429529483,
    "functional_factor": 1.7149148934048526
}