{
    "structural_factor": 2.5204833224861227,
    "functional_factor": 1.0364628905311164
}