{
    "structural_factor": 2.440847143077958,
    "functional_factor": 1.3578628685266159
}