{
    "structural_factor": 1.6305067467698693,
    "functional_factor": 1.4727138107271718
}