{
    "structural_factor": 1.7046415026420636,
    "functional_factor": 2.2401037481857737
}