{
    "structural_factor": 1.071095566221988,
    "functional_factor": 1.1346524868886685
}