{
    "structural_factor": 1.5514214896080134,
    "functional_factor": 5.632867400550196
}