{
    "structural_factor": 1.4020954664383223,
    "functional_factor": 1.645997614276732
}