{
    "structural_factor": 1.0475467925021686,
    "functional_factor": 4.184856793510185
}