{
    "structural_factor": 1.8228900224355047,
    "functional_factor": 2.393415098732066
}