{
    "structural_factor": 1.852314394208448,
    "functional_factor": 1.0038585499308628
}