{
    "structural_factor": 1.454561265046238,
    "functional_factor": 3.553197976984084
}