{
    "structural_factor": 1.9816754542362576,
    "functional_factor": 2.953096412635574
}