{
    "structural_factor": 1.2017974291661382,
    "functional_factor": 2.135937765146321
}