{
    "structural_factor": 1.077819926758242,
    "functional_factor": 1.902490771118543
}