{
    "structural_factor": 1.6114860629274306,
    "functional_factor": 3.3364320113168415
}