{
    "structural_factor": 1.2445188398034377,
    "functional_factor": 1.3582424575630878
}