{
    "structural_factor": 2.0070908543175836,
    "functional_factor": 1.2010015234613916
}