{
    "structural_factor": 1.2192921164503536,
    "functional_factor": 1.0642485145469873
}