{
    "structural_factor": 1.0430292161217318,
    "functional_factor": 2.4973800339225147
}