{
    "structural_factor": 3.838022993270882,
    "functional_factor": 5.203948904664514
}