{
    "structural_factor": 1.0159046747758984,
    "functional_factor": 2.2680526098188016
}