{
    "structural_factor": 1.3509443434183628,
    "functional_factor": 1.0036270454404128
}