{
    "structural_factor": 1.3141411344685858,
    "functional_factor": 3.2246565571042427
}