{
    "structural_factor": 1.8022299850606895,
    "functional_factor": 1.0039504911304244
}