{
    "structural_factor": 3.041310854467698,
    "functional_factor": 1.2690532664034075
}