{
    "structural_factor": 1.0908366733018102,
    "functional_factor": 2.4654540224541246
}