{
    "structural_factor": 3.510917731946563,
    "functional_factor": 1.0347968182485605
}