{
    "structural_factor": 4.191922931187263,
    "functional_factor": 2.549887699833249
}