{
    "structural_factor": 2.744287198510408,
    "functional_factor": 2.4675482751497424
}