{
    "structural_factor": 2.039079174002544,
    "functional_factor": 1.1081133543291284
}