{
    "structural_factor": 1.8864149924598228,
    "functional_factor": 1.5729802872942815
}