{
    "structural_factor": 2.1959733709971236,
    "functional_factor": 4.876273777371079
}