{
    "structural_factor": 2.7024233884133806,
    "functional_factor": 2.9687213071568954
}