{
    "structural_factor": 1.9888326700168997,
    "functional_factor": 1.9199938808283175
}