{
    "structural_factor": 1.149844532001537,
    "functional_factor": 1.0000032956853533
}