{
    "structural_factor": 1.8777620972027733,
    "functional_factor": 1.0563017368244099
}