{
    "structural_factor": 2.387574192158746,
    "functional_factor": 4.4789233375524224
}