{
    "structural_factor": 1.2789109526968785,
    "functional_factor": 1.1311125271590494
}