{
    "structural_factor": 1.6568175711879494,
    "functional_factor": 1.6631281870248733
}