{
    "structural_factor": 2.0252335390527345,
    "functional_factor": 2.582191747343267
}