{
    "structural_factor": 1.2793399408340929,
    "functional_factor": 2.134566897587805
}