{
    "structural_factor": 3.751531901468134,
    "functional_factor": 1.0044885331472648
}