{
    "structural_factor": 4.000117273025727,
    "functional_factor": 0.9998166833774393
}