{
    "structural_factor": 1.2497982189881902,
    "functional_factor": 1.0000182838654095
}