{
    "structural_factor": 1.2968655853695874,
    "functional_factor": 1.1965552802945012
}