{
    "structural_factor": 4.034892368293757,
    "functional_factor": 1.7305436699757715
}