{
    "structural_factor": 1.3708868146074968,
    "functional_factor": 1.0608516471171856
}