{
    "structural_factor": 3.2248605266961,
    "functional_factor": 1.5374259696963608
}