{
    "structural_factor": 3.0165259941776674,
    "functional_factor": 4.910863102282603
}