{
    "structural_factor": 1.9497596374483182,
    "functional_factor": 0.9999726038310832
}