{
    "structural_factor": 2.298317810220438,
    "functional_factor": 1.101023991623381
}