{
    "structural_factor": 0.9998672435926221,
    "functional_factor": 0.9999966874225312
}