{
    "structural_factor": 1.2189345331829409,
    "functional_factor": 3.2222660067804343
}