{
    "structural_factor": 2.7496779962982485,
    "functional_factor": 0.9999608101506714
}