{
    "structural_factor": 4.632910096321064,
    "functional_factor": 3.382561939064282
}