{
    "structural_factor": 2.3593183430607434,
    "functional_factor": 2.446208599146754
}