{
    "structural_factor": 1.4524377748559467,
    "functional_factor": 1.7167230956349127
}