{
    "structural_factor": 1.1357848562301571,
    "functional_factor": 2.0466724691569538
}