{
    "structural_factor": 1.40160943019952,
    "functional_factor": 3.139939939259205
}