{
    "structural_factor": 1.8352514055219407,
    "functional_factor": 1.313962139920578
}