{
    "structural_factor": 1.3295089902884794,
    "functional_factor": 2.343050101647223
}