{
    "structural_factor": 1.455567815881896,
    "functional_factor": 1.2000771015110885
}