{
    "structural_factor": 1.8364911568156903,
    "functional_factor": 2.1388971746210106
}