{
    "structural_factor": 1.4107469313791612,
    "functional_factor": 1.761209232144538
}