{
    "structural_factor": 1.8608858624919566,
    "functional_factor": 1.0258352839904206
}