{
    "structural_factor": 4.455025280846179,
    "functional_factor": 1.755137375005477
}