{
    "structural_factor": 4.80836577958956,
    "functional_factor": 2.9662387088009785
}