{
    "structural_factor": 4.50943992080197,
    "functional_factor": 1.0184690288843767
}