{
    "structural_factor": 1.162658514965402,
    "functional_factor": 3.3783845529101164
}