{
    "structural_factor": 1.0890499247019487,
    "functional_factor": 1.0593923010586572
}