{
    "structural_factor": 1.386634622833569,
    "functional_factor": 1.1008468722998208
}