{
    "structural_factor": 3.799066157745826,
    "functional_factor": 1.1942490626445237
}