{
    "structural_factor": 1.7144505383857531,
    "functional_factor": 1.032774487225823
}