{
    "structural_factor": 2.7496896827904598,
    "functional_factor": 0.9999627382198183
}