{
    "structural_factor": 1.2739829516111276,
    "functional_factor": 1.958494248039574
}