{
    "structural_factor": 1.7184431687145885,
    "functional_factor": 3.0685739265810574
}