{
    "structural_factor": 3.4996677340310987,
    "functional_factor": 3.3603099885685817
}