{
    "structural_factor": 1.4732220739034307,
    "functional_factor": 4.654502038220188
}