{
    "structural_factor": 1.0388617374237077,
    "functional_factor": 5.82491200895923
}