{
    "structural_factor": 1.1522578994081198,
    "functional_factor": 3.2071376560030846
}