{
    "structural_factor": 1.8307918313223857,
    "functional_factor": 1.220923520556865
}