{
    "structural_factor": 4.034125416231769,
    "functional_factor": 1.1367914135873902
}