{
    "structural_factor": 4.007725145568139,
    "functional_factor": 1.016612028677883
}