{
    "structural_factor": 1.4087510742200642,
    "functional_factor": 2.221784646903642
}