{
    "structural_factor": 1.2308146053252105,
    "functional_factor": 7.8292764690325685
}