{
    "structural_factor": 1.939618755361785,
    "functional_factor": 1.506185273556398
}