{
    "structural_factor": 1.1126972791859375,
    "functional_factor": 1.057979528188246
}