{
    "structural_factor": 1.609264007692139,
    "functional_factor": 5.878063868092016
}