{
    "structural_factor": 1.254763281325634,
    "functional_factor": 1.0146980280043132
}