{
    "structural_factor": 2.335826121256684,
    "functional_factor": 1.5216852635075075
}