{
    "structural_factor": 4.261340251899845,
    "functional_factor": 1.0190836459402266
}