{
    "structural_factor": 1.580242201926424,
    "functional_factor": 3.704611727797785
}