{
    "structural_factor": 1.100432295799056,
    "functional_factor": 1.0036799593355425
}