{
    "structural_factor": 1.5112810565922075,
    "functional_factor": 2.982734446967599
}