{
    "structural_factor": 1.9177761765922217,
    "functional_factor": 1.0293175241925918
}