{
    "structural_factor": 4.751229866498804,
    "functional_factor": 0.9996172993549006
}