{
    "structural_factor": 3.165784669569432,
    "functional_factor": 2.0456165675731213
}