{
    "structural_factor": 1.169932902965005,
    "functional_factor": 1.1075101855657068
}