{
    "structural_factor": 1.376358632346695,
    "functional_factor": 3.225829854413447
}