{
    "structural_factor": 1.7416932777805625,
    "functional_factor": 3.2357640587985483
}