{
    "structural_factor": 4.783417564294889,
    "functional_factor": 1.25024988744706
}