{
    "structural_factor": 0.9906338931649497,
    "functional_factor": 10.229650914830144
}