{
    "structural_factor": 1.4703247670623179,
    "functional_factor": 5.448248608518869
}