{
    "structural_factor": 0.9875505618348768,
    "functional_factor": 3.818109459095804
}