{
    "structural_factor": 1.1580533620748599,
    "functional_factor": 1.1398743378542486
}