{
    "structural_factor": 1.4007270192507153,
    "functional_factor": 1.658434044616057
}