{
    "structural_factor": 1.3209592751403587,
    "functional_factor": 2.140499880928529
}