{
    "structural_factor": 3.0982087708303014,
    "functional_factor": 2.016763233978824
}