{
    "structural_factor": 1.2003471420490652,
    "functional_factor": 1.2648528822355276
}