{
    "structural_factor": 1.0925296792394172,
    "functional_factor": 2.4988806066338647
}