{
    "structural_factor": 1.3489783979413816,
    "functional_factor": 3.381720563277843
}