{
    "structural_factor": 1.10297096013435,
    "functional_factor": 1.0151298674144005
}