{
    "structural_factor": 1.3230921950220516,
    "functional_factor": 10.207871732255398
}