{
    "structural_factor": 4.013823848446743,
    "functional_factor": 1.5037250218838836
}