{
    "structural_factor": 1.646542120165693,
    "functional_factor": 1.0981336209077828
}