{
    "structural_factor": 1.6838189273864261,
    "functional_factor": 3.568146508378852
}