{
    "structural_factor": 0.7820329409010658,
    "functional_factor": 16.155401212064312
}