{
    "structural_factor": 2.5560345394024853,
    "functional_factor": 1.5705472707646269
}