{
    "structural_factor": 5.015331396893691,
    "functional_factor": 1.0400119300300368
}