{
    "structural_factor": 2.032708959342133,
    "functional_factor": 1.0651979316893487
}