{
    "structural_factor": 1.7734636603215435,
    "functional_factor": 4.8596942899492195
}