{
    "structural_factor": 1.8560737443651534,
    "functional_factor": 1.1968774283043881
}