{
    "structural_factor": 1.1353636967086658,
    "functional_factor": 1.3230109624777198
}