{
    "structural_factor": 1.1798028210221174,
    "functional_factor": 1.1655940786601848
}