{
    "structural_factor": 2.6684115281279164,
    "functional_factor": 8.07398149403208
}