{
    "structural_factor": 1.8996070485222467,
    "functional_factor": 1.6904836940640227
}