{
    "structural_factor": 3.266400513677059,
    "functional_factor": 1.23887807832347
}