{
    "structural_factor": 5.0173433453778635,
    "functional_factor": 1.426288093918425
}