{
    "structural_factor": 1.5086644221229866,
    "functional_factor": 1.81788612510981
}