{
    "structural_factor": 2.9803418592357054,
    "functional_factor": 1.8615309637631345
}