{
    "structural_factor": 1.7156005722331438,
    "functional_factor": 1.0304139513094372
}