{
    "structural_factor": 1.479991791391651,
    "functional_factor": 1.6245848968892165
}