{
    "structural_factor": 1.9945506785461335,
    "functional_factor": 2.2560370781833283
}