{
    "structural_factor": 1.4527374192773908,
    "functional_factor": 1.3586334918553982
}