{
    "structural_factor": 2.712295375111809,
    "functional_factor": 3.4294144986839354
}