{
    "structural_factor": 1.001390131340699,
    "functional_factor": 1.4384844083484893
}