{
    "structural_factor": 3.570886288197453,
    "functional_factor": 4.5739087933439775
}