{
    "structural_factor": 1.2209971715369003,
    "functional_factor": 2.9648977504145355
}