{
    "structural_factor": 1.6381217192636512,
    "functional_factor": 1.2296992970262768
}