{
    "structural_factor": 1.2601779366204564,
    "functional_factor": 1.808504272654914
}