{
    "structural_factor": 1.2986617158029448,
    "functional_factor": 1.6496006635135474
}