{
    "structural_factor": 0.9905153482988438,
    "functional_factor": 3.6533815993165155
}