{
    "structural_factor": 3.6539643251720673,
    "functional_factor": 2.600382120364625
}