{
    "structural_factor": 1.0466922303944517,
    "functional_factor": 2.978058294320764
}