{
    "structural_factor": 1.392562103656318,
    "functional_factor": 5.581992365358404
}