{
    "structural_factor": 4.493978663098968,
    "functional_factor": 2.2436394678737064
}