{
    "structural_factor": 1.3699109316868117,
    "functional_factor": 7.685209655579919
}