{
    "structural_factor": 2.9132182704279637,
    "functional_factor": 4.604573064217384
}