{
    "structural_factor": 1.6804069948180276,
    "functional_factor": 1.9386723417073468
}