{
    "structural_factor": 1.8797705422346567,
    "functional_factor": 1.0879272096420418
}