{
    "structural_factor": 5.044848990115462,
    "functional_factor": 1.3849639224510413
}