{
    "structural_factor": 1.5053906963943238,
    "functional_factor": 1.014684958017467
}