{
    "structural_factor": 1.4926340207933595,
    "functional_factor": 1.7722050794310256
}