{
    "structural_factor": 1.063295341251591,
    "functional_factor": 1.6896248349009786
}