{
    "structural_factor": 0.8500367112081506,
    "functional_factor": 16.353581366822944
}