{
    "structural_factor": 1.9865133780349482,
    "functional_factor": 1.579812516937669
}