{
    "structural_factor": 1.9698185943708209,
    "functional_factor": 2.4080332535750038
}