{
    "structural_factor": 1.7254954750501974,
    "functional_factor": 1.6329527740164065
}