{
    "structural_factor": 1.5310820122979623,
    "functional_factor": 3.4942961038337104
}