{
    "structural_factor": 1.9221154888403702,
    "functional_factor": 1.6354466841554556
}