{
    "structural_factor": 4.766281149603689,
    "functional_factor": 1.039443268929993
}