{
    "structural_factor": 1.6497431026581448,
    "functional_factor": 0.999999671385172
}