{
    "structural_factor": 1.8306438353487198,
    "functional_factor": 2.0046106274986757
}