{
    "structural_factor": 1.758369639715767,
    "functional_factor": 1.0142545895103317
}