{
    "structural_factor": 1.2624243692014696,
    "functional_factor": 5.3993840827899025
}