{
    "structural_factor": 4.323522062953492,
    "functional_factor": 2.205120491594929
}