{
    "structural_factor": 2.823679830008346,
    "functional_factor": 4.301062764525008
}