{
    "structural_factor": 1.3197249425722852,
    "functional_factor": 3.7477189351275486
}