{
    "structural_factor": 1.4151157214793602,
    "functional_factor": 1.1146848528875457
}