{
    "structural_factor": 0.6086928018630187,
    "functional_factor": 5.929658325018869
}