{
    "structural_factor": 3.249585563426019,
    "functional_factor": 0.9999566717999104
}