{
    "structural_factor": 1.0741210109625254,
    "functional_factor": 1.1533181954915281
}