{
    "structural_factor": 0.3523526614704889,
    "functional_factor": 4.355659976506681
}