{
    "structural_factor": 1.049836137258393,
    "functional_factor": 1.0000139878679417
}