{
    "structural_factor": 2.017331169748128,
    "functional_factor": 1.031325604083068
}