{
    "structural_factor": 1.8291283532352458,
    "functional_factor": 1.6937833042407608
}