{
    "structural_factor": 0.2715316448866345,
    "functional_factor": 4.386385843547867
}