{
    "structural_factor": 1.0410281751739061,
    "functional_factor": 2.114801363591198
}