{
    "structural_factor": 1.4016835092917006,
    "functional_factor": 1.0036514123746056
}