{
    "structural_factor": 4.9820493969890265,
    "functional_factor": 1.5175504734368144
}