{
    "structural_factor": 1.168494960857573,
    "functional_factor": 1.0673653152985256
}