{
    "structural_factor": 1.1760101093419777,
    "functional_factor": 3.725603793638841
}