{
    "structural_factor": 2.6595164713045363,
    "functional_factor": 3.4339457542559786
}