{
    "structural_factor": 1.0722461869116533,
    "functional_factor": 3.8972540094011596
}