{
    "structural_factor": 1.1082249171037126,
    "functional_factor": 1.0316811416511833
}