{
    "structural_factor": 3.521255078427089,
    "functional_factor": 2.1118890055127215
}