{
    "structural_factor": 2.172659206975951,
    "functional_factor": 2.168932730013264
}