{
    "structural_factor": 2.5492741892690693,
    "functional_factor": 2.7419782678665126
}