{
    "structural_factor": 1.2991502806928183,
    "functional_factor": 1.7682661649997633
}