{
    "structural_factor": 3.05228585062567,
    "functional_factor": 1.1752507800961998
}