{
    "structural_factor": 1.662182679016098,
    "functional_factor": 1.238265373011581
}