{
    "structural_factor": 3.2248487171533857,
    "functional_factor": 1.869856227197574
}