{
    "structural_factor": 2.064560124084371,
    "functional_factor": 1.1681261350766527
}