{
    "structural_factor": 1.5962973856129157,
    "functional_factor": 1.1502877825180562
}