{
    "structural_factor": 1.2065529679905693,
    "functional_factor": 1.7570995437240071
}