{
    "structural_factor": 1.9941559922448686,
    "functional_factor": 1.0978104742651709
}