{
    "structural_factor": 2.5535279190689173,
    "functional_factor": 1.6909907808631652
}