{
    "structural_factor": 1.4383446251533247,
    "functional_factor": 4.632062128823423
}