{
    "structural_factor": 1.8177851702536336,
    "functional_factor": 1.2423301949951306
}