{
    "structural_factor": 1.120600193331595,
    "functional_factor": 5.828349341432376
}