{
    "structural_factor": 4.057317020176708,
    "functional_factor": 1.5586241661824038
}