{
    "structural_factor": 1.084037459282524,
    "functional_factor": 3.3153562242513694
}