{
    "structural_factor": 2.2463331062918717,
    "functional_factor": 1.7343599640362604
}