{
    "structural_factor": 1.177241179024517,
    "functional_factor": 1.105212565032667
}