{
    "structural_factor": 2.9332594043099327,
    "functional_factor": 2.799687549920378
}