{
    "structural_factor": 1.5915659150755659,
    "functional_factor": 4.824170485011407
}