{
    "structural_factor": 3.770619899526386,
    "functional_factor": 1.0388613166869072
}