{
    "structural_factor": 2.315423572022227,
    "functional_factor": 1.6572641860263153
}