{
    "structural_factor": 1.1408579124742444,
    "functional_factor": 1.658751845637614
}