{
    "structural_factor": 1.6202712217126676,
    "functional_factor": 5.6523747150918195
}