{
    "structural_factor": 2.5107150611153886,
    "functional_factor": 1.014256257044358
}