{
    "structural_factor": 1.8056672767177606,
    "functional_factor": 2.1475213259041865
}