{
    "structural_factor": 1.6922502446184862,
    "functional_factor": 1.098269644570414
}