{
    "structural_factor": 1.7762753485624168,
    "functional_factor": 2.568350958996843
}