{
    "structural_factor": 2.0950996281124907,
    "functional_factor": 5.738961367140075
}