{
    "structural_factor": 4.266478680801941,
    "functional_factor": 1.0411258419052705
}