{
    "structural_factor": 1.2566450771680215,
    "functional_factor": 1.712691661948103
}