{
    "structural_factor": 3.2532236068037794,
    "functional_factor": 1.0043418377808608
}