{
    "structural_factor": 1.604931730160221,
    "functional_factor": 7.876930184462591
}