{
    "structural_factor": 1.4513589658529558,
    "functional_factor": 1.0039657804334003
}