{
    "structural_factor": 1.9381932266449926,
    "functional_factor": 3.5149090704218255
}