{
    "structural_factor": 1.3158186961389338,
    "functional_factor": 2.982394344376386
}