{
    "structural_factor": 1.9086380590691385,
    "functional_factor": 1.6436568213949718
}