{
    "structural_factor": 2.656520235938127,
    "functional_factor": 2.219196383747221
}