{
    "structural_factor": 0.9832516949908987,
    "functional_factor": 5.7296276112177225
}