{
    "structural_factor": 0.4274986586619679,
    "functional_factor": 7.034646483544062
}