{
    "structural_factor": 1.2997741774539866,
    "functional_factor": 1.0000149391530337
}