{
    "structural_factor": 1.6849436288826631,
    "functional_factor": 2.5307121383212827
}