{
    "structural_factor": 1.0840984885309262,
    "functional_factor": 1.207056279290026
}