{
    "structural_factor": 4.420736184623507,
    "functional_factor": 3.418559838224649
}