{
    "structural_factor": 2.0325447110142347,
    "functional_factor": 4.4754802967702485
}