{
    "structural_factor": 1.4542595420830993,
    "functional_factor": 1.6710508446984718
}