{
    "structural_factor": 1.7971959696739852,
    "functional_factor": 1.1062303573632646
}