{
    "structural_factor": 0.8110282662627338,
    "functional_factor": 6.4000875758758475
}