{
    "structural_factor": 1.5550984379216044,
    "functional_factor": 2.73542350543889
}