{
    "structural_factor": 1.909559195492493,
    "functional_factor": 5.50330225296754
}