{
    "structural_factor": 1.9107314924645233,
    "functional_factor": 1.1973560472147526
}