{
    "structural_factor": 1.244610398708886,
    "functional_factor": 1.1959799587862328
}