{
    "structural_factor": 1.4514788036555364,
    "functional_factor": 1.0032195914977051
}