{
    "structural_factor": 1.3490723553122164,
    "functional_factor": 5.519341744809544
}