{
    "structural_factor": 1.3562566775156224,
    "functional_factor": 2.226033918676311
}