{
    "structural_factor": 1.9731329313365937,
    "functional_factor": 1.4975082615846997
}