{
    "structural_factor": 4.035315997539181,
    "functional_factor": 1.1258153536943838
}