{
    "structural_factor": 2.585872356347747,
    "functional_factor": 1.2059710777946544
}