{
    "structural_factor": 1.4606688062082078,
    "functional_factor": 1.031169241190626
}