{
    "structural_factor": 1.2045140828663103,
    "functional_factor": 1.0141824294426536
}