{
    "structural_factor": 1.6997385535937155,
    "functional_factor": 1.0000198402375882
}