{
    "structural_factor": 2.0753636581392714,
    "functional_factor": 1.506220930141518
}