{
    "structural_factor": 1.70201555218758,
    "functional_factor": 1.0035830272870137
}