{
    "structural_factor": 4.495934559699415,
    "functional_factor": 3.5675883538044446
}