{
    "structural_factor": 2.7659910868567867,
    "functional_factor": 4.508890348006336
}