{
    "structural_factor": 0.8849945370336977,
    "functional_factor": 2.518116364526966
}