{
    "structural_factor": 3.1441517049926877,
    "functional_factor": 2.232906256897373
}