{
    "structural_factor": 3.9442096991896705,
    "functional_factor": 2.547464440474042
}