{
    "structural_factor": 3.1439700007297744,
    "functional_factor": 3.7189284027256715
}