{
    "structural_factor": 1.5646876228949582,
    "functional_factor": 3.539654366243378
}