{
    "structural_factor": 1.5869636873531745,
    "functional_factor": 2.0397206467344664
}