{
    "structural_factor": 2.2695249172942744,
    "functional_factor": 1.030161639464025
}