{
    "structural_factor": 1.6428840048937878,
    "functional_factor": 1.1052203615311313
}