{
    "structural_factor": 1.1092431142174992,
    "functional_factor": 2.896092511694475
}