{
    "structural_factor": 1.6266013413936697,
    "functional_factor": 1.8423058332333202
}