{
    "structural_factor": 1.0858611380949903,
    "functional_factor": 1.4087812033437377
}