{
    "structural_factor": 0.8889186563483872,
    "functional_factor": 4.434346090740461
}