{
    "structural_factor": 0.7038644791070499,
    "functional_factor": 16.052007846573193
}