{
    "structural_factor": 3.6541906036427942,
    "functional_factor": 1.70624334938418
}