{
    "structural_factor": 1.4133627049410848,
    "functional_factor": 1.3550113340150745
}