{
    "structural_factor": 1.4364609444575693,
    "functional_factor": 2.183198549835128
}