{
    "structural_factor": 1.4249110171029409,
    "functional_factor": 2.355341926875774
}