{
    "structural_factor": 1.2910592797963518,
    "functional_factor": 1.8373809894837196
}