{
    "structural_factor": 1.9102900527034732,
    "functional_factor": 1.1665299076447877
}