{
    "structural_factor": 4.502083939957124,
    "functional_factor": 1.0045721728402828
}