{
    "structural_factor": 1.5566903548268338,
    "functional_factor": 1.0136278078891299
}