{
    "structural_factor": 1.0741153604471054,
    "functional_factor": 15.619364232932726
}