{
    "structural_factor": 1.809034229758642,
    "functional_factor": 1.8816685459832112
}