{
    "structural_factor": 4.027155044637107,
    "functional_factor": 1.0791237061204721
}