{
    "structural_factor": 4.628417507205958,
    "functional_factor": 2.6842079641475207
}