{
    "structural_factor": 1.9403063389226305,
    "functional_factor": 1.0849427055571788
}