{
    "structural_factor": 4.142073941551773,
    "functional_factor": 1.9658946484861832
}