{
    "structural_factor": 1.4082391856239262,
    "functional_factor": 3.290089283839908
}