{
    "structural_factor": 1.3951940840945254,
    "functional_factor": 1.7606627969871316
}