{
    "structural_factor": 0.9567463047343294,
    "functional_factor": 3.2381786295232353
}