{
    "structural_factor": 4.214911635076052,
    "functional_factor": 2.4655654349283562
}