{
    "structural_factor": 1.0837955673657587,
    "functional_factor": 1.5053824979887211
}