{
    "structural_factor": 1.5069759354307177,
    "functional_factor": 3.2138077850496325
}