{
    "structural_factor": 1.588198099607882,
    "functional_factor": 3.546551888779944
}