{
    "structural_factor": 3.999922786739302,
    "functional_factor": 0.9998438885252141
}