{
    "structural_factor": 1.7326197766431002,
    "functional_factor": 1.500586772453736
}