{
    "structural_factor": 3.7586606599403987,
    "functional_factor": 1.0177076257947386
}