{
    "structural_factor": 1.7561329347754857,
    "functional_factor": 1.0151196727534861
}