{
    "structural_factor": 1.1768716113437394,
    "functional_factor": 2.498027601696869
}