{
    "structural_factor": 1.9424191750076085,
    "functional_factor": 1.954516278896144
}