{
    "structural_factor": 1.0590146694241072,
    "functional_factor": 1.0398458424698094
}