{
    "structural_factor": 1.0172875850971395,
    "functional_factor": 1.649986760126132
}