{
    "structural_factor": 1.5016527141691043,
    "functional_factor": 1.0039540781643197
}