{
    "structural_factor": 4.2500751531166445,
    "functional_factor": 0.999809175057642
}