{
    "structural_factor": 1.5634239831457246,
    "functional_factor": 1.1926504492217138
}