{
    "structural_factor": 1.7518792008532311,
    "functional_factor": 1.721172110529018
}