{
    "structural_factor": 3.7868471637146928,
    "functional_factor": 2.205427399297117
}