{
    "structural_factor": 1.6495226215673733,
    "functional_factor": 1.0139654463657308
}