{
    "structural_factor": 1.012916142864979,
    "functional_factor": 1.1101089520963565
}