{
    "structural_factor": 0.2387651122821974,
    "functional_factor": 8.040057987251704
}