{
    "structural_factor": 5.0014629244940245,
    "functional_factor": 0.9994831723286902
}