{
    "structural_factor": 1.282088407724753,
    "functional_factor": 3.744146729683634
}