{
    "structural_factor": 1.881392380032658,
    "functional_factor": 1.1650932816330097
}