{
    "structural_factor": 3.5129545454075566,
    "functional_factor": 1.239198007503499
}