{
    "structural_factor": 1.4962825938167164,
    "functional_factor": 3.3751318581501253
}