{
    "structural_factor": 2.080045309175771,
    "functional_factor": 1.1773102998414064
}