{
    "structural_factor": 1.516879276095139,
    "functional_factor": 3.1727080898836753
}