{
    "structural_factor": 3.444239121479362,
    "functional_factor": 1.8244191978078672
}