{
    "structural_factor": 3.944440841966939,
    "functional_factor": 3.387890340389703
}