{
    "structural_factor": 3.2288945002970255,
    "functional_factor": 2.4705015932229157
}