{
    "structural_factor": 4.0084958552932495,
    "functional_factor": 1.0186148396181045
}