{
    "structural_factor": 3.2622587275448707,
    "functional_factor": 3.1758012566468308
}