{
    "structural_factor": 1.3075389812410225,
    "functional_factor": 1.2636117356669183
}