{
    "structural_factor": 1.0013342100311668,
    "functional_factor": 3.7685027456214364
}