{
    "structural_factor": 1.2991793735151407,
    "functional_factor": 1.0134400273509623
}