{
    "structural_factor": 3.308903693178504,
    "functional_factor": 2.0239527975446063
}