{
    "structural_factor": 1.6524446513934568,
    "functional_factor": 3.221231856045106
}