{
    "structural_factor": 1.748645121940125,
    "functional_factor": 2.5973561452875225
}