{
    "structural_factor": 1.1082312022545242,
    "functional_factor": 4.53078635957855
}