{
    "structural_factor": 1.7555095186797436,
    "functional_factor": 2.91543437262166
}