{
    "structural_factor": 2.0280686804172627,
    "functional_factor": 1.9830617944377333
}