{
    "structural_factor": 1.4320235027607078,
    "functional_factor": 1.2294688694706861
}