{
    "structural_factor": 1.356954013577827,
    "functional_factor": 2.4477653699267474
}