{
    "structural_factor": 1.1998483584507138,
    "functional_factor": 1.0000064403247615
}