{
    "structural_factor": 1.4798838058756398,
    "functional_factor": 1.105089374642112
}