{
    "structural_factor": 4.495064457943622,
    "functional_factor": 1.2021827557770801
}