{
    "structural_factor": 2.335604548054258,
    "functional_factor": 5.573620115906897
}