{
    "structural_factor": 2.072273338515407,
    "functional_factor": 1.6424582434069117
}