{
    "structural_factor": 4.84133832525886,
    "functional_factor": 2.234800409784067
}