{
    "structural_factor": 2.274679695034895,
    "functional_factor": 1.0364073503484732
}