{
    "structural_factor": 0.347982276312397,
    "functional_factor": 4.311675601668371
}