{
    "structural_factor": 5.005283036189762,
    "functional_factor": 1.0192318739055006
}