{
    "structural_factor": 1.7041348403103058,
    "functional_factor": 2.571154416425817
}