{
    "structural_factor": 0.8894927758723474,
    "functional_factor": 3.6237116989758937
}