{
    "structural_factor": 1.7464707617473922,
    "functional_factor": 1.0592769806524334
}