{
    "structural_factor": 2.449542399725317,
    "functional_factor": 3.049916298409918
}