{
    "structural_factor": 3.222220356817945,
    "functional_factor": 1.819754938537286
}