{
    "structural_factor": 1.1150303668241632,
    "functional_factor": 1.0638948612315826
}