{
    "structural_factor": 1.2421236913818001,
    "functional_factor": 1.203966168176497
}