{
    "structural_factor": 2.208623545727176,
    "functional_factor": 1.8213753073079824
}