{
    "structural_factor": 2.7301457736724655,
    "functional_factor": 2.3027843042667464
}