{
    "structural_factor": 1.759238778677827,
    "functional_factor": 3.7137179534230396
}