{
    "structural_factor": 1.262371899588892,
    "functional_factor": 1.0390639726653992
}