{
    "structural_factor": 1.1991006263431547,
    "functional_factor": 5.835600364928897
}