{
    "structural_factor": 4.167762759600814,
    "functional_factor": 3.0196421302382723
}