{
    "structural_factor": 1.520234860593888,
    "functional_factor": 2.6727044934931983
}