{
    "structural_factor": 2.249413326291743,
    "functional_factor": 1.7859624901077509
}