{
    "structural_factor": 4.3188838114460015,
    "functional_factor": 1.5084068443586092
}