{
    "structural_factor": 1.3271298597000347,
    "functional_factor": 1.1489006268099398
}