{
    "structural_factor": 2.0063107676115117,
    "functional_factor": 2.0535560188340964
}