{
    "structural_factor": 1.8145060048446444,
    "functional_factor": 3.4892313665139025
}