{
    "structural_factor": 2.3024642333919854,
    "functional_factor": 1.6936604763107534
}