{
    "structural_factor": 0.4791207766283806,
    "functional_factor": 5.415386409216975
}