{
    "structural_factor": 1.1030118587710458,
    "functional_factor": 2.5710606675413623
}