{
    "structural_factor": 2.108613721366588,
    "functional_factor": 4.538759266119431
}