{
    "structural_factor": 1.5039770621505868,
    "functional_factor": 2.5904918323076958
}