{
    "structural_factor": 4.527140476117359,
    "functional_factor": 1.0819285869770965
}