{
    "structural_factor": 1.7847297413714989,
    "functional_factor": 2.2500840539474023
}