{
    "structural_factor": 4.500683433576624,
    "functional_factor": 0.9997026804067679
}