{
    "structural_factor": 3.7156799494198345,
    "functional_factor": 1.9495461956586715
}