{
    "structural_factor": 1.960744558726832,
    "functional_factor": 1.1448356818272503
}