{
    "structural_factor": 1.6323776680541464,
    "functional_factor": 1.1052393479762674
}