{
    "structural_factor": 4.0187098983882885,
    "functional_factor": 1.0401411660531719
}