{
    "structural_factor": 1.7336007743059436,
    "functional_factor": 2.3843832101997022
}