{
    "structural_factor": 1.7018523892102875,
    "functional_factor": 1.0039352804948083
}