{
    "structural_factor": 1.0432289313588254,
    "functional_factor": 3.752189685467669
}