{
    "structural_factor": 4.485371988737388,
    "functional_factor": 1.0790634642688781
}