{
    "structural_factor": 0.5378285100111413,
    "functional_factor": 5.90639298183148
}