{
    "structural_factor": 4.3018240549752065,
    "functional_factor": 1.5652692672899045
}