{
    "structural_factor": 1.2342508848014917,
    "functional_factor": 1.1957819029498973
}