{
    "structural_factor": 1.4704829840520852,
    "functional_factor": 3.1655826431920033
}