{
    "structural_factor": 4.150021263244373,
    "functional_factor": 2.6915423920072694
}