{
    "structural_factor": 3.0539225288934833,
    "functional_factor": 1.7129173488438982
}