{
    "structural_factor": 0.9963579560357763,
    "functional_factor": 1.7417099079226699
}