{
    "structural_factor": 1.400090338979718,
    "functional_factor": 3.378646547037051
}