{
    "structural_factor": 1.0088917359861516,
    "functional_factor": 1.0910063438894408
}