{
    "structural_factor": 1.2344568328290653,
    "functional_factor": 2.0748876143069372
}