{
    "structural_factor": 0.6672732865138729,
    "functional_factor": 4.442629724458438
}