{
    "structural_factor": 4.225508118579167,
    "functional_factor": 3.163509642934449
}