{
    "structural_factor": 1.1729613321219554,
    "functional_factor": 3.1714798904501786
}