{
    "structural_factor": 1.040619356025316,
    "functional_factor": 1.3611061583201418
}