{
    "structural_factor": 0.9528532467685208,
    "functional_factor": 2.3443757568744203
}