{
    "structural_factor": 1.3375376169105486,
    "functional_factor": 1.4329548137072423
}