{
    "structural_factor": 1.8996416168900283,
    "functional_factor": 1.0000227978677716
}