{
    "structural_factor": 1.8578477763670733,
    "functional_factor": 1.4179701654511934
}