{
    "structural_factor": 1.1118917707478455,
    "functional_factor": 3.3704592783111145
}