{
    "structural_factor": 0.8268803987476584,
    "functional_factor": 6.179132066868873
}