{
    "structural_factor": 1.5236230982858128,
    "functional_factor": 1.0594566474480576
}