{
    "structural_factor": 1.1623530241667577,
    "functional_factor": 1.2038464649667753
}