{
    "structural_factor": 1.541969232545404,
    "functional_factor": 2.434423091288009
}