{
    "structural_factor": 4.009294389557015,
    "functional_factor": 1.0364059592688983
}