{
    "structural_factor": 1.5742641027615942,
    "functional_factor": 5.0142729583567265
}