{
    "structural_factor": 3.961663448998137,
    "functional_factor": 2.133847781435273
}