{
    "structural_factor": 1.172302226397143,
    "functional_factor": 1.1001958629733068
}