{
    "structural_factor": 1.695777130264025,
    "functional_factor": 1.0594834937348843
}