{
    "structural_factor": 2.806570341710323,
    "functional_factor": 1.1159616273548811
}