{
    "structural_factor": 0.9851919258288028,
    "functional_factor": 1.4153988692237143
}