{
    "structural_factor": 1.282512217254379,
    "functional_factor": 2.7491440223124797
}