{
    "structural_factor": 1.405831513600717,
    "functional_factor": 1.0142036882218881
}