{
    "structural_factor": 1.1600622413709754,
    "functional_factor": 1.80386133170263
}