{
    "structural_factor": 1.2387282703732556,
    "functional_factor": 10.196152959499805
}