{
    "structural_factor": 1.843294924987025,
    "functional_factor": 1.1468871377275116
}