{
    "structural_factor": 5.024926284931191,
    "functional_factor": 1.7421637776125247
}