{
    "structural_factor": 2.9786496410101155,
    "functional_factor": 3.563968525414688
}