{
    "structural_factor": 1.482487415614889,
    "functional_factor": 1.0995378391600243
}