{
    "structural_factor": 1.8202530844109837,
    "functional_factor": 1.037487591548783
}