{
    "structural_factor": 1.762319944152323,
    "functional_factor": 3.208483730300712
}