{
    "structural_factor": 1.303991985434169,
    "functional_factor": 1.7133445488337615
}