{
    "structural_factor": 1.3005825841444376,
    "functional_factor": 3.569212126950716
}