{
    "structural_factor": 2.0982262805797776,
    "functional_factor": 7.380418691943925
}