{
    "structural_factor": 1.1537401501043572,
    "functional_factor": 1.0153594731194893
}