{
    "structural_factor": 1.111615037993692,
    "functional_factor": 1.08881563466717
}