{
    "structural_factor": 2.5646695180505112,
    "functional_factor": 1.1737843926328158
}