{
    "structural_factor": 1.8337450443425602,
    "functional_factor": 2.0580300878375963
}