{
    "structural_factor": 3.040748109252393,
    "functional_factor": 1.7395299068250303
}