{
    "structural_factor": 1.2740376892822567,
    "functional_factor": 1.7309307556746798
}