{
    "structural_factor": 1.1953521303797054,
    "functional_factor": 2.3726336711597105
}