{
    "structural_factor": 1.1024119318637946,
    "functional_factor": 1.0305384513631384
}