{
    "structural_factor": 2.4227661684828603,
    "functional_factor": 5.999503284332688
}