{
    "structural_factor": 1.8646206292602656,
    "functional_factor": 1.6856472122759982
}