{
    "structural_factor": 1.4931367957848771,
    "functional_factor": 4.365653102789156
}