{
    "structural_factor": 1.6075120796459867,
    "functional_factor": 2.485789025126327
}