{
    "structural_factor": 1.6179935082565737,
    "functional_factor": 1.0379115312341052
}