{
    "structural_factor": 3.7829288906941154,
    "functional_factor": 1.0742288859681626
}