{
    "structural_factor": 2.536326176868848,
    "functional_factor": 1.4735388761808408
}