{
    "structural_factor": 1.9266586323315509,
    "functional_factor": 1.3141575520964612
}