{
    "structural_factor": 3.3369661294764454,
    "functional_factor": 2.2135556203690196
}