{
    "structural_factor": 1.513086109946936,
    "functional_factor": 1.033102638765923
}