{
    "structural_factor": 3.262513158070956,
    "functional_factor": 1.0161811702514048
}