{
    "structural_factor": 1.3044587140181607,
    "functional_factor": 3.2817584854658755
}