{
    "structural_factor": 1.4158983446392093,
    "functional_factor": 2.9824523759531174
}