{
    "structural_factor": 1.8911150309986788,
    "functional_factor": 8.034991059616113
}