{
    "structural_factor": 3.8250023831537394,
    "functional_factor": 1.500387091977931
}