{
    "structural_factor": 1.7275652434805142,
    "functional_factor": 1.0870051288450144
}