{
    "structural_factor": 2.1701236394363543,
    "functional_factor": 2.919838918944937
}