{
    "structural_factor": 3.0296948996055373,
    "functional_factor": 1.131679706215315
}