{
    "structural_factor": 1.3007089490356427,
    "functional_factor": 1.0039299997011468
}