{
    "structural_factor": 4.7766471643292965,
    "functional_factor": 1.1103391215273928
}