{
    "structural_factor": 1.1237448790780726,
    "functional_factor": 5.48670505201112
}