{
    "structural_factor": 0.553819337382479,
    "functional_factor": 5.307921429488428
}