{
    "structural_factor": 1.2116205463988965,
    "functional_factor": 2.8793071804661876
}