{
    "structural_factor": 3.5153618862317106,
    "functional_factor": 1.0320525722040745
}