{
    "structural_factor": 1.3158026071860707,
    "functional_factor": 1.4703612689049266
}