{
    "structural_factor": 3.546041339067514,
    "functional_factor": 1.3853095326219977
}