{
    "structural_factor": 2.0222822536918432,
    "functional_factor": 1.3052166567928989
}