{
    "structural_factor": 1.0655286597987108,
    "functional_factor": 1.0679667252745164
}