{
    "structural_factor": 2.0255323977110713,
    "functional_factor": 1.3175473066273007
}