{
    "structural_factor": 1.5496085716774837,
    "functional_factor": 1.1638176301545868
}