{
    "structural_factor": 1.3712649380829767,
    "functional_factor": 4.6920121417362495
}