{
    "structural_factor": 2.986708968110208,
    "functional_factor": 3.250668485503187
}