{
    "structural_factor": 1.5232022049076772,
    "functional_factor": 1.3500070458187152
}