{
    "structural_factor": 1.3759669910423786,
    "functional_factor": 2.136086720998179
}