{
    "structural_factor": 1.6740856366765593,
    "functional_factor": 2.801630681072051
}