{
    "structural_factor": 3.694439919619121,
    "functional_factor": 3.246559029547759
}