{
    "structural_factor": 1.7634441677338326,
    "functional_factor": 1.0312651897563467
}