{
    "structural_factor": 1.698450048209096,
    "functional_factor": 1.9439182948938676
}