{
    "structural_factor": 1.0235164686196279,
    "functional_factor": 3.279667186022078
}