{
    "structural_factor": 3.060278140406843,
    "functional_factor": 1.3470762821990663
}