{
    "structural_factor": 1.7660828422330983,
    "functional_factor": 1.202185080211442
}