{
    "structural_factor": 1.3327829592318825,
    "functional_factor": 2.506523275006459
}