{
    "structural_factor": 3.6889894814662103,
    "functional_factor": 1.8395923103428928
}