{
    "structural_factor": 1.6759341972368116,
    "functional_factor": 1.0596672707650308
}