{
    "structural_factor": 1.43218037414904,
    "functional_factor": 1.0979925392938688
}