{
    "structural_factor": 2.177695351816625,
    "functional_factor": 3.5630467981288625
}