{
    "structural_factor": 1.1041334145599617,
    "functional_factor": 2.459090864878057
}