{
    "structural_factor": 1.76766927387932,
    "functional_factor": 4.661546258283731
}