{
    "structural_factor": 1.067360889460857,
    "functional_factor": 1.0862858897995091
}