{
    "structural_factor": 1.5215909343797602,
    "functional_factor": 3.194650088137299
}