{
    "structural_factor": 4.188503536331744,
    "functional_factor": 4.00268651266937
}