{
    "structural_factor": 3.509502456730486,
    "functional_factor": 1.0169881443606983
}