{
    "structural_factor": 1.9304694483860543,
    "functional_factor": 1.0593610897288277
}