{
    "structural_factor": 1.3756032716123383,
    "functional_factor": 2.3526669711745605
}