{
    "structural_factor": 0.9884875251375213,
    "functional_factor": 1.9920604947723761
}