{
    "structural_factor": 1.6070612853806714,
    "functional_factor": 1.0146111787496392
}