{
    "structural_factor": 1.0526457311163606,
    "functional_factor": 1.0134888305590783
}