{
    "structural_factor": 1.612162336170875,
    "functional_factor": 3.0039439069987877
}