{
    "structural_factor": 0.5589853712836605,
    "functional_factor": 5.175379693623936
}