{
    "structural_factor": 1.9352053786418322,
    "functional_factor": 1.5749137228017696
}