{
    "structural_factor": 1.9182135709099994,
    "functional_factor": 2.8266417042012697
}