{
    "structural_factor": 1.3666338753388594,
    "functional_factor": 1.4716378983953733
}