{
    "structural_factor": 1.6912826720298102,
    "functional_factor": 2.763185924778669
}