{
    "structural_factor": 3.3024213276696366,
    "functional_factor": 1.3824561270858586
}