{
    "structural_factor": 1.3238167846133164,
    "functional_factor": 1.9532635406517955
}