{
    "structural_factor": 1.794438501466553,
    "functional_factor": 2.176106909572214
}