{
    "structural_factor": 1.7087909602086127,
    "functional_factor": 2.1916042902542388
}