{
    "structural_factor": 0.804058591129054,
    "functional_factor": 3.7971201169750026
}