{
    "structural_factor": 1.3733080979766656,
    "functional_factor": 1.0584518183311502
}