{
    "structural_factor": 3.760746323906133,
    "functional_factor": 1.0178484057830868
}