{
    "structural_factor": 1.5188150643211356,
    "functional_factor": 2.0465387227991934
}