{
    "structural_factor": 1.4834678127518899,
    "functional_factor": 1.1478534080931737
}