{
    "structural_factor": 1.2139122631427912,
    "functional_factor": 1.728288037126061
}