{
    "structural_factor": 1.541276880262754,
    "functional_factor": 1.0992616782529359
}