{
    "structural_factor": 1.4414524963139923,
    "functional_factor": 2.1427472884277954
}