{
    "structural_factor": 3.76191850944374,
    "functional_factor": 1.0181342241200555
}