{
    "structural_factor": 1.9069805119829013,
    "functional_factor": 2.146265143580218
}