{
    "structural_factor": 1.8839251620726911,
    "functional_factor": 1.0585263792539747
}