{
    "structural_factor": 0.9238397667039204,
    "functional_factor": 5.015553158339959
}