{
    "structural_factor": 1.2238391641867348,
    "functional_factor": 7.0123861263750555
}