{
    "structural_factor": 0.4958298707921665,
    "functional_factor": 3.9127639294118364
}