{
    "structural_factor": 1.9284016884823563,
    "functional_factor": 2.5368185382428727
}