{
    "structural_factor": 1.0720842086617055,
    "functional_factor": 2.97587232054473
}