{
    "structural_factor": 0.693456842743937,
    "functional_factor": 5.596986773722237
}