{
    "structural_factor": 1.7879924289115932,
    "functional_factor": 2.0571346550231198
}