{
    "structural_factor": 2.2862644261411953,
    "functional_factor": 1.0617893243691519
}