{
    "structural_factor": 3.044889544867529,
    "functional_factor": 1.6855769948179808
}