{
    "structural_factor": 2.9537669483042546,
    "functional_factor": 4.0122903081596455
}