{
    "structural_factor": 0.9797429732397006,
    "functional_factor": 1.9191518316423755
}