{
    "structural_factor": 1.7496960232399157,
    "functional_factor": 1.000013047128863
}