{
    "structural_factor": 1.2167879153008816,
    "functional_factor": 1.0612239260936476
}