{
    "structural_factor": 1.2067800547864405,
    "functional_factor": 1.036415008288133
}