{
    "structural_factor": 1.6997709259320162,
    "functional_factor": 0.9999894886838488
}