{
    "structural_factor": 1.9176298280311195,
    "functional_factor": 1.0308970455652695
}