{
    "structural_factor": 4.535187236757164,
    "functional_factor": 1.7334571168601511
}