{
    "structural_factor": 2.0528298124882527,
    "functional_factor": 2.5602301314239333
}