{
    "structural_factor": 1.7540361722149929,
    "functional_factor": 2.24242696408969
}