{
    "structural_factor": 1.0330863841153064,
    "functional_factor": 3.926544142099357
}