{
    "structural_factor": 4.751166761249323,
    "functional_factor": 0.9996104856673491
}