{
    "structural_factor": 1.55944061651472,
    "functional_factor": 1.178252809730029
}