{
    "structural_factor": 1.6058168301719893,
    "functional_factor": 1.0129015870539289
}