{
    "structural_factor": 1.545763821357894,
    "functional_factor": 3.1377601839150335
}