{
    "structural_factor": 1.0311873503320992,
    "functional_factor": 6.893172711986894
}