{
    "structural_factor": 2.519546708892315,
    "functional_factor": 1.03698051871292
}