{
    "structural_factor": 1.1369583544812507,
    "functional_factor": 1.4085245803487076
}