{
    "structural_factor": 4.296826800952322,
    "functional_factor": 1.6896531896521951
}