{
    "structural_factor": 2.03732529820881,
    "functional_factor": 1.2212373321380616
}