{
    "structural_factor": 2.4533332795074485,
    "functional_factor": 3.711183895911594
}