{
    "structural_factor": 1.2602627143110028,
    "functional_factor": 1.0309201544307816
}