{
    "structural_factor": 1.4963648243793344,
    "functional_factor": 1.9287278910016843
}