{
    "structural_factor": 2.0078365461230905,
    "functional_factor": 1.0146787680058975
}