{
    "structural_factor": 0.8405617684197442,
    "functional_factor": 3.793317746299215
}