{
    "structural_factor": 1.2985618280310076,
    "functional_factor": 1.6556256899170647
}