{
    "structural_factor": 3.8437666462432727,
    "functional_factor": 2.05824889422512
}