{
    "structural_factor": 1.9439113396216252,
    "functional_factor": 1.7769454924754144
}