{
    "structural_factor": 1.078188038866556,
    "functional_factor": 1.5102849278367172
}