{
    "structural_factor": 1.2498244405891634,
    "functional_factor": 1.0000118594114689
}