{
    "structural_factor": 1.9500558209400394,
    "functional_factor": 1.556734609020924
}