{
    "structural_factor": 0.9612464032073003,
    "functional_factor": 2.604794082927286
}