{
    "structural_factor": 1.4012402756833369,
    "functional_factor": 4.39217260250031
}