{
    "structural_factor": 2.5032488119521923,
    "functional_factor": 1.003865319047662
}