{
    "structural_factor": 0.8466480794233063,
    "functional_factor": 2.786594173169933
}