{
    "structural_factor": 1.2270592112987062,
    "functional_factor": 3.547383550755983
}