{
    "structural_factor": 1.3497806474075116,
    "functional_factor": 1.0000065988411866
}