{
    "structural_factor": 3.7866974976544725,
    "functional_factor": 1.1850175730914456
}