{
    "structural_factor": 2.420726692304019,
    "functional_factor": 3.4158893422348027
}