{
    "structural_factor": 3.966340263224241,
    "functional_factor": 1.9497221778124525
}