{
    "structural_factor": 4.499934963586175,
    "functional_factor": 3.1646155413073638
}