{
    "structural_factor": 1.0411672923388964,
    "functional_factor": 1.9934853154853172
}