{
    "structural_factor": 1.6713159237131237,
    "functional_factor": 2.608262691575473
}