{
    "structural_factor": 1.9442026236292909,
    "functional_factor": 1.4520459005351876
}