{
    "structural_factor": 1.0908694383574875,
    "functional_factor": 1.6445193354087662
}