{
    "structural_factor": 5.059078889597601,
    "functional_factor": 1.3223017546120297
}