{
    "structural_factor": 0.9727430537997604,
    "functional_factor": 4.5052917128042
}