{
    "structural_factor": 2.760714450296379,
    "functional_factor": 1.0158437162029865
}