{
    "structural_factor": 1.7447944822443657,
    "functional_factor": 3.2424250566841364
}