{
    "structural_factor": 1.3890796232219664,
    "functional_factor": 1.8813760089043465
}