{
    "structural_factor": 1.2505382396478757,
    "functional_factor": 1.0032212905008027
}