{
    "structural_factor": 0.8469536106171277,
    "functional_factor": 2.504328317184871
}