{
    "structural_factor": 3.016455757988364,
    "functional_factor": 2.5945775712685397
}