{
    "structural_factor": 1.6075852365356895,
    "functional_factor": 1.0139191673101144
}