{
    "structural_factor": 1.4554249846901168,
    "functional_factor": 1.0142972460774846
}