{
    "structural_factor": 1.0097309875241536,
    "functional_factor": 2.5960691814734527
}