{
    "structural_factor": 1.3107536601463803,
    "functional_factor": 1.0312850797693365
}