{
    "structural_factor": 2.3053938105464495,
    "functional_factor": 1.1506069702288815
}