{
    "structural_factor": 1.5828091631447299,
    "functional_factor": 2.4926144519567175
}