{
    "structural_factor": 2.522261189358262,
    "functional_factor": 1.033565616143734
}