{
    "structural_factor": 1.0816758218968532,
    "functional_factor": 2.5806053490446694
}