{
    "structural_factor": 3.7434660408858216,
    "functional_factor": 3.350228960333319
}