{
    "structural_factor": 3.263718429480636,
    "functional_factor": 1.0175345112989655
}