{
    "structural_factor": 3.249717590799833,
    "functional_factor": 0.9999404215731781
}