{
    "structural_factor": 1.557468042850358,
    "functional_factor": 7.869976534586146
}