{
    "structural_factor": 1.5997446678292695,
    "functional_factor": 1.0000148599945946
}