{
    "structural_factor": 1.462862621489615,
    "functional_factor": 2.149478119796478
}