{
    "structural_factor": 1.9019106737140623,
    "functional_factor": 1.0038702587270383
}