{
    "structural_factor": 1.755847009023482,
    "functional_factor": 1.1432978458357181
}