{
    "structural_factor": 4.3801853588799196,
    "functional_factor": 3.0248907743339877
}