{
    "structural_factor": 1.4997899867198132,
    "functional_factor": 0.9999998391868212
}