{
    "structural_factor": 1.3027257475000629,
    "functional_factor": 5.40755095943022
}