{
    "structural_factor": 3.7809305913246165,
    "functional_factor": 2.336510074544709
}