{
    "structural_factor": 1.5852017139366381,
    "functional_factor": 3.4900008272312375
}