{
    "structural_factor": 2.234687772316182,
    "functional_factor": 1.9342210851034503
}