{
    "structural_factor": 3.0977539008009227,
    "functional_factor": 3.520803459154736
}