{
    "structural_factor": 1.0533832479866445,
    "functional_factor": 1.0142227778126727
}