{
    "structural_factor": 4.222501605010008,
    "functional_factor": 1.5496066598050289
}