{
    "structural_factor": 1.5428863590470905,
    "functional_factor": 1.151258369025609
}