{
    "structural_factor": 3.2614859105926293,
    "functional_factor": 2.587237185658028
}