{
    "structural_factor": 1.9686217599776246,
    "functional_factor": 1.0349571641144473
}