{
    "structural_factor": 1.7997396251303035,
    "functional_factor": 0.999993660554955
}