{
    "structural_factor": 3.750235804199476,
    "functional_factor": 2.4683869703992762
}