{
    "structural_factor": 1.9443215812455308,
    "functional_factor": 2.9349792642408907
}