{
    "structural_factor": 1.1088634530768795,
    "functional_factor": 1.7538662459303682
}