{
    "structural_factor": 1.4917597873150799,
    "functional_factor": 1.4226584429739861
}