{
    "structural_factor": 1.882585250450323,
    "functional_factor": 6.429611269065483
}