{
    "structural_factor": 1.8808906451092493,
    "functional_factor": 1.3580926483328726
}