{
    "structural_factor": 1.3245996501190946,
    "functional_factor": 1.1064898206833313
}