{
    "structural_factor": 1.6135543476394123,
    "functional_factor": 2.1934775945120197
}