{
    "structural_factor": 1.2835461537116268,
    "functional_factor": 1.1001494625547277
}