{
    "structural_factor": 4.48703950893466,
    "functional_factor": 2.023088137585404
}