{
    "structural_factor": 1.156946224612862,
    "functional_factor": 1.031569363161705
}