{
    "structural_factor": 1.088630492517443,
    "functional_factor": 1.4101813589506245
}