{
    "structural_factor": 1.4778180434850292,
    "functional_factor": 5.902708600907325
}