{
    "structural_factor": 1.0593068648256807,
    "functional_factor": 4.503582222288284
}