{
    "structural_factor": 3.9853569226672074,
    "functional_factor": 3.1558881711982614
}