{
    "structural_factor": 1.4199778511600984,
    "functional_factor": 5.991782635532882
}