{
    "structural_factor": 1.8996620957537167,
    "functional_factor": 1.0000053575243233
}