{
    "structural_factor": 4.7818426125591325,
    "functional_factor": 1.9141104778543816
}