{
    "structural_factor": 1.7771104909203181,
    "functional_factor": 1.5242314711881717
}