{
    "structural_factor": 1.131790817129474,
    "functional_factor": 3.7392898338009184
}