{
    "structural_factor": 1.3735514378320233,
    "functional_factor": 1.0655599816839454
}