{
    "structural_factor": 1.7408880444733141,
    "functional_factor": 1.0978017734618313
}