{
    "structural_factor": 0.608134605745027,
    "functional_factor": 5.510407495785652
}