{
    "structural_factor": 4.751928388025751,
    "functional_factor": 1.0050353948261503
}