{
    "structural_factor": 4.026360143059967,
    "functional_factor": 1.4723194484266304
}