{
    "structural_factor": 1.377671859553116,
    "functional_factor": 4.532771635135115
}