{
    "structural_factor": 5.004899340407897,
    "functional_factor": 1.004736082923106
}