{
    "structural_factor": 1.9578293388002905,
    "functional_factor": 1.1982711938765516
}