{
    "structural_factor": 1.9312065369885263,
    "functional_factor": 1.2102652961756541
}