{
    "structural_factor": 1.7006819854931698,
    "functional_factor": 1.1647682066080522
}