{
    "structural_factor": 4.0436581020391476,
    "functional_factor": 1.2864371544337156
}