{
    "structural_factor": 1.957014361898156,
    "functional_factor": 14.861000356506342
}