{
    "structural_factor": 2.2521417436841897,
    "functional_factor": 1.0036181999085492
}