{
    "structural_factor": 1.7554776603413802,
    "functional_factor": 2.051444959177507
}