{
    "structural_factor": 3.0427803326170033,
    "functional_factor": 1.0681222714875533
}