{
    "structural_factor": 2.9966896445300297,
    "functional_factor": 1.0693334163593629
}