{
    "structural_factor": 3.7598764054675855,
    "functional_factor": 1.0183216692546415
}