{
    "structural_factor": 4.814978022912669,
    "functional_factor": 1.3763147998097933
}