{
    "structural_factor": 5.028529656635008,
    "functional_factor": 1.208573313224577
}