{
    "structural_factor": 1.3998106565440904,
    "functional_factor": 1.0000064034536023
}