{
    "structural_factor": 1.0796537060876235,
    "functional_factor": 1.3095826186216026
}