{
    "structural_factor": 1.5448472136856288,
    "functional_factor": 2.7450891999003235
}