{
    "structural_factor": 0.7111855583658402,
    "functional_factor": 15.800429900140454
}