{
    "structural_factor": 1.3303010480911739,
    "functional_factor": 3.1523697480207704
}