{
    "structural_factor": 2.5991058418093305,
    "functional_factor": 1.3422720960603605
}