{
    "structural_factor": 2.8031942496333095,
    "functional_factor": 1.3611531525286786
}