{
    "structural_factor": 2.0333646577223443,
    "functional_factor": 1.0623987957928438
}