{
    "structural_factor": 1.265045844629189,
    "functional_factor": 2.8182062091869535
}