{
    "structural_factor": 1.2971159719601073,
    "functional_factor": 1.7633240683689217
}