{
    "structural_factor": 1.882137389962895,
    "functional_factor": 2.062910513969032
}