{
    "structural_factor": 3.4969076608847662,
    "functional_factor": 4.071991188043318
}