{
    "structural_factor": 1.3469452831207802,
    "functional_factor": 4.372456514250993
}