{
    "structural_factor": 1.546193874214787,
    "functional_factor": 3.375905800422097
}