{
    "structural_factor": 4.000329900789289,
    "functional_factor": 0.999784595035342
}