{
    "structural_factor": 1.3941173738513064,
    "functional_factor": 1.6341149645550883
}