{
    "structural_factor": 1.60311574389553,
    "functional_factor": 3.7972204084762122
}