{
    "structural_factor": 1.169757904619234,
    "functional_factor": 1.9198625829895546
}