{
    "structural_factor": 2.988495174972728,
    "functional_factor": 3.5277325545175486
}