{
    "structural_factor": 5.035016669005518,
    "functional_factor": 1.2142610473828461
}