{
    "structural_factor": 4.640628717615295,
    "functional_factor": 2.112783228368111
}