{
    "structural_factor": 1.6974805902848054,
    "functional_factor": 1.0989288796760581
}