{
    "structural_factor": 1.1584229228210916,
    "functional_factor": 1.035764486464698
}