{
    "structural_factor": 4.037866190074613,
    "functional_factor": 1.4138793268583523
}