{
    "structural_factor": 3.231955214582841,
    "functional_factor": 3.272056773744335
}