{
    "structural_factor": 1.0192324272004214,
    "functional_factor": 2.513753039181421
}