{
    "structural_factor": 3.1658557054304137,
    "functional_factor": 2.9779764225122154
}