{
    "structural_factor": 2.4792474335162336,
    "functional_factor": 1.7914046810801196
}