{
    "structural_factor": 1.026568617071344,
    "functional_factor": 4.411049619745107
}