{
    "structural_factor": 1.0209045174185531,
    "functional_factor": 2.2911719803673436
}