{
    "structural_factor": 1.7007509981548776,
    "functional_factor": 1.0035762778460504
}