{
    "structural_factor": 2.3280608424704874,
    "functional_factor": 1.3538990667292614
}