{
    "structural_factor": 1.4427249771842947,
    "functional_factor": 1.166205631738402
}