{
    "structural_factor": 1.9727124418013666,
    "functional_factor": 1.281537264488243
}