{
    "structural_factor": 1.0339854086359996,
    "functional_factor": 1.6668066391112968
}