{
    "structural_factor": 1.9310049364623183,
    "functional_factor": 1.061664068533569
}