{
    "structural_factor": 3.22397759293788,
    "functional_factor": 2.908066254231952
}