{
    "structural_factor": 1.5376187591366943,
    "functional_factor": 1.729428424349196
}