{
    "structural_factor": 1.0025803341037895,
    "functional_factor": 1.015000403351645
}