{
    "structural_factor": 1.1221278732242117,
    "functional_factor": 2.343438830224767
}