{
    "structural_factor": 1.8995798227622482,
    "functional_factor": 1.0000263071554552
}