{
    "structural_factor": 1.660606446397409,
    "functional_factor": 3.915644594089407
}