{
    "structural_factor": 1.1413576774052685,
    "functional_factor": 1.6400909935354746
}