{
    "structural_factor": 2.0045706545607853,
    "functional_factor": 1.1554117014454102
}