{
    "structural_factor": 2.546772969798079,
    "functional_factor": 1.9847647689364571
}