{
    "structural_factor": 1.599799464734127,
    "functional_factor": 1.000008716620217
}