{
    "structural_factor": 1.5127034777805515,
    "functional_factor": 3.2025681789939147
}