{
    "structural_factor": 1.2685414452386192,
    "functional_factor": 2.1333454789564326
}