{
    "structural_factor": 1.8723969768441957,
    "functional_factor": 1.2982524739696901
}