{
    "structural_factor": 2.0662243641249676,
    "functional_factor": 1.643173443782266
}