{
    "structural_factor": 3.542088070972959,
    "functional_factor": 2.0343625781012302
}