{
    "structural_factor": 1.1903434627555758,
    "functional_factor": 1.059757166279048
}