{
    "structural_factor": 1.200554496223065,
    "functional_factor": 1.836771255960841
}