{
    "structural_factor": 1.9375805504143602,
    "functional_factor": 3.2537378711817158
}