{
    "structural_factor": 1.526598549459983,
    "functional_factor": 1.0620652534794084
}