{
    "structural_factor": 4.605721369026027,
    "functional_factor": 1.6127126937800387
}