{
    "structural_factor": 1.8081858093670107,
    "functional_factor": 1.0294439266491044
}