{
    "structural_factor": 3.7715290154357106,
    "functional_factor": 1.041113721349809
}