{
    "structural_factor": 3.5963813979321344,
    "functional_factor": 3.4762730957889723
}