{
    "structural_factor": 4.267664563314481,
    "functional_factor": 2.623122740995139
}