{
    "structural_factor": 0.9742970360689678,
    "functional_factor": 4.460346283663063
}