{
    "structural_factor": 3.949865780106299,
    "functional_factor": 2.1226211710197096
}