{
    "structural_factor": 1.8997635553592673,
    "functional_factor": 1.000001296952348
}