{
    "structural_factor": 1.754003028675182,
    "functional_factor": 2.129571626893018
}