{
    "structural_factor": 1.223339758392753,
    "functional_factor": 2.0440932894108723
}