{
    "structural_factor": 4.7699635989624865,
    "functional_factor": 1.076716155082175
}