{
    "structural_factor": 1.3440866527732536,
    "functional_factor": 1.6195298919551684
}