{
    "structural_factor": 1.562650019081238,
    "functional_factor": 3.225447001089264
}