{
    "structural_factor": 1.3968757150495559,
    "functional_factor": 1.3429677000761227
}