{
    "structural_factor": 1.8258677889887447,
    "functional_factor": 1.3090319077547001
}