{
    "structural_factor": 4.7578564057707435,
    "functional_factor": 1.0195378576298078
}