{
    "structural_factor": 3.3092563327160573,
    "functional_factor": 1.406674762555788
}