{
    "structural_factor": 2.7528691220545607,
    "functional_factor": 1.00364614138511
}