{
    "structural_factor": 1.5838651450322674,
    "functional_factor": 1.9941999517322424
}