{
    "structural_factor": 1.0059189449580577,
    "functional_factor": 1.6888248157064383
}