{
    "structural_factor": 1.846761900497439,
    "functional_factor": 3.4188821817413126
}