{
    "structural_factor": 3.110802475586308,
    "functional_factor": 2.5372718044594276
}