{
    "structural_factor": 1.1303017608416217,
    "functional_factor": 7.2081022183497225
}