{
    "structural_factor": 1.7769799475719865,
    "functional_factor": 3.3918529311002943
}