{
    "structural_factor": 4.714010379163342,
    "functional_factor": 2.669623968280375
}