{
    "structural_factor": 1.766431389606944,
    "functional_factor": 1.2998449913433552
}