{
    "structural_factor": 1.387892079389265,
    "functional_factor": 1.438718374042361
}