{
    "structural_factor": 2.0011555459796706,
    "functional_factor": 1.0140429523884493
}