{
    "structural_factor": 1.5272746787526252,
    "functional_factor": 5.807372814173297
}