{
    "structural_factor": 0.5167943564059368,
    "functional_factor": 6.154692690978516
}