{
    "structural_factor": 0.9959019925492552,
    "functional_factor": 3.0479612248341814
}