{
    "structural_factor": 2.8143639095814494,
    "functional_factor": 2.7507065565875566
}