{
    "structural_factor": 1.8392773689163877,
    "functional_factor": 2.7440594818695474
}