{
    "structural_factor": 3.5365558230784964,
    "functional_factor": 1.069751830274838
}