{
    "structural_factor": 3.150324866605806,
    "functional_factor": 1.8664538249605267
}