{
    "structural_factor": 2.6673460680989107,
    "functional_factor": 3.4834695280411747
}