{
    "structural_factor": 1.711798619956809,
    "functional_factor": 2.997873576887923
}