{
    "structural_factor": 4.734892816984628,
    "functional_factor": 2.6272220962272637
}