{
    "structural_factor": 1.9162488257682833,
    "functional_factor": 1.0313148093323963
}