{
    "structural_factor": 2.0466092905695517,
    "functional_factor": 6.48843003335971
}