{
    "structural_factor": 1.2278447775524732,
    "functional_factor": 3.7441525321300846
}