{
    "structural_factor": 1.3220526343025651,
    "functional_factor": 1.0654811487560494
}