{
    "structural_factor": 2.5510500729638554,
    "functional_factor": 1.1030309916328456
}