{
    "structural_factor": 1.659160210566428,
    "functional_factor": 1.5475120990039157
}