{
    "structural_factor": 1.828221975379506,
    "functional_factor": 1.5233413496622328
}