{
    "structural_factor": 3.9056391193208464,
    "functional_factor": 2.68703441360295
}