{
    "structural_factor": 3.8589414038745318,
    "functional_factor": 3.428256267897399
}