{
    "structural_factor": 0.7789747156740233,
    "functional_factor": 4.488541012686196
}