{
    "structural_factor": 4.343255881307459,
    "functional_factor": 2.2258414610016444
}