{
    "structural_factor": 4.934054563351442,
    "functional_factor": 1.7626503606499837
}