{
    "structural_factor": 1.5784753643101122,
    "functional_factor": 2.375705788333575
}