{
    "structural_factor": 1.6974946572124587,
    "functional_factor": 1.1287406169639276
}