{
    "structural_factor": 5.020006669275946,
    "functional_factor": 1.0841628149551534
}