{
    "structural_factor": 2.259006001901621,
    "functional_factor": 1.014535129812376
}