{
    "structural_factor": 1.2694258077025342,
    "functional_factor": 3.266307691518667
}