{
    "structural_factor": 1.4143954648109196,
    "functional_factor": 1.2622121625105767
}