{
    "structural_factor": 3.293372877529597,
    "functional_factor": 1.1995674893009096
}