{
    "structural_factor": 2.276874337494216,
    "functional_factor": 2.5038643889923535
}