{
    "structural_factor": 1.2612539653259847,
    "functional_factor": 3.4848561470493657
}