{
    "structural_factor": 1.710601673753952,
    "functional_factor": 4.397836815917183
}