{
    "structural_factor": 1.5562311972263136,
    "functional_factor": 2.2292959151687377
}