{
    "structural_factor": 1.9281241100725586,
    "functional_factor": 1.229882282384418
}