{
    "structural_factor": 1.0791873669558114,
    "functional_factor": 1.3485015265970741
}