{
    "structural_factor": 2.7168180664681882,
    "functional_factor": 7.156141879600995
}