{
    "structural_factor": 1.4079703610428738,
    "functional_factor": 3.2116145901867457
}