{
    "structural_factor": 5.00713859527115,
    "functional_factor": 1.0174231154137023
}