{
    "structural_factor": 1.2942755388078946,
    "functional_factor": 1.408696523091513
}