{
    "structural_factor": 1.1461615291517755,
    "functional_factor": 2.592161443214699
}