{
    "structural_factor": 1.638910122391998,
    "functional_factor": 3.217180472551268
}