{
    "structural_factor": 3.973950548094984,
    "functional_factor": 2.4326879577401357
}