{
    "structural_factor": 4.024343912634099,
    "functional_factor": 3.2074870031414995
}