{
    "structural_factor": 4.265935718773671,
    "functional_factor": 1.0392562479576013
}