{
    "structural_factor": 1.5031163679008805,
    "functional_factor": 1.8764040852176147
}