{
    "structural_factor": 1.1675289504610846,
    "functional_factor": 1.0599840028712655
}