{
    "structural_factor": 1.3115910602336558,
    "functional_factor": 3.686188774855488
}