{
    "structural_factor": 0.327691459241531,
    "functional_factor": 6.633393606143748
}