{
    "structural_factor": 4.507936422787403,
    "functional_factor": 3.787792358158075
}