{
    "structural_factor": 1.568185273692189,
    "functional_factor": 1.2256106541927814
}