{
    "structural_factor": 2.249653803945698,
    "functional_factor": 0.999992053174205
}