{
    "structural_factor": 1.2880248883805274,
    "functional_factor": 3.7315070523199103
}