{
    "structural_factor": 1.5554907822916193,
    "functional_factor": 1.0144926622569677
}