{
    "structural_factor": 3.0031802512618464,
    "functional_factor": 1.0041999449883496
}