{
    "structural_factor": 2.4983235329941524,
    "functional_factor": 3.8327030899458223
}