{
    "structural_factor": 2.6722030524601528,
    "functional_factor": 1.8449544621822458
}