{
    "structural_factor": 2.960079551635046,
    "functional_factor": 2.677172643347991
}