{
    "structural_factor": 1.7509692945352973,
    "functional_factor": 1.4443997189423374
}