{
    "structural_factor": 1.6183349537420375,
    "functional_factor": 3.378442077119178
}