{
    "structural_factor": 2.9537676307669543,
    "functional_factor": 1.8261070889436983
}