{
    "structural_factor": 1.1924467541232473,
    "functional_factor": 1.7928754747893265
}