{
    "structural_factor": 1.8236716458786728,
    "functional_factor": 3.186058330086636
}