{
    "structural_factor": 2.573323921397852,
    "functional_factor": 4.615304479441804
}