{
    "structural_factor": 1.0395363782305809,
    "functional_factor": 3.224141229852967
}