{
    "structural_factor": 0.964547407663919,
    "functional_factor": 5.321313832043587
}