{
    "structural_factor": 1.021698304108251,
    "functional_factor": 1.1344501847560733
}