{
    "structural_factor": 1.921818570722965,
    "functional_factor": 1.6449560817072728
}