{
    "structural_factor": 1.4693179806486245,
    "functional_factor": 2.1216536541807294
}