{
    "structural_factor": 1.4013260484002092,
    "functional_factor": 1.0037893592286664
}