{
    "structural_factor": 1.1097899525447015,
    "functional_factor": 1.7952630232988418
}