{
    "structural_factor": 1.792562252761014,
    "functional_factor": 1.230497148748727
}