{
    "structural_factor": 1.357584513210669,
    "functional_factor": 3.2742904009092006
}