{
    "structural_factor": 1.0141799602161758,
    "functional_factor": 2.507706515554335
}