{
    "structural_factor": 4.100643573858878,
    "functional_factor": 1.8801789926135537
}