{
    "structural_factor": 3.30528224245741,
    "functional_factor": 1.6799457268444435
}