{
    "structural_factor": 1.585360581136194,
    "functional_factor": 1.5692161523244414
}