{
    "structural_factor": 5.028683296526052,
    "functional_factor": 1.1657629238463485
}