{
    "structural_factor": 1.8040904980444206,
    "functional_factor": 2.2452088638454097
}