{
    "structural_factor": 1.0729242722374117,
    "functional_factor": 2.7739017758654088
}