{
    "structural_factor": 2.4678288325572604,
    "functional_factor": 1.4633603531195982
}