{
    "structural_factor": 4.754950265393217,
    "functional_factor": 1.004529840401059
}