{
    "structural_factor": 1.128512097269924,
    "functional_factor": 2.4576472626123915
}