{
    "structural_factor": 1.1797253106757326,
    "functional_factor": 3.5494619263128326
}