{
    "structural_factor": 4.977515146828926,
    "functional_factor": 2.6390916570901077
}