{
    "structural_factor": 1.8561774721087059,
    "functional_factor": 2.141542467610426
}