{
    "structural_factor": 5.031741916901143,
    "functional_factor": 1.2395150345213548
}