{
    "structural_factor": 3.6470405211114527,
    "functional_factor": 1.372450972779398
}