{
    "structural_factor": 4.002835565045246,
    "functional_factor": 1.017728774612816
}