{
    "structural_factor": 0.7798169952123223,
    "functional_factor": 6.055135540402066
}