{
    "structural_factor": 1.5863109185592592,
    "functional_factor": 1.6798609683650056
}