{
    "structural_factor": 1.1315852824917303,
    "functional_factor": 1.5135234503061603
}