{
    "structural_factor": 4.979611465380022,
    "functional_factor": 1.2533680016938271
}