{
    "structural_factor": 1.9933513069637865,
    "functional_factor": 1.2350640437996563
}