{
    "structural_factor": 3.6366786373099314,
    "functional_factor": 3.4536042059697634
}