{
    "structural_factor": 3.713945603389172,
    "functional_factor": 1.7548305297237223
}