{
    "structural_factor": 1.7427629515098941,
    "functional_factor": 3.162494976101819
}