{
    "structural_factor": 1.6674067958292889,
    "functional_factor": 1.75503304553947
}