{
    "structural_factor": 1.8668001408028092,
    "functional_factor": 1.245636205824846
}