{
    "structural_factor": 0.9832854684557486,
    "functional_factor": 15.278667474252812
}