{
    "structural_factor": 4.685467910265757,
    "functional_factor": 2.1235508248474018
}