{
    "structural_factor": 1.5670953830081218,
    "functional_factor": 1.73531679628262
}