{
    "structural_factor": 1.6559203300542327,
    "functional_factor": 1.0130340953723758
}