{
    "structural_factor": 1.6591104263782457,
    "functional_factor": 2.4599969683695377
}