{
    "structural_factor": 1.7866819512359393,
    "functional_factor": 1.0858873629905939
}