{
    "structural_factor": 3.9718387985952543,
    "functional_factor": 3.4139937034461174
}