{
    "structural_factor": 1.2852060815367936,
    "functional_factor": 3.6801763781939174
}