{
    "structural_factor": 1.399806670234528,
    "functional_factor": 0.9999915896011613
}