{
    "structural_factor": 5.0263104694166865,
    "functional_factor": 1.081940625995022
}