{
    "structural_factor": 4.802692662055285,
    "functional_factor": 3.0510637072221347
}