{
    "structural_factor": 1.57081121947472,
    "functional_factor": 4.567804519838696
}