{
    "structural_factor": 1.0420701028497292,
    "functional_factor": 4.712489875598063
}