{
    "structural_factor": 1.2228030791866094,
    "functional_factor": 1.5667256735428947
}