{
    "structural_factor": 0.40780228944042757,
    "functional_factor": 8.162352539097773
}