{
    "structural_factor": 2.5281689989847242,
    "functional_factor": 2.5937202907673824
}