{
    "structural_factor": 1.5946460169180698,
    "functional_factor": 1.130208794320055
}