{
    "structural_factor": 5.001988076404384,
    "functional_factor": 0.9994720354258538
}