{
    "structural_factor": 1.569818094313648,
    "functional_factor": 1.115556118687979
}