{
    "structural_factor": 1.674372388284515,
    "functional_factor": 1.357625990910191
}