{
    "structural_factor": 1.9927965826072904,
    "functional_factor": 1.452912060719385
}