{
    "structural_factor": 4.764685056842433,
    "functional_factor": 1.0738996110630423
}