{
    "structural_factor": 2.759077576935677,
    "functional_factor": 1.0156910108988733
}