{
    "structural_factor": 1.9892470895601064,
    "functional_factor": 1.5103598625285894
}