{
    "structural_factor": 4.255507515389387,
    "functional_factor": 1.0377795935027487
}