{
    "structural_factor": 1.580924201851476,
    "functional_factor": 1.8460437828306837
}