{
    "structural_factor": 4.275141244500238,
    "functional_factor": 4.490169329692552
}