{
    "structural_factor": 2.1799707410375517,
    "functional_factor": 4.4263577711693
}