{
    "structural_factor": 1.1340516276166508,
    "functional_factor": 3.309774431305704
}