{
    "structural_factor": 1.655862945396978,
    "functional_factor": 1.4092543422973263
}