{
    "structural_factor": 1.4935585251037409,
    "functional_factor": 3.7475726115460932
}