{
    "structural_factor": 1.1065344028452189,
    "functional_factor": 1.0318927260122925
}