{
    "structural_factor": 1.5515905375860086,
    "functional_factor": 1.003664935665271
}