{
    "structural_factor": 4.536204249616155,
    "functional_factor": 1.1584414838952541
}