{
    "structural_factor": 1.103642930888513,
    "functional_factor": 1.014302812056059
}