{
    "structural_factor": 4.514855842513243,
    "functional_factor": 1.1128107636418405
}