{
    "structural_factor": 1.636362314170467,
    "functional_factor": 1.6543804231137746
}