{
    "structural_factor": 1.0740467767354103,
    "functional_factor": 2.145273402420218
}