{
    "structural_factor": 1.0354125701572665,
    "functional_factor": 1.5254862366206712
}