{
    "structural_factor": 1.8728505358126109,
    "functional_factor": 1.2010070223151752
}