{
    "structural_factor": 3.02490765559894,
    "functional_factor": 1.0332069898429899
}