{
    "structural_factor": 3.777380216759729,
    "functional_factor": 1.1276027138916116
}