{
    "structural_factor": 1.859475370260099,
    "functional_factor": 1.143933927259008
}