{
    "structural_factor": 1.033699065742086,
    "functional_factor": 1.183917908292301
}