{
    "structural_factor": 1.8253406688731262,
    "functional_factor": 5.724959866864421
}