{
    "structural_factor": 4.25067020451668,
    "functional_factor": 0.9997208507121306
}