{
    "structural_factor": 1.6996924718850221,
    "functional_factor": 1.0000034400077982
}