{
    "structural_factor": 1.6670274824815237,
    "functional_factor": 1.7613865458352325
}