{
    "structural_factor": 3.1502609606902574,
    "functional_factor": 3.688003231319196
}