{
    "structural_factor": 1.3232118674266276,
    "functional_factor": 1.9696654040067334
}