{
    "structural_factor": 1.5139010509239246,
    "functional_factor": 1.0351281476666299
}