{
    "structural_factor": 1.4231695886967257,
    "functional_factor": 3.3321478461792466
}