{
    "structural_factor": 1.7323474190903354,
    "functional_factor": 1.3085634541817812
}