{
    "structural_factor": 0.9655253929450232,
    "functional_factor": 6.041577471684577
}