{
    "structural_factor": 2.04476098814144,
    "functional_factor": 1.327320448246704
}