{
    "structural_factor": 5.031759135343664,
    "functional_factor": 1.19163769452111
}