{
    "structural_factor": 1.925700846163648,
    "functional_factor": 1.3396974833256747
}