{
    "structural_factor": 1.8409192187618777,
    "functional_factor": 1.0977325912363334
}