{
    "structural_factor": 1.0717551617971721,
    "functional_factor": 2.8576725759993105
}