{
    "structural_factor": 2.7618248557600915,
    "functional_factor": 1.0150779255030142
}