{
    "structural_factor": 1.3534867952497789,
    "functional_factor": 1.709947153971435
}