{
    "structural_factor": 1.093212780648449,
    "functional_factor": 2.3640556709480864
}