{
    "structural_factor": 1.1815595527241056,
    "functional_factor": 1.1460374725140565
}