{
    "structural_factor": 3.9771282525308025,
    "functional_factor": 2.0748593562004127
}