{
    "structural_factor": 1.1808170244923974,
    "functional_factor": 1.4385178087356645
}