{
    "structural_factor": 3.081165068004757,
    "functional_factor": 1.1953032347785562
}