{
    "structural_factor": 3.3204193271723206,
    "functional_factor": 1.2285819721391154
}