{
    "structural_factor": 1.4534111803348253,
    "functional_factor": 1.3414350355004792
}