{
    "structural_factor": 1.9818337710132166,
    "functional_factor": 1.0627050127751856
}