{
    "structural_factor": 1.4754344659179963,
    "functional_factor": 5.746293948350571
}