{
    "structural_factor": 1.9328288755662129,
    "functional_factor": 3.3846630437005145
}