{
    "structural_factor": 2.8392283221646224,
    "functional_factor": 3.378102238109486
}