{
    "structural_factor": 3.7531238683585757,
    "functional_factor": 1.0046029506980896
}