{
    "structural_factor": 1.0455826254257274,
    "functional_factor": 1.477569491937555
}