{
    "structural_factor": 1.4002394894951857,
    "functional_factor": 5.7571542436544245
}