{
    "structural_factor": 4.74051010939163,
    "functional_factor": 2.2062987793460485
}