{
    "structural_factor": 1.7494586842258943,
    "functional_factor": 2.1684324153071297
}