{
    "structural_factor": 1.9068982588388013,
    "functional_factor": 1.0146711399276467
}