{
    "structural_factor": 1.2402776429693596,
    "functional_factor": 1.3248213045536605
}