{
    "structural_factor": 2.308492313605137,
    "functional_factor": 1.2052634444173498
}