{
    "structural_factor": 0.5799623844408642,
    "functional_factor": 5.843173844442899
}