{
    "structural_factor": 1.4998188604230023,
    "functional_factor": 0.9999925256755945
}