{
    "structural_factor": 3.286696827225533,
    "functional_factor": 1.73718179912128
}