{
    "structural_factor": 1.3011547981324676,
    "functional_factor": 1.003810226033429
}