{
    "structural_factor": 4.698946584704748,
    "functional_factor": 2.304191032093044
}