{
    "structural_factor": 3.33594391228499,
    "functional_factor": 2.6860952506605407
}