{
    "structural_factor": 1.6496866645002795,
    "functional_factor": 1.0000216143697762
}