{
    "structural_factor": 1.5711748637819598,
    "functional_factor": 1.2629999582888674
}