{
    "structural_factor": 3.7659350935681175,
    "functional_factor": 1.03755835266733
}