{
    "structural_factor": 2.792867894415203,
    "functional_factor": 1.0700978166481596
}