{
    "structural_factor": 4.75094487286288,
    "functional_factor": 0.9996286531537943
}