{
    "structural_factor": 2.006036323517032,
    "functional_factor": 3.412356828664899
}