{
    "structural_factor": 1.237828388846358,
    "functional_factor": 2.669983382150525
}