{
    "structural_factor": 1.7290947835760635,
    "functional_factor": 3.1759287820244952
}