{
    "structural_factor": 3.751026208559887,
    "functional_factor": 1.24298300412861
}