{
    "structural_factor": 1.5770704226696808,
    "functional_factor": 2.9967010804652694
}