{
    "structural_factor": 1.410179927287926,
    "functional_factor": 1.0347130289356155
}