{
    "structural_factor": 4.071674603851746,
    "functional_factor": 1.3672167131980413
}