{
    "structural_factor": 1.399791097614022,
    "functional_factor": 0.9999952218980717
}