{
    "structural_factor": 2.5156664988143644,
    "functional_factor": 3.537570120289405
}