{
    "structural_factor": 4.600760082087608,
    "functional_factor": 3.0882044215034554
}