{
    "structural_factor": 1.3670529671179805,
    "functional_factor": 2.981847655857303
}