{
    "structural_factor": 1.2489154875177726,
    "functional_factor": 1.7657576687284593
}