{
    "structural_factor": 1.953678778404121,
    "functional_factor": 3.0188768514044826
}