{
    "structural_factor": 1.4784030985145908,
    "functional_factor": 7.140505275780897
}