{
    "structural_factor": 1.2535856349376602,
    "functional_factor": 3.142845904761623
}