{
    "structural_factor": 2.9883837024287034,
    "functional_factor": 3.427640565361939
}