{
    "structural_factor": 1.2503973468191552,
    "functional_factor": 3.916575350873196
}