{
    "structural_factor": 4.782692850463556,
    "functional_factor": 1.1589016842947404
}