{
    "structural_factor": 1.0485797583382135,
    "functional_factor": 3.3738398361819195
}