{
    "structural_factor": 2.0343592367997734,
    "functional_factor": 1.0608255703768388
}