{
    "structural_factor": 1.2046864056264344,
    "functional_factor": 1.0139021631928455
}