{
    "structural_factor": 1.819097647941802,
    "functional_factor": 1.035970495764435
}