{
    "structural_factor": 1.0498219817791372,
    "functional_factor": 1.0000129155416098
}