{
    "structural_factor": 4.235877432795066,
    "functional_factor": 1.0783276707043892
}