{
    "structural_factor": 1.10097615685432,
    "functional_factor": 1.0037183371017577
}