{
    "structural_factor": 1.332866654993521,
    "functional_factor": 1.1049841844284325
}