{
    "structural_factor": 3.424140907502166,
    "functional_factor": 5.491575907072128
}