{
    "structural_factor": 1.1532622686364846,
    "functional_factor": 1.0131463322905654
}