{
    "structural_factor": 0.5147210694076333,
    "functional_factor": 5.634575716104388
}