{
    "structural_factor": 1.3551305551691706,
    "functional_factor": 1.014886549604843
}