{
    "structural_factor": 1.8352748079266115,
    "functional_factor": 4.943264851059461
}