{
    "structural_factor": 1.0327739053894789,
    "functional_factor": 1.362571556784099
}