{
    "structural_factor": 1.9761728069987357,
    "functional_factor": 1.5233240995999948
}