{
    "structural_factor": 0.9653663210591278,
    "functional_factor": 1.659691962300803
}