{
    "structural_factor": 4.259046281052118,
    "functional_factor": 1.01892139467411
}