{
    "structural_factor": 3.039819989175259,
    "functional_factor": 1.120200153740523
}