{
    "structural_factor": 1.5517376218777057,
    "functional_factor": 1.0039360465064455
}