{
    "structural_factor": 1.0754667274010865,
    "functional_factor": 1.1702600178101918
}