{
    "structural_factor": 1.3943532330711634,
    "functional_factor": 2.572496030704777
}