{
    "structural_factor": 2.5519253963058204,
    "functional_factor": 1.239132779792727
}