{
    "structural_factor": 1.6292708249035477,
    "functional_factor": 1.16279140554944
}