{
    "structural_factor": 1.856387010589463,
    "functional_factor": 2.046891410718845
}