{
    "structural_factor": 1.1318138674395317,
    "functional_factor": 1.9032896008532916
}