{
    "structural_factor": 3.2621302682714397,
    "functional_factor": 2.127163911785656
}