{
    "structural_factor": 3.168258589435453,
    "functional_factor": 3.0601118083884074
}