{
    "structural_factor": 4.266196287836718,
    "functional_factor": 1.036812198446107
}