{
    "structural_factor": 3.022879902444265,
    "functional_factor": 1.0323855098113426
}