{
    "structural_factor": 1.6616291723771337,
    "functional_factor": 1.035156763343631
}