{
    "structural_factor": 3.16640076367377,
    "functional_factor": 2.6320385876286285
}