{
    "structural_factor": 1.8399390061016496,
    "functional_factor": 1.4771569790980308
}