{
    "structural_factor": 1.3277364602082542,
    "functional_factor": 1.229533188480612
}