{
    "structural_factor": 0.9200226959971328,
    "functional_factor": 3.243889135082232
}