{
    "structural_factor": 0.8964012396012888,
    "functional_factor": 3.5230122381226785
}