{
    "structural_factor": 1.5463913231793045,
    "functional_factor": 2.0552740475752516
}