{
    "structural_factor": 3.010528211060062,
    "functional_factor": 1.0149830238759463
}