{
    "structural_factor": 3.259628543844985,
    "functional_factor": 2.618989919773612
}