{
    "structural_factor": 1.062638587639773,
    "functional_factor": 1.6534636658123185
}