{
    "structural_factor": 1.9676004312666975,
    "functional_factor": 3.1169536227276335
}