{
    "structural_factor": 1.3685287778482924,
    "functional_factor": 1.9412486972282603
}