{
    "structural_factor": 1.7213691004646254,
    "functional_factor": 1.9729730321867498
}