{
    "structural_factor": 4.75131606697764,
    "functional_factor": 1.7186868089573692
}