{
    "structural_factor": 3.3950481656198,
    "functional_factor": 3.212148399552377
}