{
    "structural_factor": 2.949953811945334,
    "functional_factor": 2.044745959994326
}