{
    "structural_factor": 3.17696491106139,
    "functional_factor": 2.637491980861428
}