{
    "structural_factor": 4.0335500689051385,
    "functional_factor": 2.6433498785505027
}