{
    "structural_factor": 2.7953930423759887,
    "functional_factor": 1.2469947459519346
}