{
    "structural_factor": 4.641648155689468,
    "functional_factor": 1.5793366822770458
}