{
    "structural_factor": 3.455038564381029,
    "functional_factor": 1.8715073657442722
}