{
    "structural_factor": 3.261979730405223,
    "functional_factor": 1.0166540234373476
}