{
    "structural_factor": 2.3178375727735547,
    "functional_factor": 1.3394807602221652
}