{
    "structural_factor": 1.2497897922328673,
    "functional_factor": 1.0000210597071075
}