{
    "structural_factor": 4.527091866792775,
    "functional_factor": 1.0761188860247057
}