{
    "structural_factor": 1.3095455963997116,
    "functional_factor": 1.3282995408211626
}