{
    "structural_factor": 1.8513053936133441,
    "functional_factor": 2.474692402860241
}