{
    "structural_factor": 2.7722377870580637,
    "functional_factor": 1.1852710720705906
}