{
    "structural_factor": 1.632373254054868,
    "functional_factor": 2.0481210236939735
}