{
    "structural_factor": 1.2972086952867612,
    "functional_factor": 2.133592947258934
}