{
    "structural_factor": 1.2582184712796602,
    "functional_factor": 1.7529954378500747
}