{
    "structural_factor": 1.0109084914973454,
    "functional_factor": 1.064255463600248
}