{
    "structural_factor": 1.5931699988062387,
    "functional_factor": 2.147562125365111
}