{
    "structural_factor": 2.501705776590098,
    "functional_factor": 1.0032827256476462
}