{
    "structural_factor": 1.8381329015563337,
    "functional_factor": 1.0856377515099684
}