{
    "structural_factor": 4.922385377707381,
    "functional_factor": 2.5559434688607894
}