{
    "structural_factor": 4.526121967677417,
    "functional_factor": 1.8083002757205036
}