{
    "structural_factor": 2.7484866113480053,
    "functional_factor": 3.53969722023532
}