{
    "structural_factor": 1.2640629643266343,
    "functional_factor": 4.624596007469682
}