{
    "structural_factor": 1.1234052998125925,
    "functional_factor": 1.1009607839896987
}