{
    "structural_factor": 1.9031782665031918,
    "functional_factor": 1.1530439228723992
}