{
    "structural_factor": 3.749870563054448,
    "functional_factor": 0.9998766789414759
}