{
    "structural_factor": 1.7983163371556072,
    "functional_factor": 2.1284063689754085
}