{
    "structural_factor": 3.300223004723126,
    "functional_factor": 1.3324764282770218
}