{
    "structural_factor": 1.8046847063992926,
    "functional_factor": 1.8348655421424787
}