{
    "structural_factor": 0.349895704125052,
    "functional_factor": 7.912509972981685
}