{
    "structural_factor": 1.434485293472562,
    "functional_factor": 1.0992908843011857
}