{
    "structural_factor": 3.690874356995248,
    "functional_factor": 3.227257105560365
}