{
    "structural_factor": 0.8580733158364724,
    "functional_factor": 2.8560019535322545
}