{
    "structural_factor": 0.28067495617491267,
    "functional_factor": 8.787085695352038
}