{
    "structural_factor": 1.405209960781405,
    "functional_factor": 1.015060713248619
}