{
    "structural_factor": 1.6631410125820272,
    "functional_factor": 1.201769413079064
}