{
    "structural_factor": 4.504493237738629,
    "functional_factor": 1.5078846708744102
}