{
    "structural_factor": 5.0325762864346375,
    "functional_factor": 1.1609504428909765
}