{
    "structural_factor": 1.1219450722325917,
    "functional_factor": 2.977746192358722
}