{
    "structural_factor": 3.7604262374514494,
    "functional_factor": 1.0174998074378643
}