{
    "structural_factor": 1.1216337654725708,
    "functional_factor": 5.8285795031924295
}