{
    "structural_factor": 1.1426125974780987,
    "functional_factor": 2.5778028320962223
}