{
    "structural_factor": 1.6090138227211153,
    "functional_factor": 1.3422240963652727
}