{
    "structural_factor": 2.0328073211496265,
    "functional_factor": 1.231291730760125
}