{
    "structural_factor": 3.4181219353340095,
    "functional_factor": 2.6395546490188635
}