{
    "structural_factor": 0.3512908610406113,
    "functional_factor": 6.965238128946877
}