{
    "structural_factor": 1.413918864159844,
    "functional_factor": 1.9257077722914508
}