{
    "structural_factor": 1.1257238496349786,
    "functional_factor": 1.154242499485584
}