{
    "structural_factor": 1.840872552860479,
    "functional_factor": 3.8065454059826824
}