{
    "structural_factor": 1.2735533524471965,
    "functional_factor": 2.765631045847272
}