{
    "structural_factor": 0.5449912536492099,
    "functional_factor": 6.2822896045110745
}