{
    "structural_factor": 0.9463744558271452,
    "functional_factor": 5.873699416948251
}