{
    "structural_factor": 4.725490923651285,
    "functional_factor": 1.910810061384526
}