{
    "structural_factor": 1.9262240517204172,
    "functional_factor": 3.4423811795638284
}