{
    "structural_factor": 1.3264772792365325,
    "functional_factor": 4.532257440608754
}