{
    "structural_factor": 1.4758013423956757,
    "functional_factor": 2.78407617018943
}