{
    "structural_factor": 1.4497811002205487,
    "functional_factor": 1.0000115486928347
}