{
    "structural_factor": 4.930697082723319,
    "functional_factor": 3.0364940742911575
}