{
    "structural_factor": 1.3646407610402866,
    "functional_factor": 1.3282964683211167
}