{
    "structural_factor": 1.914845942973157,
    "functional_factor": 3.923194505468821
}