{
    "structural_factor": 1.985521251482693,
    "functional_factor": 1.0593219600732158
}