{
    "structural_factor": 3.4713688436396613,
    "functional_factor": 1.7369203058072853
}