{
    "structural_factor": 1.8240684832659122,
    "functional_factor": 1.4928052988599323
}