{
    "structural_factor": 1.6894032206176501,
    "functional_factor": 3.3706394912423296
}