{
    "structural_factor": 2.7054917468482222,
    "functional_factor": 2.0779082090674645
}