{
    "structural_factor": 3.191774906125493,
    "functional_factor": 3.9495437436167746
}