{
    "structural_factor": 1.6989503741724468,
    "functional_factor": 2.9119029696829455
}