{
    "structural_factor": 2.0299452348480336,
    "functional_factor": 5.57510765233731
}