{
    "structural_factor": 4.404414672296657,
    "functional_factor": 1.8470949672277737
}