{
    "structural_factor": 4.321434602811032,
    "functional_factor": 1.3151554670792522
}