{
    "structural_factor": 1.4065646646708392,
    "functional_factor": 2.354816352389924
}