{
    "structural_factor": 3.038663335750922,
    "functional_factor": 1.0710692449522015
}