{
    "structural_factor": 1.6483528232921056,
    "functional_factor": 1.4377665516283955
}