{
    "structural_factor": 1.454289138693874,
    "functional_factor": 2.581520044590818
}