{
    "structural_factor": 1.3150305291719986,
    "functional_factor": 1.4851094515079004
}