{
    "structural_factor": 1.9713791274573937,
    "functional_factor": 1.038274323316964
}