{
    "structural_factor": 1.886719545062822,
    "functional_factor": 1.2181068814182585
}