{
    "structural_factor": 1.081129066985976,
    "functional_factor": 15.1697890447034
}