{
    "structural_factor": 2.005366492690723,
    "functional_factor": 1.2405749383145148
}