{
    "structural_factor": 1.514403575917813,
    "functional_factor": 4.7392336562025905
}