{
    "structural_factor": 1.9087699666097977,
    "functional_factor": 1.7740111279956805
}