{
    "structural_factor": 4.357395945966239,
    "functional_factor": 3.051391767040835
}