{
    "structural_factor": 1.6119007455192476,
    "functional_factor": 2.131056688962058
}