{
    "structural_factor": 1.800289044717705,
    "functional_factor": 3.5856366700891136
}