{
    "structural_factor": 0.8622493036215952,
    "functional_factor": 5.609618349691962
}