{
    "structural_factor": 4.759279602034965,
    "functional_factor": 1.0453261060576373
}