{
    "structural_factor": 1.4976045995051388,
    "functional_factor": 1.8261595306149154
}