{
    "structural_factor": 1.2969759353994805,
    "functional_factor": 1.1787867951062283
}