{
    "structural_factor": 4.53215155145878,
    "functional_factor": 1.108228368432228
}