{
    "structural_factor": 1.6252653854432253,
    "functional_factor": 1.203808457238563
}