{
    "structural_factor": 3.7752457760999323,
    "functional_factor": 2.63662670888795
}