{
    "structural_factor": 1.0040579119600794,
    "functional_factor": 1.0371224160529324
}