{
    "structural_factor": 1.6227019525371305,
    "functional_factor": 3.0423093410712068
}