{
    "structural_factor": 1.309661125476138,
    "functional_factor": 2.4478743379683996
}