{
    "structural_factor": 1.3787119885703312,
    "functional_factor": 5.919502016895264
}