{
    "structural_factor": 3.5557902442853977,
    "functional_factor": 1.146846113678474
}