{
    "structural_factor": 0.7620907266511607,
    "functional_factor": 5.879699446097343
}