{
    "structural_factor": 1.6247334524518096,
    "functional_factor": 2.7879966565088767
}