{
    "structural_factor": 2.537507098401166,
    "functional_factor": 1.0647295612013206
}