{
    "structural_factor": 2.2695090766777866,
    "functional_factor": 1.0362817668929354
}