{
    "structural_factor": 1.1856312573517098,
    "functional_factor": 2.1255534216020684
}