{
    "structural_factor": 3.236863358018951,
    "functional_factor": 2.4336986828351637
}