{
    "structural_factor": 1.5117734117244201,
    "functional_factor": 7.124898162980248
}