{
    "structural_factor": 1.3182551794086448,
    "functional_factor": 3.728489239284585
}