{
    "structural_factor": 3.2509355861399523,
    "functional_factor": 5.6382577054632215
}