{
    "structural_factor": 1.2346906689485142,
    "functional_factor": 1.165089809372876
}