{
    "structural_factor": 3.8066779913048165,
    "functional_factor": 1.1674251891025769
}