{
    "structural_factor": 1.8996975822492028,
    "functional_factor": 1.0000093433194284
}