{
    "structural_factor": 1.6500452009515159,
    "functional_factor": 1.6735294435676777
}