{
    "structural_factor": 1.4880994011333486,
    "functional_factor": 1.104492135654895
}