{
    "structural_factor": 1.7949152569556321,
    "functional_factor": 2.883851913632784
}