{
    "structural_factor": 1.6002480750265038,
    "functional_factor": 3.9251022692583404
}