{
    "structural_factor": 1.7491757248755782,
    "functional_factor": 1.1291642095743715
}