{
    "structural_factor": 1.099832065283223,
    "functional_factor": 1.0000101630991132
}