{
    "structural_factor": 1.2692173699248148,
    "functional_factor": 1.061664965260966
}