{
    "structural_factor": 2.1679864113669476,
    "functional_factor": 1.9775425925932943
}