{
    "structural_factor": 1.7305874842976572,
    "functional_factor": 5.778279937607824
}