{
    "structural_factor": 2.567444210768374,
    "functional_factor": 1.383254059530763
}