{
    "structural_factor": 1.585088027848346,
    "functional_factor": 1.5031872393453027
}