{
    "structural_factor": 1.7695820930970174,
    "functional_factor": 1.1952424883705857
}