{
    "structural_factor": 1.15414890127315,
    "functional_factor": 1.01447293506259
}