{
    "structural_factor": 1.6367772439576342,
    "functional_factor": 3.792096199414134
}