{
    "structural_factor": 2.0361208952311483,
    "functional_factor": 1.1675194397163144
}