{
    "structural_factor": 1.6131525730288794,
    "functional_factor": 1.762307348582946
}