{
    "structural_factor": 1.5001504223299877,
    "functional_factor": 1.436267257268525
}