{
    "structural_factor": 1.746697376933234,
    "functional_factor": 1.1301718439291295
}