{
    "structural_factor": 1.2012250218792038,
    "functional_factor": 1.3311337359868982
}