{
    "structural_factor": 0.7462998107955506,
    "functional_factor": 15.974056288960224
}