{
    "structural_factor": 1.6686969296507892,
    "functional_factor": 1.038036355454334
}