{
    "structural_factor": 3.113951114482288,
    "functional_factor": 3.5048391799465
}