{
    "structural_factor": 1.9997785368856171,
    "functional_factor": 1.0994289773923127
}