{
    "structural_factor": 1.0255237640009998,
    "functional_factor": 1.6384643844443605
}