{
    "structural_factor": 1.3589501417432566,
    "functional_factor": 3.2150237253477725
}