{
    "structural_factor": 3.3832333238925245,
    "functional_factor": 2.21730074295679
}