{
    "structural_factor": 3.102976008267151,
    "functional_factor": 3.2810692221271363
}