{
    "structural_factor": 1.0359247180877162,
    "functional_factor": 1.7998601814608242
}