{
    "structural_factor": 4.859205061489232,
    "functional_factor": 3.0741521696596656
}