{
    "structural_factor": 1.574732826463974,
    "functional_factor": 2.7871530963933715
}