{
    "structural_factor": 1.3035188993172813,
    "functional_factor": 4.400995710313585
}