{
    "structural_factor": 3.285251206825507,
    "functional_factor": 1.0734442537648055
}