{
    "structural_factor": 0.9828445864544834,
    "functional_factor": 4.445257816254685
}