{
    "structural_factor": 2.210646410674121,
    "functional_factor": 3.251567825774694
}