{
    "structural_factor": 4.273060353943038,
    "functional_factor": 1.1807379032222536
}