{
    "structural_factor": 3.0386359256614526,
    "functional_factor": 1.0668895610552
}