{
    "structural_factor": 2.7233178613168545,
    "functional_factor": 1.9483760079441559
}