{
    "structural_factor": 4.53890007419178,
    "functional_factor": 1.7568531364133275
}