{
    "structural_factor": 1.902327780067112,
    "functional_factor": 1.0033557550008967
}