{
    "structural_factor": 2.9152874367782946,
    "functional_factor": 1.8612767185073815
}