{
    "structural_factor": 0.44498435601414205,
    "functional_factor": 4.088982782280141
}