{
    "structural_factor": 0.992784656268473,
    "functional_factor": 2.117462270326808
}