{
    "structural_factor": 1.7172071708130896,
    "functional_factor": 3.3939215590428518
}