{
    "structural_factor": 1.2997834184408956,
    "functional_factor": 1.0000034367678563
}