{
    "structural_factor": 5.05128653069561,
    "functional_factor": 1.2799881169033254
}