{
    "structural_factor": 3.7501173068339173,
    "functional_factor": 0.9997824375403256
}