{
    "structural_factor": 0.5398423659031075,
    "functional_factor": 5.627057532745385
}