{
    "structural_factor": 1.2789772935258112,
    "functional_factor": 4.504437735234913
}