{
    "structural_factor": 1.9248404607437197,
    "functional_factor": 1.5268882567388515
}