{
    "structural_factor": 3.2438720508514876,
    "functional_factor": 1.7642250363732952
}