{
    "structural_factor": 2.0221615645938895,
    "functional_factor": 2.5476008475266982
}