{
    "structural_factor": 1.5591163366717853,
    "functional_factor": 1.671059729636897
}