{
    "structural_factor": 1.5826516778671198,
    "functional_factor": 1.4692743805990418
}