{
    "structural_factor": 0.29625109968513746,
    "functional_factor": 4.705660293299366
}