{
    "structural_factor": 1.8085461311479927,
    "functional_factor": 1.0148834159860287
}