{
    "structural_factor": 1.5674505653877089,
    "functional_factor": 1.9475411845137276
}