{
    "structural_factor": 1.5853631006516793,
    "functional_factor": 1.7974509131223644
}