{
    "structural_factor": 0.49566401845426866,
    "functional_factor": 5.783923252166958
}