{
    "structural_factor": 2.3375565019509934,
    "functional_factor": 1.17989725574095
}