{
    "structural_factor": 1.6263145230674825,
    "functional_factor": 1.0585360992904855
}