{
    "structural_factor": 1.1230917387458978,
    "functional_factor": 1.9875208471322692
}