{
    "structural_factor": 0.8623262431061955,
    "functional_factor": 4.495099197127395
}