{
    "structural_factor": 3.0408807122167123,
    "functional_factor": 1.2534877083124916
}