{
    "structural_factor": 1.4486756265332872,
    "functional_factor": 1.013426726085074
}