{
    "structural_factor": 1.712831818849031,
    "functional_factor": 1.8749843896786416
}