{
    "structural_factor": 1.5677672972061185,
    "functional_factor": 7.36056383607667
}