{
    "structural_factor": 0.9729280600939727,
    "functional_factor": 2.8523734687304194
}