{
    "structural_factor": 5.014074003232742,
    "functional_factor": 2.1254501140657296
}