{
    "structural_factor": 1.4588821610314633,
    "functional_factor": 2.8525303873711194
}