{
    "structural_factor": 1.8483592407436862,
    "functional_factor": 2.1790404513916912
}