{
    "structural_factor": 1.124246850503977,
    "functional_factor": 4.394532973756752
}