{
    "structural_factor": 0.8003816999522777,
    "functional_factor": 5.892009685384777
}