{
    "structural_factor": 0.9998545905460537,
    "functional_factor": 0.9999941728350449
}