{
    "structural_factor": 0.9977822186108448,
    "functional_factor": 4.186707769894608
}