{
    "structural_factor": 1.2348396744164174,
    "functional_factor": 1.1452245510928767
}