{
    "structural_factor": 1.0860600506424358,
    "functional_factor": 1.1842472281167726
}