{
    "structural_factor": 1.0508165377031027,
    "functional_factor": 1.0038800941622672
}