{
    "structural_factor": 2.5631871874432712,
    "functional_factor": 3.5804796213429877
}