{
    "structural_factor": 1.0774812091325427,
    "functional_factor": 2.832279449071287
}