{
    "structural_factor": 2.1907691490835215,
    "functional_factor": 10.061968827460412
}