{
    "structural_factor": 1.7277032379392387,
    "functional_factor": 1.6619563638013186
}