{
    "structural_factor": 2.2978490611123292,
    "functional_factor": 1.2382713404349521
}