{
    "structural_factor": 1.1002290270756474,
    "functional_factor": 3.5017929818694467
}