{
    "structural_factor": 3.0753092208254893,
    "functional_factor": 1.3544270129233713
}