{
    "structural_factor": 3.689605214335223,
    "functional_factor": 1.8339432256292763
}