{
    "structural_factor": 1.3297290722692414,
    "functional_factor": 1.9901196771380143
}