{
    "structural_factor": 1.7528836919756219,
    "functional_factor": 2.377501899856955
}