{
    "structural_factor": 4.782318466301265,
    "functional_factor": 2.0241409213265036
}