{
    "structural_factor": 1.2726254266551644,
    "functional_factor": 1.233225401630842
}