{
    "structural_factor": 3.519466297903214,
    "functional_factor": 1.106564987153181
}