{
    "structural_factor": 1.4969130462110127,
    "functional_factor": 3.724195566564228
}