{
    "structural_factor": 1.2369186022824143,
    "functional_factor": 2.1201790937832
}