{
    "structural_factor": 2.901068077576275,
    "functional_factor": 8.36254951135264
}