{
    "structural_factor": 5.016382602336874,
    "functional_factor": 1.0424120738148415
}