{
    "structural_factor": 3.2314092488305706,
    "functional_factor": 3.396117407042417
}