{
    "structural_factor": 1.2036224455182487,
    "functional_factor": 4.5283117570544915
}