{
    "structural_factor": 3.0309329035212245,
    "functional_factor": 1.1004622697992028
}