{
    "structural_factor": 1.8040799949504458,
    "functional_factor": 1.34645957314106
}