{
    "structural_factor": 1.2560167630903962,
    "functional_factor": 2.2228974971597992
}