{
    "structural_factor": 0.8613869054638708,
    "functional_factor": 5.983596835328038
}