{
    "structural_factor": 2.0684458377281776,
    "functional_factor": 1.3323999154189397
}