{
    "structural_factor": 0.9724182915281291,
    "functional_factor": 4.502461449759484
}