{
    "structural_factor": 1.7997793520688263,
    "functional_factor": 0.9999826372019757
}