{
    "structural_factor": 0.9797004919834437,
    "functional_factor": 3.543517241164324
}