{
    "structural_factor": 1.5750351061805068,
    "functional_factor": 1.0591332876041561
}