{
    "structural_factor": 1.8798322930179603,
    "functional_factor": 2.540857517529515
}