{
    "structural_factor": 1.9276464404064233,
    "functional_factor": 1.4946778501662468
}