{
    "structural_factor": 4.184485301772672,
    "functional_factor": 3.8148631180890487
}