{
    "structural_factor": 1.0323458945706296,
    "functional_factor": 1.4078650880595067
}