{
    "structural_factor": 5.014528764415155,
    "functional_factor": 1.0476346456665455
}