{
    "structural_factor": 2.7203066499317954,
    "functional_factor": 1.5264417924167788
}