{
    "structural_factor": 1.161262975978024,
    "functional_factor": 2.744024715352235
}