{
    "structural_factor": 1.13600218077391,
    "functional_factor": 1.9606196379580791
}