{
    "structural_factor": 4.002755013840287,
    "functional_factor": 1.0045344963615714
}