{
    "structural_factor": 4.541014734623912,
    "functional_factor": 1.2449610666496427
}