{
    "structural_factor": 1.8291512919264936,
    "functional_factor": 1.0589709315802405
}