{
    "structural_factor": 4.657161286329722,
    "functional_factor": 1.561329879340807
}