{
    "structural_factor": 5.002096022281782,
    "functional_factor": 1.0189071574448048
}