{
    "structural_factor": 1.1710110068769124,
    "functional_factor": 3.04442776145893
}