{
    "structural_factor": 4.759609500591617,
    "functional_factor": 1.0203392663739637
}