{
    "structural_factor": 1.4300794163056407,
    "functional_factor": 1.1473728366678373
}