{
    "structural_factor": 1.8263485154242534,
    "functional_factor": 2.0598158239034543
}