{
    "structural_factor": 1.2337518339582594,
    "functional_factor": 1.1650224809482925
}