{
    "structural_factor": 1.0543295777226187,
    "functional_factor": 2.556043861463982
}