{
    "structural_factor": 3.8959888442919066,
    "functional_factor": 3.22346382225253
}