{
    "structural_factor": 1.0001737300896736,
    "functional_factor": 1.0032118511961206
}