{
    "structural_factor": 1.3244363503328613,
    "functional_factor": 3.3345254781702005
}