{
    "structural_factor": 1.7036737914587101,
    "functional_factor": 1.5496427677584879
}