{
    "structural_factor": 1.8516616025755406,
    "functional_factor": 1.0036650816418522
}