{
    "structural_factor": 1.294094170596191,
    "functional_factor": 1.3021740343515726
}