{
    "structural_factor": 1.7014930409775413,
    "functional_factor": 1.0035790355128316
}