{
    "structural_factor": 3.4179761308572836,
    "functional_factor": 2.976178328391719
}