{
    "structural_factor": 2.5029027928262684,
    "functional_factor": 1.0038234560073833
}