{
    "structural_factor": 1.8799243249590616,
    "functional_factor": 1.2068220854171676
}