{
    "structural_factor": 1.8012516079597882,
    "functional_factor": 1.003076847244337
}