{
    "structural_factor": 1.7142509605253495,
    "functional_factor": 2.128548957859968
}