{
    "structural_factor": 3.5343255838152974,
    "functional_factor": 1.1253267460141247
}