{
    "structural_factor": 4.25390868464776,
    "functional_factor": 1.0043965188932196
}