{
    "structural_factor": 2.6369387688215244,
    "functional_factor": 1.7880326435794933
}