{
    "structural_factor": 1.2029084899818885,
    "functional_factor": 1.7082797699351742
}