{
    "structural_factor": 2.7720439502994134,
    "functional_factor": 1.4879164530817395
}