{
    "structural_factor": 1.7074883422798253,
    "functional_factor": 3.368217978361885
}