{
    "structural_factor": 5.002230625105131,
    "functional_factor": 0.9994134251583479
}