{
    "structural_factor": 1.7649747085092438,
    "functional_factor": 1.0347409940717622
}