{
    "structural_factor": 3.5325558641301145,
    "functional_factor": 1.0734771350486854
}