{
    "structural_factor": 1.8151705597871648,
    "functional_factor": 1.363285003141675
}