{
    "structural_factor": 1.099823436036774,
    "functional_factor": 1.0000018872979737
}