{
    "structural_factor": 3.138827514895433,
    "functional_factor": 5.689561287779869
}