{
    "structural_factor": 4.4996980878421065,
    "functional_factor": 1.171485310792116
}