{
    "structural_factor": 1.928407354509105,
    "functional_factor": 3.23612901806893
}