{
    "structural_factor": 3.0017232339507927,
    "functional_factor": 1.0040829316206596
}