{
    "structural_factor": 1.3518562051437917,
    "functional_factor": 5.258239781655701
}