{
    "structural_factor": 2.5830959702003,
    "functional_factor": 1.5290766585556566
}