{
    "structural_factor": 1.3134657941607397,
    "functional_factor": 1.0380474669381778
}