{
    "structural_factor": 1.535025765110799,
    "functional_factor": 1.4352691664276616
}