{
    "structural_factor": 1.3050653785202329,
    "functional_factor": 1.01454041800221
}