{
    "structural_factor": 4.540604667184257,
    "functional_factor": 1.125280087186103
}