{
    "structural_factor": 1.3364998943111712,
    "functional_factor": 2.7472813367510254
}