{
    "structural_factor": 1.9021450933673871,
    "functional_factor": 1.003477608042819
}