{
    "structural_factor": 1.4102869331508714,
    "functional_factor": 2.819319547970401
}