{
    "structural_factor": 0.5337965842792101,
    "functional_factor": 6.7040637658019575
}