{
    "structural_factor": 1.649718470050576,
    "functional_factor": 1.0000151988525416
}