{
    "structural_factor": 1.668654088449264,
    "functional_factor": 1.492883325783356
}