{
    "structural_factor": 3.8398843616184437,
    "functional_factor": 4.503930204979568
}