{
    "structural_factor": 1.249162285708481,
    "functional_factor": 1.665709556470628
}