{
    "structural_factor": 5.017032189772471,
    "functional_factor": 1.072807797672831
}