{
    "structural_factor": 1.115078543335471,
    "functional_factor": 3.9079563921365463
}