{
    "structural_factor": 1.1446866876844513,
    "functional_factor": 1.9949025040208341
}