{
    "structural_factor": 1.8497557524077575,
    "functional_factor": 1.0000014033539215
}