{
    "structural_factor": 1.6106160774525473,
    "functional_factor": 1.0346628104260065
}