{
    "structural_factor": 4.273053543095049,
    "functional_factor": 1.7509872506987223
}