{
    "structural_factor": 1.2392184528796555,
    "functional_factor": 1.346199183907053
}