{
    "structural_factor": 1.1509547898852064,
    "functional_factor": 1.0038867814189234
}