{
    "structural_factor": 4.555439665411461,
    "functional_factor": 1.2366509348855044
}