{
    "structural_factor": 1.6085006928118633,
    "functional_factor": 1.8742068162766508
}