{
    "structural_factor": 3.8323397375870716,
    "functional_factor": 1.804280220134343
}