{
    "structural_factor": 3.047421123765485,
    "functional_factor": 1.0955215609332387
}