{
    "structural_factor": 1.8113486781243575,
    "functional_factor": 3.7619924415310777
}