{
    "structural_factor": 1.4685622823831435,
    "functional_factor": 1.476201149493582
}