{
    "structural_factor": 4.721420664780962,
    "functional_factor": 3.4289723513438344
}