{
    "structural_factor": 1.3246184540443122,
    "functional_factor": 1.0852018544822233
}