{
    "structural_factor": 2.092370213714202,
    "functional_factor": 2.084248058228024
}