{
    "structural_factor": 0.9653939134785452,
    "functional_factor": 2.7668728886570872
}