{
    "structural_factor": 2.579838214707446,
    "functional_factor": 1.2140205668319641
}