{
    "structural_factor": 1.4206634119345585,
    "functional_factor": 1.4993878798962428
}