{
    "structural_factor": 1.21521692976412,
    "functional_factor": 1.0874633719998024
}