{
    "structural_factor": 2.6591473858879486,
    "functional_factor": 3.287072315099131
}