{
    "structural_factor": 3.432000618001197,
    "functional_factor": 2.6950492224471545
}