{
    "structural_factor": 1.7980854239691584,
    "functional_factor": 3.7987503387888255
}