{
    "structural_factor": 4.527699343371356,
    "functional_factor": 1.1291057084946088
}