{
    "structural_factor": 2.528336067144403,
    "functional_factor": 2.2074463143823246
}