{
    "structural_factor": 1.2670091171731315,
    "functional_factor": 1.0866434712584654
}