{
    "structural_factor": 2.982463902767651,
    "functional_factor": 1.749524820791961
}