{
    "structural_factor": 3.4397188784671546,
    "functional_factor": 2.604876186460836
}