{
    "structural_factor": 1.549698948528889,
    "functional_factor": 1.000042442108951
}