{
    "structural_factor": 1.8681982834998194,
    "functional_factor": 3.0509131709932342
}