{
    "structural_factor": 1.0312739887586941,
    "functional_factor": 6.017750973285327
}