{
    "structural_factor": 1.599715336980649,
    "functional_factor": 1.0000109272141133
}