{
    "structural_factor": 1.8296716218391205,
    "functional_factor": 2.385796465107914
}