{
    "structural_factor": 1.1146570125037543,
    "functional_factor": 1.0614180947433998
}