{
    "structural_factor": 1.499797556579059,
    "functional_factor": 2.57195007664664
}