{
    "structural_factor": 1.3021459881453044,
    "functional_factor": 1.3107427458220984
}