{
    "structural_factor": 2.0124471965846227,
    "functional_factor": 1.6888740451990805
}