{
    "structural_factor": 2.1009205379355347,
    "functional_factor": 2.1424545554227836
}