{
    "structural_factor": 0.7472646001834976,
    "functional_factor": 2.8875979941895933
}