{
    "structural_factor": 5.027752753478787,
    "functional_factor": 1.72721321414043
}