{
    "structural_factor": 1.3663876846601009,
    "functional_factor": 1.9335856404811653
}