{
    "structural_factor": 2.517744665102534,
    "functional_factor": 2.6071278115104564
}