{
    "structural_factor": 1.6363009399379778,
    "functional_factor": 3.0153858782496346
}