{
    "structural_factor": 1.0181018114027671,
    "functional_factor": 2.340888036134894
}