{
    "structural_factor": 1.16450387541221,
    "functional_factor": 7.022673806618741
}