{
    "structural_factor": 1.8497269833634522,
    "functional_factor": 1.0000043713296227
}