{
    "structural_factor": 3.7794542562447337,
    "functional_factor": 1.079334943789552
}