{
    "structural_factor": 1.1071213093551193,
    "functional_factor": 1.1145310499452203
}