{
    "structural_factor": 4.523067256487065,
    "functional_factor": 1.211310564754074
}