{
    "structural_factor": 3.584625524372279,
    "functional_factor": 1.8012307691116565
}