{
    "structural_factor": 3.2717638457854186,
    "functional_factor": 1.1359767546383013
}