{
    "structural_factor": 3.82998378406557,
    "functional_factor": 1.3629402015055692
}