{
    "structural_factor": 1.361109892094198,
    "functional_factor": 1.0293047654304497
}