{
    "structural_factor": 2.578849128380074,
    "functional_factor": 2.4436042805547125
}