{
    "structural_factor": 3.2868952779418033,
    "functional_factor": 1.4617444098043546
}