{
    "structural_factor": 2.714055722522716,
    "functional_factor": 1.4708963978215202
}