{
    "structural_factor": 1.5075459657265078,
    "functional_factor": 1.0150948280255072
}