{
    "structural_factor": 0.7256280420007024,
    "functional_factor": 5.2031467499394815
}