{
    "structural_factor": 1.8931469560022118,
    "functional_factor": 2.1642866115997728
}