{
    "structural_factor": 4.758481052669347,
    "functional_factor": 1.0343837243232674
}