{
    "structural_factor": 1.5698442030727755,
    "functional_factor": 1.48397171984579
}