{
    "structural_factor": 1.3481414814625534,
    "functional_factor": 1.9889278795783647
}