{
    "structural_factor": 2.0948124474701326,
    "functional_factor": 1.7650944614002582
}