{
    "structural_factor": 1.2093261521447214,
    "functional_factor": 2.1857357700316102
}