{
    "structural_factor": 2.5548534730976407,
    "functional_factor": 1.7899137368324338
}