{
    "structural_factor": 1.196681668500356,
    "functional_factor": 1.6259423285148058
}