{
    "structural_factor": 0.8205156095057327,
    "functional_factor": 6.01553385277341
}