{
    "structural_factor": 1.339382902307972,
    "functional_factor": 2.0642479388021315
}