{
    "structural_factor": 4.144998751723093,
    "functional_factor": 2.7876379881996187
}