{
    "structural_factor": 1.4995375721782562,
    "functional_factor": 1.7216660469617673
}