{
    "structural_factor": 4.0605150544532504,
    "functional_factor": 1.8139094636529982
}