{
    "structural_factor": 1.0677082904969075,
    "functional_factor": 7.649426013618967
}