{
    "structural_factor": 1.1132078689387708,
    "functional_factor": 1.0635871419951466
}