{
    "structural_factor": 1.7336169873235,
    "functional_factor": 1.5710773684852128
}