{
    "structural_factor": 1.583763837462688,
    "functional_factor": 2.5226832079310872
}