{
    "structural_factor": 1.733502019434323,
    "functional_factor": 2.5297996826248395
}