{
    "structural_factor": 3.99037253417074,
    "functional_factor": 2.3499387637270814
}