{
    "structural_factor": 2.1786075130303817,
    "functional_factor": 3.399454171154297
}