{
    "structural_factor": 1.2274813409151457,
    "functional_factor": 1.9425401766727786
}