{
    "structural_factor": 2.314321170033405,
    "functional_factor": 1.17018507517712
}