{
    "structural_factor": 1.6016230162468548,
    "functional_factor": 2.5856067538362506
}