{
    "structural_factor": 1.049964556895592,
    "functional_factor": 1.003222319005414
}