{
    "structural_factor": 1.095985681023409,
    "functional_factor": 2.566340251857788
}