{
    "structural_factor": 1.038142373163221,
    "functional_factor": 1.4933416468409104
}