{
    "structural_factor": 3.5108726396389587,
    "functional_factor": 1.0157775425808184
}