{
    "structural_factor": 2.1375804147817328,
    "functional_factor": 4.10086320298352
}