{
    "structural_factor": 1.970225474100431,
    "functional_factor": 1.3268756149274632
}