{
    "structural_factor": 3.0132940751580897,
    "functional_factor": 1.0171334066109339
}