{
    "structural_factor": 2.194539095003673,
    "functional_factor": 1.662995081071959
}