{
    "structural_factor": 1.652050864667471,
    "functional_factor": 1.0037083039676324
}