{
    "structural_factor": 4.763997848007028,
    "functional_factor": 1.762788168280145
}