{
    "structural_factor": 1.7210063839132512,
    "functional_factor": 1.7354906941780064
}