{
    "structural_factor": 1.1475952958025035,
    "functional_factor": 4.578583185340124
}