{
    "structural_factor": 1.889308995607034,
    "functional_factor": 1.1133317536560132
}