{
    "structural_factor": 1.0722356480929853,
    "functional_factor": 1.6260551219029409
}