{
    "structural_factor": 2.7417949710510503,
    "functional_factor": 3.4322379286885543
}