{
    "structural_factor": 1.3660922122339259,
    "functional_factor": 1.7497407463344445
}