{
    "structural_factor": 1.5454466989648907,
    "functional_factor": 1.0588168400130389
}