{
    "structural_factor": 1.269294080781269,
    "functional_factor": 3.7033327843977353
}