{
    "structural_factor": 2.061591580386515,
    "functional_factor": 1.2399021877882843
}