{
    "structural_factor": 2.738015005010835,
    "functional_factor": 1.7489411483607742
}