{
    "structural_factor": 1.1933964263525603,
    "functional_factor": 2.4959620493776584
}