{
    "structural_factor": 1.0029338080125347,
    "functional_factor": 2.466913628651702
}