{
    "structural_factor": 1.6064459440041226,
    "functional_factor": 1.681703054595873
}