{
    "structural_factor": 1.507403391239146,
    "functional_factor": 1.3188275611889826
}