{
    "structural_factor": 1.7255470182916026,
    "functional_factor": 1.056153866686818
}