{
    "structural_factor": 1.4006959919948567,
    "functional_factor": 1.0033290289724972
}