{
    "structural_factor": 4.290866592819394,
    "functional_factor": 1.1998930017884097
}