{
    "structural_factor": 2.6833359898669458,
    "functional_factor": 1.5524102355535399
}