{
    "structural_factor": 3.2953270889286146,
    "functional_factor": 1.366693437282921
}