{
    "structural_factor": 1.8071207163188798,
    "functional_factor": 1.013957025632556
}