{
    "structural_factor": 1.8161748906770865,
    "functional_factor": 4.668796362409479
}