{
    "structural_factor": 1.6968365496320161,
    "functional_factor": 3.2323356142917365
}