{
    "structural_factor": 1.5550344216647172,
    "functional_factor": 1.6300457861216284
}