{
    "structural_factor": 5.017896759439854,
    "functional_factor": 1.1323942733154244
}