{
    "structural_factor": 1.0894141004706626,
    "functional_factor": 1.3180282705544142
}