{
    "structural_factor": 1.9578064108078868,
    "functional_factor": 1.0139935518842949
}