{
    "structural_factor": 1.1319188287397226,
    "functional_factor": 2.132892114129344
}