{
    "structural_factor": 4.017291181820163,
    "functional_factor": 1.7444794005723672
}