{
    "structural_factor": 1.7497221456666323,
    "functional_factor": 1.0000007095237988
}