{
    "structural_factor": 1.255295016744187,
    "functional_factor": 1.0150309142162433
}