{
    "structural_factor": 0.9158789149758751,
    "functional_factor": 3.662446322237295
}