{
    "structural_factor": 1.406915106768576,
    "functional_factor": 3.913946226634373
}