{
    "structural_factor": 1.9461401040960296,
    "functional_factor": 3.0185911761832647
}