{
    "structural_factor": 1.961750058717935,
    "functional_factor": 1.6875683851982588
}