{
    "structural_factor": 1.9713904125835977,
    "functional_factor": 1.206736005527954
}