{
    "structural_factor": 1.7218008998342014,
    "functional_factor": 5.11283274085306
}