{
    "structural_factor": 4.034797804389042,
    "functional_factor": 1.3624884928604837
}