{
    "structural_factor": 1.3494104380219292,
    "functional_factor": 7.4119520326928585
}