{
    "structural_factor": 2.7619221975206654,
    "functional_factor": 2.6144974611633547
}