{
    "structural_factor": 3.011720492038925,
    "functional_factor": 1.0160803965405911
}