{
    "structural_factor": 3.5388736630464566,
    "functional_factor": 1.2032531489015832
}