{
    "structural_factor": 4.515759232560636,
    "functional_factor": 2.2193051504043324
}