{
    "structural_factor": 1.6800921080368851,
    "functional_factor": 1.311955878565749
}