{
    "structural_factor": 1.9308032814349738,
    "functional_factor": 1.35901103916442
}