{
    "structural_factor": 4.107190426646902,
    "functional_factor": 2.223187787188915
}