{
    "structural_factor": 1.48556994896655,
    "functional_factor": 1.0988782088308557
}