{
    "structural_factor": 1.1464843536834308,
    "functional_factor": 5.770168443270265
}