{
    "structural_factor": 1.7052904090248988,
    "functional_factor": 1.142435393568257
}