{
    "structural_factor": 1.6295945259963747,
    "functional_factor": 1.0624784689008635
}