{
    "structural_factor": 1.1895143528643266,
    "functional_factor": 5.821698030018942
}