{
    "structural_factor": 4.576868596536378,
    "functional_factor": 3.560113156355842
}