{
    "structural_factor": 5.035486229096477,
    "functional_factor": 1.1365712438121647
}