{
    "structural_factor": 3.5101510419686157,
    "functional_factor": 2.2327557633567943
}