{
    "structural_factor": 1.0763239686955144,
    "functional_factor": 10.151465427027206
}