{
    "structural_factor": 1.5635628786289975,
    "functional_factor": 1.7638863715337978
}