{
    "structural_factor": 1.9092928177473976,
    "functional_factor": 4.135981433466812
}