{
    "structural_factor": 1.379384163221781,
    "functional_factor": 1.0981304500820406
}