{
    "structural_factor": 1.5804483407450516,
    "functional_factor": 1.627996316879917
}