{
    "structural_factor": 3.4736892510263786,
    "functional_factor": 1.6320374216597429
}