{
    "structural_factor": 1.0934122334549847,
    "functional_factor": 1.3333680176852662
}