{
    "structural_factor": 2.445888522990906,
    "functional_factor": 2.3006017760933855
}