{
    "structural_factor": 1.941101237614297,
    "functional_factor": 1.112019044418172
}