{
    "structural_factor": 2.3762266935916583,
    "functional_factor": 1.9438636725175633
}