{
    "structural_factor": 1.786293147550586,
    "functional_factor": 1.5031785218043527
}