{
    "structural_factor": 4.446731603366751,
    "functional_factor": 3.4587105679491863
}