{
    "structural_factor": 1.2504613229225354,
    "functional_factor": 1.0037098530251591
}