{
    "structural_factor": 1.3185820104545862,
    "functional_factor": 1.2026292947529438
}