{
    "structural_factor": 1.0353480969027988,
    "functional_factor": 2.0388778114696913
}