{
    "structural_factor": 4.024671835857221,
    "functional_factor": 4.430251073935932
}