{
    "structural_factor": 4.501141618903484,
    "functional_factor": 0.9996169119543894
}