{
    "structural_factor": 4.1057450801143816,
    "functional_factor": 3.2625380311521934
}