{
    "structural_factor": 1.7929465675399057,
    "functional_factor": 2.1670705734021722
}