{
    "structural_factor": 3.056608403053897,
    "functional_factor": 1.3601846557689086
}