{
    "structural_factor": 1.7010739117355647,
    "functional_factor": 1.0031475948456823
}