{
    "structural_factor": 1.4397004269904585,
    "functional_factor": 4.537111870818214
}