{
    "structural_factor": 1.3026938240304216,
    "functional_factor": 5.506598190380696
}