{
    "structural_factor": 1.561328308295234,
    "functional_factor": 3.175870326355875
}