{
    "structural_factor": 1.2709284583560698,
    "functional_factor": 1.0632161224425691
}