{
    "structural_factor": 1.3860460034567021,
    "functional_factor": 1.2381192762372624
}