{
    "structural_factor": 2.2898963192324486,
    "functional_factor": 2.068491745338668
}