{
    "structural_factor": 2.496679121525568,
    "functional_factor": 3.690204430662004
}