{
    "structural_factor": 2.3060700448945357,
    "functional_factor": 1.108519951060725
}