{
    "structural_factor": 1.6277927560415957,
    "functional_factor": 2.3798350721318577
}