{
    "structural_factor": 1.7846861301828276,
    "functional_factor": 6.540389424930829
}