{
    "structural_factor": 0.9784638166318969,
    "functional_factor": 3.231913043035227
}