{
    "structural_factor": 1.9693961768907569,
    "functional_factor": 1.0353333020412034
}