{
    "structural_factor": 2.2504853085788215,
    "functional_factor": 3.1381276457107155
}