{
    "structural_factor": 1.4269604897105204,
    "functional_factor": 1.1121189179447242
}