{
    "structural_factor": 1.2023358959923036,
    "functional_factor": 1.0297729335913162
}