{
    "structural_factor": 1.3667053588955165,
    "functional_factor": 4.530953264221355
}