{
    "structural_factor": 0.8820519930137061,
    "functional_factor": 3.696620257609974
}