{
    "structural_factor": 1.9803903026815124,
    "functional_factor": 1.2300565072581056
}