{
    "structural_factor": 1.0275764121381181,
    "functional_factor": 1.3279434009863098
}