{
    "structural_factor": 1.5197477381500122,
    "functional_factor": 3.335844213267971
}