{
    "structural_factor": 1.911997313256562,
    "functional_factor": 1.0259919344817974
}