{
    "structural_factor": 4.1435671514378996,
    "functional_factor": 2.9672914997277333
}