{
    "structural_factor": 0.8992280610963421,
    "functional_factor": 7.788807467449779
}