{
    "structural_factor": 1.3013782717710793,
    "functional_factor": 1.0038936751905423
}