{
    "structural_factor": 1.091427880772639,
    "functional_factor": 1.6515575850703759
}