{
    "structural_factor": 2.26176872631631,
    "functional_factor": 1.0299392501453897
}