{
    "structural_factor": 1.4084973529829452,
    "functional_factor": 1.2250124908214142
}