{
    "structural_factor": 2.512537900948247,
    "functional_factor": 2.529584888112089
}