{
    "structural_factor": 2.521724102352504,
    "functional_factor": 1.0309790977904947
}