{
    "structural_factor": 3.6132538575470194,
    "functional_factor": 2.635942560875697
}