{
    "structural_factor": 0.9719967900239433,
    "functional_factor": 1.9252088895928934
}