{
    "structural_factor": 2.8311961249671294,
    "functional_factor": 1.210607613246737
}