{
    "structural_factor": 1.2481833734458245,
    "functional_factor": 1.638623423892815
}