{
    "structural_factor": 1.2420118887335256,
    "functional_factor": 1.2442366357141998
}