{
    "structural_factor": 4.1850101842455425,
    "functional_factor": 1.7660319538914842
}