{
    "structural_factor": 3.298680836379109,
    "functional_factor": 1.2772452768951639
}