{
    "structural_factor": 2.4101179678419085,
    "functional_factor": 1.9935532079462839
}