{
    "structural_factor": 1.2912221321777677,
    "functional_factor": 6.067878912814132
}