{
    "structural_factor": 1.8026768557098745,
    "functional_factor": 1.152713571238901
}