{
    "structural_factor": 2.7495996082003566,
    "functional_factor": 0.9999675958819121
}