{
    "structural_factor": 1.2466716567396743,
    "functional_factor": 1.7594232586173244
}