{
    "structural_factor": 2.288039982394475,
    "functional_factor": 1.088471344710929
}