{
    "structural_factor": 1.27025577925911,
    "functional_factor": 7.5921296246722
}