{
    "structural_factor": 1.2170512705780787,
    "functional_factor": 1.0633577242875427
}