{
    "structural_factor": 1.8555515429140548,
    "functional_factor": 2.5618382233357537
}