{
    "structural_factor": 3.7434882153744766,
    "functional_factor": 3.595009114550828
}