{
    "structural_factor": 1.7639178101336246,
    "functional_factor": 1.0348543581843932
}