{
    "structural_factor": 1.3376618568220209,
    "functional_factor": 1.2357952737734186
}