{
    "structural_factor": 4.673666979981731,
    "functional_factor": 2.4320638314403085
}