{
    "structural_factor": 2.2496107141893416,
    "functional_factor": 1.0000044941143882
}