{
    "structural_factor": 3.7535601298054178,
    "functional_factor": 1.0172400525421696
}