{
    "structural_factor": 3.233581931611044,
    "functional_factor": 2.112727955012522
}