{
    "structural_factor": 1.4362842394951885,
    "functional_factor": 1.8365198059377152
}