{
    "structural_factor": 1.191692572555913,
    "functional_factor": 1.1799852302690135
}