{
    "structural_factor": 2.7699289952049306,
    "functional_factor": 1.0379329088847893
}