{
    "structural_factor": 4.673174507285324,
    "functional_factor": 3.396493400644205
}