{
    "structural_factor": 2.2764775675154425,
    "functional_factor": 1.0385792810351588
}