{
    "structural_factor": 3.7523039599611936,
    "functional_factor": 1.713131545280245
}