{
    "structural_factor": 1.8685483289030178,
    "functional_factor": 1.036158139695076
}