{
    "structural_factor": 3.148898916491465,
    "functional_factor": 4.027539803286682
}