{
    "structural_factor": 2.0267386219407046,
    "functional_factor": 1.1767992817411423
}