{
    "structural_factor": 2.178906772644036,
    "functional_factor": 2.1939865697350016
}