{
    "structural_factor": 1.7573188260704544,
    "functional_factor": 1.0286833269888391
}