{
    "structural_factor": 1.0967106689414672,
    "functional_factor": 1.7523260542000179
}