{
    "structural_factor": 1.1554524777261694,
    "functional_factor": 2.2234891271542656
}