{
    "structural_factor": 3.0456510128639223,
    "functional_factor": 1.125523976546959
}