{
    "structural_factor": 2.4865725330102992,
    "functional_factor": 4.677571786983306
}