{
    "structural_factor": 1.6842840748282588,
    "functional_factor": 1.9611667855692498
}