{
    "structural_factor": 1.9506042164140154,
    "functional_factor": 2.49250415526226
}