{
    "structural_factor": 4.258603747736427,
    "functional_factor": 1.0167891865748637
}