{
    "structural_factor": 0.8113162267334879,
    "functional_factor": 3.5484261548338547
}