{
    "structural_factor": 1.5292718400164447,
    "functional_factor": 1.6804517715607394
}