{
    "structural_factor": 1.7533162364951407,
    "functional_factor": 1.640178951855913
}