{
    "structural_factor": 1.4408645647790965,
    "functional_factor": 2.1340638033023467
}