{
    "structural_factor": 1.7024893141617865,
    "functional_factor": 1.6362931290843492
}