{
    "structural_factor": 1.3087856013433121,
    "functional_factor": 1.031425471253093
}