{
    "structural_factor": 4.250647161913096,
    "functional_factor": 1.0046607561530851
}