{
    "structural_factor": 4.766740089454175,
    "functional_factor": 1.0441830262469338
}