{
    "structural_factor": 2.0385847088218876,
    "functional_factor": 1.5117200939204538
}