{
    "structural_factor": 1.606763457342489,
    "functional_factor": 1.280320475388416
}