{
    "structural_factor": 1.2457972107180684,
    "functional_factor": 2.602361661779914
}