{
    "structural_factor": 3.1393841978070016,
    "functional_factor": 2.2194462638719155
}