{
    "structural_factor": 2.089332644822853,
    "functional_factor": 1.221873875373715
}