{
    "structural_factor": 2.4996785473905025,
    "functional_factor": 0.9999794247159115
}