{
    "structural_factor": 3.0347467951112055,
    "functional_factor": 1.7277273588482172
}