{
    "structural_factor": 4.771636843098096,
    "functional_factor": 1.1836704007585996
}