{
    "structural_factor": 1.5519916709173216,
    "functional_factor": 5.871285657509244
}