{
    "structural_factor": 3.453801518786521,
    "functional_factor": 3.4939169057625126
}