{
    "structural_factor": 3.2658282238070937,
    "functional_factor": 2.106239836405462
}