{
    "structural_factor": 2.5622151611828445,
    "functional_factor": 1.6693353142339145
}