{
    "structural_factor": 1.9068963126986207,
    "functional_factor": 1.1654643670189084
}