{
    "structural_factor": 1.951343430765577,
    "functional_factor": 1.0139953083412938
}