{
    "structural_factor": 1.1019860893081377,
    "functional_factor": 1.5008599558182596
}