{
    "structural_factor": 1.9415377511990406,
    "functional_factor": 2.7551512870527524
}