{
    "structural_factor": 1.7682341326557833,
    "functional_factor": 1.9696171103672349
}