{
    "structural_factor": 1.1730342071436302,
    "functional_factor": 1.9987442571417728
}