{
    "structural_factor": 4.003218409695891,
    "functional_factor": 2.247156527981999
}