{
    "structural_factor": 1.3514021875756181,
    "functional_factor": 1.0034340195962965
}