{
    "structural_factor": 2.2633830949776903,
    "functional_factor": 3.1466454004938913
}