{
    "structural_factor": 2.0025775799835657,
    "functional_factor": 1.00379184945557
}