{
    "structural_factor": 2.2529451692522424,
    "functional_factor": 1.014484908934813
}