{
    "structural_factor": 1.1208335692135234,
    "functional_factor": 2.768347297883957
}