{
    "structural_factor": 1.2461587950067536,
    "functional_factor": 1.1776497663611794
}