{
    "structural_factor": 2.286021999535331,
    "functional_factor": 1.0632117245485613
}