{
    "structural_factor": 2.168872744913249,
    "functional_factor": 3.9913963515211104
}