{
    "structural_factor": 1.120869951483437,
    "functional_factor": 2.981813402130092
}