{
    "structural_factor": 1.038645091011653,
    "functional_factor": 1.6423350555230722
}