{
    "structural_factor": 1.4212841118259398,
    "functional_factor": 2.040599624899742
}