{
    "structural_factor": 4.513522049712208,
    "functional_factor": 1.0395523762297523
}