{
    "structural_factor": 4.52247470003214,
    "functional_factor": 1.1305896552932453
}