{
    "structural_factor": 1.20058700763868,
    "functional_factor": 1.003650608790421
}