{
    "structural_factor": 3.0394156977228444,
    "functional_factor": 1.7346513079183068
}