{
    "structural_factor": 0.1541639423734066,
    "functional_factor": 4.751709197327075
}