{
    "structural_factor": 2.7599065484608762,
    "functional_factor": 1.0157863317985267
}