{
    "structural_factor": 1.3779350392609935,
    "functional_factor": 2.492940752624838
}