{
    "structural_factor": 0.9994262644763819,
    "functional_factor": 5.0816867275162965
}