{
    "structural_factor": 3.0643871015742055,
    "functional_factor": 3.352965602459259
}