{
    "structural_factor": 1.3904196834441427,
    "functional_factor": 1.1634953760760713
}