{
    "structural_factor": 1.6514872960241076,
    "functional_factor": 1.0035957951790186
}