{
    "structural_factor": 1.4474927146042134,
    "functional_factor": 2.5616245809450704
}