{
    "structural_factor": 0.9399078401287605,
    "functional_factor": 6.026534227515383
}