{
    "structural_factor": 1.1696578144038852,
    "functional_factor": 1.2331449617530117
}