{
    "structural_factor": 4.69825568635063,
    "functional_factor": 1.5574808402765454
}