{
    "structural_factor": 1.6796075294937496,
    "functional_factor": 3.068615085880148
}