{
    "structural_factor": 4.748578434719244,
    "functional_factor": 1.2483931343731398
}