{
    "structural_factor": 1.2160579470180906,
    "functional_factor": 1.9248583360322593
}