{
    "structural_factor": 2.5183823068056346,
    "functional_factor": 1.4645609768641406
}