{
    "structural_factor": 3.5001297066766917,
    "functional_factor": 4.888462727077854
}