{
    "structural_factor": 1.5016599060576556,
    "functional_factor": 1.0036139676981521
}