{
    "structural_factor": 4.752032713376972,
    "functional_factor": 0.999421685883046
}