{
    "structural_factor": 1.2373815539703352,
    "functional_factor": 2.570632592396388
}