{
    "structural_factor": 1.7562286155092983,
    "functional_factor": 3.5094999326587186
}