{
    "structural_factor": 1.3560417579220014,
    "functional_factor": 1.0260917900063649
}