{
    "structural_factor": 3.7561360467269815,
    "functional_factor": 2.6163152887013714
}