{
    "structural_factor": 5.0022433943395646,
    "functional_factor": 0.999396898469569
}