{
    "structural_factor": 0.38817445558788727,
    "functional_factor": 4.3267930286143725
}