{
    "structural_factor": 1.3631174868350964,
    "functional_factor": 2.863320442886757
}