{
    "structural_factor": 1.1433781373556673,
    "functional_factor": 3.3927415321091265
}