{
    "structural_factor": 1.5504350580780633,
    "functional_factor": 1.0036940724728278
}