{
    "structural_factor": 1.6694022538265585,
    "functional_factor": 1.228328234419706
}