{
    "structural_factor": 3.5878278517967295,
    "functional_factor": 3.217726481033724
}