{
    "structural_factor": 4.526970207834907,
    "functional_factor": 1.1620296372792978
}