{
    "structural_factor": 1.3859826828551556,
    "functional_factor": 2.5936119283368897
}