{
    "structural_factor": 2.9628234753937845,
    "functional_factor": 1.804972098990503
}