{
    "structural_factor": 1.5896688075534866,
    "functional_factor": 2.047015323395222
}