{
    "structural_factor": 1.5760272561481707,
    "functional_factor": 1.0621075452330997
}