{
    "structural_factor": 1.0709642751883843,
    "functional_factor": 4.397879885130166
}