{
    "structural_factor": 1.652058550186938,
    "functional_factor": 1.0034418877812046
}