{
    "structural_factor": 3.3822616412230553,
    "functional_factor": 2.3571335880943187
}