{
    "structural_factor": 2.277331080248302,
    "functional_factor": 2.229540032965163
}