{
    "structural_factor": 1.8144871997231824,
    "functional_factor": 1.0347802657118266
}