{
    "structural_factor": 1.9581370423944853,
    "functional_factor": 1.0151064886070726
}