{
    "structural_factor": 1.8004653868743663,
    "functional_factor": 1.7030678418142948
}