{
    "structural_factor": 2.0118786206709967,
    "functional_factor": 1.0263260592054364
}