{
    "structural_factor": 1.3972052793602765,
    "functional_factor": 2.4391759277541913
}