{
    "structural_factor": 0.9681811661450539,
    "functional_factor": 3.291503910433599
}