{
    "structural_factor": 1.4727789281444141,
    "functional_factor": 1.498696164831745
}