{
    "structural_factor": 1.7335599064936411,
    "functional_factor": 1.9967691964464145
}