{
    "structural_factor": 3.981901213521752,
    "functional_factor": 2.6313737551175906
}