{
    "structural_factor": 1.8869712728657952,
    "functional_factor": 1.3269521551566035
}