{
    "structural_factor": 1.3554035056183074,
    "functional_factor": 1.0146804288110953
}