{
    "structural_factor": 1.6805868674009026,
    "functional_factor": 1.3233060897787514
}