{
    "structural_factor": 1.6998323134149271,
    "functional_factor": 0.9999708964926883
}