{
    "structural_factor": 1.5745716951522954,
    "functional_factor": 1.5213305939779187
}