{
    "structural_factor": 1.9578715717835857,
    "functional_factor": 1.01284967881727
}