{
    "structural_factor": 1.7120042669885036,
    "functional_factor": 1.949610173657015
}