{
    "structural_factor": 1.7336077828358292,
    "functional_factor": 3.5745945458049593
}