{
    "structural_factor": 1.5994518695811952,
    "functional_factor": 2.7443070596206556
}