{
    "structural_factor": 3.00653084349738,
    "functional_factor": 2.6260554841823045
}