{
    "structural_factor": 1.206831810666635,
    "functional_factor": 3.713489950936697
}