{
    "structural_factor": 1.4949456145716122,
    "functional_factor": 1.058297682990364
}