{
    "structural_factor": 3.061039732376817,
    "functional_factor": 2.772880510898265
}