{
    "structural_factor": 4.397718260941466,
    "functional_factor": 2.340114963680425
}