{
    "structural_factor": 1.5160415810765422,
    "functional_factor": 1.1377283266682945
}