{
    "structural_factor": 1.0179092996766625,
    "functional_factor": 1.1001670972380952
}