{
    "structural_factor": 4.7538199615305174,
    "functional_factor": 1.0040512000862907
}