{
    "structural_factor": 1.8722140085012837,
    "functional_factor": 1.1770370375252486
}