{
    "structural_factor": 3.5584496892724107,
    "functional_factor": 2.3449699224843217
}