{
    "structural_factor": 3.035046257427191,
    "functional_factor": 5.340300755658044
}