{
    "structural_factor": 1.75757841922171,
    "functional_factor": 1.0147834613962918
}