{
    "structural_factor": 4.7882838139719786,
    "functional_factor": 1.7097874279097574
}