{
    "structural_factor": 1.7553653651403487,
    "functional_factor": 2.564341098136041
}