{
    "structural_factor": 1.9207216374463238,
    "functional_factor": 5.858205091841922
}