{
    "structural_factor": 1.0895260049780442,
    "functional_factor": 1.6360361289691898
}