{
    "structural_factor": 1.439469821417328,
    "functional_factor": 2.5716485330270187
}