{
    "structural_factor": 2.306467609383334,
    "functional_factor": 1.707189300112802
}