{
    "structural_factor": 2.287303744688049,
    "functional_factor": 1.728585159606758
}