{
    "structural_factor": 3.2668015159222152,
    "functional_factor": 1.4950946514095589
}