{
    "structural_factor": 2.5486448749909854,
    "functional_factor": 1.720239021230073
}