{
    "structural_factor": 3.57210686698658,
    "functional_factor": 4.435938806951688
}