{
    "structural_factor": 1.731548183063268,
    "functional_factor": 1.0650782991004275
}