{
    "structural_factor": 1.4961605241872775,
    "functional_factor": 2.0540788690313274
}