{
    "structural_factor": 2.3137631695006764,
    "functional_factor": 1.1564271963954327
}