{
    "structural_factor": 1.8477719446903615,
    "functional_factor": 1.0977765594878728
}