{
    "structural_factor": 3.0090431702694445,
    "functional_factor": 1.8012735531077744
}