{
    "structural_factor": 2.390531542363334,
    "functional_factor": 3.939691825810352
}