{
    "structural_factor": 2.7443737678713154,
    "functional_factor": 3.2046487905749825
}