{
    "structural_factor": 2.462425938566679,
    "functional_factor": 2.9844023496238146
}