{
    "structural_factor": 1.5671840120229916,
    "functional_factor": 3.3749296528347705
}