{
    "structural_factor": 3.795196477835578,
    "functional_factor": 1.1292445493724546
}