{
    "structural_factor": 4.767447641416088,
    "functional_factor": 1.3497401299818288
}