{
    "structural_factor": 1.2296841523129647,
    "functional_factor": 1.1526272449761341
}