{
    "structural_factor": 1.1998216327806155,
    "functional_factor": 0.9999971786169595
}