{
    "structural_factor": 3.2884537800658857,
    "functional_factor": 1.1713797573510962
}