{
    "structural_factor": 2.239479889789045,
    "functional_factor": 2.775042055826056
}