{
    "structural_factor": 1.8713227768256921,
    "functional_factor": 9.662929115572538
}