{
    "structural_factor": 3.19745170062052,
    "functional_factor": 3.0374685335328593
}