{
    "structural_factor": 1.2044464712684475,
    "functional_factor": 1.0152088152193042
}