{
    "structural_factor": 3.801891054965738,
    "functional_factor": 1.1200622168786298
}