{
    "structural_factor": 1.3442487475610128,
    "functional_factor": 1.632367429122383
}