{
    "structural_factor": 2.6294106908119117,
    "functional_factor": 7.356977224252348
}