{
    "structural_factor": 1.4355896923005669,
    "functional_factor": 2.7604561097243145
}