{
    "structural_factor": 1.1115766469722892,
    "functional_factor": 3.7212841846927467
}