{
    "structural_factor": 1.4243322781084815,
    "functional_factor": 1.1615225494637884
}