{
    "structural_factor": 1.8851994956396563,
    "functional_factor": 2.390416485922946
}