{
    "structural_factor": 2.502088816755706,
    "functional_factor": 1.003663791640571
}