{
    "structural_factor": 1.5569750206434392,
    "functional_factor": 5.865575699706399
}