{
    "structural_factor": 4.502973627822297,
    "functional_factor": 1.0043757807169487
}