{
    "structural_factor": 1.6846534719110822,
    "functional_factor": 1.4706741223011703
}