{
    "structural_factor": 2.9997723665285623,
    "functional_factor": 0.999918147335445
}