{
    "structural_factor": 2.7815561072245023,
    "functional_factor": 1.0972349526634693
}