{
    "structural_factor": 1.2570997722843011,
    "functional_factor": 2.484264033669489
}