{
    "structural_factor": 1.1765553301717324,
    "functional_factor": 2.7766735985610174
}