{
    "structural_factor": 2.670150210166775,
    "functional_factor": 3.8455014148370985
}