{
    "structural_factor": 2.6837172204136652,
    "functional_factor": 2.5573670322983273
}