{
    "structural_factor": 3.5827646728208555,
    "functional_factor": 2.201666177046558
}