{
    "structural_factor": 0.7564414279152862,
    "functional_factor": 5.913403124595646
}