{
    "structural_factor": 1.7953767640541876,
    "functional_factor": 2.7617312689095055
}