{
    "structural_factor": 2.395897863784449,
    "functional_factor": 3.956422771660681
}