{
    "structural_factor": 1.430836992918152,
    "functional_factor": 1.098012274793627
}