{
    "structural_factor": 4.520450740072188,
    "functional_factor": 1.1238139128041007
}