{
    "structural_factor": 4.031337282968141,
    "functional_factor": 1.0794462934288884
}