{
    "structural_factor": 3.7940085524848697,
    "functional_factor": 1.7194840677917154
}