{
    "structural_factor": 4.736780385275216,
    "functional_factor": 1.0785747144577216
}