{
    "structural_factor": 1.7807718640710373,
    "functional_factor": 1.6869044567957996
}