{
    "structural_factor": 1.6285638317572089,
    "functional_factor": 1.898304176239263
}