{
    "structural_factor": 1.6997727980646264,
    "functional_factor": 1.000003374294786
}