{
    "structural_factor": 1.5044985325636397,
    "functional_factor": 1.677019456409912
}