{
    "structural_factor": 1.446606402158146,
    "functional_factor": 3.376206944790412
}