{
    "structural_factor": 2.8618769336710037,
    "functional_factor": 3.9559715928322325
}