{
    "structural_factor": 1.472178142353847,
    "functional_factor": 1.0643664901368264
}