{
    "structural_factor": 4.564508757597468,
    "functional_factor": 1.3735134237075513
}