{
    "structural_factor": 1.308343793105102,
    "functional_factor": 1.328239222777043
}