{
    "structural_factor": 1.0620174192957634,
    "functional_factor": 1.0585376704272385
}