{
    "structural_factor": 1.4886394484803844,
    "functional_factor": 3.496985353831842
}