{
    "structural_factor": 1.6996211666890821,
    "functional_factor": 1.4391418322448726
}