{
    "structural_factor": 1.0998615195783783,
    "functional_factor": 0.9999901666997251
}