{
    "structural_factor": 1.9007403330444064,
    "functional_factor": 1.003920505364466
}