{
    "structural_factor": 1.8005954059053746,
    "functional_factor": 1.5549003628036564
}