{
    "structural_factor": 2.7527051961800235,
    "functional_factor": 1.004128255600083
}