{
    "structural_factor": 1.6045415768736668,
    "functional_factor": 1.4094289931039703
}