{
    "structural_factor": 2.9597579231335978,
    "functional_factor": 2.5437197608672015
}