{
    "structural_factor": 1.2866841197796588,
    "functional_factor": 1.434572938816302
}