{
    "structural_factor": 1.3998051649380685,
    "functional_factor": 0.9999961950856201
}