{
    "structural_factor": 1.9590522227632707,
    "functional_factor": 1.647900314185639
}