{
    "structural_factor": 2.5693390333009924,
    "functional_factor": 1.1321520988202538
}