{
    "structural_factor": 1.816135334580938,
    "functional_factor": 3.266730899417963
}