{
    "structural_factor": 1.4273447926231593,
    "functional_factor": 2.5466715225473493
}