{
    "structural_factor": 1.9275776402144933,
    "functional_factor": 6.2858018723999844
}