{
    "structural_factor": 2.3085974012675625,
    "functional_factor": 1.8582101220448588
}