{
    "structural_factor": 4.810412365080951,
    "functional_factor": 1.5116894044901825
}