{
    "structural_factor": 3.5343244954606288,
    "functional_factor": 1.9102816454411018
}