{
    "structural_factor": 1.3262112792667222,
    "functional_factor": 2.04056302015621
}