{
    "structural_factor": 1.0676464017981535,
    "functional_factor": 1.1017988490568762
}