{
    "structural_factor": 1.2061093687550304,
    "functional_factor": 2.337191946098984
}