{
    "structural_factor": 2.593861441974148,
    "functional_factor": 1.4716434984386466
}