{
    "structural_factor": 4.298676085489458,
    "functional_factor": 1.720071985486602
}