{
    "structural_factor": 1.02887881931474,
    "functional_factor": 1.9469747904451669
}