{
    "structural_factor": 2.3387041243128377,
    "functional_factor": 1.4683001534927242
}