{
    "structural_factor": 4.250447724417734,
    "functional_factor": 2.7808041029180086
}