{
    "structural_factor": 1.9858419623113839,
    "functional_factor": 3.0083242718588368
}