{
    "structural_factor": 1.0923126935150422,
    "functional_factor": 1.2272605723816898
}