{
    "structural_factor": 2.2882417125435572,
    "functional_factor": 1.067028671559921
}