{
    "structural_factor": 1.7997424012956356,
    "functional_factor": 1.0000153997005108
}