{
    "structural_factor": 1.4497836124410273,
    "functional_factor": 1.0000070603518114
}