{
    "structural_factor": 3.097857538749283,
    "functional_factor": 1.3546704929553075
}