{
    "structural_factor": 1.467866899848114,
    "functional_factor": 1.9430186867760655
}