{
    "structural_factor": 1.4263373380878468,
    "functional_factor": 3.7751645909859497
}