{
    "structural_factor": 3.49665806210609,
    "functional_factor": 2.641182426704004
}