{
    "structural_factor": 1.9120097763858481,
    "functional_factor": 1.6861705083866039
}