{
    "structural_factor": 3.7500243303814838,
    "functional_factor": 0.9998631228211626
}