{
    "structural_factor": 4.971583102774258,
    "functional_factor": 1.7765095986056187
}