{
    "structural_factor": 1.7222886398620356,
    "functional_factor": 4.635311001336609
}