{
    "structural_factor": 4.7416084000173635,
    "functional_factor": 2.2396597843344113
}