{
    "structural_factor": 4.251547461754889,
    "functional_factor": 1.1700212765867184
}