{
    "structural_factor": 4.500572429451915,
    "functional_factor": 0.9997311650419034
}