{
    "structural_factor": 1.8963703425535168,
    "functional_factor": 1.3501394936291333
}