{
    "structural_factor": 1.4863211611708402,
    "functional_factor": 4.551445823548338
}