{
    "structural_factor": 1.575806893206045,
    "functional_factor": 3.7798971841370688
}