{
    "structural_factor": 3.8188480824172246,
    "functional_factor": 1.2662215234707241
}