{
    "structural_factor": 1.6858313387749029,
    "functional_factor": 1.1041393003279338
}