{
    "structural_factor": 1.3688900694439472,
    "functional_factor": 3.054438996692441
}