{
    "structural_factor": 1.6516074373563014,
    "functional_factor": 1.0040979951677815
}