{
    "structural_factor": 1.9099004931018524,
    "functional_factor": 1.015404576098332
}