{
    "structural_factor": 0.7012465540125207,
    "functional_factor": 5.075010541661269
}