{
    "structural_factor": 1.1478612110674187,
    "functional_factor": 1.3319372598040604
}