{
    "structural_factor": 1.781947987052007,
    "functional_factor": 1.0624212787021257
}