{
    "structural_factor": 1.1414954723727224,
    "functional_factor": 3.2225715216255466
}