{
    "structural_factor": 2.1160706229254522,
    "functional_factor": 4.633096497723082
}