{
    "structural_factor": 1.7523387272352096,
    "functional_factor": 2.467935850109182
}