{
    "structural_factor": 3.534607521732748,
    "functional_factor": 1.0753013393788233
}