{
    "structural_factor": 2.2886511388778987,
    "functional_factor": 3.6686818583623544
}