{
    "structural_factor": 2.5180339172596984,
    "functional_factor": 2.5805513879913744
}