{
    "structural_factor": 3.0715064868903634,
    "functional_factor": 1.9083074567483684
}