{
    "structural_factor": 5.021416899475486,
    "functional_factor": 1.3855947502477568
}