{
    "structural_factor": 0.9888258282270671,
    "functional_factor": 1.0603603067766776
}