{
    "structural_factor": 3.3337353626082646,
    "functional_factor": 7.223289030969802
}