{
    "structural_factor": 1.867464205733594,
    "functional_factor": 1.0310097545652825
}