{
    "structural_factor": 4.252304189238383,
    "functional_factor": 1.00442299468642
}