{
    "structural_factor": 1.816256060822005,
    "functional_factor": 1.300885702317942
}