{
    "structural_factor": 0.8150829650882777,
    "functional_factor": 3.6519373269842883
}