{
    "structural_factor": 1.841359262346724,
    "functional_factor": 1.947726954795954
}