{
    "structural_factor": 0.6023364840173762,
    "functional_factor": 5.848559342234791
}