{
    "structural_factor": 2.4640064358127534,
    "functional_factor": 3.011452656959026
}