{
    "structural_factor": 1.7850712394670918,
    "functional_factor": 3.5625342291497573
}