{
    "structural_factor": 3.657796075517756,
    "functional_factor": 2.2023544196299722
}