{
    "structural_factor": 0.8431417619732342,
    "functional_factor": 9.927790820275833
}