{
    "structural_factor": 3.5806565615236967,
    "functional_factor": 3.767784630935483
}