{
    "structural_factor": 1.259467607231581,
    "functional_factor": 5.953353253806753
}