{
    "structural_factor": 0.9455049372398108,
    "functional_factor": 3.921366566299595
}