{
    "structural_factor": 1.40444156551078,
    "functional_factor": 1.6484357033749966
}