{
    "structural_factor": 1.431559583052365,
    "functional_factor": 1.5659657127534312
}