{
    "structural_factor": 3.575161918039976,
    "functional_factor": 1.3049144837824416
}