{
    "structural_factor": 2.232604363934755,
    "functional_factor": 3.213063233442148
}