{
    "structural_factor": 3.349193033043186,
    "functional_factor": 4.4379813129597965
}