{
    "structural_factor": 1.0219641223286704,
    "functional_factor": 2.774024803360851
}