{
    "structural_factor": 1.1957067431343669,
    "functional_factor": 1.756144003627697
}