{
    "structural_factor": 1.803043538539061,
    "functional_factor": 1.4400822061842482
}