{
    "structural_factor": 1.4997399342286135,
    "functional_factor": 1.0000267117071506
}