{
    "structural_factor": 1.6497268831205107,
    "functional_factor": 1.0000117437913523
}