{
    "structural_factor": 0.48586023006657425,
    "functional_factor": 6.920996653784417
}