{
    "structural_factor": 2.037547326578161,
    "functional_factor": 4.676638801371058
}