{
    "structural_factor": 2.572271238127138,
    "functional_factor": 3.7746232598044616
}