{
    "structural_factor": 2.246003954937779,
    "functional_factor": 1.7980705278054645
}