{
    "structural_factor": 1.001075287556179,
    "functional_factor": 1.8903941727381384
}