{
    "structural_factor": 2.402028759705903,
    "functional_factor": 1.7769516390450781
}