{
    "structural_factor": 2.47754453399453,
    "functional_factor": 2.523402098685102
}