{
    "structural_factor": 1.6064823710516665,
    "functional_factor": 2.5530982103189075
}