{
    "structural_factor": 2.540811457812109,
    "functional_factor": 1.0623256030820791
}