{
    "structural_factor": 1.8592449609171318,
    "functional_factor": 1.0146245704354033
}