{
    "structural_factor": 1.5481448870164114,
    "functional_factor": 3.2230569395614594
}