{
    "structural_factor": 1.9841862488939086,
    "functional_factor": 2.6330783666822346
}