{
    "structural_factor": 1.0435134714287366,
    "functional_factor": 3.4031581428416335
}