{
    "structural_factor": 1.7827277919897229,
    "functional_factor": 1.0654849643606619
}