{
    "structural_factor": 4.031642147580038,
    "functional_factor": 1.9113722140145177
}