{
    "structural_factor": 1.2384561699982188,
    "functional_factor": 4.484581060654111
}