{
    "structural_factor": 2.5558849625748863,
    "functional_factor": 1.1043907238317288
}