{
    "structural_factor": 0.5427174203869155,
    "functional_factor": 5.916549387220776
}