{
    "structural_factor": 2.6839718669479744,
    "functional_factor": 3.060400880718899
}