{
    "structural_factor": 1.2326358899138516,
    "functional_factor": 1.5054838186315007
}