{
    "structural_factor": 4.701317740014889,
    "functional_factor": 2.033798237906376
}