{
    "structural_factor": 3.5018406132197493,
    "functional_factor": 1.0042067066706093
}