{
    "structural_factor": 1.7251676877865336,
    "functional_factor": 1.1156419961948265
}