{
    "structural_factor": 3.078045843309465,
    "functional_factor": 1.5418605909216192
}