{
    "structural_factor": 2.8109200880886105,
    "functional_factor": 1.1092061994681528
}