{
    "structural_factor": 1.3103575748914775,
    "functional_factor": 1.0358970334840913
}