{
    "structural_factor": 1.6471663425241576,
    "functional_factor": 1.7728727928922552
}