{
    "structural_factor": 1.1436449381841118,
    "functional_factor": 1.3134766174030257
}