{
    "structural_factor": 1.0509470851932228,
    "functional_factor": 1.00392738614712
}