{
    "structural_factor": 2.1905747760336016,
    "functional_factor": 1.7594011658065518
}