{
    "structural_factor": 1.8279008905505119,
    "functional_factor": 1.0547303352022304
}