{
    "structural_factor": 4.294475604851704,
    "functional_factor": 3.8902160712188416
}