{
    "structural_factor": 3.7524647476124935,
    "functional_factor": 1.0045099959990549
}