{
    "structural_factor": 1.4236891428090708,
    "functional_factor": 2.1272924065531704
}