{
    "structural_factor": 2.3290713982374847,
    "functional_factor": 1.376402639837727
}