{
    "structural_factor": 3.51111017680409,
    "functional_factor": 1.1673137732948977
}