{
    "structural_factor": 1.702009128623884,
    "functional_factor": 1.721099681970645
}