{
    "structural_factor": 1.9306648165981195,
    "functional_factor": 1.0642252386684237
}