{
    "structural_factor": 3.014527846730736,
    "functional_factor": 1.1927570972069939
}