{
    "structural_factor": 1.3643997110889592,
    "functional_factor": 5.774576850023402
}