{
    "structural_factor": 3.554304493459153,
    "functional_factor": 1.3365607184633856
}