{
    "structural_factor": 3.2667200048890956,
    "functional_factor": 3.5800366880080987
}