{
    "structural_factor": 1.8980231066806559,
    "functional_factor": 2.2382339521908503
}