{
    "structural_factor": 1.542415675025587,
    "functional_factor": 1.77369595809273
}