{
    "structural_factor": 4.058827713663731,
    "functional_factor": 1.2085043913419016
}