{
    "structural_factor": 5.041687215103537,
    "functional_factor": 1.218853246601858
}