{
    "structural_factor": 1.8838678992233,
    "functional_factor": 1.0625965660858308
}