{
    "structural_factor": 1.0627780858543856,
    "functional_factor": 1.7329972060987158
}