{
    "structural_factor": 4.226629563397993,
    "functional_factor": 3.489011530962939
}