{
    "structural_factor": 1.467554700828152,
    "functional_factor": 2.0480251846551263
}