{
    "structural_factor": 1.1360176108341855,
    "functional_factor": 2.116569477693946
}