{
    "structural_factor": 1.1037666534691442,
    "functional_factor": 1.015300660791965
}