{
    "structural_factor": 1.018202282300915,
    "functional_factor": 1.1349997936225134
}