{
    "structural_factor": 1.251803386189732,
    "functional_factor": 1.6202804473998635
}