{
    "structural_factor": 1.5100028754052381,
    "functional_factor": 1.175681008097364
}