{
    "structural_factor": 1.29355393208887,
    "functional_factor": 4.507597419434085
}