{
    "structural_factor": 2.081750924688445,
    "functional_factor": 5.9462057433818485
}