{
    "structural_factor": 3.2885226744403155,
    "functional_factor": 4.56903074993345
}