{
    "structural_factor": 2.057397114314147,
    "functional_factor": 1.6534675666676049
}