{
    "structural_factor": 3.5269059703615766,
    "functional_factor": 1.0675725505700424
}