{
    "structural_factor": 1.5982886833188696,
    "functional_factor": 1.1445037080089435
}