{
    "structural_factor": 3.963631879893452,
    "functional_factor": 3.3667111972787755
}