{
    "structural_factor": 1.1394872652581487,
    "functional_factor": 1.1815531391917975
}