{
    "structural_factor": 3.0761752246517027,
    "functional_factor": 1.4944173964444698
}