{
    "structural_factor": 2.9904128786842232,
    "functional_factor": 1.7382761839846403
}