{
    "structural_factor": 1.0998554474124869,
    "functional_factor": 0.999987869150306
}