{
    "structural_factor": 5.030584689038082,
    "functional_factor": 1.2959654617256133
}