{
    "structural_factor": 1.8441683456181952,
    "functional_factor": 2.7399194669867164
}