{
    "structural_factor": 3.127952055261429,
    "functional_factor": 2.824962901685002
}