{
    "structural_factor": 1.4677913283370003,
    "functional_factor": 3.7840746095710474
}