{
    "structural_factor": 1.696059754565004,
    "functional_factor": 2.865153389619935
}