{
    "structural_factor": 1.0335561177030745,
    "functional_factor": 3.2272131319721122
}