{
    "structural_factor": 3.788215151763715,
    "functional_factor": 1.1211423030549903
}