{
    "structural_factor": 1.6541199139234213,
    "functional_factor": 1.6586257940324227
}