{
    "structural_factor": 1.1546933065333354,
    "functional_factor": 1.0153394763242383
}