{
    "structural_factor": 3.564762289818095,
    "functional_factor": 1.5321327456216332
}