{
    "structural_factor": 4.751282255213513,
    "functional_factor": 0.9995768688876009
}