{
    "structural_factor": 2.1942837413945737,
    "functional_factor": 3.0363902887534886
}