{
    "structural_factor": 1.032633511729236,
    "functional_factor": 3.3235901298315262
}