{
    "structural_factor": 0.4618591140880747,
    "functional_factor": 4.073011612650676
}