{
    "structural_factor": 0.9962616473198491,
    "functional_factor": 4.704231281945844
}