{
    "structural_factor": 1.7408959205326817,
    "functional_factor": 2.166674636762505
}