{
    "structural_factor": 3.3886955837413444,
    "functional_factor": 3.947593338412678
}