{
    "structural_factor": 1.5563643843954922,
    "functional_factor": 3.8120219557192843
}