{
    "structural_factor": 1.1627475666061917,
    "functional_factor": 4.469466299636053
}