{
    "structural_factor": 3.2753841429795068,
    "functional_factor": 1.7291553622057758
}