{
    "structural_factor": 1.3872284509762,
    "functional_factor": 1.1296152246083215
}