{
    "structural_factor": 3.928226922583267,
    "functional_factor": 2.1100059779479596
}