{
    "structural_factor": 3.0532743380106497,
    "functional_factor": 1.121063933464697
}