{
    "structural_factor": 1.008367456600937,
    "functional_factor": 1.0409567430099642
}