{
    "structural_factor": 1.6880735986492865,
    "functional_factor": 1.0985034361379564
}