{
    "structural_factor": 4.748270248081191,
    "functional_factor": 1.2028811278395561
}