{
    "structural_factor": 1.4269885582975876,
    "functional_factor": 1.436729189830281
}