{
    "structural_factor": 1.0132026672401584,
    "functional_factor": 1.1163758835548119
}