{
    "structural_factor": 2.103416473601674,
    "functional_factor": 7.219017383757412
}