{
    "structural_factor": 3.462118874375616,
    "functional_factor": 2.2957299553730772
}