{
    "structural_factor": 4.791509746528501,
    "functional_factor": 1.4223868957773118
}