{
    "structural_factor": 1.5633055530026931,
    "functional_factor": 1.3366938819349796
}