{
    "structural_factor": 2.9988380844855205,
    "functional_factor": 2.5445773448646465
}