{
    "structural_factor": 3.28416750730122,
    "functional_factor": 1.0719652058224147
}