{
    "structural_factor": 2.5416420390296626,
    "functional_factor": 4.582985806011874
}