{
    "structural_factor": 2.4120733279396767,
    "functional_factor": 1.9815925276531348
}