{
    "structural_factor": 3.506056441988299,
    "functional_factor": 2.755053337294534
}