{
    "structural_factor": 0.39567338252725875,
    "functional_factor": 8.374405370356667
}