{
    "structural_factor": 1.354734522146292,
    "functional_factor": 1.01530145587755
}