{
    "structural_factor": 1.1850162344719535,
    "functional_factor": 1.6357554988391099
}