{
    "structural_factor": 4.231443345231825,
    "functional_factor": 2.215357644279936
}