{
    "structural_factor": 1.9904916587184216,
    "functional_factor": 1.773779786382669
}