{
    "structural_factor": 2.769116536554505,
    "functional_factor": 2.0124682693353626
}