{
    "structural_factor": 2.5258828692719244,
    "functional_factor": 2.084205681129375
}