{
    "structural_factor": 1.5241880844573839,
    "functional_factor": 1.0608969185676285
}