{
    "structural_factor": 1.6741060166457884,
    "functional_factor": 2.135173623621602
}