{
    "structural_factor": 2.306443712285178,
    "functional_factor": 1.9830856462768374
}