{
    "structural_factor": 0.9361392724395426,
    "functional_factor": 10.122806285310322
}