{
    "structural_factor": 1.6442846841297603,
    "functional_factor": 2.488635312825842
}