{
    "structural_factor": 1.3481160430093257,
    "functional_factor": 1.5334924408434722
}