{
    "structural_factor": 1.3184173115142361,
    "functional_factor": 3.210149861738208
}