{
    "structural_factor": 1.9525035051199238,
    "functional_factor": 1.003610441637523
}