{
    "structural_factor": 4.241196986614326,
    "functional_factor": 2.6464852263999075
}