{
    "structural_factor": 1.5629345968748183,
    "functional_factor": 1.0291686812491752
}