{
    "structural_factor": 1.6576596484195822,
    "functional_factor": 1.0148971583973738
}