{
    "structural_factor": 0.627761686008845,
    "functional_factor": 4.572403922841083
}