{
    "structural_factor": 2.7496403519491537,
    "functional_factor": 0.9999944542932887
}