{
    "structural_factor": 4.027175168532182,
    "functional_factor": 1.0775864134626958
}