{
    "structural_factor": 4.683516937484202,
    "functional_factor": 1.5071943332451814
}