{
    "structural_factor": 4.475144980606922,
    "functional_factor": 1.6440706989290752
}