{
    "structural_factor": 1.3573634673143942,
    "functional_factor": 5.47533467893866
}