{
    "structural_factor": 1.7957264622528308,
    "functional_factor": 1.4277750057536738
}