{
    "structural_factor": 1.8364747560979113,
    "functional_factor": 1.5720548940681747
}