{
    "structural_factor": 1.5442173441591864,
    "functional_factor": 1.2350961063128334
}