{
    "structural_factor": 0.9723803729868458,
    "functional_factor": 6.742625483594481
}