{
    "structural_factor": 1.7359857725717773,
    "functional_factor": 1.1120314469437358
}