{
    "structural_factor": 2.6045853239165586,
    "functional_factor": 4.8816385570979115
}