{
    "structural_factor": 3.30049129827466,
    "functional_factor": 1.1500007382532262
}