{
    "structural_factor": 1.9522659188770253,
    "functional_factor": 1.0034739438483995
}