{
    "structural_factor": 3.0532812562796194,
    "functional_factor": 1.1452648646209764
}