{
    "structural_factor": 1.8095983307618972,
    "functional_factor": 1.0254724853604396
}