{
    "structural_factor": 1.1701717505562017,
    "functional_factor": 14.732924595480492
}