{
    "structural_factor": 1.4259281827089159,
    "functional_factor": 1.5228943523401337
}