{
    "structural_factor": 3.2336659881484944,
    "functional_factor": 2.5933279588820124
}