{
    "structural_factor": 4.682913465296492,
    "functional_factor": 2.317326413123509
}