{
    "structural_factor": 0.9667525027715663,
    "functional_factor": 1.544671610784188
}