{
    "structural_factor": 1.59806244676083,
    "functional_factor": 7.0010007280684095
}