{
    "structural_factor": 1.949838941698884,
    "functional_factor": 1.7497460378240322
}