{
    "structural_factor": 1.5293281931028904,
    "functional_factor": 1.7252812872723353
}