{
    "structural_factor": 1.8092228095936755,
    "functional_factor": 1.638847299975402
}