{
    "structural_factor": 0.9405324558242449,
    "functional_factor": 4.4516447311341345
}