{
    "structural_factor": 1.60149921789313,
    "functional_factor": 1.0037756543070178
}