{
    "structural_factor": 1.4638432227178257,
    "functional_factor": 1.5391872044775263
}