{
    "structural_factor": 1.8512321727671919,
    "functional_factor": 1.0135290878563978
}