{
    "structural_factor": 4.7567672928432705,
    "functional_factor": 1.019460339366035
}