{
    "structural_factor": 4.12433543485275,
    "functional_factor": 2.566243398991445
}