{
    "structural_factor": 1.359298137205257,
    "functional_factor": 1.925402533837248
}