{
    "structural_factor": 2.493528542613829,
    "functional_factor": 3.673285470560106
}