{
    "structural_factor": 1.7173399614448006,
    "functional_factor": 1.1956350008647583
}