{
    "structural_factor": 0.8718446544510992,
    "functional_factor": 5.113520722614349
}