{
    "structural_factor": 0.9505514892627626,
    "functional_factor": 4.441771100198674
}