{
    "structural_factor": 3.7442083126552523,
    "functional_factor": 2.1302799316894143
}