{
    "structural_factor": 2.3962214131471513,
    "functional_factor": 3.4999783737575556
}