{
    "structural_factor": 2.0123000401253113,
    "functional_factor": 1.7673416301337743
}