{
    "structural_factor": 0.7069581050730197,
    "functional_factor": 4.511522534282534
}