{
    "structural_factor": 1.449798548770385,
    "functional_factor": 0.9999783500680336
}