{
    "structural_factor": 1.93383152494201,
    "functional_factor": 1.0631692810767546
}