{
    "structural_factor": 0.9914640913312698,
    "functional_factor": 2.0514496426373423
}