{
    "structural_factor": 1.6822138494676833,
    "functional_factor": 4.1679822336626975
}