{
    "structural_factor": 1.6968074332612564,
    "functional_factor": 1.1542807799728745
}