{
    "structural_factor": 1.976332772298369,
    "functional_factor": 1.3412112965234142
}