{
    "structural_factor": 1.0765254357623535,
    "functional_factor": 2.07798486155304
}