{
    "structural_factor": 1.397928199117562,
    "functional_factor": 1.2980084899474882
}