{
    "structural_factor": 3.7629304006833295,
    "functional_factor": 2.2191373167398636
}