{
    "structural_factor": 1.3700295962356948,
    "functional_factor": 1.059497119727648
}