{
    "structural_factor": 4.797562550640192,
    "functional_factor": 1.2351624412302096
}