{
    "structural_factor": 2.526160010545371,
    "functional_factor": 3.245464495973569
}