{
    "structural_factor": 1.5265393321508762,
    "functional_factor": 6.9751870432242775
}