{
    "structural_factor": 1.1287591209135435,
    "functional_factor": 3.5539222086189666
}