{
    "structural_factor": 3.3290211312186972,
    "functional_factor": 1.2493904667045224
}