{
    "structural_factor": 1.136155191216882,
    "functional_factor": 2.4926683891754546
}