{
    "structural_factor": 3.247680737570704,
    "functional_factor": 3.2458268738586495
}