{
    "structural_factor": 3.464764694933767,
    "functional_factor": 1.765743948337071
}