{
    "structural_factor": 1.4626569675430465,
    "functional_factor": 3.995773331920106
}