{
    "structural_factor": 1.4109698097181809,
    "functional_factor": 2.850274765048035
}