{
    "structural_factor": 1.3440723604555547,
    "functional_factor": 2.564452532602514
}