{
    "structural_factor": 1.5342231893992924,
    "functional_factor": 1.839763308951286
}