{
    "structural_factor": 1.8661338253731004,
    "functional_factor": 1.7622385773398692
}