{
    "structural_factor": 1.9080337491495742,
    "functional_factor": 1.0146161170267043
}