{
    "structural_factor": 1.8866065746481957,
    "functional_factor": 3.396889193721222
}