{
    "structural_factor": 2.3498896088811305,
    "functional_factor": 4.587110563085517
}