{
    "structural_factor": 1.0497005738486753,
    "functional_factor": 1.5015439713627876
}