{
    "structural_factor": 4.448175771531054,
    "functional_factor": 2.4668963003335467
}