{
    "structural_factor": 0.9353845402942073,
    "functional_factor": 2.186261303774431
}