{
    "structural_factor": 4.500766664704143,
    "functional_factor": 0.9996852451272288
}