{
    "structural_factor": 1.1219360670274796,
    "functional_factor": 1.1347777225174562
}