{
    "structural_factor": 3.3283373829723777,
    "functional_factor": 1.1990282046311365
}