{
    "structural_factor": 1.3007446192466217,
    "functional_factor": 1.0033086814358119
}