{
    "structural_factor": 2.947109131221443,
    "functional_factor": 2.4327468343637157
}