{
    "structural_factor": 2.287492279662122,
    "functional_factor": 1.461326289289232
}