{
    "structural_factor": 4.17240838766628,
    "functional_factor": 2.2991004739691157
}