{
    "structural_factor": 3.278542091040595,
    "functional_factor": 2.543401768203253
}