{
    "structural_factor": 1.4621576552114175,
    "functional_factor": 3.5042881303666515
}