{
    "structural_factor": 1.221052134533905,
    "functional_factor": 1.107002552311796
}