{
    "structural_factor": 0.7327646037939041,
    "functional_factor": 4.463819520485976
}