{
    "structural_factor": 1.5058930748618957,
    "functional_factor": 1.0147706893666617
}