{
    "structural_factor": 1.4726064383830904,
    "functional_factor": 1.0595376824258933
}