{
    "structural_factor": 1.258013570633445,
    "functional_factor": 1.0320351181219203
}