{
    "structural_factor": 1.9400962444654888,
    "functional_factor": 2.0288462688987634
}