{
    "structural_factor": 2.0190553234388786,
    "functional_factor": 1.0308254167333664
}