{
    "structural_factor": 1.7492208042002437,
    "functional_factor": 3.375976004958793
}