{
    "structural_factor": 3.145391803539919,
    "functional_factor": 3.045509915680112
}