{
    "structural_factor": 1.8593131833730756,
    "functional_factor": 1.0296025216945812
}