{
    "structural_factor": 2.2525929345271876,
    "functional_factor": 1.0037707342629936
}