{
    "structural_factor": 1.9347746810387652,
    "functional_factor": 1.0637494989282994
}