{
    "structural_factor": 4.519445896098336,
    "functional_factor": 1.2904805694311838
}