{
    "structural_factor": 1.0975036012085986,
    "functional_factor": 2.9748364226508377
}