{
    "structural_factor": 1.0017507531441363,
    "functional_factor": 1.8532730410488754
}