{
    "structural_factor": 2.4728817757113735,
    "functional_factor": 3.411040406734074
}