{
    "structural_factor": 4.2593449707485025,
    "functional_factor": 1.0344693417210795
}