{
    "structural_factor": 4.828403392685521,
    "functional_factor": 3.9102668075752076
}