{
    "structural_factor": 1.2684194396602708,
    "functional_factor": 1.0620895370022878
}