{
    "structural_factor": 4.022331253940162,
    "functional_factor": 1.2847707861958466
}