{
    "structural_factor": 1.600184904448482,
    "functional_factor": 2.3691071485374273
}