{
    "structural_factor": 1.794934605430065,
    "functional_factor": 1.7736864051056054
}