{
    "structural_factor": 4.283110678191379,
    "functional_factor": 1.0737495306298135
}