{
    "structural_factor": 0.5734122065487253,
    "functional_factor": 4.390163073626051
}