{
    "structural_factor": 3.0151342954600007,
    "functional_factor": 1.0294161214841822
}