{
    "structural_factor": 1.2059323210565418,
    "functional_factor": 2.2236068308290937
}