{
    "structural_factor": 0.9835586769532599,
    "functional_factor": 3.709279596476067
}