{
    "structural_factor": 2.2622973618637916,
    "functional_factor": 12.276129169344554
}