{
    "structural_factor": 2.8315238728667955,
    "functional_factor": 2.201887748196668
}