{
    "structural_factor": 4.777182721266578,
    "functional_factor": 1.418336713442614
}