{
    "structural_factor": 1.090198605489063,
    "functional_factor": 1.6667845322260015
}