{
    "structural_factor": 4.775745138743551,
    "functional_factor": 1.130476660564848
}