{
    "structural_factor": 3.249690676793047,
    "functional_factor": 0.9999573517865933
}