{
    "structural_factor": 1.6247482067928578,
    "functional_factor": 1.061982441848372
}