{
    "structural_factor": 1.3423693474833553,
    "functional_factor": 1.821837681716691
}