{
    "structural_factor": 1.5929893243382793,
    "functional_factor": 3.7890058149394337
}