{
    "structural_factor": 1.5718375667754325,
    "functional_factor": 2.1358968975835855
}