{
    "structural_factor": 2.2655942832375744,
    "functional_factor": 6.152332348078123
}