{
    "structural_factor": 1.9430063612116428,
    "functional_factor": 3.8445915495019922
}