{
    "structural_factor": 4.475070415289091,
    "functional_factor": 3.4170995301700793
}