{
    "structural_factor": 1.491001953310979,
    "functional_factor": 1.1287362504474152
}