{
    "structural_factor": 2.5429513253872673,
    "functional_factor": 2.0736934703663783
}