{
    "structural_factor": 2.052524203794553,
    "functional_factor": 1.0990946949585618
}