{
    "structural_factor": 1.4997669151566342,
    "functional_factor": 1.0000013012799225
}