{
    "structural_factor": 3.5398296463925742,
    "functional_factor": 1.114753360792768
}