{
    "structural_factor": 3.9784357027577557,
    "functional_factor": 1.5464290978286992
}