{
    "structural_factor": 3.5486131841155206,
    "functional_factor": 1.1519657674889165
}