{
    "structural_factor": 1.2045445693051762,
    "functional_factor": 15.523451992686429
}