{
    "structural_factor": 1.4998096959237024,
    "functional_factor": 0.9999856843833109
}