{
    "structural_factor": 1.6997677558310536,
    "functional_factor": 1.0137260366460032
}