{
    "structural_factor": 0.41366081506163105,
    "functional_factor": 4.311487203641635
}