{
    "structural_factor": 1.0284855794659948,
    "functional_factor": 3.239647929010085
}