{
    "structural_factor": 2.3425407187283804,
    "functional_factor": 1.2262246417553937
}