{
    "structural_factor": 4.358313315727003,
    "functional_factor": 3.5653259338720327
}