{
    "structural_factor": 0.2625490738406665,
    "functional_factor": 6.663993863104228
}