{
    "structural_factor": 1.2674981696424208,
    "functional_factor": 1.0650323919284308
}