{
    "structural_factor": 1.9998112828287355,
    "functional_factor": 0.9999614427578477
}