{
    "structural_factor": 3.0282397506371375,
    "functional_factor": 2.4367131047268398
}