{
    "structural_factor": 1.780430906192566,
    "functional_factor": 1.4377168272676888
}