{
    "structural_factor": 2.8732822773484292,
    "functional_factor": 1.9901344285998408
}