{
    "structural_factor": 2.2682299699873467,
    "functional_factor": 1.0316964410170086
}