{
    "structural_factor": 1.4212983771166299,
    "functional_factor": 1.9527121647836594
}