{
    "structural_factor": 1.68223166059965,
    "functional_factor": 1.5711226106498473
}