{
    "structural_factor": 1.9828373892104063,
    "functional_factor": 2.395557273426851
}