{
    "structural_factor": 1.3677160165033486,
    "functional_factor": 5.958883550194886
}