{
    "structural_factor": 3.1957458735709503,
    "functional_factor": 1.4785069608654855
}