{
    "structural_factor": 1.4056192339735663,
    "functional_factor": 1.0147113640166392
}