{
    "structural_factor": 2.8115646451537506,
    "functional_factor": 1.140376654126173
}