{
    "structural_factor": 1.8307540504534976,
    "functional_factor": 1.0855740063195114
}