{
    "structural_factor": 1.2889587105269118,
    "functional_factor": 3.395760460383421
}