{
    "structural_factor": 1.5515271257351593,
    "functional_factor": 1.0039474439567422
}