{
    "structural_factor": 1.279721069279902,
    "functional_factor": 2.7440312967945264
}