{
    "structural_factor": 1.0006916080959523,
    "functional_factor": 1.0040382537309491
}