{
    "structural_factor": 1.8507864697504632,
    "functional_factor": 3.7535673216558094
}