{
    "structural_factor": 1.712567640599263,
    "functional_factor": 1.2793384077505308
}