{
    "structural_factor": 3.9939370507092296,
    "functional_factor": 3.9873828603366235
}