{
    "structural_factor": 1.6868408873942344,
    "functional_factor": 2.0012089178505823
}