{
    "structural_factor": 4.06771427038702,
    "functional_factor": 3.4467589311682474
}