{
    "structural_factor": 3.548683666013131,
    "functional_factor": 1.18087435147385
}