{
    "structural_factor": 1.5328635901916117,
    "functional_factor": 2.5232905188715646
}