{
    "structural_factor": 1.3273206545588725,
    "functional_factor": 3.208077279971244
}