{
    "structural_factor": 1.2158003143962215,
    "functional_factor": 2.1313420475898117
}