{
    "structural_factor": 1.9851848394412432,
    "functional_factor": 8.803249246416078
}