{
    "structural_factor": 1.5084926100087486,
    "functional_factor": 5.373409334578828
}