{
    "structural_factor": 1.9742224982487486,
    "functional_factor": 1.1410117019422992
}