{
    "structural_factor": 1.7460558924599845,
    "functional_factor": 4.5203448632268
}