{
    "structural_factor": 3.1701381606396573,
    "functional_factor": 2.5595885392446083
}