{
    "structural_factor": 0.993959766914006,
    "functional_factor": 2.362085453793122
}