{
    "structural_factor": 2.9876111396861944,
    "functional_factor": 2.873243581892589
}