{
    "structural_factor": 1.2027654304158049,
    "functional_factor": 1.026359309031144
}