{
    "structural_factor": 1.805027412104169,
    "functional_factor": 2.3747273446065877
}