{
    "structural_factor": 1.0099427325801433,
    "functional_factor": 6.032381842365165
}