{
    "structural_factor": 1.4109143161258324,
    "functional_factor": 1.0331631071353489
}