{
    "structural_factor": 1.2909066709155035,
    "functional_factor": 1.8873667597006984
}