{
    "structural_factor": 4.29005086763387,
    "functional_factor": 1.4155680662480554
}