{
    "structural_factor": 0.5899302360070338,
    "functional_factor": 5.779259586834417
}