{
    "structural_factor": 3.3003942301751445,
    "functional_factor": 1.5930138320488854
}