{
    "structural_factor": 1.3513492276505468,
    "functional_factor": 1.0040349439863159
}