{
    "structural_factor": 3.736204950366933,
    "functional_factor": 2.4204000832660575
}