{
    "structural_factor": 1.9013373088325733,
    "functional_factor": 1.0031605242266992
}