{
    "structural_factor": 4.324889584246169,
    "functional_factor": 4.472097358922045
}