{
    "structural_factor": 1.5601238396797337,
    "functional_factor": 2.0503390879767545
}