{
    "structural_factor": 1.687073987494888,
    "functional_factor": 3.9298611736266045
}