{
    "structural_factor": 1.085982554417064,
    "functional_factor": 3.7433002779458717
}