{
    "structural_factor": 1.3537229059271576,
    "functional_factor": 4.639296407065634
}