{
    "structural_factor": 1.9069149841547013,
    "functional_factor": 1.6681473186519546
}