{
    "structural_factor": 1.7065705202788377,
    "functional_factor": 1.0152505232335802
}