{
    "structural_factor": 1.682637548139414,
    "functional_factor": 1.8040349648936815
}