{
    "structural_factor": 1.08276808613337,
    "functional_factor": 3.2302714855745496
}