{
    "structural_factor": 2.5311288075683653,
    "functional_factor": 2.0002418676551135
}