{
    "structural_factor": 3.559386336532187,
    "functional_factor": 1.4082869609142963
}