{
    "structural_factor": 4.300407037164526,
    "functional_factor": 1.2428527312916335
}