{
    "structural_factor": 0.8487197818913053,
    "functional_factor": 5.043798226912337
}