{
    "structural_factor": 1.6075798074818832,
    "functional_factor": 1.0143830340270608
}