{
    "structural_factor": 0.8215606776707922,
    "functional_factor": 3.3151017032353947
}