{
    "structural_factor": 1.4245517651625976,
    "functional_factor": 3.224524840377226
}