{
    "structural_factor": 1.9736839570358602,
    "functional_factor": 1.3171802221158906
}