{
    "structural_factor": 4.773229377674768,
    "functional_factor": 1.2945784059584518
}