{
    "structural_factor": 0.958978802569342,
    "functional_factor": 3.2172918689157246
}