{
    "structural_factor": 1.632746570437449,
    "functional_factor": 1.4972161579861458
}