{
    "structural_factor": 1.9627938934061535,
    "functional_factor": 1.5555262295932835
}