{
    "structural_factor": 1.4276302920030481,
    "functional_factor": 3.806235425556747
}