{
    "structural_factor": 1.4727113554245366,
    "functional_factor": 3.195987972381589
}