{
    "structural_factor": 1.3272529454240327,
    "functional_factor": 1.5673706953731996
}