{
    "structural_factor": 4.257768627412075,
    "functional_factor": 1.0184638887611648
}