{
    "structural_factor": 3.204770465835895,
    "functional_factor": 1.820071844293713
}