{
    "structural_factor": 1.5606873485035855,
    "functional_factor": 4.128443056035075
}