{
    "structural_factor": 2.1270657708730245,
    "functional_factor": 2.6454083580610317
}