{
    "structural_factor": 1.0574659116429033,
    "functional_factor": 1.6898514344220956
}