{
    "structural_factor": 1.7035840470954955,
    "functional_factor": 2.13376752859798
}