{
    "structural_factor": 1.9580303590430075,
    "functional_factor": 1.831738950467609
}