{
    "structural_factor": 2.80011737947748,
    "functional_factor": 1.699919899107129
}