{
    "structural_factor": 1.9996805371651847,
    "functional_factor": 1.0000037190982938
}