{
    "structural_factor": 4.534127448274317,
    "functional_factor": 2.975505060709185
}