{
    "structural_factor": 1.461181420127827,
    "functional_factor": 1.22276676842962
}