{
    "structural_factor": 1.1498039000797888,
    "functional_factor": 1.0000228389277686
}