{
    "structural_factor": 1.606039697213085,
    "functional_factor": 1.0146195605945612
}