{
    "structural_factor": 1.4599431545212205,
    "functional_factor": 2.2196374605467066
}