{
    "structural_factor": 1.3160570549452584,
    "functional_factor": 3.545879201588755
}