{
    "structural_factor": 1.2635757319544654,
    "functional_factor": 1.498955204269108
}