{
    "structural_factor": 3.763122032447919,
    "functional_factor": 3.7903185077098636
}