{
    "structural_factor": 3.7083919059901977,
    "functional_factor": 2.013009015505748
}