{
    "structural_factor": 1.7032132959492896,
    "functional_factor": 1.6636132554644327
}