{
    "structural_factor": 3.2524908919116475,
    "functional_factor": 1.004249114039359
}