{
    "structural_factor": 0.914746326573626,
    "functional_factor": 3.2094088156279783
}