{
    "structural_factor": 4.75121243195468,
    "functional_factor": 1.0046660212338354
}