{
    "structural_factor": 2.001707298589362,
    "functional_factor": 1.0037343350123666
}