{
    "structural_factor": 1.0007407192843103,
    "functional_factor": 1.0038658038143105
}