{
    "structural_factor": 1.832693799203727,
    "functional_factor": 1.0632775182325647
}