{
    "structural_factor": 2.145929774893048,
    "functional_factor": 3.30873311679221
}