{
    "structural_factor": 1.0556335935544312,
    "functional_factor": 2.4565877026854395
}