{
    "structural_factor": 3.0033552922018947,
    "functional_factor": 1.004270117661767
}