{
    "structural_factor": 1.128787385595783,
    "functional_factor": 2.039519842844136
}