{
    "structural_factor": 1.3043146081497574,
    "functional_factor": 1.0132771170080854
}