{
    "structural_factor": 1.6466055622909446,
    "functional_factor": 1.1301811219969808
}