{
    "structural_factor": 1.2061537958560193,
    "functional_factor": 4.53334530177033
}