{
    "structural_factor": 4.206857258565168,
    "functional_factor": 1.9134873023603445
}