{
    "structural_factor": 2.2841481568984334,
    "functional_factor": 1.0564316546413588
}