{
    "structural_factor": 2.283237655332404,
    "functional_factor": 1.172871616484503
}