{
    "structural_factor": 1.2551562285655062,
    "functional_factor": 1.0143555346482769
}