{
    "structural_factor": 1.2508367723259475,
    "functional_factor": 1.0040321162839698
}