{
    "structural_factor": 2.561800472738539,
    "functional_factor": 5.100760462073291
}