{
    "structural_factor": 1.258224322329151,
    "functional_factor": 1.0356063338817003
}