{
    "structural_factor": 2.820567783078631,
    "functional_factor": 4.049180763228934
}