{
    "structural_factor": 3.9997785447885152,
    "functional_factor": 0.9998314143636763
}