{
    "structural_factor": 1.2559211301998534,
    "functional_factor": 1.0151065887860273
}