{
    "structural_factor": 2.7706063526040303,
    "functional_factor": 1.0326247356878306
}