{
    "structural_factor": 1.769128080364249,
    "functional_factor": 10.364492234505605
}