{
    "structural_factor": 3.0564327641648577,
    "functional_factor": 1.1123173612620176
}