{
    "structural_factor": 1.557113390804257,
    "functional_factor": 1.6768837415257611
}