{
    "structural_factor": 1.1895390795388663,
    "functional_factor": 5.7485493156084
}