{
    "structural_factor": 1.391034595132367,
    "functional_factor": 1.0582943786585728
}