{
    "structural_factor": 2.4140278703413722,
    "functional_factor": 1.5882876499285887
}