{
    "structural_factor": 1.510468878959946,
    "functional_factor": 7.940904441708042
}