{
    "structural_factor": 1.5397293805845476,
    "functional_factor": 1.659919285159786
}