{
    "structural_factor": 2.3293942813252135,
    "functional_factor": 1.3083302488142443
}