{
    "structural_factor": 2.4309128808503266,
    "functional_factor": 7.424976134406509
}