{
    "structural_factor": 1.722468412768123,
    "functional_factor": 3.9096604436356253
}