{
    "structural_factor": 1.8734043297248755,
    "functional_factor": 1.6421459243043635
}