{
    "structural_factor": 1.1539924731805589,
    "functional_factor": 4.464766327907239
}