{
    "structural_factor": 0.8869235390225932,
    "functional_factor": 5.451713875110991
}