{
    "structural_factor": 3.521304251595163,
    "functional_factor": 1.037962322286868
}