{
    "structural_factor": 3.2294926494927276,
    "functional_factor": 5.341410827090089
}