{
    "structural_factor": 1.6839950802766672,
    "functional_factor": 7.222557668904731
}