{
    "structural_factor": 1.4674605118428348,
    "functional_factor": 1.323999777202088
}