{
    "structural_factor": 1.311544443082932,
    "functional_factor": 1.3075125997486878
}