{
    "structural_factor": 2.5595692234354064,
    "functional_factor": 4.747978332629786
}