{
    "structural_factor": 3.541770846379823,
    "functional_factor": 1.7142198264374835
}