{
    "structural_factor": 3.9210611108418916,
    "functional_factor": 1.5708428025813064
}