{
    "structural_factor": 3.2517903330502973,
    "functional_factor": 1.0043712999753462
}