{
    "structural_factor": 1.08871199275082,
    "functional_factor": 1.9616709440099347
}