{
    "structural_factor": 4.811873001546773,
    "functional_factor": 1.3199163744978804
}