{
    "structural_factor": 1.4449877107933475,
    "functional_factor": 3.3708644439188946
}