{
    "structural_factor": 1.4011127840576432,
    "functional_factor": 1.6724883016605931
}