{
    "structural_factor": 4.943160999121507,
    "functional_factor": 1.7669441791652447
}