{
    "structural_factor": 3.499651697775099,
    "functional_factor": 0.9999448025668254
}