{
    "structural_factor": 1.4403714604333533,
    "functional_factor": 3.5020728673095967
}