{
    "structural_factor": 2.8437011072775698,
    "functional_factor": 1.350745905838394
}