{
    "structural_factor": 1.742720227856548,
    "functional_factor": 1.0994847178328133
}