{
    "structural_factor": 1.0621227016014345,
    "functional_factor": 1.1657866428849684
}