{
    "structural_factor": 2.4106056244892557,
    "functional_factor": 2.1941645351642127
}