{
    "structural_factor": 1.525117030480039,
    "functional_factor": 2.778645508205216
}