{
    "structural_factor": 4.289821002612692,
    "functional_factor": 1.3824658299661272
}