{
    "structural_factor": 1.214785582078344,
    "functional_factor": 1.057686206481187
}