{
    "structural_factor": 3.700398086048635,
    "functional_factor": 1.8251104246049095
}