{
    "structural_factor": 1.8285035942721806,
    "functional_factor": 2.5710012147768913
}