{
    "structural_factor": 1.1028282880844638,
    "functional_factor": 1.0135185654372811
}