{
    "structural_factor": 1.295443428057302,
    "functional_factor": 3.498506791210633
}