{
    "structural_factor": 1.6028187859182796,
    "functional_factor": 1.6655179306709562
}