{
    "structural_factor": 1.5467368871610696,
    "functional_factor": 1.7646845870513315
}