{
    "structural_factor": 0.9427656107649801,
    "functional_factor": 5.3612579643361
}