{
    "structural_factor": 4.252372931220147,
    "functional_factor": 1.004415267219835
}