{
    "structural_factor": 4.507805940063771,
    "functional_factor": 1.2502481402805712
}