{
    "structural_factor": 3.2708145822120227,
    "functional_factor": 1.0397025938452351
}