{
    "structural_factor": 2.766320727462788,
    "functional_factor": 2.0972508922776143
}