{
    "structural_factor": 1.055594630601739,
    "functional_factor": 1.0325864072950774
}