{
    "structural_factor": 1.640367686667096,
    "functional_factor": 1.0976743250353518
}