{
    "structural_factor": 1.6797684695046535,
    "functional_factor": 1.065881188205656
}