{
    "structural_factor": 2.555318012547884,
    "functional_factor": 2.10237401266436
}