{
    "structural_factor": 4.002095564676933,
    "functional_factor": 1.0045613523527772
}