{
    "structural_factor": 1.256878101855092,
    "functional_factor": 1.0358453503640253
}