{
    "structural_factor": 1.268243963521458,
    "functional_factor": 3.050748212856084
}