{
    "structural_factor": 4.841724058984977,
    "functional_factor": 2.5703696046499083
}