{
    "structural_factor": 1.065388840895591,
    "functional_factor": 1.5751061572222682
}