{
    "structural_factor": 1.857443538053663,
    "functional_factor": 1.0146989646282025
}