{
    "structural_factor": 1.5472983342506783,
    "functional_factor": 1.145068617361781
}