{
    "structural_factor": 1.3137783673323853,
    "functional_factor": 1.5381373680628279
}