{
    "structural_factor": 1.1812764250309196,
    "functional_factor": 1.957359911309633
}