{
    "structural_factor": 1.6885379965684353,
    "functional_factor": 3.3776391767153466
}