{
    "structural_factor": 1.5051073198753837,
    "functional_factor": 1.67421147506688
}