{
    "structural_factor": 4.468152065927481,
    "functional_factor": 2.2211019509961263
}