{
    "structural_factor": 1.2085172059183173,
    "functional_factor": 1.1154428509887384
}