{
    "structural_factor": 1.601955817270471,
    "functional_factor": 1.003645668972995
}