{
    "structural_factor": 4.75770960399679,
    "functional_factor": 1.0172087805741885
}