{
    "structural_factor": 1.6503645079695237,
    "functional_factor": 1.2340101256728104
}