{
    "structural_factor": 1.292111776030082,
    "functional_factor": 1.885241381023355
}