{
    "structural_factor": 0.6239429453474719,
    "functional_factor": 5.943569755992019
}