{
    "structural_factor": 1.355232047319704,
    "functional_factor": 1.0144507229403683
}