{
    "structural_factor": 3.525301542333621,
    "functional_factor": 3.565889362586825
}