{
    "structural_factor": 1.5196307272426,
    "functional_factor": 1.4808143037552837
}