{
    "structural_factor": 1.4440666746965982,
    "functional_factor": 1.436855701091275
}