{
    "structural_factor": 5.010949131934175,
    "functional_factor": 1.9165486380413075
}