{
    "structural_factor": 4.004336272909395,
    "functional_factor": 1.712534614767563
}