{
    "structural_factor": 4.689389256161326,
    "functional_factor": 2.2210966076059706
}