{
    "structural_factor": 3.940999444198169,
    "functional_factor": 2.3016812819686674
}