{
    "structural_factor": 1.0052402617025007,
    "functional_factor": 1.0324080992807645
}