{
    "structural_factor": 3.7824584596269077,
    "functional_factor": 1.904356785655626
}