{
    "structural_factor": 1.2592645296140368,
    "functional_factor": 1.0329299732388697
}