{
    "structural_factor": 3.9281433115102278,
    "functional_factor": 2.8023648571217548
}