{
    "structural_factor": 3.2095625283170897,
    "functional_factor": 4.923582594825269
}