{
    "structural_factor": 1.0590632109819698,
    "functional_factor": 4.489693035612043
}