{
    "structural_factor": 1.5633485573410137,
    "functional_factor": 1.032420476895314
}