{
    "structural_factor": 1.8084865621687227,
    "functional_factor": 1.0147392370950055
}