{
    "structural_factor": 1.748312199409341,
    "functional_factor": 2.014089970803026
}