{
    "structural_factor": 1.2225401744070399,
    "functional_factor": 1.2308433079011365
}