{
    "structural_factor": 2.0084189994069512,
    "functional_factor": 1.4204587296590243
}