{
    "structural_factor": 1.270950429755949,
    "functional_factor": 1.0665077950661757
}