{
    "structural_factor": 2.7438157994585874,
    "functional_factor": 2.5257695466012144
}