{
    "structural_factor": 1.0342248461936356,
    "functional_factor": 7.92800725841396
}