{
    "structural_factor": 1.2269608529258282,
    "functional_factor": 2.0328220803555297
}