{
    "structural_factor": 1.1708252209342815,
    "functional_factor": 5.493370964420385
}