{
    "structural_factor": 1.8391316393722736,
    "functional_factor": 5.77286277545911
}