{
    "structural_factor": 4.8557616805593256,
    "functional_factor": 2.9540293846010597
}