{
    "structural_factor": 1.767754427827572,
    "functional_factor": 6.213856514567228
}