{
    "structural_factor": 1.7002985779458752,
    "functional_factor": 2.59039081848356
}