{
    "structural_factor": 1.2511592258195035,
    "functional_factor": 1.0038729750518849
}