{
    "structural_factor": 1.7734911186238311,
    "functional_factor": 1.666011322071985
}