{
    "structural_factor": 1.7997357973860757,
    "functional_factor": 0.9999741183701568
}