{
    "structural_factor": 1.601797884154937,
    "functional_factor": 2.23364881950228
}