{
    "structural_factor": 1.7174318387632705,
    "functional_factor": 1.7541230701348647
}