{
    "structural_factor": 1.0392684654116557,
    "functional_factor": 1.2284311043595344
}