{
    "structural_factor": 1.448130551945244,
    "functional_factor": 1.4089721074296042
}