{
    "structural_factor": 1.3306487389228774,
    "functional_factor": 1.132746426506653
}