{
    "structural_factor": 3.9060262554872267,
    "functional_factor": 1.372744613137656
}