{
    "structural_factor": 1.9496926942950943,
    "functional_factor": 1.0000101383276774
}