{
    "structural_factor": 1.9966444554849991,
    "functional_factor": 1.0993219280904019
}