{
    "structural_factor": 1.347171624258096,
    "functional_factor": 1.8339674209027257
}