{
    "structural_factor": 1.7905550127853567,
    "functional_factor": 1.445134648702299
}