{
    "structural_factor": 1.6776017696945997,
    "functional_factor": 2.3784152679931863
}