{
    "structural_factor": 2.6794355043832963,
    "functional_factor": 3.233087257049556
}