{
    "structural_factor": 1.7986577976383833,
    "functional_factor": 1.2396316549249795
}