{
    "structural_factor": 1.4997238018718309,
    "functional_factor": 1.000005312320335
}