{
    "structural_factor": 0.6403655784557192,
    "functional_factor": 5.684124274134212
}