{
    "structural_factor": 2.9434909477559867,
    "functional_factor": 2.0954340931873774
}