{
    "structural_factor": 1.562087816277637,
    "functional_factor": 1.0348726330701663
}