{
    "structural_factor": 1.5663427989296355,
    "functional_factor": 3.5775108614730664
}