{
    "structural_factor": 2.0188711568473976,
    "functional_factor": 1.3667022288397297
}