{
    "structural_factor": 4.531777802421363,
    "functional_factor": 1.291249090395047
}