{
    "structural_factor": 1.3469324723372469,
    "functional_factor": 1.6741839480846326
}