{
    "structural_factor": 1.7480068699531768,
    "functional_factor": 5.545602119218049
}