{
    "structural_factor": 1.577219468362621,
    "functional_factor": 3.055821190127988
}