{
    "structural_factor": 4.7869684862878135,
    "functional_factor": 1.40073741843209
}