{
    "structural_factor": 1.9701520944138566,
    "functional_factor": 1.6462141752144341
}