{
    "structural_factor": 1.4557219087421296,
    "functional_factor": 1.026133411032197
}