{
    "structural_factor": 1.9594772107537257,
    "functional_factor": 1.014871606148917
}