{
    "structural_factor": 2.3236578282322338,
    "functional_factor": 2.0943201401542195
}