{
    "structural_factor": 3.5201307375885347,
    "functional_factor": 1.4980742541541956
}