{
    "structural_factor": 1.3363777764081086,
    "functional_factor": 3.740638544323939
}