{
    "structural_factor": 1.7569925240889621,
    "functional_factor": 1.7439512314753165
}