{
    "structural_factor": 1.8435873549299708,
    "functional_factor": 6.195699978437404
}