{
    "structural_factor": 4.753006073276285,
    "functional_factor": 1.7396859953043975
}