{
    "structural_factor": 1.218931347492605,
    "functional_factor": 1.9312142260850271
}