{
    "structural_factor": 5.003422248364238,
    "functional_factor": 1.0046432044626705
}