{
    "structural_factor": 2.261720900351405,
    "functional_factor": 3.697989121001074
}