{
    "structural_factor": 1.48186734845584,
    "functional_factor": 1.6777546012411326
}