{
    "structural_factor": 4.466618706778632,
    "functional_factor": 3.197710026036735
}