{
    "structural_factor": 1.476176256312805,
    "functional_factor": 2.5694812515520233
}