{
    "structural_factor": 1.4123360560370335,
    "functional_factor": 2.9983851934497787
}