{
    "structural_factor": 1.5449036119965456,
    "functional_factor": 1.9286156781752601
}