{
    "structural_factor": 2.0744101870434304,
    "functional_factor": 1.3202518522656048
}