{
    "structural_factor": 2.982959211425941,
    "functional_factor": 5.683298563286275
}