{
    "structural_factor": 2.8564173718755823,
    "functional_factor": 5.840641920442363
}