{
    "structural_factor": 1.3978586669405264,
    "functional_factor": 2.572107187583017
}