{
    "structural_factor": 1.45592598792761,
    "functional_factor": 1.0144112000129801
}