{
    "structural_factor": 1.2819783189545095,
    "functional_factor": 1.5195003771405264
}