{
    "structural_factor": 1.7838295397338264,
    "functional_factor": 3.185857900213928
}