{
    "structural_factor": 1.1853186623742622,
    "functional_factor": 2.126129475292731
}