{
    "structural_factor": 1.8310827602420106,
    "functional_factor": 1.0601714855963027
}