{
    "structural_factor": 0.9326705954330118,
    "functional_factor": 3.7551693257719174
}