{
    "structural_factor": 1.0498355636255963,
    "functional_factor": 0.9999929231394866
}