{
    "structural_factor": 1.7230734118581477,
    "functional_factor": 1.139355333119893
}