{
    "structural_factor": 3.0634841198936478,
    "functional_factor": 1.6705043638338506
}