{
    "structural_factor": 2.0174891325967677,
    "functional_factor": 3.1198976686967326
}