{
    "structural_factor": 3.2643127550304274,
    "functional_factor": 2.22910568869305
}