{
    "structural_factor": 1.5537731747887762,
    "functional_factor": 1.936092373894247
}