{
    "structural_factor": 2.068380270287004,
    "functional_factor": 1.2856557443050272
}