{
    "structural_factor": 1.1435911396621357,
    "functional_factor": 1.2277861603836953
}