{
    "structural_factor": 1.2066537404102848,
    "functional_factor": 1.1407346388355044
}