{
    "structural_factor": 1.9242900307651334,
    "functional_factor": 1.2014380353165188
}