{
    "structural_factor": 2.059705553300029,
    "functional_factor": 1.6978774235226184
}