{
    "structural_factor": 1.436901379198801,
    "functional_factor": 4.355544673186089
}