{
    "structural_factor": 1.4732644731056723,
    "functional_factor": 1.0856764547416204
}