{
    "structural_factor": 1.6892148591858196,
    "functional_factor": 1.148782572350762
}