{
    "structural_factor": 1.4677739722590586,
    "functional_factor": 2.988056403528644
}