{
    "structural_factor": 3.2975280629678045,
    "functional_factor": 1.9103840762820665
}