{
    "structural_factor": 1.461880751659716,
    "functional_factor": 2.4355755397679766
}