{
    "structural_factor": 1.316718853390529,
    "functional_factor": 5.877282879693287
}