{
    "structural_factor": 1.1549520745588575,
    "functional_factor": 1.4995965630088788
}