{
    "structural_factor": 1.707104739563346,
    "functional_factor": 3.784986640437277
}