{
    "structural_factor": 1.0474569133369271,
    "functional_factor": 4.625464652366679
}