{
    "structural_factor": 0.9447996574166612,
    "functional_factor": 2.0550073764423695
}