{
    "structural_factor": 2.7451717215869804,
    "functional_factor": 2.81976345939634
}