{
    "structural_factor": 4.117428662166812,
    "functional_factor": 8.208270140251848
}