{
    "structural_factor": 1.0995100888654692,
    "functional_factor": 2.5017315498651
}