{
    "structural_factor": 1.030648048985235,
    "functional_factor": 1.2469791236525034
}