{
    "structural_factor": 0.9864187464649464,
    "functional_factor": 2.836787945713245
}