{
    "structural_factor": 1.3307292361942746,
    "functional_factor": 1.621693767064464
}