{
    "structural_factor": 1.650611985625666,
    "functional_factor": 2.908112566145343
}