{
    "structural_factor": 4.749466842950305,
    "functional_factor": 3.810955836524633
}