{
    "structural_factor": 1.0810757231853778,
    "functional_factor": 1.3266374202857663
}