{
    "structural_factor": 1.08827565362972,
    "functional_factor": 2.117509814707231
}