{
    "structural_factor": 4.647683407842385,
    "functional_factor": 1.8493871895853977
}