{
    "structural_factor": 1.8446414052284537,
    "functional_factor": 1.7729831123499902
}