{
    "structural_factor": 0.6404423528633215,
    "functional_factor": 4.392596416970141
}