{
    "structural_factor": 2.798210042418679,
    "functional_factor": 1.6810133880846103
}