{
    "structural_factor": 1.6856845734570507,
    "functional_factor": 1.0846914655685838
}