{
    "structural_factor": 1.0128112767362696,
    "functional_factor": 1.5751590841293652
}