{
    "structural_factor": 4.776351671780159,
    "functional_factor": 1.2127220566616184
}