{
    "structural_factor": 3.6981006900733533,
    "functional_factor": 2.309793587488375
}