{
    "structural_factor": 4.516803358778169,
    "functional_factor": 1.0475783978160245
}