{
    "structural_factor": 2.251808886792646,
    "functional_factor": 1.003447290440902
}