{
    "structural_factor": 4.782993991363454,
    "functional_factor": 1.190484752851188
}