{
    "structural_factor": 2.142505955862383,
    "functional_factor": 4.438727713293212
}