{
    "structural_factor": 1.1093625051154752,
    "functional_factor": 1.0397454780498359
}