{
    "structural_factor": 1.6664246882810945,
    "functional_factor": 2.1269311522409318
}