{
    "structural_factor": 1.6542016803791462,
    "functional_factor": 2.557878172994719
}