{
    "structural_factor": 1.549708690590288,
    "functional_factor": 0.9999976873493913
}