{
    "structural_factor": 1.0976368392181008,
    "functional_factor": 1.013586961430703
}