{
    "structural_factor": 1.402677893283026,
    "functional_factor": 1.2393041437809373
}