{
    "structural_factor": 2.00763313752946,
    "functional_factor": 1.013263501377987
}