{
    "structural_factor": 3.7577398667347612,
    "functional_factor": 1.1982514540878386
}