{
    "structural_factor": 1.0132599792714336,
    "functional_factor": 3.5248797488290786
}