{
    "structural_factor": 1.4833017756687847,
    "functional_factor": 5.731372909903303
}