{
    "structural_factor": 1.3373894548418879,
    "functional_factor": 2.1242274535665255
}