{
    "structural_factor": 1.7755482348802043,
    "functional_factor": 2.374524547559716
}