{
    "structural_factor": 2.082535386592559,
    "functional_factor": 1.515888399741287
}