{
    "structural_factor": 3.8341691943122473,
    "functional_factor": 2.9369849335715976
}