{
    "structural_factor": 1.0680704260838434,
    "functional_factor": 3.0567372808501325
}