{
    "structural_factor": 1.1676959822717583,
    "functional_factor": 1.1158556953548915
}