{
    "structural_factor": 3.1530290673019126,
    "functional_factor": 3.8895323905562997
}