{
    "structural_factor": 2.954931033322335,
    "functional_factor": 3.0214062931180714
}