{
    "structural_factor": 1.9516475831769466,
    "functional_factor": 1.0032197294860348
}