{
    "structural_factor": 1.897531290378628,
    "functional_factor": 1.7053732077310977
}