{
    "structural_factor": 2.1637993324198876,
    "functional_factor": 3.889943675437309
}