{
    "structural_factor": 3.601046383715102,
    "functional_factor": 8.089626635341025
}