{
    "structural_factor": 2.833233433911078,
    "functional_factor": 1.4850039985276227
}