{
    "structural_factor": 0.58084474026771,
    "functional_factor": 5.239557377852442
}