{
    "structural_factor": 1.7270373757440747,
    "functional_factor": 1.0596316153421639
}