{
    "structural_factor": 1.8545945319958341,
    "functional_factor": 2.9981212617191124
}