{
    "structural_factor": 3.010441409124894,
    "functional_factor": 1.016261608148543
}