{
    "structural_factor": 0.7147212744977711,
    "functional_factor": 5.808387757350566
}