{
    "structural_factor": 2.768885674954034,
    "functional_factor": 1.0373369840695574
}