{
    "structural_factor": 4.0029718545351205,
    "functional_factor": 1.0046714764635898
}