{
    "structural_factor": 2.03450388208811,
    "functional_factor": 11.157287120194255
}