{
    "structural_factor": 2.2276226842374465,
    "functional_factor": 5.405350495748215
}