{
    "structural_factor": 1.5837904647869825,
    "functional_factor": 3.4080719327818363
}