{
    "structural_factor": 2.522464342880876,
    "functional_factor": 1.0377473410980578
}