{
    "structural_factor": 1.201151595589799,
    "functional_factor": 1.0033379210118325
}