{
    "structural_factor": 5.0160605652480506,
    "functional_factor": 1.1266016474284943
}