{
    "structural_factor": 1.4719212060049254,
    "functional_factor": 3.0535375901295176
}