{
    "structural_factor": 1.5561989669894558,
    "functional_factor": 3.2118145574254
}