{
    "structural_factor": 1.2647082023019338,
    "functional_factor": 2.049293379606344
}