{
    "structural_factor": 1.6791157425868624,
    "functional_factor": 2.556925822548792
}