{
    "structural_factor": 1.7276167480115778,
    "functional_factor": 1.4330859187466414
}