{
    "structural_factor": 1.809147605774707,
    "functional_factor": 3.268873829325898
}