{
    "structural_factor": 1.3235677800848265,
    "functional_factor": 2.7811027612479173
}