{
    "structural_factor": 1.7366577778172845,
    "functional_factor": 1.1058615722157523
}