{
    "structural_factor": 3.5454233427139443,
    "functional_factor": 1.7269514583263115
}