{
    "structural_factor": 1.0704651265332088,
    "functional_factor": 2.8437484015745476
}