{
    "structural_factor": 1.5969029283023168,
    "functional_factor": 2.0120769845474533
}