{
    "structural_factor": 0.4313727863510575,
    "functional_factor": 4.5487233057280045
}