{
    "structural_factor": 3.608484775083157,
    "functional_factor": 2.6387211149491954
}