{
    "structural_factor": 1.2819577224703238,
    "functional_factor": 2.675008192657994
}