{
    "structural_factor": 1.4242385481629538,
    "functional_factor": 1.0667592275347693
}