{
    "structural_factor": 3.9797282287478692,
    "functional_factor": 3.8476512129245988
}