{
    "structural_factor": 1.7734298907396686,
    "functional_factor": 1.222842837169055
}