{
    "structural_factor": 1.5779403760720143,
    "functional_factor": 1.0656487008254576
}