{
    "structural_factor": 1.7764131942128105,
    "functional_factor": 1.9075533089415648
}