{
    "structural_factor": 4.436018380697516,
    "functional_factor": 2.1421380654232784
}