{
    "structural_factor": 1.135244805700351,
    "functional_factor": 2.58325345612877
}