{
    "structural_factor": 1.4088200878081982,
    "functional_factor": 2.4536441875963106
}