{
    "structural_factor": 1.6733307932362669,
    "functional_factor": 1.9044166451028977
}