{
    "structural_factor": 1.968136637309898,
    "functional_factor": 1.3651315775379227
}