{
    "structural_factor": 1.9858436702350784,
    "functional_factor": 1.0856387311098807
}