{
    "structural_factor": 1.3015135609493949,
    "functional_factor": 2.184571509299042
}