{
    "structural_factor": 1.8306923475564505,
    "functional_factor": 1.2686227415513802
}