{
    "structural_factor": 2.1346846240064483,
    "functional_factor": 9.627455822501481
}