{
    "structural_factor": 1.0534324713533403,
    "functional_factor": 1.0148404359923877
}