{
    "structural_factor": 4.798305736910367,
    "functional_factor": 1.21491379010341
}