{
    "structural_factor": 1.940140663403733,
    "functional_factor": 2.9088356622278195
}