{
    "structural_factor": 2.639012583299692,
    "functional_factor": 5.917311719494338
}