{
    "structural_factor": 1.6955871147125245,
    "functional_factor": 2.233912679681713
}