{
    "structural_factor": 3.733500942849721,
    "functional_factor": 3.431458199309606
}