{
    "structural_factor": 2.405027536472061,
    "functional_factor": 7.293360077592979
}