{
    "structural_factor": 5.015677734477214,
    "functional_factor": 1.1434730711690864
}