{
    "structural_factor": 0.494643118212913,
    "functional_factor": 5.291465003006844
}