{
    "structural_factor": 2.475351720866845,
    "functional_factor": 1.5259165278739772
}