{
    "structural_factor": 0.7447298905729536,
    "functional_factor": 5.557160841818106
}