{
    "structural_factor": 4.2804170780257005,
    "functional_factor": 1.0780536418783737
}