{
    "structural_factor": 4.6593684801081094,
    "functional_factor": 1.973270619707298
}