{
    "structural_factor": 1.5215492656403065,
    "functional_factor": 3.2122707177549064
}