{
    "structural_factor": 1.111648081950671,
    "functional_factor": 1.6522974811488416
}