{
    "structural_factor": 0.8668183802559672,
    "functional_factor": 5.422091271185365
}