{
    "structural_factor": 1.6806531366735808,
    "functional_factor": 1.0625424206340541
}