{
    "structural_factor": 1.8996836920262365,
    "functional_factor": 1.0000014624218987
}