{
    "structural_factor": 1.816663366206577,
    "functional_factor": 1.965289594823397
}