{
    "structural_factor": 1.0021233360684452,
    "functional_factor": 3.2070632228690545
}