{
    "structural_factor": 4.628627540151401,
    "functional_factor": 4.0176511979417695
}