{
    "structural_factor": 1.042855102463713,
    "functional_factor": 1.3116594178212682
}