{
    "structural_factor": 1.9398453212180535,
    "functional_factor": 1.1061154712367745
}