{
    "structural_factor": 3.28576948612654,
    "functional_factor": 3.7725718178634136
}