{
    "structural_factor": 1.3122628993419565,
    "functional_factor": 2.8953206169892014
}