{
    "structural_factor": 4.548828915818747,
    "functional_factor": 1.722437336959218
}