{
    "structural_factor": 1.1528244556393112,
    "functional_factor": 2.827713415754585
}