{
    "structural_factor": 1.5089404490860643,
    "functional_factor": 2.445112076324471
}