{
    "structural_factor": 1.3653546256543738,
    "functional_factor": 3.959649762581184
}