{
    "structural_factor": 3.9719239090434897,
    "functional_factor": 4.5286104958121856
}