{
    "structural_factor": 4.340451318037206,
    "functional_factor": 3.4189639164796857
}