{
    "structural_factor": 2.617123690774739,
    "functional_factor": 7.35187745481857
}