{
    "structural_factor": 1.362092159315318,
    "functional_factor": 1.03617609053917
}