{
    "structural_factor": 1.2047462291121787,
    "functional_factor": 1.4761548723322009
}