{
    "structural_factor": 1.7774062990031123,
    "functional_factor": 1.0642118179872329
}