{
    "structural_factor": 3.551765401178677,
    "functional_factor": 1.595198920692168
}