{
    "structural_factor": 1.2849248286585888,
    "functional_factor": 1.1646136863365435
}