{
    "structural_factor": 2.7625444269396184,
    "functional_factor": 1.0319046371495715
}