{
    "structural_factor": 1.5888433225254182,
    "functional_factor": 6.08353487629881
}