{
    "structural_factor": 2.551099603927724,
    "functional_factor": 5.55375130503105
}