{
    "structural_factor": 1.039865995934473,
    "functional_factor": 1.9665707728571908
}