{
    "structural_factor": 4.655230744470711,
    "functional_factor": 1.8378122357461097
}