{
    "structural_factor": 1.2278594789743582,
    "functional_factor": 2.1403263789757427
}