{
    "structural_factor": 4.527705971313349,
    "functional_factor": 1.348255607358591
}