{
    "structural_factor": 1.4698763358611704,
    "functional_factor": 1.05728567374236
}