{
    "structural_factor": 1.6650303479346709,
    "functional_factor": 1.1767454443866308
}