{
    "structural_factor": 1.7134418752334442,
    "functional_factor": 1.0344719515668168
}