{
    "structural_factor": 1.510557904809057,
    "functional_factor": 2.4529464031839736
}