{
    "structural_factor": 1.839461710157983,
    "functional_factor": 3.1660986017753086
}