{
    "structural_factor": 3.52006748384363,
    "functional_factor": 1.0404055658834324
}