{
    "structural_factor": 1.3543924311112645,
    "functional_factor": 3.549814226475493
}