{
    "structural_factor": 1.847033912755685,
    "functional_factor": 1.7049230795242576
}