{
    "structural_factor": 0.9008503079865628,
    "functional_factor": 3.766344543159334
}