{
    "structural_factor": 1.3922401686215713,
    "functional_factor": 1.1942331404642483
}