{
    "structural_factor": 1.232753513484575,
    "functional_factor": 1.513766198213226
}