{
    "structural_factor": 1.6009175890108487,
    "functional_factor": 1.0029864186559792
}