{
    "structural_factor": 1.6919219983081388,
    "functional_factor": 2.6781733024486525
}