{
    "structural_factor": 4.4208212287433115,
    "functional_factor": 2.4471147475410664
}