{
    "structural_factor": 2.2792164720943897,
    "functional_factor": 5.5063025378847055
}