{
    "structural_factor": 4.770379257294696,
    "functional_factor": 1.0834610843876284
}