{
    "structural_factor": 1.945176385290578,
    "functional_factor": 1.0994583716531914
}