{
    "structural_factor": 1.164394654857361,
    "functional_factor": 1.058497953004482
}