{
    "structural_factor": 4.501182048416104,
    "functional_factor": 0.9995871095244729
}