{
    "structural_factor": 1.5692817275430697,
    "functional_factor": 2.1233241536184386
}