{
    "structural_factor": 1.4497780737253938,
    "functional_factor": 1.0000125184280833
}