{
    "structural_factor": 1.7770881400683078,
    "functional_factor": 5.934158928142392
}