{
    "structural_factor": 1.2547520062253876,
    "functional_factor": 1.0151645065033998
}