{
    "structural_factor": 1.513432793059055,
    "functional_factor": 2.9874477453876964
}