{
    "structural_factor": 2.2849723648490894,
    "functional_factor": 3.224140907603934
}