{
    "structural_factor": 1.5928374316260305,
    "functional_factor": 3.376426085869032
}