{
    "structural_factor": 0.9855955411088109,
    "functional_factor": 3.3200492352223536
}