{
    "structural_factor": 3.4842452709910274,
    "functional_factor": 2.7931747182464224
}