{
    "structural_factor": 5.003811019030822,
    "functional_factor": 1.4786200272324201
}