{
    "structural_factor": 4.281941169700225,
    "functional_factor": 1.3457329638858766
}