{
    "structural_factor": 4.245939216393712,
    "functional_factor": 2.1246953783459945
}