{
    "structural_factor": 1.0009004316486316,
    "functional_factor": 1.0039485945258115
}