{
    "structural_factor": 1.4904502465084044,
    "functional_factor": 1.1533827081286543
}