{
    "structural_factor": 5.001453232559282,
    "functional_factor": 0.9995184224255259
}