{
    "structural_factor": 1.1539923651057018,
    "functional_factor": 1.0142754371690952
}