{
    "structural_factor": 1.150823643148371,
    "functional_factor": 1.0036517168745172
}