{
    "structural_factor": 1.2459507960849219,
    "functional_factor": 2.487629515361185
}