{
    "structural_factor": 1.6189240277477706,
    "functional_factor": 2.138698304142098
}