{
    "structural_factor": 1.6296704701267504,
    "functional_factor": 3.4918349916645535
}