{
    "structural_factor": 1.0097742367670457,
    "functional_factor": 5.4756009368039456
}