{
    "structural_factor": 0.8141154289902837,
    "functional_factor": 5.8978601241721424
}