{
    "structural_factor": 1.8434240805964175,
    "functional_factor": 2.0237162239009443
}