{
    "structural_factor": 1.4997791086089918,
    "functional_factor": 1.0000096200822455
}