{
    "structural_factor": 1.4435535910364952,
    "functional_factor": 3.9003350279210283
}