{
    "structural_factor": 3.6488849845142757,
    "functional_factor": 3.044066612783658
}