{
    "structural_factor": 1.2772590104913746,
    "functional_factor": 3.2272720227083727
}