{
    "structural_factor": 1.9562855857624066,
    "functional_factor": 1.169729201174602
}