{
    "structural_factor": 4.250441541496517,
    "functional_factor": 0.9997487192740467
}