{
    "structural_factor": 4.283376046053739,
    "functional_factor": 1.074155846647106
}