{
    "structural_factor": 4.283985272218776,
    "functional_factor": 1.2843393410807553
}