{
    "structural_factor": 1.384458309290096,
    "functional_factor": 1.501878011776184
}