{
    "structural_factor": 1.9997453830036844,
    "functional_factor": 0.99999094634712
}