{
    "structural_factor": 3.930239988748182,
    "functional_factor": 2.1211262762797576
}