{
    "structural_factor": 1.0537787530141383,
    "functional_factor": 1.7603466117652444
}