{
    "structural_factor": 3.2917668165470397,
    "functional_factor": 1.1179060636745641
}