{
    "structural_factor": 3.9092382255904856,
    "functional_factor": 2.2074227702059974
}