{
    "structural_factor": 1.8563016457738621,
    "functional_factor": 1.7427131608065105
}