{
    "structural_factor": 2.5153710272398166,
    "functional_factor": 2.0451453856016166
}