{
    "structural_factor": 2.8115729534374614,
    "functional_factor": 1.5784777423452325
}