{
    "structural_factor": 1.1974541334802467,
    "functional_factor": 1.0137130829382264
}