{
    "structural_factor": 1.8740953306155037,
    "functional_factor": 2.3896626256095757
}