{
    "structural_factor": 1.7997445728869024,
    "functional_factor": 0.9999795138249943
}