{
    "structural_factor": 4.268166580686196,
    "functional_factor": 2.0584352396812178
}