{
    "structural_factor": 5.028576372292116,
    "functional_factor": 1.1106287188646982
}