{
    "structural_factor": 1.399338292619262,
    "functional_factor": 1.5353764237137966
}