{
    "structural_factor": 1.2054970170312698,
    "functional_factor": 1.015420270831446
}