{
    "structural_factor": 3.604131838599745,
    "functional_factor": 2.227017574840219
}