{
    "structural_factor": 1.0919048239423113,
    "functional_factor": 1.2276486924634606
}