{
    "structural_factor": 1.4779417284635659,
    "functional_factor": 1.4418352296170518
}