{
    "structural_factor": 0.8529907852780939,
    "functional_factor": 16.641282617683885
}