{
    "structural_factor": 1.047393287798584,
    "functional_factor": 1.969415044011438
}