{
    "structural_factor": 1.3198188491155667,
    "functional_factor": 3.050047200314411
}