{
    "structural_factor": 1.0360516922277712,
    "functional_factor": 1.6387315864702858
}