{
    "structural_factor": 5.008141633791677,
    "functional_factor": 1.0196987056931526
}