{
    "structural_factor": 1.1359518883651722,
    "functional_factor": 1.2854452060866537
}