{
    "structural_factor": 1.9404018616772731,
    "functional_factor": 1.9212975157377488
}