{
    "structural_factor": 3.805571984319807,
    "functional_factor": 1.4096155101303818
}