{
    "structural_factor": 1.5794493859430216,
    "functional_factor": 1.1616125220038347
}