{
    "structural_factor": 1.7979447371031076,
    "functional_factor": 1.960372272306248
}