{
    "structural_factor": 3.3264501208735138,
    "functional_factor": 1.2584049820882843
}