{
    "structural_factor": 2.0101182710285084,
    "functional_factor": 1.0296274200435929
}