{
    "structural_factor": 1.2808370457454465,
    "functional_factor": 3.9050817740729076
}