{
    "structural_factor": 1.848282042640016,
    "functional_factor": 1.7701883753649172
}