{
    "structural_factor": 1.0660767924779873,
    "functional_factor": 1.2346300129616696
}