{
    "structural_factor": 0.41686225718809367,
    "functional_factor": 5.973764155486376
}