{
    "structural_factor": 3.0150007768193823,
    "functional_factor": 1.161925082284629
}