{
    "structural_factor": 1.0657689905498935,
    "functional_factor": 2.2795910192647875
}