{
    "structural_factor": 1.3264239926681034,
    "functional_factor": 3.7687377627736436
}