{
    "structural_factor": 4.467580023755183,
    "functional_factor": 2.0738054487206115
}