{
    "structural_factor": 4.000403525150876,
    "functional_factor": 0.9997590093804459
}