{
    "structural_factor": 1.2257838900385287,
    "functional_factor": 2.5210028852421464
}