{
    "structural_factor": 1.5735867966148946,
    "functional_factor": 1.063127999930561
}