{
    "structural_factor": 4.7678048996031555,
    "functional_factor": 1.125615464647006
}