{
    "structural_factor": 1.9308461628994684,
    "functional_factor": 2.0159468001887824
}