{
    "structural_factor": 1.515851489019929,
    "functional_factor": 3.0096377153797906
}