{
    "structural_factor": 4.560091230222741,
    "functional_factor": 8.37911273188324
}