{
    "structural_factor": 1.25463395239188,
    "functional_factor": 1.013965714868816
}