{
    "structural_factor": 4.069904767911703,
    "functional_factor": 1.2283651459168934
}