{
    "structural_factor": 0.5514087203269705,
    "functional_factor": 5.849081288479932
}