{
    "structural_factor": 0.8362863636188568,
    "functional_factor": 5.04829907507131
}