{
    "structural_factor": 2.324404503531689,
    "functional_factor": 1.3707684396086708
}