{
    "structural_factor": 2.8122958840213212,
    "functional_factor": 1.3923625432537667
}