{
    "structural_factor": 1.2122898937466227,
    "functional_factor": 1.536144287866898
}