{
    "structural_factor": 3.2650667996239333,
    "functional_factor": 1.1665236078536656
}