{
    "structural_factor": 1.9462966008987876,
    "functional_factor": 1.446503969517588
}