{
    "structural_factor": 1.2979537189944708,
    "functional_factor": 2.4928955658059944
}