{
    "structural_factor": 4.008701681669809,
    "functional_factor": 1.016535325380025
}