{
    "structural_factor": 1.4121064398624212,
    "functional_factor": 1.03101659026603
}