{
    "structural_factor": 4.048678642237012,
    "functional_factor": 1.6860117948561864
}