{
    "structural_factor": 3.7529537588977298,
    "functional_factor": 1.0043769961187996
}