{
    "structural_factor": 1.985047512363183,
    "functional_factor": 2.0341121726432507
}