{
    "structural_factor": 2.5391387363675517,
    "functional_factor": 1.0920186268741332
}