{
    "structural_factor": 1.0007847030538901,
    "functional_factor": 1.0032351531498713
}