{
    "structural_factor": 1.8483790652593082,
    "functional_factor": 1.689886868523615
}