{
    "structural_factor": 0.5212332727811606,
    "functional_factor": 5.444287778936769
}