{
    "structural_factor": 3.48473149634225,
    "functional_factor": 2.071974915822246
}