{
    "structural_factor": 3.59202308118654,
    "functional_factor": 5.558853555418816
}