{
    "structural_factor": 1.3620446213906137,
    "functional_factor": 4.69777058821917
}