{
    "structural_factor": 1.920153287025379,
    "functional_factor": 1.2446737528803786
}