{
    "structural_factor": 1.33529235243147,
    "functional_factor": 1.1000024958585772
}