{
    "structural_factor": 1.3980912031757549,
    "functional_factor": 6.017698949975054
}