{
    "structural_factor": 1.0976248943722504,
    "functional_factor": 5.360687999715822
}