{
    "structural_factor": 4.432972218374699,
    "functional_factor": 1.834410307481876
}