{
    "structural_factor": 1.9461414516097888,
    "functional_factor": 2.2507221777004567
}