{
    "structural_factor": 3.634759662508246,
    "functional_factor": 3.8834732613256717
}