{
    "structural_factor": 1.0157774024197714,
    "functional_factor": 1.0874667176927246
}