{
    "structural_factor": 3.4207893446390996,
    "functional_factor": 2.432747497893076
}