{
    "structural_factor": 1.3174302988017215,
    "functional_factor": 1.0568110320995308
}