{
    "structural_factor": 3.6834110626785317,
    "functional_factor": 2.541811035950262
}