{
    "structural_factor": 3.8767132770301256,
    "functional_factor": 1.6060084767737743
}