{
    "structural_factor": 1.5819126959637617,
    "functional_factor": 5.821028743012121
}