{
    "structural_factor": 3.7641659821148585,
    "functional_factor": 1.4997604839079266
}