{
    "structural_factor": 1.2438554818064635,
    "functional_factor": 2.366162107026591
}