{
    "structural_factor": 1.001966714005154,
    "functional_factor": 2.3281565563930955
}