{
    "structural_factor": 2.017988825344177,
    "functional_factor": 1.0295763209957012
}