{
    "structural_factor": 1.827096548600011,
    "functional_factor": 2.693408739166118
}