{
    "structural_factor": 1.8079927692044182,
    "functional_factor": 6.343888953533976
}