{
    "structural_factor": 1.5582746919696204,
    "functional_factor": 1.2019290585200684
}