{
    "structural_factor": 4.135945207508631,
    "functional_factor": 2.0162672910491297
}