{
    "structural_factor": 1.1205236713751257,
    "functional_factor": 2.8579370425442145
}