{
    "structural_factor": 4.947730174251923,
    "functional_factor": 1.513098490685152
}