{
    "structural_factor": 1.3339808245946965,
    "functional_factor": 1.1518034680755749
}