{
    "structural_factor": 1.6658745695837274,
    "functional_factor": 1.2974223144634998
}