{
    "structural_factor": 3.734145942267672,
    "functional_factor": 2.0727437385066376
}