{
    "structural_factor": 1.6350615512204296,
    "functional_factor": 3.374794345607639
}