{
    "structural_factor": 3.7619154898961193,
    "functional_factor": 1.0326974373975761
}