{
    "structural_factor": 1.2997964267196835,
    "functional_factor": 1.000006451793404
}