{
    "structural_factor": 3.4563502396207606,
    "functional_factor": 2.0099393978552595
}