{
    "structural_factor": 1.6571492579105667,
    "functional_factor": 3.005427171132238
}