{
    "structural_factor": 1.4515111034033614,
    "functional_factor": 1.0035523021001442
}