{
    "structural_factor": 3.5691212737868248,
    "functional_factor": 1.2028450410684859
}