{
    "structural_factor": 5.0546266310940355,
    "functional_factor": 1.544575523657282
}