{
    "structural_factor": 4.79327848962766,
    "functional_factor": 1.6081960389816792
}