{
    "structural_factor": 1.4494239371164683,
    "functional_factor": 1.537480740769898
}