{
    "structural_factor": 1.3228943754441627,
    "functional_factor": 1.4347866843424153
}