{
    "structural_factor": 4.72668617899627,
    "functional_factor": 2.439891678771331
}