{
    "structural_factor": 3.7894870658580873,
    "functional_factor": 3.938806462967057
}