{
    "structural_factor": 2.7837624390579143,
    "functional_factor": 1.7898110446208872
}