{
    "structural_factor": 3.2497432156613133,
    "functional_factor": 0.999939891822117
}