{
    "structural_factor": 3.465522076751934,
    "functional_factor": 1.825353964883012
}