{
    "structural_factor": 1.5561237766598388,
    "functional_factor": 1.014735213431286
}