{
    "structural_factor": 3.6261670857842274,
    "functional_factor": 5.53941513510247
}