{
    "structural_factor": 4.539990633402275,
    "functional_factor": 1.5658234983739634
}