{
    "structural_factor": 1.5394647317458343,
    "functional_factor": 2.374674699680482
}