{
    "structural_factor": 0.5209422925359322,
    "functional_factor": 5.735873349518453
}