{
    "structural_factor": 1.9636534994420505,
    "functional_factor": 3.088156963368544
}