{
    "structural_factor": 1.0996386819900419,
    "functional_factor": 1.0036748400357947
}