{
    "structural_factor": 1.5183047144085295,
    "functional_factor": 3.726962558182084
}