{
    "structural_factor": 1.2007991094228265,
    "functional_factor": 1.003549599154682
}