{
    "structural_factor": 1.3497888878894486,
    "functional_factor": 1.00001611718828
}