{
    "structural_factor": 1.5242582191865097,
    "functional_factor": 5.649203850994744
}