{
    "structural_factor": 1.752146501147238,
    "functional_factor": 1.003582126250913
}