{
    "structural_factor": 1.6517823784359142,
    "functional_factor": 1.0032433825713727
}