{
    "structural_factor": 1.5611436253217232,
    "functional_factor": 1.5430822692923105
}