{
    "structural_factor": 1.1388361729626033,
    "functional_factor": 3.496962657186731
}