{
    "structural_factor": 1.0241430783591816,
    "functional_factor": 2.8450465462622443
}