{
    "structural_factor": 1.1529371912075825,
    "functional_factor": 2.14923002181261
}