{
    "structural_factor": 2.035819949042386,
    "functional_factor": 1.0599175513170778
}