{
    "structural_factor": 3.2152937664891317,
    "functional_factor": 2.0243320202922477
}