{
    "structural_factor": 2.021580394038863,
    "functional_factor": 1.3273114015657417
}