{
    "structural_factor": 1.6799920479100834,
    "functional_factor": 1.430548277420436
}