{
    "structural_factor": 1.14983738971834,
    "functional_factor": 0.9999997686073766
}