{
    "structural_factor": 0.9296733912110917,
    "functional_factor": 2.2993475374777765
}