{
    "structural_factor": 1.311843256015735,
    "functional_factor": 2.804722268077765
}