{
    "structural_factor": 2.5859696646338133,
    "functional_factor": 3.717206950982175
}