{
    "structural_factor": 3.7781698548616505,
    "functional_factor": 1.0767445859655662
}