{
    "structural_factor": 0.674360755636136,
    "functional_factor": 4.612382952997425
}