{
    "structural_factor": 1.8508742129044669,
    "functional_factor": 1.0037736881795014
}