{
    "structural_factor": 2.7587098243036494,
    "functional_factor": 2.051061608283406
}