{
    "structural_factor": 2.0574011077445498,
    "functional_factor": 1.675953980125751
}