{
    "structural_factor": 1.2376770647362874,
    "functional_factor": 4.1651870941656135
}