{
    "structural_factor": 3.712462607517284,
    "functional_factor": 3.7283751767994615
}