{
    "structural_factor": 1.516612710576433,
    "functional_factor": 1.265381380627244
}