{
    "structural_factor": 1.6062691726989797,
    "functional_factor": 1.0147334424858394
}