{
    "structural_factor": 0.8831468004776699,
    "functional_factor": 2.864339144509429
}