{
    "structural_factor": 4.765291872549737,
    "functional_factor": 1.0752870544840747
}