{
    "structural_factor": 1.1580332314513868,
    "functional_factor": 3.8993410764683705
}