{
    "structural_factor": 1.3099971200876943,
    "functional_factor": 1.0325304800779744
}