{
    "structural_factor": 1.8519421594251289,
    "functional_factor": 1.0038038559992561
}