{
    "structural_factor": 1.6838949650416928,
    "functional_factor": 2.507056042629914
}