{
    "structural_factor": 3.3036492453785553,
    "functional_factor": 1.403542976809568
}