{
    "structural_factor": 5.001780917234121,
    "functional_factor": 1.004600636131809
}