{
    "structural_factor": 1.649736848916679,
    "functional_factor": 1.000012017735405
}