{
    "structural_factor": 1.979386467324166,
    "functional_factor": 1.0564519619093482
}