{
    "structural_factor": 3.4232984820612478,
    "functional_factor": 5.582436087489823
}