{
    "structural_factor": 1.5116602802444505,
    "functional_factor": 1.0350815124745767
}