{
    "structural_factor": 1.1580693820868468,
    "functional_factor": 1.0335132069666606
}