{
    "structural_factor": 3.351416637785625,
    "functional_factor": 8.205922676130884
}