{
    "structural_factor": 0.8859423633976368,
    "functional_factor": 5.374340993954285
}