{
    "structural_factor": 1.7074722088383003,
    "functional_factor": 1.0144566182295118
}