{
    "structural_factor": 2.9903766921790726,
    "functional_factor": 2.63692399819761
}