{
    "structural_factor": 1.117513144213324,
    "functional_factor": 1.1071333770701968
}