{
    "structural_factor": 1.0998351702806488,
    "functional_factor": 1.0000094210478119
}