{
    "structural_factor": 1.6486988379454928,
    "functional_factor": 2.053158643977881
}