{
    "structural_factor": 1.0076218902013954,
    "functional_factor": 1.2056545596573822
}