{
    "structural_factor": 1.3014079212596938,
    "functional_factor": 1.003558718140772
}