{
    "structural_factor": 1.3620377855382497,
    "functional_factor": 6.30291419801019
}