{
    "structural_factor": 1.4078812535367429,
    "functional_factor": 1.6243341124033444
}