{
    "structural_factor": 4.501768258199095,
    "functional_factor": 1.0050300632210938
}