{
    "structural_factor": 3.925545625979743,
    "functional_factor": 1.553194117363962
}