{
    "structural_factor": 1.3439464487133694,
    "functional_factor": 2.1364440404921043
}