{
    "structural_factor": 0.9949982386632048,
    "functional_factor": 2.9843607086405806
}