{
    "structural_factor": 0.3913875427178546,
    "functional_factor": 6.354072359629202
}