{
    "structural_factor": 1.908361321187687,
    "functional_factor": 1.014660312867304
}