{
    "structural_factor": 0.9509120821104985,
    "functional_factor": 3.7681739774631544
}