{
    "structural_factor": 2.4836908812136973,
    "functional_factor": 1.792346505491476
}