{
    "structural_factor": 1.1014052132400998,
    "functional_factor": 3.1350439293686456
}