{
    "structural_factor": 1.18879952977477,
    "functional_factor": 1.8167849262847944
}