{
    "structural_factor": 3.001062214638371,
    "functional_factor": 2.0640842089181306
}