{
    "structural_factor": 1.5925786040513563,
    "functional_factor": 4.375245077196024
}