{
    "structural_factor": 2.5004875404966174,
    "functional_factor": 1.7316989355649053
}