{
    "structural_factor": 1.1101937179745243,
    "functional_factor": 2.2757519991345694
}