{
    "structural_factor": 1.1441073496843528,
    "functional_factor": 5.88062718133969
}