{
    "structural_factor": 1.666878996605618,
    "functional_factor": 1.0354606076082233
}