{
    "structural_factor": 2.008095829858958,
    "functional_factor": 1.0137567419522602
}