{
    "structural_factor": 1.3668820764319838,
    "functional_factor": 2.976459725413419
}