{
    "structural_factor": 1.9567953132062876,
    "functional_factor": 1.670201168735011
}