{
    "structural_factor": 1.6549020467327622,
    "functional_factor": 2.0498962092878426
}