{
    "structural_factor": 1.8522062236606265,
    "functional_factor": 1.0033008968932193
}