{
    "structural_factor": 1.7198103471211414,
    "functional_factor": 1.6270798740328307
}