{
    "structural_factor": 0.6444350042657234,
    "functional_factor": 6.669633059686814
}