{
    "structural_factor": 1.409739979519477,
    "functional_factor": 1.7553570653311736
}