{
    "structural_factor": 2.564561975919527,
    "functional_factor": 1.3442389386071851
}