{
    "structural_factor": 4.032749078312118,
    "functional_factor": 2.0556096620423334
}