{
    "structural_factor": 3.058928374754691,
    "functional_factor": 4.6472222769680425
}