{
    "structural_factor": 3.100833389820061,
    "functional_factor": 4.393622131367145
}