{
    "structural_factor": 1.9585923180865266,
    "functional_factor": 1.8378599053684659
}