{
    "structural_factor": 1.1466682521963514,
    "functional_factor": 10.48606136136079
}