{
    "structural_factor": 1.666387858046307,
    "functional_factor": 2.140921736754782
}