{
    "structural_factor": 4.7376415612450264,
    "functional_factor": 3.185144441702787
}