{
    "structural_factor": 1.7159755903841887,
    "functional_factor": 3.2180507149518127
}