{
    "structural_factor": 2.0037105466522585,
    "functional_factor": 2.3808547732203396
}