{
    "structural_factor": 1.0498365198535766,
    "functional_factor": 1.0000101294747776
}