{
    "structural_factor": 4.020324225947626,
    "functional_factor": 1.0811860241439166
}