{
    "structural_factor": 2.5752384976344413,
    "functional_factor": 4.092292548263994
}