{
    "structural_factor": 1.4035286936144291,
    "functional_factor": 4.721570818988933
}