{
    "structural_factor": 1.8330003423159722,
    "functional_factor": 3.3752512574791442
}