{
    "structural_factor": 1.5987392419811637,
    "functional_factor": 1.1648806437382144
}