{
    "structural_factor": 1.7542193388962795,
    "functional_factor": 1.1971826090128732
}