{
    "structural_factor": 1.452775842139019,
    "functional_factor": 1.9272381692005731
}