{
    "structural_factor": 1.8341121155264437,
    "functional_factor": 3.024836318907827
}