{
    "structural_factor": 1.4495940213136225,
    "functional_factor": 1.7648621857925642
}