{
    "structural_factor": 1.0436083683234805,
    "functional_factor": 1.4785163073952812
}