{
    "structural_factor": 1.0722087616748084,
    "functional_factor": 2.5203360272897024
}