{
    "structural_factor": 1.7751705249038243,
    "functional_factor": 1.4905162203427202
}