{
    "structural_factor": 1.6146798472571786,
    "functional_factor": 1.0323252643083662
}