{
    "structural_factor": 1.638236325119344,
    "functional_factor": 1.1476599412506556
}