{
    "structural_factor": 4.253078833907364,
    "functional_factor": 1.0048200301102015
}