{
    "structural_factor": 1.3447229473590283,
    "functional_factor": 1.30317633987105
}