{
    "structural_factor": 1.5901265586384394,
    "functional_factor": 1.1306962211698128
}