{
    "structural_factor": 1.4485957310077495,
    "functional_factor": 1.6197536593058024
}