{
    "structural_factor": 0.7909060798061056,
    "functional_factor": 4.4624842804521645
}