{
    "structural_factor": 1.0280142381967168,
    "functional_factor": 7.072739802283995
}