{
    "structural_factor": 1.3915719050937976,
    "functional_factor": 1.6886749500547256
}