{
    "structural_factor": 2.979704565399371,
    "functional_factor": 1.8123711160212865
}