{
    "structural_factor": 4.9171768632892014,
    "functional_factor": 1.8810394227018097
}