{
    "structural_factor": 1.4267000776627072,
    "functional_factor": 2.6731350492099093
}