{
    "structural_factor": 1.707282579152863,
    "functional_factor": 1.0147710585251204
}