{
    "structural_factor": 1.000922438400592,
    "functional_factor": 2.348322399893466
}