{
    "structural_factor": 1.7259367823946008,
    "functional_factor": 1.4841877625183564
}