{
    "structural_factor": 1.1465155422308693,
    "functional_factor": 4.162884547414691
}