{
    "structural_factor": 1.1291867137899816,
    "functional_factor": 1.197091691670403
}