{
    "structural_factor": 2.788727773874962,
    "functional_factor": 1.9203534180172614
}