{
    "structural_factor": 1.8614113792948794,
    "functional_factor": 1.6899242001224513
}