{
    "structural_factor": 1.449852511815494,
    "functional_factor": 0.9999799667162834
}