{
    "structural_factor": 1.401320780725706,
    "functional_factor": 1.003835132838917
}