{
    "structural_factor": 4.31560991903443,
    "functional_factor": 1.3712651202305257
}