{
    "structural_factor": 1.3498625635389527,
    "functional_factor": 1.1783112832663853
}