{
    "structural_factor": 1.5497866711120387,
    "functional_factor": 0.999981641146567
}