{
    "structural_factor": 1.4944917969481892,
    "functional_factor": 2.738659797326987
}