{
    "structural_factor": 3.6615991706549122,
    "functional_factor": 4.062943127409308
}