{
    "structural_factor": 1.026704259219923,
    "functional_factor": 1.3493193884100585
}