{
    "structural_factor": 1.410201842854917,
    "functional_factor": 1.3310869253697926
}