{
    "structural_factor": 0.520771440134802,
    "functional_factor": 5.1784043988080795
}