{
    "structural_factor": 1.4205692671096917,
    "functional_factor": 5.49852442674933
}