{
    "structural_factor": 1.8545329051787547,
    "functional_factor": 1.4432691723462772
}