{
    "structural_factor": 1.194559021392341,
    "functional_factor": 5.918543708761914
}