{
    "structural_factor": 3.628160530811639,
    "functional_factor": 1.599586292838165
}