{
    "structural_factor": 1.9424112189767724,
    "functional_factor": 1.9662317770926396
}