{
    "structural_factor": 1.380041893853911,
    "functional_factor": 2.028841244710753
}