{
    "structural_factor": 1.0024677993962121,
    "functional_factor": 3.4891174269551977
}