{
    "structural_factor": 1.6134450201290291,
    "functional_factor": 3.78690797598937
}