{
    "structural_factor": 1.073971226359207,
    "functional_factor": 3.2264962742631575
}