{
    "structural_factor": 1.7940823928042666,
    "functional_factor": 1.9466546784767418
}