{
    "structural_factor": 1.2593317016211147,
    "functional_factor": 2.4571719889890486
}