{
    "structural_factor": 1.9496468160494091,
    "functional_factor": 1.0000278411826002
}