{
    "structural_factor": 1.0998666547567553,
    "functional_factor": 1.0000004077456206
}