{
    "structural_factor": 1.9338117025066408,
    "functional_factor": 2.0545305648424463
}