{
    "structural_factor": 1.9362780502493084,
    "functional_factor": 1.0577187783225241
}