{
    "structural_factor": 2.978908757753903,
    "functional_factor": 3.689226506009421
}