{
    "structural_factor": 2.8339720020978016,
    "functional_factor": 1.2390715097882805
}