{
    "structural_factor": 4.642326441494919,
    "functional_factor": 1.8355484530094872
}