{
    "structural_factor": 1.4462380681639782,
    "functional_factor": 1.7660442860349432
}