{
    "structural_factor": 4.470967215136535,
    "functional_factor": 2.4705876222363123
}