{
    "structural_factor": 1.670405810480322,
    "functional_factor": 3.0744157821760605
}