{
    "structural_factor": 1.1873922233038963,
    "functional_factor": 1.3434256452864934
}