{
    "structural_factor": 1.2140615223576448,
    "functional_factor": 3.3802012618355124
}