{
    "structural_factor": 1.0039597785504164,
    "functional_factor": 1.8846586256390707
}