{
    "structural_factor": 2.3141870188471634,
    "functional_factor": 1.565420114503663
}