{
    "structural_factor": 3.767703831303581,
    "functional_factor": 1.0419629125323584
}