{
    "structural_factor": 2.570803993335802,
    "functional_factor": 9.847616160315884
}