{
    "structural_factor": 3.0264167164002833,
    "functional_factor": 2.1192446331202293
}