{
    "structural_factor": 1.4700275929087476,
    "functional_factor": 1.4379011494773752
}