{
    "structural_factor": 1.6144754735835962,
    "functional_factor": 1.0291913534613417
}