{
    "structural_factor": 1.205347229646781,
    "functional_factor": 3.730887792074889
}