{
    "structural_factor": 2.228264883715405,
    "functional_factor": 2.2823333150069325
}