{
    "structural_factor": 2.3732172747755533,
    "functional_factor": 3.6032317914338714
}