{
    "structural_factor": 1.1009008941446443,
    "functional_factor": 1.0037620486390082
}