{
    "structural_factor": 1.5895453722332644,
    "functional_factor": 1.097620526029094
}