{
    "structural_factor": 1.1995486977579575,
    "functional_factor": 4.490845297160976
}