{
    "structural_factor": 1.1181176075147334,
    "functional_factor": 2.1353525483034472
}