{
    "structural_factor": 3.1204225368160206,
    "functional_factor": 2.0037163882119833
}