{
    "structural_factor": 3.4999399541307543,
    "functional_factor": 0.9999027484521641
}