{
    "structural_factor": 1.5574911340623705,
    "functional_factor": 1.2771865172157464
}