{
    "structural_factor": 3.779627966354452,
    "functional_factor": 1.072935212038586
}