{
    "structural_factor": 0.8979630972585183,
    "functional_factor": 6.076111566312922
}