{
    "structural_factor": 1.7154768219630199,
    "functional_factor": 1.7647009595889427
}