{
    "structural_factor": 1.750417979953575,
    "functional_factor": 1.1515238047789533
}