{
    "structural_factor": 0.92717487397095,
    "functional_factor": 4.46215824517278
}