{
    "structural_factor": 1.6498030026539254,
    "functional_factor": 0.9999733560610539
}