{
    "structural_factor": 1.1313696563929712,
    "functional_factor": 1.6916341413645979
}