{
    "structural_factor": 1.5580008659774818,
    "functional_factor": 2.1569978668083025
}