{
    "structural_factor": 1.7568668163226095,
    "functional_factor": 1.013989090883461
}