{
    "structural_factor": 1.8936828342904086,
    "functional_factor": 1.7743569942635118
}