{
    "structural_factor": 1.693021056884256,
    "functional_factor": 3.1471235486780333
}