{
    "structural_factor": 1.9452990401695023,
    "functional_factor": 1.0980756119005988
}