{
    "structural_factor": 1.2010630995807607,
    "functional_factor": 1.0036681611445526
}