{
    "structural_factor": 1.0761195058806972,
    "functional_factor": 2.4990059003963894
}