{
    "structural_factor": 3.069628147551395,
    "functional_factor": 2.196112224953326
}