{
    "structural_factor": 1.4418926008738329,
    "functional_factor": 5.74181375371783
}