{
    "structural_factor": 1.3750807858435037,
    "functional_factor": 2.735583944624181
}