{
    "structural_factor": 1.1503950272269992,
    "functional_factor": 1.8362409252867284
}