{
    "structural_factor": 1.163710936909126,
    "functional_factor": 1.0889677206193058
}