{
    "structural_factor": 1.1856523947953574,
    "functional_factor": 2.106485773802093
}