{
    "structural_factor": 3.7495723318578635,
    "functional_factor": 0.9999202306763515
}