{
    "structural_factor": 3.319369012428784,
    "functional_factor": 1.499362490876186
}