{
    "structural_factor": 2.361555175074683,
    "functional_factor": 2.1685938462604835
}