{
    "structural_factor": 3.776392302686117,
    "functional_factor": 1.0783045804990796
}