{
    "structural_factor": 3.328192761193895,
    "functional_factor": 1.9606336270607998
}