{
    "structural_factor": 0.8297579357410805,
    "functional_factor": 5.375577436077569
}