{
    "structural_factor": 1.9357666175131463,
    "functional_factor": 1.1651519959737824
}