{
    "structural_factor": 1.4091773107227,
    "functional_factor": 1.309232384917853
}