{
    "structural_factor": 1.805804543886741,
    "functional_factor": 7.885246269573099
}