{
    "structural_factor": 2.0642274088039523,
    "functional_factor": 1.1979344229657298
}