{
    "structural_factor": 1.8579277298963397,
    "functional_factor": 1.0145538866437787
}