{
    "structural_factor": 1.7997250165570857,
    "functional_factor": 0.9999815049169797
}