{
    "structural_factor": 1.2427803190213804,
    "functional_factor": 1.4100049644055686
}