{
    "structural_factor": 1.4417675207725447,
    "functional_factor": 6.308577659640944
}