{
    "structural_factor": 0.9732490098704997,
    "functional_factor": 1.7438733469813694
}