{
    "structural_factor": 1.4461236485836644,
    "functional_factor": 2.0534496587531437
}