{
    "structural_factor": 5.029000303371112,
    "functional_factor": 1.6144898702877117
}