{
    "structural_factor": 2.8889825872932517,
    "functional_factor": 3.512339122397717
}