{
    "structural_factor": 0.8864694206593259,
    "functional_factor": 2.6048000738037635
}