{
    "structural_factor": 3.550716063856523,
    "functional_factor": 1.1185232595460934
}