{
    "structural_factor": 1.7791895984943187,
    "functional_factor": 1.0587910745919065
}