{
    "structural_factor": 1.216860022102454,
    "functional_factor": 3.194058797265215
}