{
    "structural_factor": 4.204517692135172,
    "functional_factor": 1.8319348261981665
}