{
    "structural_factor": 1.7496812700717128,
    "functional_factor": 1.0000294616319376
}