{
    "structural_factor": 1.4935796738717475,
    "functional_factor": 1.1964903306107633
}