{
    "structural_factor": 4.4431237041705485,
    "functional_factor": 2.319892365530789
}