{
    "structural_factor": 4.257819895063461,
    "functional_factor": 1.0190417419683033
}