{
    "structural_factor": 4.776440372224564,
    "functional_factor": 1.7605586002162485
}