{
    "structural_factor": 2.073057483218406,
    "functional_factor": 1.2443693782109229
}