{
    "structural_factor": 4.312869114296984,
    "functional_factor": 2.244416360233261
}