{
    "structural_factor": 2.001933825074408,
    "functional_factor": 1.8896472051154343
}