{
    "structural_factor": 1.019881204919228,
    "functional_factor": 2.0868722238867745
}