{
    "structural_factor": 3.6089846784139814,
    "functional_factor": 4.957374287431312
}