{
    "structural_factor": 1.785401742911367,
    "functional_factor": 1.3233367102874125
}