{
    "structural_factor": 3.7692814615815156,
    "functional_factor": 1.74137284386581
}