{
    "structural_factor": 1.1374157378604308,
    "functional_factor": 1.8132210708382708
}