{
    "structural_factor": 3.611913724752653,
    "functional_factor": 3.926461653048485
}