{
    "structural_factor": 1.1608828719786597,
    "functional_factor": 1.726889001233842
}