{
    "structural_factor": 0.35923796617605913,
    "functional_factor": 6.739856359413161
}