{
    "structural_factor": 2.1705096217706417,
    "functional_factor": 3.5093481482680264
}