{
    "structural_factor": 4.0033956328033105,
    "functional_factor": 1.0045965779524197
}