{
    "structural_factor": 1.7785951705432181,
    "functional_factor": 1.0870761919484084
}