{
    "structural_factor": 5.0151483654400595,
    "functional_factor": 1.1853672197208127
}