{
    "structural_factor": 2.2495305238818717,
    "functional_factor": 1.0000303509651993
}