{
    "structural_factor": 1.881658916032184,
    "functional_factor": 1.0613818330200517
}