{
    "structural_factor": 4.523879245543608,
    "functional_factor": 1.0788537437302537
}