{
    "structural_factor": 2.0325085853739067,
    "functional_factor": 1.0595783592247279
}