{
    "structural_factor": 3.1233356605349134,
    "functional_factor": 4.479213500038323
}