{
    "structural_factor": 1.8068967610669937,
    "functional_factor": 3.2435214973079125
}