{
    "structural_factor": 1.922527365408222,
    "functional_factor": 3.095173176441006
}