{
    "structural_factor": 2.0942100220065605,
    "functional_factor": 1.9652982946225894
}