{
    "structural_factor": 5.013610854466632,
    "functional_factor": 1.0493004957549683
}