{
    "structural_factor": 5.051500267304854,
    "functional_factor": 1.2652857764518484
}