{
    "structural_factor": 1.6518969937594448,
    "functional_factor": 1.6351377633976791
}