{
    "structural_factor": 2.8263875557744713,
    "functional_factor": 1.3493480846566255
}