{
    "structural_factor": 1.7134688732879406,
    "functional_factor": 1.030617956322192
}