{
    "structural_factor": 1.0499093786170468,
    "functional_factor": 1.0037855204415873
}