{
    "structural_factor": 4.1374830905248166,
    "functional_factor": 1.5733817752976471
}