{
    "structural_factor": 1.9592438372622165,
    "functional_factor": 1.0146011190403572
}