{
    "structural_factor": 3.9982686805174326,
    "functional_factor": 2.882416090862882
}