{
    "structural_factor": 1.6454182880685824,
    "functional_factor": 2.372821241914248
}