{
    "structural_factor": 3.6542398922331225,
    "functional_factor": 2.5785844190950944
}