{
    "structural_factor": 3.3949003505144573,
    "functional_factor": 1.371822337137314
}