{
    "structural_factor": 1.128434715260362,
    "functional_factor": 1.1649369210647007
}