{
    "structural_factor": 3.0656547041824136,
    "functional_factor": 1.376461568475394
}