{
    "structural_factor": 1.4937186643309406,
    "functional_factor": 3.7431728516339495
}