{
    "structural_factor": 0.6098385891964553,
    "functional_factor": 4.139013487326647
}