{
    "structural_factor": 2.441310871810513,
    "functional_factor": 1.5492982943982934
}