{
    "structural_factor": 1.1580655198047196,
    "functional_factor": 1.7543910424607478
}