{
    "structural_factor": 4.018318094493179,
    "functional_factor": 3.1417527290342573
}