{
    "structural_factor": 2.2252612235603384,
    "functional_factor": 7.076829558524984
}