{
    "structural_factor": 1.8222018300455651,
    "functional_factor": 1.6349175942744596
}