{
    "structural_factor": 1.8859871821050047,
    "functional_factor": 2.997816153607805
}