{
    "structural_factor": 3.998902010998081,
    "functional_factor": 2.210507216670005
}