{
    "structural_factor": 1.2417787943329546,
    "functional_factor": 2.335785453008352
}