{
    "structural_factor": 2.5613305290478388,
    "functional_factor": 1.6950938691931008
}