{
    "structural_factor": 1.8016328702658992,
    "functional_factor": 1.003755070996854
}