{
    "structural_factor": 1.351349162893645,
    "functional_factor": 1.0034350617096999
}