{
    "structural_factor": 1.2621509936817392,
    "functional_factor": 1.7264358294031175
}