{
    "structural_factor": 1.2035767127407104,
    "functional_factor": 1.013212901217631
}