{
    "structural_factor": 4.142192897704973,
    "functional_factor": 1.7406578745566594
}