{
    "structural_factor": 2.051780463353908,
    "functional_factor": 1.1345157800866832
}