{
    "structural_factor": 1.3220383357418346,
    "functional_factor": 1.0584186804637363
}