{
    "structural_factor": 1.3021804310313316,
    "functional_factor": 1.8982558221632069
}