{
    "structural_factor": 1.3726582763718258,
    "functional_factor": 3.3355363884071414
}