{
    "structural_factor": 1.3698515863639216,
    "functional_factor": 1.0623214099027936
}