{
    "structural_factor": 1.4633309489132007,
    "functional_factor": 1.0362248611704357
}