{
    "structural_factor": 1.4087779644845206,
    "functional_factor": 1.6453311870151712
}