{
    "structural_factor": 1.8754702775450272,
    "functional_factor": 1.341368038978394
}