{
    "structural_factor": 4.699891530198191,
    "functional_factor": 2.47463133638365
}