{
    "structural_factor": 2.278329250235467,
    "functional_factor": 1.1473010380414375
}