{
    "structural_factor": 4.5126046871855054,
    "functional_factor": 1.2718418332811625
}