{
    "structural_factor": 4.009943013864645,
    "functional_factor": 1.0183852731232832
}