{
    "structural_factor": 1.9125303312146797,
    "functional_factor": 1.6757410270609132
}