{
    "structural_factor": 0.9769374928515606,
    "functional_factor": 2.6061415185226755
}