{
    "structural_factor": 2.0234865967324636,
    "functional_factor": 1.7067607290817937
}