{
    "structural_factor": 4.010709444253175,
    "functional_factor": 1.267388526183951
}