{
    "structural_factor": 1.3989861602426956,
    "functional_factor": 1.773131716371236
}