{
    "structural_factor": 0.3289042660633069,
    "functional_factor": 7.7683275713421205
}