{
    "structural_factor": 1.1306755172149354,
    "functional_factor": 1.4389465740090819
}