{
    "structural_factor": 2.450010869747074,
    "functional_factor": 3.1563410312063405
}