{
    "structural_factor": 1.6209672185979693,
    "functional_factor": 3.7299173949538633
}