{
    "structural_factor": 2.7893669820596556,
    "functional_factor": 5.389970851143083
}