{
    "structural_factor": 2.0357709112902125,
    "functional_factor": 2.7609525316384755
}