{
    "structural_factor": 1.297383335805984,
    "functional_factor": 1.3580577450463145
}