{
    "structural_factor": 2.0778833707524775,
    "functional_factor": 1.347297265117535
}