{
    "structural_factor": 4.378930899797324,
    "functional_factor": 3.3398212317299296
}