{
    "structural_factor": 0.6656938540035151,
    "functional_factor": 5.873589229494956
}