{
    "structural_factor": 4.508197160837961,
    "functional_factor": 2.625498037385074
}