{
    "structural_factor": 1.0542968019241963,
    "functional_factor": 2.1515442713815314
}