{
    "structural_factor": 1.2132960026367299,
    "functional_factor": 1.478573998659817
}