{
    "structural_factor": 3.4398340279200736,
    "functional_factor": 3.4089070310717355
}