{
    "structural_factor": 2.7957173358791434,
    "functional_factor": 1.1620203894596508
}