{
    "structural_factor": 0.818601278407419,
    "functional_factor": 2.866904339272346
}