{
    "structural_factor": 1.9530077503734886,
    "functional_factor": 2.1553919940272
}