{
    "structural_factor": 1.7974750407111708,
    "functional_factor": 3.2268345918188697
}