{
    "structural_factor": 1.17389269653454,
    "functional_factor": 3.7521061935502704
}