{
    "structural_factor": 2.319597589720015,
    "functional_factor": 1.2919412143883697
}