{
    "structural_factor": 1.7582869945314492,
    "functional_factor": 1.0146925395231812
}