{
    "structural_factor": 1.8806212780447713,
    "functional_factor": 1.0591378182268483
}