{
    "structural_factor": 1.5016211540240003,
    "functional_factor": 1.0038150786750368
}