{
    "structural_factor": 3.0281051614553687,
    "functional_factor": 1.0407921499427253
}