{
    "structural_factor": 1.8229762564238987,
    "functional_factor": 1.9841737451644919
}