{
    "structural_factor": 2.2895208689157083,
    "functional_factor": 1.0599874833650722
}