{
    "structural_factor": 2.8325279560322287,
    "functional_factor": 1.5154249323844757
}