{
    "structural_factor": 1.4019026897585642,
    "functional_factor": 1.9879365087767178
}