{
    "structural_factor": 3.5177190845469988,
    "functional_factor": 1.7073310192410558
}