{
    "structural_factor": 3.9631092202367757,
    "functional_factor": 3.2856919397003566
}