{
    "structural_factor": 1.9841168211808131,
    "functional_factor": 1.223691290038643
}