{
    "structural_factor": 1.3997749437395184,
    "functional_factor": 1.0000126096549267
}