{
    "structural_factor": 4.002928800130181,
    "functional_factor": 1.7757158468337555
}