{
    "structural_factor": 1.0006268577762554,
    "functional_factor": 1.0304397279474495
}