{
    "structural_factor": 1.1744968008238303,
    "functional_factor": 1.1002424564833342
}