{
    "structural_factor": 1.034824314482928,
    "functional_factor": 1.3228942295527875
}