{
    "structural_factor": 3.5413191592843156,
    "functional_factor": 2.677834909089234
}