{
    "structural_factor": 2.768162227155318,
    "functional_factor": 1.4777948540458057
}