{
    "structural_factor": 4.1021599053625275,
    "functional_factor": 3.0622828794245613
}