{
    "structural_factor": 3.054947107091136,
    "functional_factor": 1.396724912056572
}