{
    "structural_factor": 1.1132753962814537,
    "functional_factor": 10.535854325223102
}