{
    "structural_factor": 1.939314102937814,
    "functional_factor": 3.887920883764839
}