{
    "structural_factor": 1.2121634763411764,
    "functional_factor": 2.4432582435438683
}