{
    "structural_factor": 1.1384227279594115,
    "functional_factor": 4.492515300482659
}