{
    "structural_factor": 0.5271312747447188,
    "functional_factor": 4.0996698510849505
}