{
    "structural_factor": 1.6498570084218422,
    "functional_factor": 1.915668949068763
}