{
    "structural_factor": 1.7685588892419457,
    "functional_factor": 1.1752649228689278
}