{
    "structural_factor": 1.4350151746612358,
    "functional_factor": 1.7889482504806486
}