{
    "structural_factor": 1.207756579767078,
    "functional_factor": 1.035256974830547
}