{
    "structural_factor": 1.2490857935164592,
    "functional_factor": 1.3140984176674433
}