{
    "structural_factor": 1.0498521663834353,
    "functional_factor": 1.0000055663386787
}