{
    "structural_factor": 2.618821957708725,
    "functional_factor": 5.489558765891393
}