{
    "structural_factor": 1.107753994385974,
    "functional_factor": 1.0370188922326482
}