{
    "structural_factor": 1.5133319668354819,
    "functional_factor": 4.516845793195128
}