{
    "structural_factor": 1.0656992735134279,
    "functional_factor": 1.0651058918849192
}