{
    "structural_factor": 1.22936157827593,
    "functional_factor": 3.7375236480135547
}