{
    "structural_factor": 1.3177250742087785,
    "functional_factor": 1.0868887831441492
}