{
    "structural_factor": 1.951847653150621,
    "functional_factor": 1.0040550320987802
}