{
    "structural_factor": 3.3344800253773457,
    "functional_factor": 1.363836663105327
}