{
    "structural_factor": 3.566509662024961,
    "functional_factor": 1.2650307748143061
}