{
    "structural_factor": 4.0002369714247665,
    "functional_factor": 0.9997859550446675
}