{
    "structural_factor": 3.0868928877589767,
    "functional_factor": 2.686519184126399
}