{
    "structural_factor": 4.637300495228264,
    "functional_factor": 2.952939313265409
}