{
    "structural_factor": 1.5539593337333162,
    "functional_factor": 2.356956397680725
}