{
    "structural_factor": 1.4090882525123352,
    "functional_factor": 4.627235580118006
}