{
    "structural_factor": 2.5710167018928844,
    "functional_factor": 3.3794690035770953
}