{
    "structural_factor": 1.358718772232233,
    "functional_factor": 1.0316256863797386
}