{
    "structural_factor": 2.0092670541676214,
    "functional_factor": 1.0149113389380757
}