{
    "structural_factor": 2.988934003040413,
    "functional_factor": 2.2928243597890696
}