{
    "structural_factor": 5.003442915374624,
    "functional_factor": 1.0047140121068054
}