{
    "structural_factor": 1.36078083149589,
    "functional_factor": 1.1398220131035361
}