{
    "structural_factor": 1.1911366574785658,
    "functional_factor": 4.166951383782021
}