{
    "structural_factor": 0.9864531917418559,
    "functional_factor": 2.0366692921847083
}