{
    "structural_factor": 2.2238359808430204,
    "functional_factor": 2.9520735041377133
}