{
    "structural_factor": 2.813911003103941,
    "functional_factor": 1.304336346259606
}