{
    "structural_factor": 2.0066911942116166,
    "functional_factor": 2.5771286697079145
}