{
    "structural_factor": 1.1998062974988306,
    "functional_factor": 1.0000166031364073
}