{
    "structural_factor": 3.522089830400222,
    "functional_factor": 3.7773283654759293
}