{
    "structural_factor": 1.3037371092562589,
    "functional_factor": 3.1433863271839164
}