{
    "structural_factor": 1.6533563466302488,
    "functional_factor": 2.8708165384117845
}