{
    "structural_factor": 3.691420431468437,
    "functional_factor": 3.4307683276414527
}