{
    "structural_factor": 5.0216170894147005,
    "functional_factor": 1.0846079804696154
}