{
    "structural_factor": 1.0868324930610167,
    "functional_factor": 3.823077495763858
}