{
    "structural_factor": 0.7423346430034574,
    "functional_factor": 4.378660429619902
}