{
    "structural_factor": 1.2690712996895142,
    "functional_factor": 3.2215331272380183
}