{
    "structural_factor": 1.0140699096632233,
    "functional_factor": 5.089744486081328
}