{
    "structural_factor": 1.6323316317572583,
    "functional_factor": 5.913069942478409
}