{
    "structural_factor": 2.2668864802655344,
    "functional_factor": 4.684498857573968
}