{
    "structural_factor": 1.319659039504611,
    "functional_factor": 1.062328712856848
}