{
    "structural_factor": 1.6029445351876082,
    "functional_factor": 2.566574406153418
}