{
    "structural_factor": 0.5386772892157284,
    "functional_factor": 4.099250682395799
}