{
    "structural_factor": 1.8450210143890151,
    "functional_factor": 2.130525836536649
}