{
    "structural_factor": 1.8497102894705053,
    "functional_factor": 1.0000076287326938
}