{
    "structural_factor": 1.3597542427849307,
    "functional_factor": 2.4507442536822257
}