{
    "structural_factor": 2.01449133671688,
    "functional_factor": 1.55641605825672
}