{
    "structural_factor": 1.4824769250704546,
    "functional_factor": 3.8864200575441568
}