{
    "structural_factor": 1.0562541346218275,
    "functional_factor": 2.5921817178880135
}