{
    "structural_factor": 1.1663828261579032,
    "functional_factor": 1.062222625688007
}