{
    "structural_factor": 3.2437218525041724,
    "functional_factor": 1.0714044826364768
}