{
    "structural_factor": 2.287281936253907,
    "functional_factor": 3.3412559262979262
}