{
    "structural_factor": 1.426200429135215,
    "functional_factor": 3.1656269040705767
}