{
    "structural_factor": 1.9462321181559663,
    "functional_factor": 1.7099651108501812
}