{
    "structural_factor": 0.27717247839631115,
    "functional_factor": 9.194478188065494
}