{
    "structural_factor": 0.898094736052566,
    "functional_factor": 5.703735154210622
}