{
    "structural_factor": 4.294153647747617,
    "functional_factor": 1.7328117007883164
}