{
    "structural_factor": 1.2794430272055104,
    "functional_factor": 1.6231728694449306
}