{
    "structural_factor": 1.2499579124895455,
    "functional_factor": 3.3699733303273898
}