{
    "structural_factor": 1.3632833731878167,
    "functional_factor": 1.114557675856911
}