{
    "structural_factor": 1.7170771195771688,
    "functional_factor": 1.2986595316734109
}