{
    "structural_factor": 4.283808167751263,
    "functional_factor": 2.2113015607180926
}