{
    "structural_factor": 1.8074129879502392,
    "functional_factor": 1.014881294632441
}