{
    "structural_factor": 1.4563124007572654,
    "functional_factor": 1.0138132037571654
}