{
    "structural_factor": 0.5478250536299869,
    "functional_factor": 5.902802501015147
}