{
    "structural_factor": 1.7058888233038008,
    "functional_factor": 1.6691716825931728
}