{
    "structural_factor": 1.679131511249433,
    "functional_factor": 2.2581054794860993
}