{
    "structural_factor": 1.3551642362498475,
    "functional_factor": 1.013976451981458
}