{
    "structural_factor": 2.3365184081223433,
    "functional_factor": 3.7597856389930047
}