{
    "structural_factor": 1.5001684601109364,
    "functional_factor": 5.822379005312486
}