{
    "structural_factor": 1.74034670708097,
    "functional_factor": 5.266602023054425
}