{
    "structural_factor": 1.6016698525159785,
    "functional_factor": 1.0041442533003464
}