{
    "structural_factor": 3.2080509278640053,
    "functional_factor": 1.830219405361041
}