{
    "structural_factor": 4.561276721327958,
    "functional_factor": 1.31584030942855
}