{
    "structural_factor": 1.1395258194359381,
    "functional_factor": 1.411748528112046
}