{
    "structural_factor": 1.0446944448346471,
    "functional_factor": 5.4476701476428655
}