{
    "structural_factor": 1.2774683740260926,
    "functional_factor": 1.097003612456394
}