{
    "structural_factor": 1.4283946002629246,
    "functional_factor": 3.044675286627316
}