{
    "structural_factor": 3.815288418701373,
    "functional_factor": 1.9697378866479698
}