{
    "structural_factor": 3.81073558574967,
    "functional_factor": 1.2558966083526908
}