{
    "structural_factor": 1.3138706213868612,
    "functional_factor": 7.107484875602386
}