{
    "structural_factor": 1.9202889164456254,
    "functional_factor": 1.0351579527843313
}