{
    "structural_factor": 4.117500290267335,
    "functional_factor": 1.6066858768959664
}