{
    "structural_factor": 4.257833873147262,
    "functional_factor": 1.2480841649669385
}