{
    "structural_factor": 1.3540369047776921,
    "functional_factor": 1.0295785341467127
}