{
    "structural_factor": 1.2048861785541574,
    "functional_factor": 1.0148947730771325
}