{
    "structural_factor": 1.241508371745131,
    "functional_factor": 2.7466814591088373
}