{
    "structural_factor": 1.7778841844627944,
    "functional_factor": 1.0606732635447056
}