{
    "structural_factor": 3.0431343851934383,
    "functional_factor": 1.1161177915617118
}