{
    "structural_factor": 1.6996734260054434,
    "functional_factor": 1.7730958014638762
}