{
    "structural_factor": 2.1431371615926444,
    "functional_factor": 5.533815364869873
}