{
    "structural_factor": 4.217173202910316,
    "functional_factor": 3.935436515487894
}