{
    "structural_factor": 1.8536799704367564,
    "functional_factor": 1.881492670788206
}