{
    "structural_factor": 1.004031645946312,
    "functional_factor": 1.015929266661821
}