{
    "structural_factor": 1.2683221619709886,
    "functional_factor": 1.5320927068391927
}