{
    "structural_factor": 4.769787565744173,
    "functional_factor": 1.4765657955095979
}