{
    "structural_factor": 3.9335383488645403,
    "functional_factor": 1.7396350110766243
}