{
    "structural_factor": 4.258525110136266,
    "functional_factor": 1.5095410371431566
}