{
    "structural_factor": 1.4892667921830787,
    "functional_factor": 2.3757296520595417
}