{
    "structural_factor": 1.378828948132909,
    "functional_factor": 2.3436453042545335
}