{
    "structural_factor": 4.441268684986243,
    "functional_factor": 3.042876140896138
}