{
    "structural_factor": 1.8136813038206732,
    "functional_factor": 4.624881655262243
}