{
    "structural_factor": 1.1649317190335358,
    "functional_factor": 1.1644862548882349
}