{
    "structural_factor": 1.6797758763747708,
    "functional_factor": 3.243776340637965
}