{
    "structural_factor": 1.9936219553168193,
    "functional_factor": 1.481707037819296
}