{
    "structural_factor": 1.4981334004389608,
    "functional_factor": 1.6342204227283599
}