{
    "structural_factor": 4.039753837087902,
    "functional_factor": 1.1531683845896528
}