{
    "structural_factor": 1.1696369341013344,
    "functional_factor": 2.95529585874
}