{
    "structural_factor": 4.172154084436535,
    "functional_factor": 4.482540170760299
}