{
    "structural_factor": 2.2806349452789143,
    "functional_factor": 2.0779236289251832
}