{
    "structural_factor": 2.056408378188045,
    "functional_factor": 1.1560040853681672
}