{
    "structural_factor": 1.1046657177492443,
    "functional_factor": 1.1410514785814643
}