{
    "structural_factor": 1.3606942155141872,
    "functional_factor": 1.356468965553558
}