{
    "structural_factor": 0.9392579058828522,
    "functional_factor": 5.7387710789035795
}