{
    "structural_factor": 3.691439985475091,
    "functional_factor": 5.894828595962664
}