{
    "structural_factor": 1.6087635543293939,
    "functional_factor": 1.3229786873201443
}