{
    "structural_factor": 1.7219264128888851,
    "functional_factor": 1.3120680448149007
}