{
    "structural_factor": 0.4690076319401983,
    "functional_factor": 4.085180691350632
}