{
    "structural_factor": 1.2512175598298887,
    "functional_factor": 1.0038982939075927
}