{
    "structural_factor": 3.706622541602065,
    "functional_factor": 1.7329940111685496
}