{
    "structural_factor": 1.0708595349709116,
    "functional_factor": 5.375474324243355
}