{
    "structural_factor": 1.8022323692260551,
    "functional_factor": 1.0035461157417305
}