{
    "structural_factor": 1.6282304061526964,
    "functional_factor": 4.613595233106793
}