{
    "structural_factor": 1.4406282123256795,
    "functional_factor": 7.155917758220943
}