{
    "structural_factor": 0.2416343881413113,
    "functional_factor": 9.523473579811785
}