{
    "structural_factor": 1.2425372290202599,
    "functional_factor": 2.2748103843948373
}