{
    "structural_factor": 2.014866198715293,
    "functional_factor": 2.843589272443561
}