{
    "structural_factor": 2.050953869499698,
    "functional_factor": 1.8916472640555548
}