{
    "structural_factor": 1.372781984836282,
    "functional_factor": 2.5688255578974375
}