{
    "structural_factor": 1.3938953047013558,
    "functional_factor": 3.2130428075921857
}