{
    "structural_factor": 2.0822249642829744,
    "functional_factor": 1.1956816696766417
}