{
    "structural_factor": 2.045603216886115,
    "functional_factor": 1.2346830242994336
}