{
    "structural_factor": 1.59839733333334,
    "functional_factor": 1.767224315173922
}