{
    "structural_factor": 4.559576762698909,
    "functional_factor": 1.5589020176980197
}