{
    "structural_factor": 3.984079014847206,
    "functional_factor": 2.448811305557765
}