{
    "structural_factor": 2.746738791543409,
    "functional_factor": 2.29281820238264
}