{
    "structural_factor": 1.9854472381223378,
    "functional_factor": 2.060136440535032
}