{
    "structural_factor": 1.3487982745454554,
    "functional_factor": 7.860053684748466
}