{
    "structural_factor": 3.820663591550273,
    "functional_factor": 2.546556336900506
}