{
    "structural_factor": 1.5551005840775143,
    "functional_factor": 1.660710058897479
}