{
    "structural_factor": 1.8095134809404099,
    "functional_factor": 1.0153301526639635
}