{
    "structural_factor": 4.520308240356264,
    "functional_factor": 1.4759559085879372
}