{
    "structural_factor": 1.406340680421389,
    "functional_factor": 1.0150873779508687
}