{
    "structural_factor": 1.4513263441839281,
    "functional_factor": 1.003699248310868
}