{
    "structural_factor": 1.7563150341114482,
    "functional_factor": 1.630789254360036
}