{
    "structural_factor": 1.47160630557959,
    "functional_factor": 2.127531453376189
}