{
    "structural_factor": 1.4745380744050236,
    "functional_factor": 3.189087080560918
}