{
    "structural_factor": 1.5497515514803433,
    "functional_factor": 1.0000198754033907
}