{
    "structural_factor": 1.310185413069458,
    "functional_factor": 6.198157104782078
}