{
    "structural_factor": 1.8523110884809448,
    "functional_factor": 1.130563437405372
}