{
    "structural_factor": 1.606663847612988,
    "functional_factor": 1.0139330727786906
}