{
    "structural_factor": 1.8885516902699737,
    "functional_factor": 1.96865684886258
}