{
    "structural_factor": 3.6379053796336986,
    "functional_factor": 3.0553614000607703
}