{
    "structural_factor": 0.6633609243375943,
    "functional_factor": 4.479917336197549
}