{
    "structural_factor": 1.1998509136766247,
    "functional_factor": 0.9999892969428006
}