{
    "structural_factor": 1.37881085314918,
    "functional_factor": 1.0982508248638958
}