{
    "structural_factor": 1.2782647676008307,
    "functional_factor": 1.9966624777306288
}