{
    "structural_factor": 3.720116951373483,
    "functional_factor": 2.7622780121138293
}