{
    "structural_factor": 2.5157051774694685,
    "functional_factor": 2.9028012784075488
}