{
    "structural_factor": 4.926846903463086,
    "functional_factor": 2.125690448108568
}