{
    "structural_factor": 1.6514213694736053,
    "functional_factor": 7.969812193252733
}