{
    "structural_factor": 1.2787687872684093,
    "functional_factor": 2.0411070494851487
}