{
    "structural_factor": 2.170296301169754,
    "functional_factor": 2.171379292433917
}