{
    "structural_factor": 1.5555227264047586,
    "functional_factor": 1.8762292930388094
}