{
    "structural_factor": 2.772791321960367,
    "functional_factor": 1.2299871463497722
}