{
    "structural_factor": 1.859866946788231,
    "functional_factor": 2.1443751023351685
}