{
    "structural_factor": 1.8047179851490662,
    "functional_factor": 2.1372025878950622
}