{
    "structural_factor": 1.715367337076571,
    "functional_factor": 4.649899177721919
}