{
    "structural_factor": 1.5409742212840738,
    "functional_factor": 1.1037586111569584
}