{
    "structural_factor": 1.0718386933091384,
    "functional_factor": 2.9755356311239893
}