{
    "structural_factor": 1.9541234464885844,
    "functional_factor": 3.5629487618049014
}