{
    "structural_factor": 1.619341213804544,
    "functional_factor": 1.1372902954119113
}