{
    "structural_factor": 1.5606817285116077,
    "functional_factor": 4.659808645146447
}