{
    "structural_factor": 4.2694171406135695,
    "functional_factor": 1.077886479395074
}