{
    "structural_factor": 1.047391300921081,
    "functional_factor": 2.3283134659705067
}