{
    "structural_factor": 1.7066449166947155,
    "functional_factor": 1.5449957755257004
}