{
    "structural_factor": 1.00405824640425,
    "functional_factor": 1.1168362467183968
}