{
    "structural_factor": 2.520123684200016,
    "functional_factor": 1.181818241421606
}