{
    "structural_factor": 1.633011428712773,
    "functional_factor": 11.65825572056026
}