{
    "structural_factor": 1.2163377521582923,
    "functional_factor": 1.1630883371979759
}