{
    "structural_factor": 3.9885769033856135,
    "functional_factor": 1.0761104210039283
}