{
    "structural_factor": 1.6410895735049578,
    "functional_factor": 1.935384057513439
}