{
    "structural_factor": 3.2609102162791106,
    "functional_factor": 1.0170143066596617
}