{
    "structural_factor": 1.7808809765099767,
    "functional_factor": 1.9624210310789487
}