{
    "structural_factor": 1.549742769237025,
    "functional_factor": 1.0000095695438544
}