{
    "structural_factor": 3.2497250458166147,
    "functional_factor": 0.9999443114996032
}