{
    "structural_factor": 1.378502490646197,
    "functional_factor": 3.7978537250046522
}