{
    "structural_factor": 4.013767874942127,
    "functional_factor": 1.0386472705036898
}