{
    "structural_factor": 3.9375597825187683,
    "functional_factor": 2.3086302653796444
}