{
    "structural_factor": 3.2740388342668325,
    "functional_factor": 1.0371754556549537
}