{
    "structural_factor": 3.878099689745599,
    "functional_factor": 3.05570788978911
}