{
    "structural_factor": 1.0108236997521531,
    "functional_factor": 1.0588607006004647
}