{
    "structural_factor": 3.996641212655627,
    "functional_factor": 3.996905386885304
}