{
    "structural_factor": 1.2332289614304524,
    "functional_factor": 3.220572603047687
}