{
    "structural_factor": 1.454288094794369,
    "functional_factor": 1.2377696995282195
}