{
    "structural_factor": 4.654055883140182,
    "functional_factor": 3.034140641672894
}