{
    "structural_factor": 2.3090648570592145,
    "functional_factor": 1.681537980406981
}