{
    "structural_factor": 1.1971064425909657,
    "functional_factor": 1.6540234342680453
}