{
    "structural_factor": 4.51649137019627,
    "functional_factor": 1.0369434927344892
}