{
    "structural_factor": 1.1998092834485896,
    "functional_factor": 1.000005480780937
}