{
    "structural_factor": 1.5132483871021056,
    "functional_factor": 1.0306881638150993
}