{
    "structural_factor": 1.7595994673099977,
    "functional_factor": 1.6671726851410957
}