{
    "structural_factor": 1.369374688565043,
    "functional_factor": 1.0867420095919422
}