{
    "structural_factor": 1.4128009865816076,
    "functional_factor": 2.7394008237407492
}