{
    "structural_factor": 1.0462808297144401,
    "functional_factor": 1.7545100830734133
}