{
    "structural_factor": 1.4690162995484426,
    "functional_factor": 2.982187862501538
}