{
    "structural_factor": 1.6778074240274652,
    "functional_factor": 1.7375298911539032
}