{
    "structural_factor": 1.7179483940166413,
    "functional_factor": 2.568956397666345
}