{
    "structural_factor": 2.564796345580782,
    "functional_factor": 1.1358847115793882
}