{
    "structural_factor": 4.002641964361346,
    "functional_factor": 1.0044554564660388
}