{
    "structural_factor": 1.0707650500931263,
    "functional_factor": 1.1023382316853152
}