{
    "structural_factor": 1.4151370441142666,
    "functional_factor": 2.1434376582964156
}