{
    "structural_factor": 1.1507784804451244,
    "functional_factor": 1.0039762437499626
}