{
    "structural_factor": 1.0659134977838742,
    "functional_factor": 1.108489470404627
}