{
    "structural_factor": 1.799690898074372,
    "functional_factor": 1.0000255924063106
}