{
    "structural_factor": 1.0998465195237332,
    "functional_factor": 0.9999957902696125
}