{
    "structural_factor": 2.669611842264979,
    "functional_factor": 2.802540105789078
}