{
    "structural_factor": 1.572139220316341,
    "functional_factor": 2.135405958167499
}