{
    "structural_factor": 1.7547075624409942,
    "functional_factor": 1.1649997566863934
}