{
    "structural_factor": 2.4743192942029717,
    "functional_factor": 2.660724310155439
}