{
    "structural_factor": 1.320229047377933,
    "functional_factor": 1.0591716504823292
}