{
    "structural_factor": 1.1008508982249017,
    "functional_factor": 1.003619307848104
}