{
    "structural_factor": 1.1777347701157497,
    "functional_factor": 2.0309222697068288
}