{
    "structural_factor": 1.599720531143528,
    "functional_factor": 1.0000268230014384
}