{
    "structural_factor": 2.059131858010371,
    "functional_factor": 2.054421889211402
}