{
    "structural_factor": 0.9244146065620366,
    "functional_factor": 2.7807460071093444
}