{
    "structural_factor": 4.554604184666184,
    "functional_factor": 4.421698356271557
}