{
    "structural_factor": 1.52044366942255,
    "functional_factor": 5.869901839049278
}