{
    "structural_factor": 1.265809065023365,
    "functional_factor": 1.204128847502314
}