{
    "structural_factor": 2.0332927707933677,
    "functional_factor": 2.008240690859958
}