{
    "structural_factor": 2.568343085602701,
    "functional_factor": 1.3896062935866067
}