{
    "structural_factor": 4.250203242934591,
    "functional_factor": 0.999767602183276
}