{
    "structural_factor": 0.5431887774981256,
    "functional_factor": 4.102432883112605
}