{
    "structural_factor": 2.0728262074895145,
    "functional_factor": 1.365511856065822
}