{
    "structural_factor": 0.7392049451163413,
    "functional_factor": 3.8160695036013
}