{
    "structural_factor": 4.012244168093719,
    "functional_factor": 1.0331061827611416
}