{
    "structural_factor": 1.4566545450176203,
    "functional_factor": 1.0140445059751835
}