{
    "structural_factor": 1.2002425063178412,
    "functional_factor": 1.0035012968111816
}