{
    "structural_factor": 3.7692449011564397,
    "functional_factor": 1.2668625657068273
}