{
    "structural_factor": 1.6401517895186573,
    "functional_factor": 1.0975580666201006
}