{
    "structural_factor": 3.4632350255315125,
    "functional_factor": 2.8129463011362086
}