{
    "structural_factor": 1.626186917005293,
    "functional_factor": 1.0603271515567338
}