{
    "structural_factor": 4.297828368040926,
    "functional_factor": 2.0128643266041433
}