{
    "structural_factor": 1.8172409252781752,
    "functional_factor": 1.0307765911104152
}