{
    "structural_factor": 3.299551695478256,
    "functional_factor": 1.1231038145907877
}