{
    "structural_factor": 2.305551689924219,
    "functional_factor": 1.103824433679134
}