{
    "structural_factor": 0.7797248849025672,
    "functional_factor": 5.356719008236158
}