{
    "structural_factor": 1.3510041953638718,
    "functional_factor": 1.003994420937367
}