{
    "structural_factor": 2.55783559220436,
    "functional_factor": 1.1128547763251395
}