{
    "structural_factor": 2.2750155198008684,
    "functional_factor": 5.63306988456612
}