{
    "structural_factor": 1.143814212820857,
    "functional_factor": 2.681388378561089
}