{
    "structural_factor": 3.733791621857707,
    "functional_factor": 1.0753378092664816
}