{
    "structural_factor": 1.1824495319051511,
    "functional_factor": 1.1964626676908405
}