{
    "structural_factor": 1.4998154984270697,
    "functional_factor": 0.9999835929952635
}