{
    "structural_factor": 1.954526200358805,
    "functional_factor": 1.699265165835814
}