{
    "structural_factor": 1.7195117052247104,
    "functional_factor": 1.0378634023536817
}