{
    "structural_factor": 1.3349403411007612,
    "functional_factor": 3.27861348544863
}