{
    "structural_factor": 1.0572230427791598,
    "functional_factor": 1.0362107693988996
}