{
    "structural_factor": 3.9507418981583933,
    "functional_factor": 3.756386473050904
}