{
    "structural_factor": 1.4947762967630003,
    "functional_factor": 2.986244381557996
}