{
    "structural_factor": 3.7040661497536522,
    "functional_factor": 1.7619006461222477
}