{
    "structural_factor": 1.7058273681807563,
    "functional_factor": 2.045132541601274
}