{
    "structural_factor": 1.8996874873732792,
    "functional_factor": 1.0000141866118422
}