{
    "structural_factor": 1.8732351941221148,
    "functional_factor": 1.3135711244617585
}