{
    "structural_factor": 4.045047907450968,
    "functional_factor": 4.9108827989392365
}