{
    "structural_factor": 1.3407590932053968,
    "functional_factor": 2.375972003205824
}