{
    "structural_factor": 1.3678676452080163,
    "functional_factor": 3.212144774287431
}