{
    "structural_factor": 1.3567106418038857,
    "functional_factor": 1.223400824948577
}