{
    "structural_factor": 1.6637418330938245,
    "functional_factor": 1.0353652811037377
}