{
    "structural_factor": 1.0106138390279542,
    "functional_factor": 1.1670045860880565
}