{
    "structural_factor": 3.261881307856362,
    "functional_factor": 1.195352886121224
}