{
    "structural_factor": 4.2819511843887685,
    "functional_factor": 1.1607142517137305
}