{
    "structural_factor": 2.7170409014838266,
    "functional_factor": 1.817261241367497
}