{
    "structural_factor": 1.6930048013712058,
    "functional_factor": 1.4236732560892555
}