{
    "structural_factor": 5.0452160972963735,
    "functional_factor": 1.2365129393127678
}