{
    "structural_factor": 1.4504047088563694,
    "functional_factor": 1.8186309870861708
}