{
    "structural_factor": 1.0761753261717593,
    "functional_factor": 1.442474100206047
}