{
    "structural_factor": 1.452737477217014,
    "functional_factor": 1.649428782555723
}