{
    "structural_factor": 3.5698511440129455,
    "functional_factor": 1.3652862164162007
}