{
    "structural_factor": 2.007960758813767,
    "functional_factor": 1.6511827625422044
}