{
    "structural_factor": 3.2444798935250327,
    "functional_factor": 5.588999464354674
}