{
    "structural_factor": 1.0755371507943394,
    "functional_factor": 1.9236094525906648
}