{
    "structural_factor": 1.6486885180560213,
    "functional_factor": 2.5795663323701303
}