{
    "structural_factor": 1.4402532235214078,
    "functional_factor": 2.484136579726389
}