{
    "structural_factor": 1.6236681545799552,
    "functional_factor": 1.056046571019113
}