{
    "structural_factor": 2.2478239283608885,
    "functional_factor": 1.06106654417107
}