{
    "structural_factor": 1.0091314311050967,
    "functional_factor": 1.699642372580448
}