{
    "structural_factor": 1.124833871817425,
    "functional_factor": 1.241676929748069
}