{
    "structural_factor": 0.3485333085377024,
    "functional_factor": 5.89616688104778
}