{
    "structural_factor": 1.7851581107398051,
    "functional_factor": 1.106312532296813
}