{
    "structural_factor": 2.6409211700115063,
    "functional_factor": 4.398915724510343
}