{
    "structural_factor": 1.0748569115789048,
    "functional_factor": 1.2009186963420526
}