{
    "structural_factor": 1.2502777269422836,
    "functional_factor": 3.770852215363969
}