{
    "structural_factor": 1.3851354533324998,
    "functional_factor": 2.137934047273912
}