{
    "structural_factor": 1.993542510827318,
    "functional_factor": 1.112673506815263
}