{
    "structural_factor": 4.7147624382215545,
    "functional_factor": 2.466088400704025
}