{
    "structural_factor": 1.2998203138775815,
    "functional_factor": 1.000005267504368
}