{
    "structural_factor": 0.9671532961784751,
    "functional_factor": 7.595062474504533
}