{
    "structural_factor": 1.5307782548448765,
    "functional_factor": 2.1891380323656855
}