{
    "structural_factor": 1.9403384019257341,
    "functional_factor": 2.45900520995997
}