{
    "structural_factor": 1.859048019979968,
    "functional_factor": 1.0150031417549663
}