{
    "structural_factor": 2.999552231972939,
    "functional_factor": 0.9999724309166993
}