{
    "structural_factor": 2.7661576149847615,
    "functional_factor": 1.7488166730059704
}