{
    "structural_factor": 1.7601356774155972,
    "functional_factor": 1.3268820961209344
}