{
    "structural_factor": 1.788165377536717,
    "functional_factor": 3.161565954914263
}