{
    "structural_factor": 4.533905466197598,
    "functional_factor": 1.1894371725056088
}