{
    "structural_factor": 2.002536696183181,
    "functional_factor": 1.105987963848398
}