{
    "structural_factor": 1.6004783717492885,
    "functional_factor": 2.054160487667344
}