{
    "structural_factor": 4.279602645852792,
    "functional_factor": 1.0806196011724827
}