{
    "structural_factor": 3.295655150804644,
    "functional_factor": 1.225562489017952
}