{
    "structural_factor": 1.3630726045946642,
    "functional_factor": 2.8930803245877765
}