{
    "structural_factor": 1.9574021387736211,
    "functional_factor": 1.4237900522826057
}