{
    "structural_factor": 3.3130914609418634,
    "functional_factor": 4.0087831218591505
}