{
    "structural_factor": 1.9323163053120143,
    "functional_factor": 1.0876793485959702
}