{
    "structural_factor": 4.0266469758185135,
    "functional_factor": 1.2328542477508453
}