{
    "structural_factor": 0.9764917220279917,
    "functional_factor": 4.45652717573983
}