{
    "structural_factor": 1.8419468470861675,
    "functional_factor": 1.0986575911895937
}