{
    "structural_factor": 1.7861738991685843,
    "functional_factor": 7.062351781392039
}