{
    "structural_factor": 1.6797400908593185,
    "functional_factor": 1.0577229551061444
}