{
    "structural_factor": 3.7601496466341895,
    "functional_factor": 1.0160214936939245
}