{
    "structural_factor": 1.6940737242122479,
    "functional_factor": 1.1309295088461344
}