{
    "structural_factor": 1.7658019371138818,
    "functional_factor": 1.031071217732133
}