{
    "structural_factor": 2.999672010478063,
    "functional_factor": 0.9999485872027457
}