{
    "structural_factor": 1.657041657782399,
    "functional_factor": 1.0150456114288884
}