{
    "structural_factor": 1.5062505741067704,
    "functional_factor": 1.3588608265078894
}