{
    "structural_factor": 0.9078880845296993,
    "functional_factor": 3.0633372997026647
}