{
    "structural_factor": 1.6503185112381684,
    "functional_factor": 5.780687665293785
}