{
    "structural_factor": 2.220446073038924,
    "functional_factor": 3.401548803185762
}