{
    "structural_factor": 0.3160614084378625,
    "functional_factor": 8.831622103057306
}