{
    "structural_factor": 1.8938520438016526,
    "functional_factor": 3.4189259807177153
}