{
    "structural_factor": 1.8403639142257529,
    "functional_factor": 2.171824500273771
}