{
    "structural_factor": 3.689200205072022,
    "functional_factor": 1.5486180671251
}