{
    "structural_factor": 0.4224435089081452,
    "functional_factor": 7.09242568028195
}