{
    "structural_factor": 1.8369633145282809,
    "functional_factor": 3.001194786679873
}