{
    "structural_factor": 3.4162297935296677,
    "functional_factor": 2.6406385380640067
}