{
    "structural_factor": 4.010594232672979,
    "functional_factor": 1.2463018442627614
}