{
    "structural_factor": 1.5443846411679878,
    "functional_factor": 1.1986371729844911
}