{
    "structural_factor": 4.698832232455921,
    "functional_factor": 2.0845450730139916
}