{
    "structural_factor": 1.351457289690683,
    "functional_factor": 1.00382606420637
}