{
    "structural_factor": 3.3300233825616554,
    "functional_factor": 1.3015096489190259
}