{
    "structural_factor": 1.0859854079071427,
    "functional_factor": 1.3612340635112816
}