{
    "structural_factor": 0.9110458829190763,
    "functional_factor": 1.9763247419391123
}