{
    "structural_factor": 1.6034845759302039,
    "functional_factor": 4.131149520538514
}