{
    "structural_factor": 4.5345565245693935,
    "functional_factor": 1.7039562608648733
}