{
    "structural_factor": 1.2176221726770358,
    "functional_factor": 7.124706800955856
}