{
    "structural_factor": 1.9539458804709318,
    "functional_factor": 1.1005886590003608
}