{
    "structural_factor": 1.29983438933747,
    "functional_factor": 0.9999916626695736
}