{
    "structural_factor": 1.092011424870007,
    "functional_factor": 3.2333982998253306
}