{
    "structural_factor": 3.024834870086185,
    "functional_factor": 1.040147325439766
}