{
    "structural_factor": 1.7184084983518813,
    "functional_factor": 2.6089544429653992
}