{
    "structural_factor": 1.11241141651699,
    "functional_factor": 3.606147903889045
}