{
    "structural_factor": 3.786975447397598,
    "functional_factor": 3.5434881523716713
}