{
    "structural_factor": 4.7589993047941395,
    "functional_factor": 3.178149643844371
}