{
    "structural_factor": 0.8129667233816458,
    "functional_factor": 4.434640040966522
}