{
    "structural_factor": 1.950053442126961,
    "functional_factor": 1.1064540396410782
}