{
    "structural_factor": 1.3468780765994595,
    "functional_factor": 1.343262458233819
}