{
    "structural_factor": 2.7913293404673216,
    "functional_factor": 1.4540474278377136
}