{
    "structural_factor": 3.535314645249615,
    "functional_factor": 1.0699778850314938
}