{
    "structural_factor": 1.330877185575963,
    "functional_factor": 1.099419789313386
}