{
    "structural_factor": 2.8529116046621237,
    "functional_factor": 2.1992268666091133
}