{
    "structural_factor": 1.641840462339711,
    "functional_factor": 2.152301349933607
}