{
    "structural_factor": 3.7500325279612636,
    "functional_factor": 0.9998463641325704
}