{
    "structural_factor": 1.7270261884708307,
    "functional_factor": 1.9030957317727735
}