{
    "structural_factor": 1.7907549940928462,
    "functional_factor": 2.5838328547297786
}