{
    "structural_factor": 1.413489403165648,
    "functional_factor": 1.3276749231388836
}