{
    "structural_factor": 1.096264075366325,
    "functional_factor": 4.17790804684974
}