{
    "structural_factor": 2.7844656910771968,
    "functional_factor": 1.7196851917145737
}