{
    "structural_factor": 1.5517447507607287,
    "functional_factor": 1.003663409697102
}