{
    "structural_factor": 3.4740917420770985,
    "functional_factor": 5.345576452535926
}