{
    "structural_factor": 1.1773328761525494,
    "functional_factor": 1.1531273148605394
}