{
    "structural_factor": 1.94926436304435,
    "functional_factor": 1.7751495495672025
}