{
    "structural_factor": 1.5015361393781648,
    "functional_factor": 1.0035618782413158
}