{
    "structural_factor": 4.033044270808657,
    "functional_factor": 1.0737420385930352
}