{
    "structural_factor": 4.751411491842464,
    "functional_factor": 0.9995454938117826
}