{
    "structural_factor": 1.6139187451459331,
    "functional_factor": 1.1950794586573539
}