{
    "structural_factor": 1.240057004944576,
    "functional_factor": 1.0598257316415869
}