{
    "structural_factor": 1.172676379843898,
    "functional_factor": 2.3471290852033864
}