{
    "structural_factor": 4.002144465996942,
    "functional_factor": 1.00436003553742
}