{
    "structural_factor": 3.8957295039039748,
    "functional_factor": 8.12877310022968
}