{
    "structural_factor": 1.063562990438739,
    "functional_factor": 1.0637792921605091
}