{
    "structural_factor": 4.797200131686683,
    "functional_factor": 1.5667314628403248
}