{
    "structural_factor": 1.9095506749597608,
    "functional_factor": 1.0145707950867222
}