{
    "structural_factor": 1.2395384913383003,
    "functional_factor": 3.672916851903685
}