{
    "structural_factor": 1.0239571026283814,
    "functional_factor": 1.1731137841999626
}