{
    "structural_factor": 1.5278728011484264,
    "functional_factor": 1.1619147589959449
}