{
    "structural_factor": 2.9881398361186693,
    "functional_factor": 3.2213999519119354
}