{
    "structural_factor": 2.3033501191740706,
    "functional_factor": 1.8972684989548452
}