{
    "structural_factor": 1.1739194529791652,
    "functional_factor": 3.5031730409426554
}