{
    "structural_factor": 1.8587900063144218,
    "functional_factor": 1.0146633562230918
}