{
    "structural_factor": 2.561606994385436,
    "functional_factor": 1.207629364955656
}