{
    "structural_factor": 1.6008039655880961,
    "functional_factor": 1.544495313160778
}