{
    "structural_factor": 2.8267406475247876,
    "functional_factor": 1.9008142516301336
}