{
    "structural_factor": 1.221601593908707,
    "functional_factor": 3.0338338863902576
}