{
    "structural_factor": 1.413239513115127,
    "functional_factor": 3.2185596475633007
}