{
    "structural_factor": 3.5609784770527155,
    "functional_factor": 1.6849737458988607
}