{
    "structural_factor": 3.0632988862594366,
    "functional_factor": 7.464637441530724
}