{
    "structural_factor": 1.6782140180778737,
    "functional_factor": 1.0624913786942611
}