{
    "structural_factor": 4.912320903200543,
    "functional_factor": 1.843035899082638
}