{
    "structural_factor": 2.9268173968562747,
    "functional_factor": 2.2615755271205953
}