{
    "structural_factor": 1.7697246031641594,
    "functional_factor": 1.0375238986025968
}