{
    "structural_factor": 1.6760821746168444,
    "functional_factor": 1.0611481144262558
}