{
    "structural_factor": 1.277264171278399,
    "functional_factor": 2.5239107487827024
}