{
    "structural_factor": 1.2498550793152619,
    "functional_factor": 0.999993985488874
}