{
    "structural_factor": 2.7749145562651147,
    "functional_factor": 3.379606568695142
}