{
    "structural_factor": 1.269020009131774,
    "functional_factor": 1.1610554218749995
}