{
    "structural_factor": 3.2839851791957813,
    "functional_factor": 4.566452291520996
}