{
    "structural_factor": 1.5864665968436704,
    "functional_factor": 1.6550939693035316
}