{
    "structural_factor": 1.8831107706100947,
    "functional_factor": 3.5325878318587027
}