{
    "structural_factor": 3.559728818331853,
    "functional_factor": 1.1650897271722773
}