{
    "structural_factor": 4.181760276190823,
    "functional_factor": 1.4784457897826015
}