{
    "structural_factor": 1.2201305173837946,
    "functional_factor": 3.5713119090401957
}