{
    "structural_factor": 4.786765329752135,
    "functional_factor": 1.1361790526087372
}