{
    "structural_factor": 1.3942274117340434,
    "functional_factor": 1.8358242186586895
}