{
    "structural_factor": 3.966337159522012,
    "functional_factor": 2.4736046111211376
}