{
    "structural_factor": 1.3050219771152163,
    "functional_factor": 1.013928941604279
}