{
    "structural_factor": 3.0229393281519563,
    "functional_factor": 1.037865488652311
}