{
    "structural_factor": 2.7527405300389565,
    "functional_factor": 1.0039006745174108
}