{
    "structural_factor": 3.0124823473222264,
    "functional_factor": 1.0157089294981367
}