{
    "structural_factor": 1.2410304655208761,
    "functional_factor": 1.628838181497858
}