{
    "structural_factor": 1.8943511862459803,
    "functional_factor": 1.097761397217882
}