{
    "structural_factor": 1.4759273096094927,
    "functional_factor": 1.5252577004037957
}