{
    "structural_factor": 2.000473812139724,
    "functional_factor": 1.00361771584186
}