{
    "structural_factor": 1.9536432032179303,
    "functional_factor": 1.2408706697066882
}