{
    "structural_factor": 2.7657593152105444,
    "functional_factor": 1.0285927986423853
}