{
    "structural_factor": 0.9640176902605078,
    "functional_factor": 1.3236210541660922
}