{
    "structural_factor": 1.5091099085043134,
    "functional_factor": 2.1577198615313304
}