{
    "structural_factor": 0.9683351485714062,
    "functional_factor": 3.789759373761862
}