{
    "structural_factor": 1.106054351565361,
    "functional_factor": 3.740769946725774
}