{
    "structural_factor": 1.2675244481951766,
    "functional_factor": 5.535641430976188
}