{
    "structural_factor": 4.514504880674906,
    "functional_factor": 2.6293506518497782
}