{
    "structural_factor": 1.0982594137608004,
    "functional_factor": 2.588781264100337
}