{
    "structural_factor": 4.503430989899233,
    "functional_factor": 1.0046806856186945
}