{
    "structural_factor": 2.0669639276954612,
    "functional_factor": 15.008255888247307
}