{
    "structural_factor": 3.5022285959456902,
    "functional_factor": 1.0043574337072965
}