{
    "structural_factor": 1.9239869138413104,
    "functional_factor": 1.4986299924441595
}