{
    "structural_factor": 1.1035414269597659,
    "functional_factor": 2.340687987020851
}