{
    "structural_factor": 3.548078514200247,
    "functional_factor": 1.2249918829683848
}