{
    "structural_factor": 1.1669370112895574,
    "functional_factor": 7.801096051827888
}