{
    "structural_factor": 3.3274571842289564,
    "functional_factor": 5.385890203111825
}