{
    "structural_factor": 2.9578080823179524,
    "functional_factor": 1.4700890681838297
}