{
    "structural_factor": 1.6383729347579474,
    "functional_factor": 3.1965934146603754
}