{
    "structural_factor": 4.7513170132481655,
    "functional_factor": 0.9995721631198766
}