{
    "structural_factor": 1.6770354225037147,
    "functional_factor": 1.0615416287482682
}