{
    "structural_factor": 1.2863717339319147,
    "functional_factor": 2.1228644601273485
}