{
    "structural_factor": 1.3337809711860908,
    "functional_factor": 2.270804772167509
}