{
    "structural_factor": 1.3994268322421972,
    "functional_factor": 1.0136696651800092
}