{
    "structural_factor": 1.669141637643718,
    "functional_factor": 1.1387335120149946
}