{
    "structural_factor": 1.399796663728665,
    "functional_factor": 1.0000205143429344
}