{
    "structural_factor": 1.9094143228745513,
    "functional_factor": 3.42204609659367
}