{
    "structural_factor": 1.8491023237061346,
    "functional_factor": 3.2184246348976866
}