{
    "structural_factor": 1.5788894625530125,
    "functional_factor": 2.4349424660316794
}