{
    "structural_factor": 1.9807225582332602,
    "functional_factor": 2.547076355660907
}