{
    "structural_factor": 2.8994464652452465,
    "functional_factor": 2.2281856023787885
}