{
    "structural_factor": 1.5367251834395321,
    "functional_factor": 1.131559976921421
}