{
    "structural_factor": 1.8701407388118736,
    "functional_factor": 1.3603029514895666
}