{
    "structural_factor": 4.002976656970819,
    "functional_factor": 2.7678913552357836
}