{
    "structural_factor": 0.7501356184382131,
    "functional_factor": 5.878988516203825
}