{
    "structural_factor": 1.648668636192723,
    "functional_factor": 1.1644322661409303
}