{
    "structural_factor": 1.7837602317470331,
    "functional_factor": 2.055756227232611
}