{
    "structural_factor": 1.0260884649933049,
    "functional_factor": 2.149196067191938
}