{
    "structural_factor": 3.017953304347443,
    "functional_factor": 1.494170925550576
}