{
    "structural_factor": 3.840644298260794,
    "functional_factor": 4.909312512842271
}