{
    "structural_factor": 1.0063208051554677,
    "functional_factor": 1.0302702124317296
}