{
    "structural_factor": 1.6859382314541407,
    "functional_factor": 1.5108744478440215
}