{
    "structural_factor": 3.5015734303291546,
    "functional_factor": 1.0039049728796374
}