{
    "structural_factor": 2.8089969717470167,
    "functional_factor": 1.269403365099976
}