{
    "structural_factor": 1.053091055690489,
    "functional_factor": 1.015017840833475
}