{
    "structural_factor": 1.7284622564494736,
    "functional_factor": 1.8021374761523887
}