{
    "structural_factor": 4.446188790446848,
    "functional_factor": 1.77010603609078
}