{
    "structural_factor": 4.757002630892333,
    "functional_factor": 1.017335002869863
}