{
    "structural_factor": 1.6927904187438982,
    "functional_factor": 2.375403125243631
}