{
    "structural_factor": 2.2603981895811955,
    "functional_factor": 1.0145029626449522
}