{
    "structural_factor": 1.0125874660106695,
    "functional_factor": 1.0629977363653305
}