{
    "structural_factor": 2.3871614026887213,
    "functional_factor": 4.431072359529644
}