{
    "structural_factor": 1.3280898661054434,
    "functional_factor": 2.249060658858164
}