{
    "structural_factor": 2.298209225245583,
    "functional_factor": 1.1161893265800085
}