{
    "structural_factor": 1.070278245908795,
    "functional_factor": 1.0978512757144416
}