{
    "structural_factor": 3.530854369523452,
    "functional_factor": 1.0756476568427527
}