{
    "structural_factor": 1.5361933245042145,
    "functional_factor": 1.2282373781967715
}