{
    "structural_factor": 1.6563975261312058,
    "functional_factor": 1.0146141836209819
}