{
    "structural_factor": 1.285105702401351,
    "functional_factor": 1.1667663976388283
}