{
    "structural_factor": 2.7608545583109705,
    "functional_factor": 3.241984912946215
}