{
    "structural_factor": 1.9933878939745706,
    "functional_factor": 1.7773529811831137
}