{
    "structural_factor": 3.4559125943406808,
    "functional_factor": 3.263768534884023
}