{
    "structural_factor": 2.3114906282449175,
    "functional_factor": 2.1631936628022594
}