{
    "structural_factor": 1.9732607450905266,
    "functional_factor": 1.1782499488860843
}