{
    "structural_factor": 1.6504542774327169,
    "functional_factor": 3.1602143228284363
}