{
    "structural_factor": 3.4746885008965123,
    "functional_factor": 1.9467710708985417
}