{
    "structural_factor": 1.014334870815283,
    "functional_factor": 1.154649599986056
}