{
    "structural_factor": 1.5948007240722828,
    "functional_factor": 1.0982844694311669
}