{
    "structural_factor": 1.399430074632851,
    "functional_factor": 1.404180395059805
}