{
    "structural_factor": 1.561527709675673,
    "functional_factor": 1.0314520287502473
}