{
    "structural_factor": 1.6484473456980748,
    "functional_factor": 2.0028455432501002
}