{
    "structural_factor": 4.278945750037851,
    "functional_factor": 1.4034628577980113
}