{
    "structural_factor": 1.707527829941118,
    "functional_factor": 1.014773916693809
}