{
    "structural_factor": 1.1828046148803513,
    "functional_factor": 2.054501823600494
}