{
    "structural_factor": 1.7872028619751796,
    "functional_factor": 3.0022600513062105
}