{
    "structural_factor": 1.7307568984485935,
    "functional_factor": 1.3263484658750813
}