{
    "structural_factor": 1.872401441385832,
    "functional_factor": 2.695054512221181
}