{
    "structural_factor": 3.502935435100287,
    "functional_factor": 1.004599405927103
}