{
    "structural_factor": 1.6131973796578065,
    "functional_factor": 1.1765724937103503
}