{
    "structural_factor": 1.8159561368012613,
    "functional_factor": 4.387903491803752
}