{
    "structural_factor": 1.563564783423476,
    "functional_factor": 1.626806650796097
}