{
    "structural_factor": 1.3719903992919087,
    "functional_factor": 1.1620813254779936
}