{
    "structural_factor": 2.2471029453645155,
    "functional_factor": 3.4104408767380208
}