{
    "structural_factor": 3.3861670907061527,
    "functional_factor": 1.6059659631261856
}