{
    "structural_factor": 0.9747697275291859,
    "functional_factor": 2.97416153229411
}