{
    "structural_factor": 1.5344587458526286,
    "functional_factor": 3.7264354009425076
}