{
    "structural_factor": 1.4107062563796189,
    "functional_factor": 1.8133305427185185
}