{
    "structural_factor": 4.472679798938979,
    "functional_factor": 2.7746174165826645
}