{
    "structural_factor": 1.8496856716109558,
    "functional_factor": 1.000004525599123
}