{
    "structural_factor": 1.3073132048846914,
    "functional_factor": 1.035506924786328
}