{
    "structural_factor": 5.001262103520405,
    "functional_factor": 1.0042060516220614
}