{
    "structural_factor": 0.9454700604738773,
    "functional_factor": 4.75044181274199
}