{
    "structural_factor": 1.4992545632515664,
    "functional_factor": 1.0137281957450588
}