{
    "structural_factor": 1.1780312787354292,
    "functional_factor": 2.5087210435352505
}