{
    "structural_factor": 1.052845425397508,
    "functional_factor": 1.015426831638989
}