{
    "structural_factor": 1.033528824878349,
    "functional_factor": 1.805535820862463
}