{
    "structural_factor": 1.1954619115379468,
    "functional_factor": 2.8256833822604026
}