{
    "structural_factor": 0.9582273049360422,
    "functional_factor": 2.166274880975939
}