{
    "structural_factor": 1.7532864702979192,
    "functional_factor": 1.344485778104881
}