{
    "structural_factor": 3.2357088160929375,
    "functional_factor": 1.7489485153568087
}