{
    "structural_factor": 1.3737223611924108,
    "functional_factor": 1.4375455389954301
}