{
    "structural_factor": 1.5065390534159986,
    "functional_factor": 1.3381271688045817
}