{
    "structural_factor": 1.2151634185419489,
    "functional_factor": 1.2037603390656422
}