{
    "structural_factor": 1.3762750004706428,
    "functional_factor": 1.565955324560981
}