{
    "structural_factor": 3.5619976422994246,
    "functional_factor": 1.2366077708112282
}