{
    "structural_factor": 3.4847409128985696,
    "functional_factor": 2.476776993256216
}