{
    "structural_factor": 1.985126934789311,
    "functional_factor": 1.0630487739873795
}