{
    "structural_factor": 1.4616941190150212,
    "functional_factor": 1.3077159329630288
}