{
    "structural_factor": 3.510016905571887,
    "functional_factor": 1.0169402197333968
}