{
    "structural_factor": 2.006164449711258,
    "functional_factor": 1.6858791167603795
}