{
    "structural_factor": 1.4985748580670404,
    "functional_factor": 2.5648234828874745
}