{
    "structural_factor": 1.4851408439672062,
    "functional_factor": 2.7536350528320463
}