{
    "structural_factor": 1.2276566662542943,
    "functional_factor": 1.9589844731675983
}