{
    "structural_factor": 1.293539862012529,
    "functional_factor": 1.6182970793249245
}