{
    "structural_factor": 1.5670060574096254,
    "functional_factor": 3.7847943897500134
}