{
    "structural_factor": 1.8912166100756393,
    "functional_factor": 3.237339662307707
}