{
    "structural_factor": 1.5188732689546727,
    "functional_factor": 3.3301093997985247
}