{
    "structural_factor": 4.830326157909579,
    "functional_factor": 1.3776426285080483
}