{
    "structural_factor": 1.1260917905460484,
    "functional_factor": 2.7626533721462834
}