{
    "structural_factor": 1.14480862928035,
    "functional_factor": 1.2257994064695061
}