{
    "structural_factor": 1.2093731435397503,
    "functional_factor": 1.036172698488117
}