{
    "structural_factor": 1.4512914180957943,
    "functional_factor": 3.1378564332340253
}