{
    "structural_factor": 1.2503867480555948,
    "functional_factor": 1.6459314599426855
}