{
    "structural_factor": 1.2681893449355295,
    "functional_factor": 1.0602942246453881
}