{
    "structural_factor": 1.4383142746039945,
    "functional_factor": 1.8902596856241782
}