{
    "structural_factor": 2.6781887021862683,
    "functional_factor": 1.36042341354342
}