{
    "structural_factor": 4.059506022407487,
    "functional_factor": 1.409130822914588
}