{
    "structural_factor": 1.7567666682986105,
    "functional_factor": 1.827007766105305
}