{
    "structural_factor": 1.4748828915385295,
    "functional_factor": 1.1633341469200165
}