{
    "structural_factor": 2.617283062133984,
    "functional_factor": 6.299439392190336
}