{
    "structural_factor": 1.6617745627209861,
    "functional_factor": 2.189499837256833
}