{
    "structural_factor": 2.5130537157125508,
    "functional_factor": 1.015200498940273
}