{
    "structural_factor": 0.8944174958008024,
    "functional_factor": 15.62319235087359
}