{
    "structural_factor": 1.1500349780372707,
    "functional_factor": 1.3559716870607381
}