{
    "structural_factor": 1.2042292246469883,
    "functional_factor": 1.0151272592895455
}