{
    "structural_factor": 3.5332406256497424,
    "functional_factor": 1.277789155043083
}