{
    "structural_factor": 2.2838636279871607,
    "functional_factor": 1.4514777220816901
}