{
    "structural_factor": 2.508287215721623,
    "functional_factor": 1.01377666816801
}