{
    "structural_factor": 3.7892686389969885,
    "functional_factor": 1.1196606125702617
}