{
    "structural_factor": 4.538719289168793,
    "functional_factor": 1.4201240413696095
}