{
    "structural_factor": 3.7961723120865782,
    "functional_factor": 1.2841299222035938
}