{
    "structural_factor": 1.7775338684030992,
    "functional_factor": 2.452444639935588
}