{
    "structural_factor": 1.545356021883715,
    "functional_factor": 2.498283663123172
}