{
    "structural_factor": 1.11849251443424,
    "functional_factor": 1.150762477207745
}