{
    "structural_factor": 3.3586576564858364,
    "functional_factor": 2.01346675613553
}