{
    "structural_factor": 1.1930290287735896,
    "functional_factor": 1.3567032887260337
}