{
    "structural_factor": 1.4780443794085285,
    "functional_factor": 2.1324771303787564
}