{
    "structural_factor": 1.556991353701687,
    "functional_factor": 1.0142311765534038
}