{
    "structural_factor": 1.5581189683618069,
    "functional_factor": 1.821965372083768
}