{
    "structural_factor": 3.503388138444136,
    "functional_factor": 2.6241227845956394
}