{
    "structural_factor": 4.211811589944495,
    "functional_factor": 2.4742833725283466
}