{
    "structural_factor": 2.092706095725316,
    "functional_factor": 1.4825012838201581
}