{
    "structural_factor": 1.2908488664601612,
    "functional_factor": 1.6341666607349206
}