{
    "structural_factor": 3.7071233285918446,
    "functional_factor": 3.2124760081379042
}