{
    "structural_factor": 3.7612962731399064,
    "functional_factor": 1.0170006887260605
}