{
    "structural_factor": 4.045256268424188,
    "functional_factor": 1.123328340098477
}