{
    "structural_factor": 1.3563624939823589,
    "functional_factor": 3.2083289015588248
}