{
    "structural_factor": 1.661407023555997,
    "functional_factor": 7.6640706007657275
}