{
    "structural_factor": 1.5038552389079465,
    "functional_factor": 1.6625881007555134
}