{
    "structural_factor": 1.7585055553461024,
    "functional_factor": 1.026054661814225
}