{
    "structural_factor": 1.9958940870099886,
    "functional_factor": 1.6985417968088412
}