{
    "structural_factor": 1.7115605482632905,
    "functional_factor": 2.144301220355334
}