{
    "structural_factor": 1.0669156846958188,
    "functional_factor": 3.673244723603452
}