{
    "structural_factor": 2.036505205450095,
    "functional_factor": 1.0628398267476509
}