{
    "structural_factor": 1.5089972825591216,
    "functional_factor": 3.5196827514969837
}