{
    "structural_factor": 1.9074844230282606,
    "functional_factor": 1.013076645525031
}