{
    "structural_factor": 3.2409991163564245,
    "functional_factor": 2.6153476391178794
}