{
    "structural_factor": 2.2791414508251373,
    "functional_factor": 2.253495427741884
}