{
    "structural_factor": 2.5491988234344247,
    "functional_factor": 1.1067373229943516
}