{
    "structural_factor": 1.8979470473245938,
    "functional_factor": 3.8272627958036036
}