{
    "structural_factor": 0.4520506868366116,
    "functional_factor": 5.49396082395511
}