{
    "structural_factor": 1.7606850106199068,
    "functional_factor": 5.856450514013064
}