{
    "structural_factor": 0.26823409367364076,
    "functional_factor": 8.631216198245147
}