{
    "structural_factor": 2.4096214318879725,
    "functional_factor": 3.515826682393215
}