{
    "structural_factor": 1.5487260745448304,
    "functional_factor": 1.8281892469520582
}