{
    "structural_factor": 1.1912507932576255,
    "functional_factor": 1.2031169635546413
}