{
    "structural_factor": 0.928531845542381,
    "functional_factor": 2.511796545508084
}