{
    "structural_factor": 4.027268695848304,
    "functional_factor": 1.0743831215028337
}