{
    "structural_factor": 3.789176030826169,
    "functional_factor": 1.6993402930133417
}