{
    "structural_factor": 3.725853593329602,
    "functional_factor": 2.817887951270434
}