{
    "structural_factor": 1.2980052211860502,
    "functional_factor": 1.6441810306626448
}