{
    "structural_factor": 2.71992041229797,
    "functional_factor": 1.7921194670516503
}