{
    "structural_factor": 2.8549791080731985,
    "functional_factor": 2.684071947398949
}