{
    "structural_factor": 4.025438489326156,
    "functional_factor": 1.3765999380305964
}