{
    "structural_factor": 1.478482162465632,
    "functional_factor": 5.829624589505347
}