{
    "structural_factor": 1.3435157533279976,
    "functional_factor": 1.8841519485148452
}