{
    "structural_factor": 1.2035864468063149,
    "functional_factor": 1.015260062511015
}