{
    "structural_factor": 4.459787954874105,
    "functional_factor": 1.5045283598053487
}