{
    "structural_factor": 2.026578074171739,
    "functional_factor": 2.7612050022030106
}