{
    "structural_factor": 2.7983228828698032,
    "functional_factor": 3.684878892186823
}