{
    "structural_factor": 2.4343610532771254,
    "functional_factor": 1.6834393022784506
}