{
    "structural_factor": 1.949687019745695,
    "functional_factor": 1.0000141267342961
}