{
    "structural_factor": 1.2756964094153584,
    "functional_factor": 2.574312042975161
}