{
    "structural_factor": 2.033125424552884,
    "functional_factor": 1.5832017049424485
}