{
    "structural_factor": 1.6081590666417618,
    "functional_factor": 1.0154398362332333
}