{
    "structural_factor": 4.040911003460595,
    "functional_factor": 1.7224700158113797
}