{
    "structural_factor": 2.3566758215597376,
    "functional_factor": 3.3331559528405426
}