{
    "structural_factor": 4.273339651430781,
    "functional_factor": 1.4703319821335217
}