{
    "structural_factor": 4.366848203821019,
    "functional_factor": 1.7179404193671735
}