{
    "structural_factor": 0.8901857071701478,
    "functional_factor": 4.4997809960660256
}