{
    "structural_factor": 1.1511073834068026,
    "functional_factor": 1.0037776583594122
}