{
    "structural_factor": 1.8982741740462483,
    "functional_factor": 2.14843710662978
}