{
    "structural_factor": 1.9077193232269802,
    "functional_factor": 1.0138896591184567
}