{
    "structural_factor": 1.4142826245545854,
    "functional_factor": 3.3814785024030924
}