{
    "structural_factor": 1.0007807002320062,
    "functional_factor": 1.9700658505358346
}