{
    "structural_factor": 4.2006447305796035,
    "functional_factor": 1.8268136701815818
}