{
    "structural_factor": 0.9695613850396357,
    "functional_factor": 2.1280673142406266
}