{
    "structural_factor": 1.7518253296027477,
    "functional_factor": 1.0039812703039177
}