{
    "structural_factor": 1.1998281678494471,
    "functional_factor": 0.9999808924759979
}