{
    "structural_factor": 1.0656849458747355,
    "functional_factor": 1.0602055619707378
}