{
    "structural_factor": 1.0483661774746957,
    "functional_factor": 1.7482930064606805
}