{
    "structural_factor": 1.2531503731256493,
    "functional_factor": 1.03004865474324
}