{
    "structural_factor": 1.868762080149624,
    "functional_factor": 1.3250689529100823
}