{
    "structural_factor": 3.9559675157623784,
    "functional_factor": 1.8192467091757163
}