{
    "structural_factor": 1.088866140836156,
    "functional_factor": 3.206605670352378
}