{
    "structural_factor": 1.379389320253321,
    "functional_factor": 1.2301135623987556
}