{
    "structural_factor": 1.7641152033468774,
    "functional_factor": 3.0199015720380626
}