{
    "structural_factor": 4.359235187303845,
    "functional_factor": 3.410846933731546
}