{
    "structural_factor": 1.6236113484382142,
    "functional_factor": 1.3568949596598077
}