{
    "structural_factor": 1.1198175681940068,
    "functional_factor": 2.1890219150184977
}