{
    "structural_factor": 1.4510830417361364,
    "functional_factor": 1.9965773186182887
}