{
    "structural_factor": 1.093776446620518,
    "functional_factor": 3.421414495359242
}