{
    "structural_factor": 1.6844769474911823,
    "functional_factor": 1.9708400824075276
}