{
    "structural_factor": 2.3973888442767253,
    "functional_factor": 3.5814598136240434
}