{
    "structural_factor": 1.571034355590766,
    "functional_factor": 1.4867036677369028
}