{
    "structural_factor": 3.0823800163725297,
    "functional_factor": 2.198084248667781
}