{
    "structural_factor": 2.126247813675867,
    "functional_factor": 5.936716502008591
}