{
    "structural_factor": 1.8916258272070838,
    "functional_factor": 1.919717380279035
}