{
    "structural_factor": 1.1824762402385531,
    "functional_factor": 3.2264951370553105
}