{
    "structural_factor": 1.3103828425214865,
    "functional_factor": 1.0291927649670758
}