{
    "structural_factor": 2.6861121251898363,
    "functional_factor": 1.6883785830262399
}