{
    "structural_factor": 0.5021679588870649,
    "functional_factor": 4.5427334137644415
}