{
    "structural_factor": 1.0813644430126328,
    "functional_factor": 2.1255027150997523
}