{
    "structural_factor": 1.642966125205949,
    "functional_factor": 1.1303386990920248
}