{
    "structural_factor": 1.6446273307895933,
    "functional_factor": 1.6998573027196306
}