{
    "structural_factor": 1.6340449469242975,
    "functional_factor": 1.1120867186225958
}