{
    "structural_factor": 4.508149831051201,
    "functional_factor": 1.0195805660186297
}