{
    "structural_factor": 1.1162874363093775,
    "functional_factor": 1.1161350027379426
}