{
    "structural_factor": 3.450528721016625,
    "functional_factor": 1.5455308883473429
}