{
    "structural_factor": 1.715244234130788,
    "functional_factor": 1.028890548890884
}