{
    "structural_factor": 4.036299584131617,
    "functional_factor": 1.3482806119914403
}