{
    "structural_factor": 1.8318550403299838,
    "functional_factor": 1.205940878114164
}