{
    "structural_factor": 1.7747778548580055,
    "functional_factor": 3.8231558369753875
}