{
    "structural_factor": 3.750030283451892,
    "functional_factor": 0.999858407359124
}