{
    "structural_factor": 0.21626363137985805,
    "functional_factor": 6.5189712789284355
}