{
    "structural_factor": 3.0369370888305016,
    "functional_factor": 3.5746036283258897
}