{
    "structural_factor": 0.753329846352538,
    "functional_factor": 5.1242890188446815
}