{
    "structural_factor": 0.4208959528881491,
    "functional_factor": 5.278096101640269
}