{
    "structural_factor": 1.1443268740630308,
    "functional_factor": 1.6463419091358698
}