{
    "structural_factor": 1.7999092852122216,
    "functional_factor": 1.013819215520691
}