{
    "structural_factor": 1.5764115478596823,
    "functional_factor": 1.0856428969578358
}