{
    "structural_factor": 4.011761056423747,
    "functional_factor": 2.20820260482332
}