{
    "structural_factor": 1.6403441787145345,
    "functional_factor": 4.162245978673551
}