{
    "structural_factor": 1.65467343432047,
    "functional_factor": 3.2425692074381622
}