{
    "structural_factor": 1.4049068636537576,
    "functional_factor": 1.0150800541509424
}