{
    "structural_factor": 1.9342896279610924,
    "functional_factor": 2.9983101734347244
}