{
    "structural_factor": 1.9366910258557237,
    "functional_factor": 2.6266457673108135
}