{
    "structural_factor": 4.200144391725438,
    "functional_factor": 2.309808600000155
}