{
    "structural_factor": 1.1779634340129703,
    "functional_factor": 1.2385597772846082
}