{
    "structural_factor": 1.1161609347120192,
    "functional_factor": 1.5745349987087038
}