{
    "structural_factor": 1.289950398843554,
    "functional_factor": 1.0577825533837157
}