{
    "structural_factor": 1.0227240357630099,
    "functional_factor": 1.169183219586369
}