{
    "structural_factor": 0.2437497756200052,
    "functional_factor": 8.57932238657656
}