{
    "structural_factor": 1.2498239862310194,
    "functional_factor": 1.0000008157564952
}