{
    "structural_factor": 3.783579624574096,
    "functional_factor": 1.3571498132158206
}