{
    "structural_factor": 5.005858884988187,
    "functional_factor": 1.0180352384472713
}