{
    "structural_factor": 1.3049036730241865,
    "functional_factor": 1.0145904796275629
}