{
    "structural_factor": 1.6968484279431968,
    "functional_factor": 1.6792553778854613
}