{
    "structural_factor": 2.4942235649072915,
    "functional_factor": 2.625000992874132
}