{
    "structural_factor": 4.225823967304859,
    "functional_factor": 3.453037655039935
}