{
    "structural_factor": 4.068940790836489,
    "functional_factor": 1.311311224788676
}