{
    "structural_factor": 1.5581235904737516,
    "functional_factor": 2.356529707789307
}