{
    "structural_factor": 1.7434906267959014,
    "functional_factor": 1.7717130075243714
}