{
    "structural_factor": 1.4141055981124515,
    "functional_factor": 1.038833895937956
}