{
    "structural_factor": 2.504813175831536,
    "functional_factor": 1.0150122766787508
}