{
    "structural_factor": 1.7129977771467564,
    "functional_factor": 1.3399044165982632
}