{
    "structural_factor": 2.2697698541132385,
    "functional_factor": 1.5082468358069316
}