{
    "structural_factor": 3.5052171380144546,
    "functional_factor": 3.7561093667196963
}