{
    "structural_factor": 3.010040778991756,
    "functional_factor": 1.0162016765018362
}