{
    "structural_factor": 3.695235181178131,
    "functional_factor": 1.8122198946689394
}