{
    "structural_factor": 3.2606293439843004,
    "functional_factor": 1.0150731962051904
}