{
    "structural_factor": 2.7977153440992244,
    "functional_factor": 1.8863040036128502
}