{
    "structural_factor": 0.5458207905581853,
    "functional_factor": 4.142298516796662
}