{
    "structural_factor": 2.759319037240322,
    "functional_factor": 1.5227742555240433
}