{
    "structural_factor": 1.8697204781145702,
    "functional_factor": 2.3965191811559996
}