{
    "structural_factor": 1.4585276772381022,
    "functional_factor": 2.4458941629614883
}