{
    "structural_factor": 1.806730070690038,
    "functional_factor": 1.013024713910605
}