{
    "structural_factor": 1.1538154841498545,
    "functional_factor": 1.4747870012739628
}