{
    "structural_factor": 1.2195207443383567,
    "functional_factor": 1.1141682733378968
}