{
    "structural_factor": 1.9727822456170379,
    "functional_factor": 1.1996490311668702
}