{
    "structural_factor": 1.5007177577445603,
    "functional_factor": 4.664911660181852
}