{
    "structural_factor": 1.2884691041739136,
    "functional_factor": 2.1328471635510513
}