{
    "structural_factor": 2.211190090894145,
    "functional_factor": 1.53451298678082
}