{
    "structural_factor": 1.3712881524077616,
    "functional_factor": 1.4930681877383745
}