{
    "structural_factor": 2.7725130804172995,
    "functional_factor": 1.032676345617852
}