{
    "structural_factor": 1.0530443004708065,
    "functional_factor": 1.0149849760188283
}