{
    "structural_factor": 1.6065828791210237,
    "functional_factor": 3.19715339152039
}