{
    "structural_factor": 1.9598356208126206,
    "functional_factor": 1.0294420790603709
}