{
    "structural_factor": 4.707944354324593,
    "functional_factor": 3.559389127566613
}