{
    "structural_factor": 0.9794995765796387,
    "functional_factor": 4.9800168047595434
}