{
    "structural_factor": 0.7833336249522237,
    "functional_factor": 3.3330113029307475
}