{
    "structural_factor": 1.5008429074031542,
    "functional_factor": 1.0031068244960692
}