{
    "structural_factor": 0.7524286113071174,
    "functional_factor": 7.612752171207043
}