{
    "structural_factor": 1.6205174394145272,
    "functional_factor": 1.7610562961729614
}