{
    "structural_factor": 1.0144891635282356,
    "functional_factor": 1.0677074647762583
}