{
    "structural_factor": 1.8825150267152964,
    "functional_factor": 1.065637414621235
}