{
    "structural_factor": 0.5222301372600835,
    "functional_factor": 5.756213434284787
}