{
    "structural_factor": 2.6739915042735967,
    "functional_factor": 5.648678942195377
}