{
    "structural_factor": 5.020452724994195,
    "functional_factor": 1.0804669392363158
}