{
    "structural_factor": 1.0636102552938875,
    "functional_factor": 1.061659144088226
}