{
    "structural_factor": 3.821269738113583,
    "functional_factor": 1.3746783697060774
}