{
    "structural_factor": 1.050716874783239,
    "functional_factor": 1.003627225801836
}