{
    "structural_factor": 3.5118920645346505,
    "functional_factor": 1.7627204726775922
}