{
    "structural_factor": 3.752678092103852,
    "functional_factor": 1.004203262971365
}