{
    "structural_factor": 1.879433731408354,
    "functional_factor": 1.2263965427237609
}