{
    "structural_factor": 3.4997345346608215,
    "functional_factor": 0.9998952274240174
}