{
    "structural_factor": 1.7319493683562797,
    "functional_factor": 2.5818614465803056
}