{
    "structural_factor": 1.0203645132075907,
    "functional_factor": 2.1329309620831767
}