{
    "structural_factor": 1.4042697448618235,
    "functional_factor": 1.3556083726200034
}