{
    "structural_factor": 1.9251663961209762,
    "functional_factor": 1.813312920814816
}