{
    "structural_factor": 1.1819672695892638,
    "functional_factor": 4.713873750897581
}