{
    "structural_factor": 1.0723659385414708,
    "functional_factor": 2.03161636346126
}