{
    "structural_factor": 1.6351777047346603,
    "functional_factor": 2.525981424130518
}