{
    "structural_factor": 1.864769351583191,
    "functional_factor": 1.0349712791142234
}