{
    "structural_factor": 1.6000823950543193,
    "functional_factor": 1.196373410971021
}