{
    "structural_factor": 1.3000854662728099,
    "functional_factor": 1.0037563249003525
}