{
    "structural_factor": 1.3854443434899555,
    "functional_factor": 2.2389442140872524
}