{
    "structural_factor": 3.819293061033194,
    "functional_factor": 1.5547960520856487
}