{
    "structural_factor": 1.4231794360642205,
    "functional_factor": 3.566932846485422
}