{
    "structural_factor": 0.7198385062242578,
    "functional_factor": 5.816276162316942
}