{
    "structural_factor": 2.040758164051649,
    "functional_factor": 1.08668460751834
}