{
    "structural_factor": 2.0249715748374117,
    "functional_factor": 1.1427561996426887
}