{
    "structural_factor": 4.303261635991854,
    "functional_factor": 1.1729065420193598
}