{
    "structural_factor": 2.5628439175665085,
    "functional_factor": 1.1044404865940844
}