{
    "structural_factor": 1.3561484912325188,
    "functional_factor": 1.6414240907883881
}