{
    "structural_factor": 1.253747461833292,
    "functional_factor": 1.013481258155187
}