{
    "structural_factor": 2.3327026487435614,
    "functional_factor": 1.335217739278708
}