{
    "structural_factor": 4.26096305552928,
    "functional_factor": 2.6875180312666322
}