{
    "structural_factor": 1.7729646340643344,
    "functional_factor": 1.49351299558662
}