{
    "structural_factor": 1.0678204193262288,
    "functional_factor": 2.345011843171031
}