{
    "structural_factor": 1.9179935187056207,
    "functional_factor": 1.2804236363270338
}