{
    "structural_factor": 1.8794832610505354,
    "functional_factor": 1.5181937649962651
}