{
    "structural_factor": 1.19260854918085,
    "functional_factor": 1.642685311677255
}