{
    "structural_factor": 0.8084998646591353,
    "functional_factor": 3.7002285272622646
}