{
    "structural_factor": 1.9416997571200192,
    "functional_factor": 1.2352121021110833
}