{
    "structural_factor": 0.6879187555479265,
    "functional_factor": 5.99879795503804
}