{
    "structural_factor": 1.8951471462100877,
    "functional_factor": 1.2304258859517785
}