{
    "structural_factor": 1.0509309242507556,
    "functional_factor": 1.0037436547429994
}