{
    "structural_factor": 1.2042264852809237,
    "functional_factor": 4.61468207193694
}