{
    "structural_factor": 1.3821273912145693,
    "functional_factor": 1.099024664762658
}