{
    "structural_factor": 0.9721971428032656,
    "functional_factor": 5.780776248317536
}