{
    "structural_factor": 4.971303148241402,
    "functional_factor": 2.0867357092822094
}