{
    "structural_factor": 1.0122289028930938,
    "functional_factor": 1.062693221848732
}