{
    "structural_factor": 2.2947292792738723,
    "functional_factor": 1.4394560582481963
}