{
    "structural_factor": 1.006635811523249,
    "functional_factor": 1.0318338650566286
}