{
    "structural_factor": 1.7728986813712513,
    "functional_factor": 1.750476123848513
}