{
    "structural_factor": 1.2782585949748895,
    "functional_factor": 3.0233430015231564
}