{
    "structural_factor": 1.2346856022695811,
    "functional_factor": 2.119252090537104
}