{
    "structural_factor": 1.156793592722008,
    "functional_factor": 1.754475491328661
}