{
    "structural_factor": 0.8949853451688877,
    "functional_factor": 15.54285518238785
}