{
    "structural_factor": 1.9390793556486614,
    "functional_factor": 8.044590941046554
}