{
    "structural_factor": 1.2400944007922274,
    "functional_factor": 1.3062241702146575
}