{
    "structural_factor": 1.8576563354771076,
    "functional_factor": 1.8594067308090618
}