{
    "structural_factor": 1.713672234993963,
    "functional_factor": 1.362327307707566
}