{
    "structural_factor": 1.9158965131781116,
    "functional_factor": 1.6275240876283525
}