{
    "structural_factor": 4.5035027347342815,
    "functional_factor": 1.0047701209332593
}