{
    "structural_factor": 1.699810638844065,
    "functional_factor": 0.9999979269045023
}