{
    "structural_factor": 1.2312832405141272,
    "functional_factor": 4.436293071512784
}