{
    "structural_factor": 1.6904089314250614,
    "functional_factor": 2.988772985599135
}