{
    "structural_factor": 1.1260253901834147,
    "functional_factor": 2.5047455340403753
}