{
    "structural_factor": 1.712400242970422,
    "functional_factor": 1.2426215020652993
}