{
    "structural_factor": 4.214619778720373,
    "functional_factor": 2.8030316501920916
}