{
    "structural_factor": 2.817406730636975,
    "functional_factor": 1.393931733308882
}