{
    "structural_factor": 4.062745605553618,
    "functional_factor": 5.209429577805015
}