{
    "structural_factor": 1.0857051159145457,
    "functional_factor": 4.722768837976856
}