{
    "structural_factor": 0.9941816446499766,
    "functional_factor": 16.185469002202435
}