{
    "structural_factor": 1.4548756293620222,
    "functional_factor": 2.048875143037214
}