{
    "structural_factor": 1.72327732790166,
    "functional_factor": 1.4908791920745674
}