{
    "structural_factor": 3.23374608078503,
    "functional_factor": 2.1144201708122172
}