{
    "structural_factor": 1.224944309202132,
    "functional_factor": 6.072683974590384
}