{
    "structural_factor": 0.9520447039523032,
    "functional_factor": 2.6750996532356863
}