{
    "structural_factor": 2.0983491656589734,
    "functional_factor": 1.328402971192267
}