{
    "structural_factor": 3.7200560872780044,
    "functional_factor": 1.8282960890433362
}