{
    "structural_factor": 1.692661244149869,
    "functional_factor": 2.5698674226014457
}