{
    "structural_factor": 1.4139609657721348,
    "functional_factor": 6.05945175265367
}