{
    "structural_factor": 3.838495699245616,
    "functional_factor": 3.4752974803546355
}