{
    "structural_factor": 4.019216881259968,
    "functional_factor": 1.07065432826753
}