{
    "structural_factor": 1.7594269632144028,
    "functional_factor": 2.135117430481473
}