{
    "structural_factor": 0.41045018293725505,
    "functional_factor": 5.967069981719533
}