{
    "structural_factor": 4.271827734533542,
    "functional_factor": 1.0819464705377728
}