{
    "structural_factor": 1.7457391723837083,
    "functional_factor": 2.760253729807576
}