{
    "structural_factor": 0.8464855831058221,
    "functional_factor": 2.524885675353432
}