{
    "structural_factor": 0.734407340812143,
    "functional_factor": 4.48096669515774
}