{
    "structural_factor": 4.411556681068616,
    "functional_factor": 3.2747912608814524
}