{
    "structural_factor": 2.0033098859712584,
    "functional_factor": 1.840389110126638
}