{
    "structural_factor": 2.0019061426006304,
    "functional_factor": 1.003974695107341
}