{
    "structural_factor": 2.995202043191105,
    "functional_factor": 2.4654703087894587
}