{
    "structural_factor": 1.4002305393172574,
    "functional_factor": 1.9050230641344656
}