{
    "structural_factor": 1.1689606847072567,
    "functional_factor": 1.9245592309195185
}