{
    "structural_factor": 1.964359566584894,
    "functional_factor": 1.0350285594709825
}