{
    "structural_factor": 1.4898395625045198,
    "functional_factor": 1.1006248061713269
}