{
    "structural_factor": 4.252709861900673,
    "functional_factor": 1.0046868688380735
}