{
    "structural_factor": 1.141041880829438,
    "functional_factor": 3.6414414171629845
}