{
    "structural_factor": 1.776205595305786,
    "functional_factor": 1.0563354136225442
}