{
    "structural_factor": 3.0626501780539703,
    "functional_factor": 1.1420045181738239
}