{
    "structural_factor": 2.9986605411249005,
    "functional_factor": 1.9979769191157777
}