{
    "structural_factor": 1.0031739222799785,
    "functional_factor": 4.45581175871349
}