{
    "structural_factor": 2.0514322330226613,
    "functional_factor": 1.7110300479129426
}