{
    "structural_factor": 1.8023297667971236,
    "functional_factor": 1.0036713960586316
}