{
    "structural_factor": 1.5055045859570253,
    "functional_factor": 1.0129774619132794
}