{
    "structural_factor": 1.6140613950272718,
    "functional_factor": 1.0346358579486687
}