{
    "structural_factor": 3.709454789273624,
    "functional_factor": 3.4070708901768962
}