{
    "structural_factor": 4.987791485831196,
    "functional_factor": 3.185551149991069
}