{
    "structural_factor": 1.3893371285888243,
    "functional_factor": 2.1378295662215656
}