{
    "structural_factor": 1.4563043801995141,
    "functional_factor": 1.1763287866212429
}