{
    "structural_factor": 1.3750635817290773,
    "functional_factor": 1.1069298722095884
}