{
    "structural_factor": 1.3598606991257245,
    "functional_factor": 1.3283181128174517
}