{
    "structural_factor": 1.5991951225240069,
    "functional_factor": 1.4386813208743845
}