{
    "structural_factor": 1.853859328571994,
    "functional_factor": 1.5562278000859193
}