{
    "structural_factor": 2.87578729364139,
    "functional_factor": 4.490994915560749
}