{
    "structural_factor": 1.9353670339566498,
    "functional_factor": 1.0661725691190456
}