{
    "structural_factor": 2.8371962415167875,
    "functional_factor": 2.0203212176842755
}