{
    "structural_factor": 3.181918548878845,
    "functional_factor": 3.4001022984895988
}