{
    "structural_factor": 1.3401339943952941,
    "functional_factor": 1.6893511220797814
}