{
    "structural_factor": 5.01264810449409,
    "functional_factor": 1.1124193680189824
}