{
    "structural_factor": 1.2960957311715666,
    "functional_factor": 1.4037124884056664
}