{
    "structural_factor": 4.238834342254589,
    "functional_factor": 1.78304155446881
}