{
    "structural_factor": 2.749726497283885,
    "functional_factor": 0.9999563545198894
}