{
    "structural_factor": 2.95829517724199,
    "functional_factor": 3.426699663961506
}