{
    "structural_factor": 1.710680100918912,
    "functional_factor": 1.6809636648747883
}