{
    "structural_factor": 4.790731440491342,
    "functional_factor": 1.1267756371442892
}