{
    "structural_factor": 4.800352840905644,
    "functional_factor": 1.265593722207829
}