{
    "structural_factor": 3.7848256284148154,
    "functional_factor": 1.2782799976960502
}