{
    "structural_factor": 3.545014133137445,
    "functional_factor": 1.2831200000882217
}