{
    "structural_factor": 2.7591013527000947,
    "functional_factor": 1.014352775566057
}