{
    "structural_factor": 2.290123739238356,
    "functional_factor": 2.5754839881757157
}