{
    "structural_factor": 0.582979904654092,
    "functional_factor": 7.374715045739201
}