{
    "structural_factor": 0.8791219052169258,
    "functional_factor": 3.8107466528496374
}