{
    "structural_factor": 5.011174263609374,
    "functional_factor": 1.040644502191772
}