{
    "structural_factor": 5.025561732128009,
    "functional_factor": 1.0818156661974037
}