{
    "structural_factor": 1.9297460305345981,
    "functional_factor": 1.116861842453084
}