{
    "structural_factor": 1.606559333821448,
    "functional_factor": 1.9363085962445818
}