{
    "structural_factor": 1.986238246539789,
    "functional_factor": 1.1657696574667384
}