{
    "structural_factor": 1.4092726811630472,
    "functional_factor": 1.2229332462912206
}