{
    "structural_factor": 0.8479094425091847,
    "functional_factor": 3.6097069481072115
}