{
    "structural_factor": 3.0805934535047212,
    "functional_factor": 1.215976733011732
}