{
    "structural_factor": 1.4185616741023561,
    "functional_factor": 1.4725642605320641
}