{
    "structural_factor": 2.4128870866019922,
    "functional_factor": 8.31725312057624
}