{
    "structural_factor": 1.8646034492502779,
    "functional_factor": 1.0312456817499058
}