{
    "structural_factor": 2.0208926437026413,
    "functional_factor": 1.450085431150272
}