{
    "structural_factor": 2.0656382967660005,
    "functional_factor": 1.1654187824065023
}