{
    "structural_factor": 1.4231893180048525,
    "functional_factor": 1.2024576401450815
}