{
    "structural_factor": 2.2850835611981255,
    "functional_factor": 1.0668666350389189
}