{
    "structural_factor": 2.3295916703662196,
    "functional_factor": 2.9089871013420137
}