{
    "structural_factor": 1.8096459999839472,
    "functional_factor": 1.631815805852921
}