{
    "structural_factor": 1.4670473725758388,
    "functional_factor": 1.4803159629651317
}