{
    "structural_factor": 1.028818061584754,
    "functional_factor": 10.250929356917055
}