{
    "structural_factor": 1.368043495675903,
    "functional_factor": 1.0576461577948397
}