{
    "structural_factor": 1.1522907680454026,
    "functional_factor": 5.815738149772446
}