{
    "structural_factor": 1.1621216468432967,
    "functional_factor": 1.4823462894209556
}