{
    "structural_factor": 4.653878832951692,
    "functional_factor": 1.8292460967277064
}