{
    "structural_factor": 1.1968630931640138,
    "functional_factor": 1.2281624977953862
}