{
    "structural_factor": 1.3239190911736738,
    "functional_factor": 3.2337557246242787
}