{
    "structural_factor": 1.9306650501991973,
    "functional_factor": 1.0627294902358837
}