{
    "structural_factor": 1.7835469955201992,
    "functional_factor": 2.3923249035418515
}