{
    "structural_factor": 1.7295565506413826,
    "functional_factor": 2.998939441627573
}