{
    "structural_factor": 1.4957131734349112,
    "functional_factor": 1.1644796358159468
}