{
    "structural_factor": 1.4621881653266502,
    "functional_factor": 1.0297186141659025
}