{
    "structural_factor": 1.3771607892253264,
    "functional_factor": 2.535437560160678
}