{
    "structural_factor": 3.0120745673786917,
    "functional_factor": 3.17091555359966
}