{
    "structural_factor": 1.86896860313785,
    "functional_factor": 1.2793439930217192
}