{
    "structural_factor": 0.8382283722346453,
    "functional_factor": 3.247899650815619
}