{
    "structural_factor": 1.6085258273520084,
    "functional_factor": 1.5429352407008503
}