{
    "structural_factor": 2.8165333723529384,
    "functional_factor": 1.1796788957608861
}