{
    "structural_factor": 1.3069301989931106,
    "functional_factor": 2.3340845953913485
}