{
    "structural_factor": 3.44335138744499,
    "functional_factor": 3.418198252930807
}