{
    "structural_factor": 1.1257882382910334,
    "functional_factor": 1.914469679378305
}