{
    "structural_factor": 1.9552721681345069,
    "functional_factor": 1.7273644208694086
}