{
    "structural_factor": 1.7051158534175683,
    "functional_factor": 1.8286671769253955
}