{
    "structural_factor": 1.0292908103759302,
    "functional_factor": 3.6809842009675333
}