{
    "structural_factor": 0.4823393109681332,
    "functional_factor": 5.300515660343029
}