{
    "structural_factor": 1.5859568900492875,
    "functional_factor": 1.2312992136601817
}