{
    "structural_factor": 1.6496831096568696,
    "functional_factor": 1.0000044411173894
}