{
    "structural_factor": 2.0176070464461517,
    "functional_factor": 3.650124746052345
}