{
    "structural_factor": 1.5948669172654633,
    "functional_factor": 1.9636736302777236
}