{
    "structural_factor": 1.793741080652178,
    "functional_factor": 2.8761426187082133
}