{
    "structural_factor": 3.270269649759429,
    "functional_factor": 1.0352278600944755
}