{
    "structural_factor": 1.0287284120983113,
    "functional_factor": 1.5112747912241078
}