{
    "structural_factor": 3.260650908464799,
    "functional_factor": 1.0156464931410978
}