{
    "structural_factor": 0.6489268032148345,
    "functional_factor": 5.183523757101623
}