{
    "structural_factor": 0.9971001765765737,
    "functional_factor": 1.0142755601609994
}