{
    "structural_factor": 1.470238861287859,
    "functional_factor": 3.8086874818519845
}