{
    "structural_factor": 1.4835906469061761,
    "functional_factor": 1.0972136256721965
}