{
    "structural_factor": 2.5091701234069923,
    "functional_factor": 1.0157162920903802
}