{
    "structural_factor": 1.299778957755089,
    "functional_factor": 1.0000095837658995
}