{
    "structural_factor": 1.31862979369888,
    "functional_factor": 2.9881145372251265
}