{
    "structural_factor": 2.6191065146663384,
    "functional_factor": 3.966421288993249
}