{
    "structural_factor": 1.4061271480132582,
    "functional_factor": 1.025660518372646
}