{
    "structural_factor": 3.275815209968903,
    "functional_factor": 1.065483940764322
}