{
    "structural_factor": 1.061136605196966,
    "functional_factor": 3.385162968785951
}