{
    "structural_factor": 1.8665409016227397,
    "functional_factor": 1.0292939139342216
}