{
    "structural_factor": 1.600893255141789,
    "functional_factor": 2.8668734998573124
}