{
    "structural_factor": 1.9581982509576963,
    "functional_factor": 1.0146215437568464
}