{
    "structural_factor": 1.556300225612432,
    "functional_factor": 1.4060800767484904
}