{
    "structural_factor": 1.3862844363411901,
    "functional_factor": 1.1523195079172974
}