{
    "structural_factor": 1.2672287461393743,
    "functional_factor": 2.8563988726255123
}