{
    "structural_factor": 0.48234221399770055,
    "functional_factor": 4.155247340734093
}