{
    "structural_factor": 1.5566551505497515,
    "functional_factor": 1.014891018245567
}