{
    "structural_factor": 2.9996517598598302,
    "functional_factor": 0.999941173914973
}