{
    "structural_factor": 1.2998308795105766,
    "functional_factor": 0.9999946675106178
}