{
    "structural_factor": 3.141689231575983,
    "functional_factor": 8.165460881255578
}