{
    "structural_factor": 2.5797654214559693,
    "functional_factor": 1.3141583153053331
}