{
    "structural_factor": 1.9260572754447074,
    "functional_factor": 1.1761261567313512
}