{
    "structural_factor": 5.0046047676163505,
    "functional_factor": 1.0042601931301625
}