{
    "structural_factor": 1.7696240386184092,
    "functional_factor": 3.0482889748098208
}