{
    "structural_factor": 1.849769327849255,
    "functional_factor": 1.00000078562257
}