{
    "structural_factor": 1.553766608544491,
    "functional_factor": 1.7198544534872118
}