{
    "structural_factor": 1.6129348234851215,
    "functional_factor": 1.3383185072802128
}