{
    "structural_factor": 1.4566410699947334,
    "functional_factor": 1.014544964391124
}