{
    "structural_factor": 1.7699614095611544,
    "functional_factor": 1.6266094808092408
}