{
    "structural_factor": 3.5884123550992735,
    "functional_factor": 2.0072850611131106
}