{
    "structural_factor": 1.6708666390063158,
    "functional_factor": 3.7849283963045717
}