{
    "structural_factor": 1.1287448036819658,
    "functional_factor": 1.1695518770395132
}