{
    "structural_factor": 1.760550233993733,
    "functional_factor": 1.5496368296918497
}