{
    "structural_factor": 1.7265000044170313,
    "functional_factor": 1.3580338701829957
}