{
    "structural_factor": 1.674948098040575,
    "functional_factor": 1.5237864956667373
}