{
    "structural_factor": 1.4888832776819338,
    "functional_factor": 5.000560487104556
}