{
    "structural_factor": 0.9998620363694712,
    "functional_factor": 0.9999997861245582
}