{
    "structural_factor": 1.036684947614414,
    "functional_factor": 3.536479923393619
}