{
    "structural_factor": 4.7619450933536145,
    "functional_factor": 1.1130464347596303
}