{
    "structural_factor": 1.1902338068004217,
    "functional_factor": 3.5923206210348257
}