{
    "structural_factor": 3.9163215427104103,
    "functional_factor": 2.971657041226362
}