{
    "structural_factor": 1.6286770599879181,
    "functional_factor": 1.0580120809891294
}