{
    "structural_factor": 4.290661863870566,
    "functional_factor": 1.3232390764211481
}