{
    "structural_factor": 2.434214904041282,
    "functional_factor": 3.036902377317839
}