{
    "structural_factor": 3.4302410373157017,
    "functional_factor": 1.8410293426058815
}