{
    "structural_factor": 3.8580301864616287,
    "functional_factor": 3.226883086883019
}