{
    "structural_factor": 1.3685449906399307,
    "functional_factor": 1.0653075701881387
}