{
    "structural_factor": 1.1045863752989962,
    "functional_factor": 1.8861413304292474
}