{
    "structural_factor": 1.2825087003329385,
    "functional_factor": 2.566851969947993
}