{
    "structural_factor": 1.6188078575437048,
    "functional_factor": 4.354360556571075
}