{
    "structural_factor": 4.433474008366065,
    "functional_factor": 2.450253173029034
}