{
    "structural_factor": 0.9211066814137021,
    "functional_factor": 4.0736279829584365
}