{
    "structural_factor": 1.3482454002685222,
    "functional_factor": 1.4034000868521397
}