{
    "structural_factor": 1.496949581739667,
    "functional_factor": 1.5432365507650492
}