{
    "structural_factor": 3.2597609260818334,
    "functional_factor": 1.016195990516715
}