{
    "structural_factor": 1.3660354343134977,
    "functional_factor": 1.484753772063322
}