{
    "structural_factor": 1.9524351893686704,
    "functional_factor": 1.0036063220580385
}