{
    "structural_factor": 3.558222464432367,
    "functional_factor": 3.9090460536853504
}