{
    "structural_factor": 1.595897657146456,
    "functional_factor": 1.7674976903337558
}