{
    "structural_factor": 1.8384536410932304,
    "functional_factor": 1.105976492562278
}