{
    "structural_factor": 4.747192044029206,
    "functional_factor": 1.1744285377048354
}