{
    "structural_factor": 1.1565359789993732,
    "functional_factor": 2.560604649423727
}