{
    "structural_factor": 1.8610431432620094,
    "functional_factor": 4.120354366517145
}