{
    "structural_factor": 1.6259009780363045,
    "functional_factor": 1.4333129592187026
}