{
    "structural_factor": 1.9539749962549335,
    "functional_factor": 1.1542335586571237
}