{
    "structural_factor": 2.18061837257018,
    "functional_factor": 8.115177318077444
}