{
    "structural_factor": 3.930451762132318,
    "functional_factor": 3.2156018571059257
}