{
    "structural_factor": 1.8229976977729372,
    "functional_factor": 1.341263916948708
}