{
    "structural_factor": 1.4037282263716628,
    "functional_factor": 1.0296637309868941
}