{
    "structural_factor": 1.3497944692117483,
    "functional_factor": 1.0000124655090834
}