{
    "structural_factor": 1.1498524788596607,
    "functional_factor": 0.9999773436290872
}