{
    "structural_factor": 1.6782785034947654,
    "functional_factor": 1.845001704951721
}