{
    "structural_factor": 4.503216805152474,
    "functional_factor": 1.0045597117175638
}