{
    "structural_factor": 1.1647568465173637,
    "functional_factor": 3.0578883658034064
}