{
    "structural_factor": 1.70534204069003,
    "functional_factor": 2.9856374536129877
}