{
    "structural_factor": 1.3164888153198602,
    "functional_factor": 3.3722183612820467
}