{
    "structural_factor": 3.496263818307023,
    "functional_factor": 2.132557780932058
}