{
    "structural_factor": 1.354792240142501,
    "functional_factor": 2.349800203744744
}