{
    "structural_factor": 1.8477982461613316,
    "functional_factor": 1.0587509541600835
}