{
    "structural_factor": 0.7029348179473209,
    "functional_factor": 5.102571735994401
}