{
    "structural_factor": 1.370828504633464,
    "functional_factor": 1.9517596668436852
}