{
    "structural_factor": 1.0533862976578763,
    "functional_factor": 2.332498777089159
}