{
    "structural_factor": 1.9880732076772438,
    "functional_factor": 1.1080290179082524
}