{
    "structural_factor": 2.252972634311359,
    "functional_factor": 1.0039126617826617
}