{
    "structural_factor": 2.180435921856619,
    "functional_factor": 3.474532318372377
}