{
    "structural_factor": 1.1248579994153671,
    "functional_factor": 2.7800238936517787
}