{
    "structural_factor": 4.2727308884743715,
    "functional_factor": 1.131188402541729
}