{
    "structural_factor": 3.068952433724209,
    "functional_factor": 1.1577999794899838
}