{
    "structural_factor": 1.30379365719385,
    "functional_factor": 2.5642027665482248
}