{
    "structural_factor": 1.2511041912402965,
    "functional_factor": 1.0032764909266103
}