{
    "structural_factor": 3.9600304125628525,
    "functional_factor": 1.7585367861090224
}