{
    "structural_factor": 1.149094931327412,
    "functional_factor": 3.6037445352537167
}