{
    "structural_factor": 1.4435486489097447,
    "functional_factor": 4.515273054341157
}