{
    "structural_factor": 1.566281848389592,
    "functional_factor": 1.2242173378778665
}