{
    "structural_factor": 4.727942005096038,
    "functional_factor": 1.7809100778056512
}