{
    "structural_factor": 0.8912093907775247,
    "functional_factor": 6.017967919552984
}