{
    "structural_factor": 1.79993483043347,
    "functional_factor": 1.1298436757758383
}