{
    "structural_factor": 1.5144805962875365,
    "functional_factor": 1.5390199385301082
}