{
    "structural_factor": 1.1571494039874286,
    "functional_factor": 1.0356125514991286
}