{
    "structural_factor": 1.5819395783343255,
    "functional_factor": 1.104389913793139
}