{
    "structural_factor": 1.419560787300624,
    "functional_factor": 1.0645900906694543
}