{
    "structural_factor": 1.518063504391939,
    "functional_factor": 1.9463966092017206
}