{
    "structural_factor": 1.555645636108951,
    "functional_factor": 2.9032682816377604
}