{
    "structural_factor": 2.95026364076707,
    "functional_factor": 2.641795425692665
}