{
    "structural_factor": 3.7646076725482454,
    "functional_factor": 2.116416430882029
}