{
    "structural_factor": 1.8293686629355923,
    "functional_factor": 2.2003155489161714
}