{
    "structural_factor": 1.292672341715103,
    "functional_factor": 2.6003477027493878
}