{
    "structural_factor": 2.145004954148422,
    "functional_factor": 3.919933635303233
}