{
    "structural_factor": 1.9288912854122324,
    "functional_factor": 1.0561597680990296
}