{
    "structural_factor": 1.4495577431129392,
    "functional_factor": 1.8758872550647558
}