{
    "structural_factor": 1.8569577588658563,
    "functional_factor": 1.347282786170209
}