{
    "structural_factor": 1.8437611778145486,
    "functional_factor": 4.585336750901293
}