{
    "structural_factor": 1.8420220354932075,
    "functional_factor": 2.9370035738434153
}