{
    "structural_factor": 0.4300192720833477,
    "functional_factor": 4.748922043088833
}