{
    "structural_factor": 2.5736824296333185,
    "functional_factor": 5.419509638042199
}