{
    "structural_factor": 1.2250014317212692,
    "functional_factor": 4.9848400971325875
}