{
    "structural_factor": 1.7298366493937205,
    "functional_factor": 1.062152056288594
}