{
    "structural_factor": 1.7164973893997806,
    "functional_factor": 1.0352439182543967
}