{
    "structural_factor": 4.013621139150484,
    "functional_factor": 1.0438739276966367
}