{
    "structural_factor": 1.5280052918405822,
    "functional_factor": 3.676878883349271
}