{
    "structural_factor": 1.6593412973612296,
    "functional_factor": 2.7402724191253194
}