{
    "structural_factor": 2.840647069120787,
    "functional_factor": 1.953771053541433
}