{
    "structural_factor": 3.3212618787928445,
    "functional_factor": 1.2225169952516093
}