{
    "structural_factor": 1.1340982784689746,
    "functional_factor": 1.348110482551054
}