{
    "structural_factor": 2.0209712908059134,
    "functional_factor": 1.6386428438928928
}