{
    "structural_factor": 1.9734819584777772,
    "functional_factor": 1.446414995274169
}