{
    "structural_factor": 1.7566497191864698,
    "functional_factor": 1.013091339511012
}