{
    "structural_factor": 1.4357404643242646,
    "functional_factor": 2.2452362493049804
}