{
    "structural_factor": 1.0393217493823743,
    "functional_factor": 2.048424994773548
}