{
    "structural_factor": 0.8506288393670198,
    "functional_factor": 4.411652004495591
}