{
    "structural_factor": 1.095498444614152,
    "functional_factor": 1.3573578563299284
}