{
    "structural_factor": 0.5829077507113852,
    "functional_factor": 6.0534377827963075
}