{
    "structural_factor": 0.5658165959149257,
    "functional_factor": 4.503776488494201
}