{
    "structural_factor": 4.543989914365296,
    "functional_factor": 1.3590297674929497
}