{
    "structural_factor": 0.9631064941332125,
    "functional_factor": 3.6108619346568105
}