{
    "structural_factor": 1.8191639873304541,
    "functional_factor": 1.6324948546118727
}