{
    "structural_factor": 1.6275623927503375,
    "functional_factor": 1.3092640971904113
}