{
    "structural_factor": 2.7496475604390302,
    "functional_factor": 0.9999709798421004
}