{
    "structural_factor": 1.2622688881530166,
    "functional_factor": 1.9270005921457665
}