{
    "structural_factor": 1.435969791737075,
    "functional_factor": 1.12972180764934
}