{
    "structural_factor": 2.4987756758377326,
    "functional_factor": 2.4423814999715665
}