{
    "structural_factor": 1.3493698301435644,
    "functional_factor": 1.6524894201484028
}