{
    "structural_factor": 1.261714391904037,
    "functional_factor": 5.722627917048312
}