{
    "structural_factor": 1.6296431087648588,
    "functional_factor": 1.0647555108212219
}