{
    "structural_factor": 2.8838457124773433,
    "functional_factor": 4.63490731956501
}