{
    "structural_factor": 5.003213873287164,
    "functional_factor": 2.2451845521874314
}