{
    "structural_factor": 0.9333368560291025,
    "functional_factor": 1.920484239542561
}