{
    "structural_factor": 1.9752056509601177,
    "functional_factor": 4.561234436220325
}