{
    "structural_factor": 1.8573941081690282,
    "functional_factor": 1.0139412927023281
}