{
    "structural_factor": 1.14350843953718,
    "functional_factor": 1.6277795664984045
}