{
    "structural_factor": 2.142391617168792,
    "functional_factor": 3.2819686154298693
}