{
    "structural_factor": 1.7383116758183976,
    "functional_factor": 2.382020059380645
}