{
    "structural_factor": 3.0779346904176,
    "functional_factor": 1.2554078511229168
}