{
    "structural_factor": 1.093618364463433,
    "functional_factor": 3.033431421556429
}