{
    "structural_factor": 2.237279914959448,
    "functional_factor": 1.7840312871994675
}