{
    "structural_factor": 5.0370402781336905,
    "functional_factor": 1.1811130148521487
}