{
    "structural_factor": 1.765681521661838,
    "functional_factor": 1.029100443344881
}