{
    "structural_factor": 0.9142864217834341,
    "functional_factor": 6.0865120690681955
}