{
    "structural_factor": 1.5442620917329384,
    "functional_factor": 5.838189507764855
}