{
    "structural_factor": 1.291531381142376,
    "functional_factor": 2.5781251374540988
}