{
    "structural_factor": 0.9043686506814462,
    "functional_factor": 3.244081200710014
}