{
    "structural_factor": 4.625760242560677,
    "functional_factor": 3.41177479901465
}