{
    "structural_factor": 1.9664077309321288,
    "functional_factor": 2.8331541991270757
}