{
    "structural_factor": 3.1301595027410363,
    "functional_factor": 4.609202755547578
}