{
    "structural_factor": 0.9998475387008726,
    "functional_factor": 1.0000125071155235
}