{
    "structural_factor": 3.5203487592211538,
    "functional_factor": 1.1388986937876757
}