{
    "structural_factor": 1.8346241458723271,
    "functional_factor": 1.326147571639556
}