{
    "structural_factor": 1.0005690787027774,
    "functional_factor": 1.003694326186419
}