{
    "structural_factor": 1.7445258757106419,
    "functional_factor": 2.1307691955562156
}