{
    "structural_factor": 1.8877167307361498,
    "functional_factor": 2.761520493127629
}