{
    "structural_factor": 2.350167544938469,
    "functional_factor": 2.5994209565084594
}