{
    "structural_factor": 2.0405700087782126,
    "functional_factor": 1.319763906394682
}