{
    "structural_factor": 0.88639274922438,
    "functional_factor": 10.181380788068358
}