{
    "structural_factor": 2.7921470233903474,
    "functional_factor": 1.0642635662488216
}