{
    "structural_factor": 1.8091554666852379,
    "functional_factor": 2.5541066026727033
}