{
    "structural_factor": 1.2087180809068792,
    "functional_factor": 3.9168732516472793
}