{
    "structural_factor": 4.279417212713714,
    "functional_factor": 2.2705211091216553
}