{
    "structural_factor": 1.9032860663894027,
    "functional_factor": 1.2396242907793529
}