{
    "structural_factor": 3.5061268037384603,
    "functional_factor": 3.9582687173432904
}