{
    "structural_factor": 1.1245741146754118,
    "functional_factor": 2.084380475288256
}