{
    "structural_factor": 1.433363303612685,
    "functional_factor": 2.5153266064475783
}