{
    "structural_factor": 2.002610580998323,
    "functional_factor": 1.003350346518761
}