{
    "structural_factor": 2.2274531260870973,
    "functional_factor": 2.0543277112333254
}