{
    "structural_factor": 1.8795711396564116,
    "functional_factor": 2.1459807429560147
}