{
    "structural_factor": 1.266368078174619,
    "functional_factor": 2.9793401708689133
}