{
    "structural_factor": 1.8484485353411675,
    "functional_factor": 3.2291701746672308
}