{
    "structural_factor": 3.234507963700822,
    "functional_factor": 1.6246203855862353
}