{
    "structural_factor": 1.1780670128459325,
    "functional_factor": 1.132651501342348
}