{
    "structural_factor": 1.787136669820351,
    "functional_factor": 2.1967926670082503
}