{
    "structural_factor": 1.6221249803154811,
    "functional_factor": 1.1146337892656313
}