{
    "structural_factor": 2.2497849878624416,
    "functional_factor": 0.9999589612047896
}