{
    "structural_factor": 1.9996378692313475,
    "functional_factor": 1.0000276288440093
}