{
    "structural_factor": 1.5288816543801607,
    "functional_factor": 1.1051166437044053
}