{
    "structural_factor": 2.008409344620391,
    "functional_factor": 6.3590637135900625
}