{
    "structural_factor": 4.789860929230387,
    "functional_factor": 1.7330991003703868
}