{
    "structural_factor": 1.9858404906274443,
    "functional_factor": 3.2689512581871116
}