{
    "structural_factor": 1.8595448263889625,
    "functional_factor": 1.015407378268715
}