{
    "structural_factor": 1.858876993561174,
    "functional_factor": 1.9655913266115477
}