{
    "structural_factor": 1.225109383462032,
    "functional_factor": 1.0968074283555493
}