{
    "structural_factor": 1.563594228020919,
    "functional_factor": 3.367421320348824
}