{
    "structural_factor": 1.899620268509291,
    "functional_factor": 1.105140854685586
}