{
    "structural_factor": 4.1616022315984385,
    "functional_factor": 2.2065781361121117
}