{
    "structural_factor": 1.641026867500129,
    "functional_factor": 1.769048349610049
}