{
    "structural_factor": 1.9242687637788474,
    "functional_factor": 1.1968334489956396
}