{
    "structural_factor": 0.40644099213491197,
    "functional_factor": 5.396587118612087
}