{
    "structural_factor": 1.249468058299553,
    "functional_factor": 1.2264223687094808
}