{
    "structural_factor": 1.3573164853081439,
    "functional_factor": 1.2251335398765273
}