{
    "structural_factor": 2.8273202480401105,
    "functional_factor": 1.220659397384184
}