{
    "structural_factor": 1.551236862550315,
    "functional_factor": 1.003757332813886
}