{
    "structural_factor": 1.15901952758849,
    "functional_factor": 1.4334211454574515
}