{
    "structural_factor": 1.2864788398220113,
    "functional_factor": 2.0614170913003567
}