{
    "structural_factor": 1.3449596200087373,
    "functional_factor": 1.325476568075566
}