{
    "structural_factor": 1.1212418750816218,
    "functional_factor": 5.993428372141392
}