{
    "structural_factor": 3.253333813527349,
    "functional_factor": 1.0036107291010612
}