{
    "structural_factor": 2.6359411926318543,
    "functional_factor": 5.461821562373384
}