{
    "structural_factor": 4.483620508474304,
    "functional_factor": 3.9889290630889565
}