{
    "structural_factor": 1.637774032268719,
    "functional_factor": 2.3715964295285206
}