{
    "structural_factor": 1.5921009783272349,
    "functional_factor": 2.502502078207243
}