{
    "structural_factor": 3.254378444801105,
    "functional_factor": 1.8135982135272093
}