{
    "structural_factor": 4.52666670668562,
    "functional_factor": 1.0798867790365634
}