{
    "structural_factor": 1.5910554939377033,
    "functional_factor": 2.2376339330750583
}