{
    "structural_factor": 2.253356520729687,
    "functional_factor": 6.1759811508672255
}