{
    "structural_factor": 2.9880116272343624,
    "functional_factor": 3.15721224780192
}