{
    "structural_factor": 2.7496780642116443,
    "functional_factor": 0.9999668107247774
}