{
    "structural_factor": 2.5882419786591733,
    "functional_factor": 1.242643202145194
}