{
    "structural_factor": 1.5560354898254716,
    "functional_factor": 1.3245110712422263
}