{
    "structural_factor": 1.0852534675872398,
    "functional_factor": 1.79882099464546
}