{
    "structural_factor": 1.1498447845853745,
    "functional_factor": 1.0000084963644567
}