{
    "structural_factor": 1.0141740924481515,
    "functional_factor": 1.060610853770943
}