{
    "structural_factor": 2.3412487029157982,
    "functional_factor": 1.3405095043939976
}