{
    "structural_factor": 3.7627198603050807,
    "functional_factor": 1.1696379092605618
}