{
    "structural_factor": 3.2495567915947903,
    "functional_factor": 0.9999467257339217
}