{
    "structural_factor": 1.2569849849718413,
    "functional_factor": 3.724183587682944
}