{
    "structural_factor": 1.879165046653421,
    "functional_factor": 2.573517236321266
}