{
    "structural_factor": 1.2075315033202483,
    "functional_factor": 1.0314867040254687
}