{
    "structural_factor": 3.2840905296775893,
    "functional_factor": 1.2589609973498024
}