{
    "structural_factor": 0.35142306575932597,
    "functional_factor": 8.157852053078054
}