{
    "structural_factor": 1.6008370335908328,
    "functional_factor": 2.9027829489246324
}