{
    "structural_factor": 2.475164612645444,
    "functional_factor": 2.018870645915331
}