{
    "structural_factor": 1.655495237528686,
    "functional_factor": 1.6258522722799824
}