{
    "structural_factor": 0.9068010483989081,
    "functional_factor": 5.882726654774252
}