{
    "structural_factor": 1.8236985605380738,
    "functional_factor": 1.139762245280384
}