{
    "structural_factor": 3.0129878127987513,
    "functional_factor": 4.574055165719052
}