{
    "structural_factor": 1.594890314494225,
    "functional_factor": 1.2363684178132122
}