{
    "structural_factor": 1.0018434856479925,
    "functional_factor": 1.0266366283216735
}