{
    "structural_factor": 3.045698662504458,
    "functional_factor": 1.1092249114775814
}