{
    "structural_factor": 3.533145393693811,
    "functional_factor": 2.2102426309707157
}