{
    "structural_factor": 1.5305689379668916,
    "functional_factor": 2.0443542136326758
}