{
    "structural_factor": 1.4560212078272092,
    "functional_factor": 1.6709713147663248
}