{
    "structural_factor": 3.2729913845102785,
    "functional_factor": 1.7023348073290667
}