{
    "structural_factor": 2.044467978922636,
    "functional_factor": 1.4800285779737268
}