{
    "structural_factor": 1.2057678290550722,
    "functional_factor": 1.6554504394682774
}