{
    "structural_factor": 2.8214913294640143,
    "functional_factor": 1.3214295831549259
}