{
    "structural_factor": 3.7467259222751346,
    "functional_factor": 1.7703690918522745
}