{
    "structural_factor": 1.1616445224456178,
    "functional_factor": 4.38931558250844
}