{
    "structural_factor": 1.1498043155779516,
    "functional_factor": 1.000005381876477
}