{
    "structural_factor": 1.0249003301981725,
    "functional_factor": 1.7363808482898508
}