{
    "structural_factor": 2.147156540639063,
    "functional_factor": 4.658394564712468
}