{
    "structural_factor": 3.6804160609437147,
    "functional_factor": 2.4405531837181185
}