{
    "structural_factor": 1.374336689592016,
    "functional_factor": 2.766505398242153
}