{
    "structural_factor": 1.6497985455513322,
    "functional_factor": 0.9999746845990384
}