{
    "structural_factor": 1.664661145487175,
    "functional_factor": 1.028943141232212
}