{
    "structural_factor": 4.257651154648704,
    "functional_factor": 1.0185831679960446
}