{
    "structural_factor": 3.419802624060085,
    "functional_factor": 5.5321814845207244
}