{
    "structural_factor": 1.4832402111989935,
    "functional_factor": 2.183162297282289
}