{
    "structural_factor": 1.0998761615824044,
    "functional_factor": 0.9999717679321194
}