{
    "structural_factor": 2.999245632747524,
    "functional_factor": 1.5279170746978328
}