{
    "structural_factor": 4.169701905591927,
    "functional_factor": 1.8331053923754668
}