{
    "structural_factor": 1.6609226140800701,
    "functional_factor": 1.3410011790238328
}