{
    "structural_factor": 1.3224797898859484,
    "functional_factor": 1.0636510486747772
}