{
    "structural_factor": 4.154904708242047,
    "functional_factor": 2.129247769799654
}