{
    "structural_factor": 3.195038261454911,
    "functional_factor": 3.4813305467304647
}