{
    "structural_factor": 1.713023686742392,
    "functional_factor": 3.3987081245941426
}