{
    "structural_factor": 1.7400527138060125,
    "functional_factor": 1.4428330057216705
}