{
    "structural_factor": 2.4042052413526314,
    "functional_factor": 4.630442463009488
}