{
    "structural_factor": 1.6786377041341607,
    "functional_factor": 4.629807761224714
}