{
    "structural_factor": 4.258171650296928,
    "functional_factor": 4.954333538360124
}