{
    "structural_factor": 0.6358846241203648,
    "functional_factor": 4.214757489681278
}