{
    "structural_factor": 1.5066060885089838,
    "functional_factor": 1.7630432765518542
}