{
    "structural_factor": 1.4226956261745534,
    "functional_factor": 4.55011222159411
}