{
    "structural_factor": 4.066489542229921,
    "functional_factor": 2.947934433393737
}