{
    "structural_factor": 1.0061953687744782,
    "functional_factor": 1.0371246714355131
}