{
    "structural_factor": 1.3199477548294694,
    "functional_factor": 2.81849059887897
}