{
    "structural_factor": 1.845308815941752,
    "functional_factor": 2.245598032348752
}