{
    "structural_factor": 1.0045544974657132,
    "functional_factor": 2.6858266724905158
}