{
    "structural_factor": 1.1335057085943836,
    "functional_factor": 4.738398908724212
}