{
    "structural_factor": 1.2160066561354297,
    "functional_factor": 1.0631581077166061
}