{
    "structural_factor": 1.7641944355201844,
    "functional_factor": 1.2794067922278638
}