{
    "structural_factor": 1.525725389398309,
    "functional_factor": 2.128151499465994
}