{
    "structural_factor": 1.2701168885183185,
    "functional_factor": 10.227556622004904
}