{
    "structural_factor": 4.795234430933345,
    "functional_factor": 1.1772468599209083
}