{
    "structural_factor": 1.10497226255725,
    "functional_factor": 1.015449171396929
}