{
    "structural_factor": 1.0072623486131578,
    "functional_factor": 2.7541345498059333
}