{
    "structural_factor": 0.6880530617871364,
    "functional_factor": 4.4821636756129255
}