{
    "structural_factor": 2.4949011986054743,
    "functional_factor": 3.435695497260086
}