{
    "structural_factor": 2.25306291440373,
    "functional_factor": 1.0039104368569327
}