{
    "structural_factor": 2.9192601669267244,
    "functional_factor": 2.5643760060114196
}