{
    "structural_factor": 2.2637313915993413,
    "functional_factor": 1.0265977927307925
}