{
    "structural_factor": 1.010861077899847,
    "functional_factor": 1.0663999501031347
}