{
    "structural_factor": 1.4042122713652976,
    "functional_factor": 1.712206004005458
}