{
    "structural_factor": 1.9834097239278896,
    "functional_factor": 1.3634851436057385
}