{
    "structural_factor": 3.3209846335482056,
    "functional_factor": 1.548854071070015
}