{
    "structural_factor": 1.0925698536265496,
    "functional_factor": 5.314941849219471
}