{
    "structural_factor": 1.473124001424903,
    "functional_factor": 3.224586065735786
}