{
    "structural_factor": 1.8511970192128668,
    "functional_factor": 1.0031581280275121
}