{
    "structural_factor": 1.8086956168272832,
    "functional_factor": 1.546155576562707
}