{
    "structural_factor": 1.2466652052455733,
    "functional_factor": 1.6704217468156242
}