{
    "structural_factor": 2.011018135545361,
    "functional_factor": 1.1646044391699009
}