{
    "structural_factor": 1.6825437796034357,
    "functional_factor": 1.622652016145298
}