{
    "structural_factor": 5.002085531598954,
    "functional_factor": 0.9994687366465008
}