{
    "structural_factor": 1.0998305386062504,
    "functional_factor": 1.0000247027336646
}