{
    "structural_factor": 1.290469035044263,
    "functional_factor": 1.7976745746789615
}