{
    "structural_factor": 1.2997076460494663,
    "functional_factor": 1.0000174174808985
}