{
    "structural_factor": 1.1909426280801747,
    "functional_factor": 4.524180604918076
}