{
    "structural_factor": 1.7687413347128835,
    "functional_factor": 1.3431159334278735
}