{
    "structural_factor": 2.801229251540651,
    "functional_factor": 1.1895509755858096
}