{
    "structural_factor": 1.460798512847084,
    "functional_factor": 3.2089960841103826
}