{
    "structural_factor": 1.767231659090442,
    "functional_factor": 1.3587848060727306
}