{
    "structural_factor": 4.018366819030093,
    "functional_factor": 1.1095280336072466
}