{
    "structural_factor": 1.861758899703953,
    "functional_factor": 1.6673017375876564
}