{
    "structural_factor": 0.9730910489584391,
    "functional_factor": 1.631841931314076
}