{
    "structural_factor": 1.7671844580600344,
    "functional_factor": 4.598934897676562
}