{
    "structural_factor": 3.9077384252316048,
    "functional_factor": 2.022734088176583
}