{
    "structural_factor": 1.7591819010158274,
    "functional_factor": 1.9546399798094862
}