{
    "structural_factor": 1.100879364571336,
    "functional_factor": 1.0032648027474635
}