{
    "structural_factor": 1.7926479661772197,
    "functional_factor": 2.922147564611134
}