{
    "structural_factor": 1.7686265197382112,
    "functional_factor": 4.38498978469633
}