{
    "structural_factor": 1.7497468660852962,
    "functional_factor": 0.9999893536129448
}