{
    "structural_factor": 1.734581378242223,
    "functional_factor": 2.052742782437037
}