{
    "structural_factor": 1.7384083439454292,
    "functional_factor": 2.9921638441542924
}