{
    "structural_factor": 2.7983437988820237,
    "functional_factor": 1.1136742409234823
}