{
    "structural_factor": 1.1077289070140357,
    "functional_factor": 1.0297609027433217
}