{
    "structural_factor": 1.5087439342394318,
    "functional_factor": 5.537927841708475
}