{
    "structural_factor": 1.4619749357300797,
    "functional_factor": 1.0345365563664188
}