{
    "structural_factor": 4.194168959945096,
    "functional_factor": 2.1374327260310624
}