{
    "structural_factor": 1.3798521582899819,
    "functional_factor": 1.615712140070873
}