{
    "structural_factor": 1.149861471368915,
    "functional_factor": 0.9999710123759662
}