{
    "structural_factor": 1.507815010833869,
    "functional_factor": 2.867523040476394
}