{
    "structural_factor": 1.2040104451540945,
    "functional_factor": 3.670595516062133
}