{
    "structural_factor": 1.3061615204393624,
    "functional_factor": 1.0154835649050926
}