{
    "structural_factor": 1.455502502759264,
    "functional_factor": 1.015073078584086
}