{
    "structural_factor": 0.37155734571095894,
    "functional_factor": 5.2047872519003455
}