{
    "structural_factor": 1.691314903936473,
    "functional_factor": 1.7730162571965766
}