{
    "structural_factor": 1.3333354300994242,
    "functional_factor": 3.4988736193343364
}