{
    "structural_factor": 1.4866059850313647,
    "functional_factor": 2.2446177759127495
}