{
    "structural_factor": 2.746412646526567,
    "functional_factor": 2.630450457230868
}