{
    "structural_factor": 4.459805037683019,
    "functional_factor": 4.452879937118811
}