{
    "structural_factor": 1.0545761497790838,
    "functional_factor": 2.49804370214028
}