{
    "structural_factor": 1.3817108970770848,
    "functional_factor": 2.515548831630787
}