{
    "structural_factor": 1.5927780894163184,
    "functional_factor": 1.9652955891507746
}