{
    "structural_factor": 4.010979710084788,
    "functional_factor": 1.018643254331896
}