{
    "structural_factor": 4.994949014644801,
    "functional_factor": 1.2786632457468614
}