{
    "structural_factor": 3.509575904817637,
    "functional_factor": 1.0153517039060116
}