{
    "structural_factor": 2.575624148617154,
    "functional_factor": 1.3476424452674496
}