{
    "structural_factor": 2.0280613839349435,
    "functional_factor": 2.5523644865947728
}