{
    "structural_factor": 1.551793677906979,
    "functional_factor": 1.0036768697962222
}