{
    "structural_factor": 1.8008821715471457,
    "functional_factor": 1.6823157449115234
}