{
    "structural_factor": 1.155501651330843,
    "functional_factor": 1.7061376957443548
}