{
    "structural_factor": 1.7856631043037758,
    "functional_factor": 2.6924441574678912
}