{
    "structural_factor": 1.3723197146862145,
    "functional_factor": 1.963524316445488
}