{
    "structural_factor": 1.0531692873750504,
    "functional_factor": 1.1413040069878344
}