{
    "structural_factor": 3.251407822078523,
    "functional_factor": 1.9374161893559116
}