{
    "structural_factor": 3.050340110950103,
    "functional_factor": 1.1127220221094691
}