{
    "structural_factor": 0.7740180531970089,
    "functional_factor": 4.4926706539938435
}