{
    "structural_factor": 1.7570415955222958,
    "functional_factor": 3.0127357319863397
}