{
    "structural_factor": 2.699598605930013,
    "functional_factor": 2.02410497022537
}