{
    "structural_factor": 1.6567692251714454,
    "functional_factor": 1.0300448474896062
}