{
    "structural_factor": 1.014483809769786,
    "functional_factor": 1.3234861025281015
}