{
    "structural_factor": 1.6369284159557604,
    "functional_factor": 2.0580120129994564
}