{
    "structural_factor": 1.881305464934421,
    "functional_factor": 1.3200353307523867
}