{
    "structural_factor": 1.6081698698314988,
    "functional_factor": 1.675663519214468
}