{
    "structural_factor": 1.0555647098850884,
    "functional_factor": 2.2153211290957926
}