{
    "structural_factor": 1.1498340259011977,
    "functional_factor": 1.0000072302369964
}