{
    "structural_factor": 3.7681536913717153,
    "functional_factor": 5.8877888522709485
}