{
    "structural_factor": 1.6996706514265179,
    "functional_factor": 1.000004895298539
}