{
    "structural_factor": 1.8170803559657356,
    "functional_factor": 1.852013006494587
}