{
    "structural_factor": 1.3671438451428253,
    "functional_factor": 1.5347027402386038
}