{
    "structural_factor": 1.2511545559829167,
    "functional_factor": 1.0038331340965332
}