{
    "structural_factor": 2.749663249072009,
    "functional_factor": 0.9999833236384658
}