{
    "structural_factor": 3.335023230763558,
    "functional_factor": 5.8979410497237525
}