{
    "structural_factor": 1.8246972109685993,
    "functional_factor": 1.517887376645567
}