{
    "structural_factor": 1.6713085682411084,
    "functional_factor": 1.2225146512381484
}