{
    "structural_factor": 2.4498149683305734,
    "functional_factor": 2.5549244426655795
}