{
    "structural_factor": 3.8567908431754376,
    "functional_factor": 3.410504713581189
}