{
    "structural_factor": 1.852257312621086,
    "functional_factor": 1.003833721937836
}