{
    "structural_factor": 2.0779736113235527,
    "functional_factor": 5.689394215269662
}