{
    "structural_factor": 1.4339270033202132,
    "functional_factor": 1.5052887969597066
}