{
    "structural_factor": 1.9904868284315662,
    "functional_factor": 2.756701411613101
}