{
    "structural_factor": 1.8900048368821607,
    "functional_factor": 1.440132685694352
}