{
    "structural_factor": 0.9700474139929027,
    "functional_factor": 10.14767157179345
}