{
    "structural_factor": 1.075354076627972,
    "functional_factor": 1.1692711129203375
}