{
    "structural_factor": 2.879000450685931,
    "functional_factor": 1.7873808000450486
}