{
    "structural_factor": 1.2207042333236555,
    "functional_factor": 1.6887393386255
}