{
    "structural_factor": 1.9486064997450891,
    "functional_factor": 1.6930740751615614
}