{
    "structural_factor": 4.250209278731439,
    "functional_factor": 0.9997531282023576
}