{
    "structural_factor": 1.436377151390191,
    "functional_factor": 1.1056328638274173
}