{
    "structural_factor": 3.7982549321649115,
    "functional_factor": 1.3926621145142513
}