{
    "structural_factor": 1.55351845264218,
    "functional_factor": 1.6542975057119125
}