{
    "structural_factor": 1.549803298665648,
    "functional_factor": 0.9999688679671325
}