{
    "structural_factor": 3.274581365539347,
    "functional_factor": 1.0426805399718775
}