{
    "structural_factor": 1.1949970570583384,
    "functional_factor": 1.6694972329712787
}