{
    "structural_factor": 1.4509930105597222,
    "functional_factor": 1.3021235924709134
}