{
    "structural_factor": 2.557777298632607,
    "functional_factor": 1.7177106187653848
}