{
    "structural_factor": 0.5857562168427424,
    "functional_factor": 4.547661651039752
}