{
    "structural_factor": 1.193614238362022,
    "functional_factor": 4.61602458335402
}