{
    "structural_factor": 1.0190958852684806,
    "functional_factor": 1.1030570263112973
}