{
    "structural_factor": 4.753600925375358,
    "functional_factor": 1.0045474062260096
}