{
    "structural_factor": 4.525574342536828,
    "functional_factor": 1.08174071190671
}