{
    "structural_factor": 2.282832895605054,
    "functional_factor": 1.5875375598527814
}