{
    "structural_factor": 1.40494194467287,
    "functional_factor": 1.0131303313728892
}