{
    "structural_factor": 1.7127309601194765,
    "functional_factor": 1.3423755377702147
}