{
    "structural_factor": 1.2344050342801474,
    "functional_factor": 1.6902508095646906
}