{
    "structural_factor": 1.5803836415651191,
    "functional_factor": 5.632792856083631
}