{
    "structural_factor": 1.1944662778356723,
    "functional_factor": 1.9902410616211872
}