{
    "structural_factor": 0.5730334886530338,
    "functional_factor": 5.664247774211878
}