{
    "structural_factor": 1.804175812216604,
    "functional_factor": 2.0541561473743446
}