{
    "structural_factor": 1.7999614893272815,
    "functional_factor": 1.1296340379145728
}