{
    "structural_factor": 1.050936942177429,
    "functional_factor": 3.7647309967858176
}