{
    "structural_factor": 1.1892190870478585,
    "functional_factor": 2.570215942345441
}