{
    "structural_factor": 1.3184366827415963,
    "functional_factor": 7.102782327048835
}