{
    "structural_factor": 1.2736857863277538,
    "functional_factor": 5.937124833595779
}