{
    "structural_factor": 3.7385529327091445,
    "functional_factor": 2.624344982112506
}