{
    "structural_factor": 1.082452019129353,
    "functional_factor": 2.0364172849148825
}