{
    "structural_factor": 1.189154243556828,
    "functional_factor": 1.9707899625468308
}