{
    "structural_factor": 1.5894121471740446,
    "functional_factor": 2.7603199855759204
}