{
    "structural_factor": 1.5254355184334767,
    "functional_factor": 1.50189326447547
}