{
    "structural_factor": 4.268551388476327,
    "functional_factor": 1.0468075682929698
}