{
    "structural_factor": 1.1056599315405407,
    "functional_factor": 2.6043732048970987
}