{
    "structural_factor": 1.6602882998090704,
    "functional_factor": 3.806495557022176
}