{
    "structural_factor": 2.9536548296561556,
    "functional_factor": 3.2026276117079213
}