{
    "structural_factor": 1.8456138520356962,
    "functional_factor": 1.9612547589337415
}