{
    "structural_factor": 2.634938599549523,
    "functional_factor": 2.0099965527939516
}