{
    "structural_factor": 1.2790844991295194,
    "functional_factor": 1.0989727008212828
}