{
    "structural_factor": 1.5048759049716705,
    "functional_factor": 1.0290758976465988
}