{
    "structural_factor": 4.484673810095624,
    "functional_factor": 2.2777133221055004
}