{
    "structural_factor": 1.973122940329154,
    "functional_factor": 1.2429312769559917
}