{
    "structural_factor": 0.454232867980459,
    "functional_factor": 6.108164210844194
}