{
    "structural_factor": 0.2659426928101942,
    "functional_factor": 6.79320458941008
}