{
    "structural_factor": 1.801928538655384,
    "functional_factor": 1.0035032151104293
}