{
    "structural_factor": 1.6248505455377096,
    "functional_factor": 1.0632498063000282
}