{
    "structural_factor": 1.1963063639944647,
    "functional_factor": 1.888256647022238
}