{
    "structural_factor": 1.730116535367889,
    "functional_factor": 2.3788688069128527
}