{
    "structural_factor": 2.038307861451523,
    "functional_factor": 3.072344565454709
}