{
    "structural_factor": 1.6448430727137493,
    "functional_factor": 3.3788465479439154
}