{
    "structural_factor": 4.914543290128755,
    "functional_factor": 1.968691960395781
}