{
    "structural_factor": 1.2434659037809597,
    "functional_factor": 1.8150672374413053
}