{
    "structural_factor": 4.085844298289807,
    "functional_factor": 2.0195379154492894
}