{
    "structural_factor": 4.266425023550706,
    "functional_factor": 1.0387958845224472
}