{
    "structural_factor": 1.692111536889346,
    "functional_factor": 4.8571064048134405
}