{
    "structural_factor": 1.0362236475358595,
    "functional_factor": 10.345967232104977
}