{
    "structural_factor": 2.0775040139451506,
    "functional_factor": 1.2043722195377493
}