{
    "structural_factor": 2.5655913838603523,
    "functional_factor": 1.2614004343412977
}