{
    "structural_factor": 1.3491228810513531,
    "functional_factor": 1.2017111580678213
}