{
    "structural_factor": 1.4686902007283749,
    "functional_factor": 5.527020644141549
}