{
    "structural_factor": 1.4677047896867026,
    "functional_factor": 1.1141898656226656
}