{
    "structural_factor": 2.001624764283378,
    "functional_factor": 1.1319069759866722
}