{
    "structural_factor": 2.249766796387267,
    "functional_factor": 0.9999811625017496
}