{
    "structural_factor": 3.5480708331913986,
    "functional_factor": 1.1273990951917552
}