{
    "structural_factor": 1.522287130671105,
    "functional_factor": 1.4362385989796014
}