{
    "structural_factor": 1.8370973151560304,
    "functional_factor": 1.451571180040658
}