{
    "structural_factor": 3.194350201727724,
    "functional_factor": 2.435616211115016
}