{
    "structural_factor": 4.501118241364794,
    "functional_factor": 0.9995982145485292
}