{
    "structural_factor": 3.4469283422959935,
    "functional_factor": 3.0304794684652148
}