{
    "structural_factor": 1.2415579124639196,
    "functional_factor": 1.2819783095090336
}