{
    "structural_factor": 1.5314649006540901,
    "functional_factor": 1.0842234636404595
}