{
    "structural_factor": 1.2600627496649526,
    "functional_factor": 1.0291619251222597
}