{
    "structural_factor": 4.433942528268814,
    "functional_factor": 1.9677700874452602
}