{
    "structural_factor": 0.9430920035821106,
    "functional_factor": 1.9760929188303933
}