{
    "structural_factor": 1.1998015849038899,
    "functional_factor": 1.0000039912614873
}