{
    "structural_factor": 1.3106495177230484,
    "functional_factor": 1.927083688908187
}