{
    "structural_factor": 3.5683005146115403,
    "functional_factor": 1.2540867469625927
}