{
    "structural_factor": 3.3570701194350283,
    "functional_factor": 2.951425351969367
}