{
    "structural_factor": 1.3608472832703684,
    "functional_factor": 3.696529335778878
}