{
    "structural_factor": 1.7629806179601395,
    "functional_factor": 1.6792306283727632
}