{
    "structural_factor": 1.2003665321824213,
    "functional_factor": 1.0030967130304862
}