{
    "structural_factor": 3.54230761451703,
    "functional_factor": 1.1172243382381968
}