{
    "structural_factor": 1.766713856014744,
    "functional_factor": 3.2250221911055243
}