{
    "structural_factor": 4.013652956316211,
    "functional_factor": 2.1168080315795286
}