{
    "structural_factor": 1.3643673905851739,
    "functional_factor": 1.3076640978739755
}