{
    "structural_factor": 1.0844936205671913,
    "functional_factor": 3.6142520202716613
}