{
    "structural_factor": 3.4872335617851027,
    "functional_factor": 1.0748098100423962
}