{
    "structural_factor": 1.4824223279288935,
    "functional_factor": 1.5032671414576855
}