{
    "structural_factor": 0.9445014695664842,
    "functional_factor": 2.1202806770612286
}