{
    "structural_factor": 1.063692622973184,
    "functional_factor": 1.0630985133514053
}