{
    "structural_factor": 2.3407482616542654,
    "functional_factor": 1.4943958074439825
}