{
    "structural_factor": 1.1482162981312385,
    "functional_factor": 5.988349571103532
}