{
    "structural_factor": 1.9212044904662648,
    "functional_factor": 2.0513591612722943
}