{
    "structural_factor": 2.5343672112389086,
    "functional_factor": 5.490366773443328
}