{
    "structural_factor": 1.6699863772112207,
    "functional_factor": 1.6225597218587136
}