{
    "structural_factor": 3.4839553997572823,
    "functional_factor": 3.4315271366639304
}