{
    "structural_factor": 0.852763634101508,
    "functional_factor": 5.741779494335991
}