{
    "structural_factor": 1.5226104471725834,
    "functional_factor": 1.0560412674622381
}