{
    "structural_factor": 1.8951207093229787,
    "functional_factor": 1.9596628580935178
}