{
    "structural_factor": 4.5532531622693355,
    "functional_factor": 1.262695277713167
}