{
    "structural_factor": 3.0207770414953266,
    "functional_factor": 1.0388798002610877
}