{
    "structural_factor": 1.0498380009841677,
    "functional_factor": 1.0000036335034093
}