{
    "structural_factor": 2.3048026135026736,
    "functional_factor": 1.2503169994146057
}