{
    "structural_factor": 1.0728557359866617,
    "functional_factor": 1.2409851689248208
}