{
    "structural_factor": 1.0627012921980663,
    "functional_factor": 1.3225025730715594
}