{
    "structural_factor": 3.3850975676193933,
    "functional_factor": 2.903477546615207
}