{
    "structural_factor": 2.107631708800321,
    "functional_factor": 2.486292221119181
}