{
    "structural_factor": 1.2643753829861772,
    "functional_factor": 1.4321463419520737
}