{
    "structural_factor": 4.055354941073197,
    "functional_factor": 1.2593176730607172
}