{
    "structural_factor": 2.646706462449886,
    "functional_factor": 3.499907016613978
}