{
    "structural_factor": 1.9641096430444447,
    "functional_factor": 1.6401951348726005
}