{
    "structural_factor": 1.148564576583081,
    "functional_factor": 5.905844809704172
}