{
    "structural_factor": 3.786352889106817,
    "functional_factor": 3.2734223537777756
}