{
    "structural_factor": 1.49593722919661,
    "functional_factor": 2.0025506094835923
}