{
    "structural_factor": 1.0059994459178367,
    "functional_factor": 1.0338752045934028
}