{
    "structural_factor": 1.0722735890289177,
    "functional_factor": 5.990311117987856
}