{
    "structural_factor": 1.529618752565924,
    "functional_factor": 2.361711002398694
}