{
    "structural_factor": 0.5068333875646462,
    "functional_factor": 4.560400701684939
}