{
    "structural_factor": 0.9889563521976545,
    "functional_factor": 2.13065245306162
}