{
    "structural_factor": 2.7925215062097295,
    "functional_factor": 1.0630030518781435
}