{
    "structural_factor": 1.1152546457224486,
    "functional_factor": 3.0572029113012094
}