{
    "structural_factor": 1.8436979106823281,
    "functional_factor": 3.5681573207719843
}