{
    "structural_factor": 1.2191104280649643,
    "functional_factor": 1.0589646278656704
}