{
    "structural_factor": 1.24773323989013,
    "functional_factor": 2.446541815162444
}