{
    "structural_factor": 1.52660246120004,
    "functional_factor": 2.7454101852631805
}