{
    "structural_factor": 2.7239202906945166,
    "functional_factor": 2.2572572124504977
}