{
    "structural_factor": 1.544410725454279,
    "functional_factor": 4.391051016874863
}