{
    "structural_factor": 3.958071840390821,
    "functional_factor": 1.824492931679679
}