{
    "structural_factor": 2.2496703316418274,
    "functional_factor": 0.999986493910946
}