{
    "structural_factor": 2.2689149720564825,
    "functional_factor": 2.6200979927331853
}