{
    "structural_factor": 2.591791172429739,
    "functional_factor": 1.182333000345783
}