{
    "structural_factor": 1.0503003240844115,
    "functional_factor": 1.0037424822753784
}