{
    "structural_factor": 1.3275886996945345,
    "functional_factor": 2.569094389302059
}