{
    "structural_factor": 2.2495656744181938,
    "functional_factor": 1.0000068983507415
}