{
    "structural_factor": 3.9558133161041455,
    "functional_factor": 3.758073347056583
}