{
    "structural_factor": 1.15419179311063,
    "functional_factor": 3.1192990956907316
}