{
    "structural_factor": 4.7455056001034945,
    "functional_factor": 2.11048049188859
}