{
    "structural_factor": 1.2355724406896156,
    "functional_factor": 4.52681130066871
}