{
    "structural_factor": 1.61956459160031,
    "functional_factor": 1.2218717945451638
}