{
    "structural_factor": 4.893886438113825,
    "functional_factor": 1.581952922995019
}