{
    "structural_factor": 1.2488950672804353,
    "functional_factor": 1.8395714102733682
}