{
    "structural_factor": 1.6344214837618174,
    "functional_factor": 3.5495110187826833
}