{
    "structural_factor": 4.50080976084377,
    "functional_factor": 0.999667327556093
}