{
    "structural_factor": 1.1650209587932574,
    "functional_factor": 1.5436120040597678
}