{
    "structural_factor": 1.8069778206374147,
    "functional_factor": 1.014893352178588
}