{
    "structural_factor": 1.359912187520419,
    "functional_factor": 1.2628034692234813
}