{
    "structural_factor": 1.233639098473514,
    "functional_factor": 3.2253889625275107
}