{
    "structural_factor": 1.6173754174947328,
    "functional_factor": 10.229462810227878
}