{
    "structural_factor": 1.078205025554503,
    "functional_factor": 3.233951538593443
}