{
    "structural_factor": 1.4601869845596125,
    "functional_factor": 2.8838355668550117
}