{
    "structural_factor": 4.530669794785337,
    "functional_factor": 1.7609782207851041
}