{
    "structural_factor": 1.393985476484067,
    "functional_factor": 2.179433194072697
}