{
    "structural_factor": 1.3816713889933274,
    "functional_factor": 2.127755483244981
}