{
    "structural_factor": 1.2546511966684208,
    "functional_factor": 1.2620683492385256
}