{
    "structural_factor": 0.9953473471386369,
    "functional_factor": 5.877486040302113
}