{
    "structural_factor": 1.2557076916460368,
    "functional_factor": 2.5717956423292376
}