{
    "structural_factor": 3.1042415009416833,
    "functional_factor": 2.3306214898779145
}