{
    "structural_factor": 1.683366825212206,
    "functional_factor": 6.003180907314409
}