{
    "structural_factor": 1.2846565404256556,
    "functional_factor": 1.197903850110669
}