{
    "structural_factor": 4.503723729852631,
    "functional_factor": 3.432126766764241
}