{
    "structural_factor": 1.5804402727078573,
    "functional_factor": 1.886716379088553
}