{
    "structural_factor": 1.4555978981005322,
    "functional_factor": 1.0143331722060505
}