{
    "structural_factor": 1.1009258806241342,
    "functional_factor": 1.0038966657635564
}