{
    "structural_factor": 4.884454849606511,
    "functional_factor": 2.1039161507767763
}