{
    "structural_factor": 4.77670547864761,
    "functional_factor": 1.3302859164412353
}