{
    "structural_factor": 4.500447039009483,
    "functional_factor": 0.999705611520491
}