{
    "structural_factor": 1.6278947802924473,
    "functional_factor": 1.63085949833236
}