{
    "structural_factor": 1.6318193311245583,
    "functional_factor": 2.606013155738553
}