{
    "structural_factor": 3.0199238572852796,
    "functional_factor": 2.2257675826489685
}