{
    "structural_factor": 1.9270892745937986,
    "functional_factor": 2.4021288910896645
}