{
    "structural_factor": 1.202038380413682,
    "functional_factor": 1.3563692701339454
}