{
    "structural_factor": 4.213195234584783,
    "functional_factor": 1.7595298482429564
}