{
    "structural_factor": 0.9705150061475624,
    "functional_factor": 2.4916439675671076
}