{
    "structural_factor": 1.990316328978134,
    "functional_factor": 1.0874235114342456
}