{
    "structural_factor": 1.4533109338976522,
    "functional_factor": 1.65984146690408
}