{
    "structural_factor": 1.2182731839245,
    "functional_factor": 3.267244867795273
}