{
    "structural_factor": 3.082218030405916,
    "functional_factor": 1.2437911426180102
}