{
    "structural_factor": 1.0099627022642832,
    "functional_factor": 3.3859974840118823
}