{
    "structural_factor": 1.151455581626262,
    "functional_factor": 1.030168164831315
}