{
    "structural_factor": 1.3345100838362907,
    "functional_factor": 3.7010439506233186
}