{
    "structural_factor": 1.1312865368960725,
    "functional_factor": 3.1988969725264482
}