{
    "structural_factor": 2.0285720471246784,
    "functional_factor": 3.963910662222427
}