{
    "structural_factor": 1.5997716700719502,
    "functional_factor": 1.000001328852822
}