{
    "structural_factor": 4.928330067739155,
    "functional_factor": 1.9487805364847817
}