{
    "structural_factor": 1.548068013088443,
    "functional_factor": 3.5505567040625343
}