{
    "structural_factor": 1.2933437047448084,
    "functional_factor": 2.3699278007526456
}