{
    "structural_factor": 1.2821393714343354,
    "functional_factor": 5.908607452048041
}