{
    "structural_factor": 2.799161082884107,
    "functional_factor": 1.121014736273877
}