{
    "structural_factor": 1.6773920241235332,
    "functional_factor": 1.4810459276443482
}