{
    "structural_factor": 1.065062204074216,
    "functional_factor": 4.5342776058336804
}