{
    "structural_factor": 1.591982957599346,
    "functional_factor": 1.104242648193429
}