{
    "structural_factor": 3.5025407537532285,
    "functional_factor": 1.0044656563933407
}