{
    "structural_factor": 3.5031932425517156,
    "functional_factor": 1.00439850211774
}