{
    "structural_factor": 1.544218474952796,
    "functional_factor": 1.1661117329488764
}