{
    "structural_factor": 3.290570758402981,
    "functional_factor": 1.0674284228785733
}