{
    "structural_factor": 1.4537678396176699,
    "functional_factor": 2.73869075826811
}