{
    "structural_factor": 4.7656389945349735,
    "functional_factor": 1.2889451772425962
}