{
    "structural_factor": 1.4150163797849984,
    "functional_factor": 2.343530240928382
}