{
    "structural_factor": 4.036331577512062,
    "functional_factor": 1.701301977457184
}