{
    "structural_factor": 2.2693328590759347,
    "functional_factor": 1.035830610160022
}