{
    "structural_factor": 3.016852193316711,
    "functional_factor": 1.9289860277922306
}