{
    "structural_factor": 4.411629719025,
    "functional_factor": 1.835399938936601
}