{
    "structural_factor": 3.4768590564349773,
    "functional_factor": 1.7511717053697882
}