{
    "structural_factor": 1.5265053631825964,
    "functional_factor": 13.483598355709153
}