{
    "structural_factor": 1.0380353944057754,
    "functional_factor": 2.1298215374007943
}