{
    "structural_factor": 1.7218301565456495,
    "functional_factor": 1.8488191008300063
}