{
    "structural_factor": 4.252673350583141,
    "functional_factor": 1.0045379123284632
}