{
    "structural_factor": 1.8014569979021444,
    "functional_factor": 1.0039632648662158
}