{
    "structural_factor": 1.905039471832985,
    "functional_factor": 1.844949679937631
}