{
    "structural_factor": 4.40775228083769,
    "functional_factor": 4.494695324104028
}