{
    "structural_factor": 1.2781963511931493,
    "functional_factor": 1.967876918634164
}