{
    "structural_factor": 1.0567912262593175,
    "functional_factor": 1.0303047529208187
}