{
    "structural_factor": 3.142576848400137,
    "functional_factor": 1.5992731647564151
}