{
    "structural_factor": 1.0873468739909042,
    "functional_factor": 2.053042402526662
}