{
    "structural_factor": 1.3094975974849443,
    "functional_factor": 1.810180758986124
}