{
    "structural_factor": 3.2283304082173725,
    "functional_factor": 1.7571727183652168
}