{
    "structural_factor": 0.6817962821888117,
    "functional_factor": 6.180105136039656
}