{
    "structural_factor": 1.5817698133527425,
    "functional_factor": 1.1135179738018066
}