{
    "structural_factor": 4.7718203667321095,
    "functional_factor": 1.079684326360744
}