{
    "structural_factor": 2.0055010684385475,
    "functional_factor": 1.100553619021245
}