{
    "structural_factor": 3.5177657821506814,
    "functional_factor": 1.036365900128748
}