{
    "structural_factor": 1.1074121283368696,
    "functional_factor": 1.0336629073972503
}