{
    "structural_factor": 1.4019293328349218,
    "functional_factor": 5.788038753347334
}