{
    "structural_factor": 1.487018319430326,
    "functional_factor": 1.1305971968802193
}