{
    "structural_factor": 2.5711246865675195,
    "functional_factor": 1.2964548644936738
}