{
    "structural_factor": 2.6566595106846007,
    "functional_factor": 2.920903112679277
}