{
    "structural_factor": 4.697893367173732,
    "functional_factor": 1.7752606014551424
}