{
    "structural_factor": 4.760368592127269,
    "functional_factor": 1.0182841794580866
}