{
    "structural_factor": 1.7511984174282802,
    "functional_factor": 1.0031336673710478
}