{
    "structural_factor": 2.048758576129684,
    "functional_factor": 1.697257675957775
}