{
    "structural_factor": 1.6083035547829143,
    "functional_factor": 1.823862790518762
}