{
    "structural_factor": 1.301289289031222,
    "functional_factor": 1.003701943565868
}