{
    "structural_factor": 1.0027982959760462,
    "functional_factor": 3.741207273890276
}