{
    "structural_factor": 1.4217425744848406,
    "functional_factor": 1.060843226757132
}