{
    "structural_factor": 1.0071595167401575,
    "functional_factor": 2.5755379844691952
}