{
    "structural_factor": 3.0863442292538097,
    "functional_factor": 3.234977193120582
}