{
    "structural_factor": 1.097927299004877,
    "functional_factor": 1.4763260729529002
}