{
    "structural_factor": 2.3384676942537928,
    "functional_factor": 1.2337604040295835
}