{
    "structural_factor": 4.285202353533841,
    "functional_factor": 1.7032360476938755
}