{
    "structural_factor": 2.783455062154117,
    "functional_factor": 3.7736535000453197
}