{
    "structural_factor": 1.4779592789492162,
    "functional_factor": 2.5448057312365537
}