{
    "structural_factor": 2.032197135681113,
    "functional_factor": 1.2125018426537453
}