{
    "structural_factor": 1.8408504017308482,
    "functional_factor": 2.8905974811122763
}