{
    "structural_factor": 2.5347216205571734,
    "functional_factor": 1.6801443051401468
}