{
    "structural_factor": 1.4568241021373338,
    "functional_factor": 1.1936782624391273
}