{
    "structural_factor": 1.6497392745468422,
    "functional_factor": 1.0000007109310691
}