{
    "structural_factor": 1.5162047501127793,
    "functional_factor": 1.4881063839612496
}