{
    "structural_factor": 0.5228883541313514,
    "functional_factor": 5.811257997759078
}