{
    "structural_factor": 1.052876923455015,
    "functional_factor": 1.0150178501235085
}