{
    "structural_factor": 1.307296570696365,
    "functional_factor": 1.61835213102045
}