{
    "structural_factor": 1.4052166635659882,
    "functional_factor": 1.728067170625241
}