{
    "structural_factor": 4.358962334032281,
    "functional_factor": 1.372346759285443
}