{
    "structural_factor": 1.4951245589370645,
    "functional_factor": 1.7311911327425669
}