{
    "structural_factor": 1.1302838556964854,
    "functional_factor": 1.1461321274879444
}