{
    "structural_factor": 0.3490641731440046,
    "functional_factor": 6.7457907010400895
}