{
    "structural_factor": 1.0521698429883029,
    "functional_factor": 1.0265069294263078
}