{
    "structural_factor": 0.9707315066615372,
    "functional_factor": 3.752083147154932
}