{
    "structural_factor": 2.0322809194516087,
    "functional_factor": 1.2728622341756681
}