{
    "structural_factor": 1.0208262952623686,
    "functional_factor": 1.1079431307253127
}