{
    "structural_factor": 1.4013050689780484,
    "functional_factor": 1.0038034083507916
}