{
    "structural_factor": 1.7893034822393605,
    "functional_factor": 3.398306909280748
}