{
    "structural_factor": 2.8396937779786273,
    "functional_factor": 1.1881549473418294
}