{
    "structural_factor": 1.5459688105569465,
    "functional_factor": 1.6985211811843322
}