{
    "structural_factor": 1.8997201064463245,
    "functional_factor": 0.9999976492710276
}