{
    "structural_factor": 3.447651266442527,
    "functional_factor": 3.5866699982660717
}