{
    "structural_factor": 2.2578511627624076,
    "functional_factor": 2.003459336880547
}