{
    "structural_factor": 1.63266230807582,
    "functional_factor": 1.7977409909555064
}