{
    "structural_factor": 3.3646932984339633,
    "functional_factor": 4.502933300633761
}