{
    "structural_factor": 1.127390206623724,
    "functional_factor": 1.1320231198817987
}