{
    "structural_factor": 1.5207462043608586,
    "functional_factor": 4.540999490062889
}