{
    "structural_factor": 3.287782995684416,
    "functional_factor": 1.0659311601331647
}