{
    "structural_factor": 1.4800820461374655,
    "functional_factor": 1.0843133864216583
}