{
    "structural_factor": 3.235616893364318,
    "functional_factor": 1.4920226247450101
}