{
    "structural_factor": 4.827630216033362,
    "functional_factor": 3.418126706092109
}