{
    "structural_factor": 1.0470468002210591,
    "functional_factor": 2.7514957225635905
}