{
    "structural_factor": 1.093459863635545,
    "functional_factor": 6.003154534254589
}