{
    "structural_factor": 1.05586373530354,
    "functional_factor": 1.1170319442959717
}