{
    "structural_factor": 1.0060487678646184,
    "functional_factor": 5.386093897123974
}