{
    "structural_factor": 1.2974311106160887,
    "functional_factor": 1.2370954829229077
}