{
    "structural_factor": 1.6804532105666483,
    "functional_factor": 1.1631891361514677
}