{
    "structural_factor": 1.4958995529430994,
    "functional_factor": 1.6536432799128775
}