{
    "structural_factor": 2.8977293027251907,
    "functional_factor": 2.9474949251727116
}