{
    "structural_factor": 4.182103073913996,
    "functional_factor": 3.424361501598356
}