{
    "structural_factor": 4.039837329226476,
    "functional_factor": 1.1210177243010697
}