{
    "structural_factor": 2.587743068190242,
    "functional_factor": 2.1831686304364095
}