{
    "structural_factor": 2.2910430145103473,
    "functional_factor": 1.7064602832743303
}