{
    "structural_factor": 4.042511862516197,
    "functional_factor": 1.1299602051305746
}