{
    "structural_factor": 3.538093915823453,
    "functional_factor": 1.1315310482382521
}