{
    "structural_factor": 2.786397118132667,
    "functional_factor": 1.0638685273941733
}