{
    "structural_factor": 1.2562068860162134,
    "functional_factor": 1.3522947467195618
}