{
    "structural_factor": 1.1320394305863142,
    "functional_factor": 1.5019583620596713
}