{
    "structural_factor": 1.3383341111845792,
    "functional_factor": 3.564367477640173
}