{
    "structural_factor": 1.9117870824443746,
    "functional_factor": 1.5475455517348677
}