{
    "structural_factor": 0.6887991013182873,
    "functional_factor": 5.850320722012048
}