{
    "structural_factor": 2.2611597125877076,
    "functional_factor": 1.721450379586833
}