{
    "structural_factor": 3.8176061993501555,
    "functional_factor": 2.2594596060859593
}