{
    "structural_factor": 2.4996068110741287,
    "functional_factor": 0.9999916366944158
}