{
    "structural_factor": 1.2349406765067148,
    "functional_factor": 2.566096811729387
}