{
    "structural_factor": 2.9996390282089473,
    "functional_factor": 0.9999519554184655
}