{
    "structural_factor": 1.383772180540956,
    "functional_factor": 4.136625417473327
}