{
    "structural_factor": 1.8922218966186002,
    "functional_factor": 2.1382802330242763
}