{
    "structural_factor": 1.3760665819082039,
    "functional_factor": 1.0846484049059377
}