{
    "structural_factor": 2.8084009204733538,
    "functional_factor": 1.211166739700373
}