{
    "structural_factor": 1.830222335036259,
    "functional_factor": 1.0627182185750041
}