{
    "structural_factor": 3.2021850004000583,
    "functional_factor": 3.419092926617083
}