{
    "structural_factor": 1.4243692287514718,
    "functional_factor": 1.058802788337423
}