{
    "structural_factor": 2.054352483789544,
    "functional_factor": 3.2058553730312607
}