{
    "structural_factor": 1.1951120385274605,
    "functional_factor": 1.315711374256984
}