{
    "structural_factor": 3.0112738155300995,
    "functional_factor": 1.0165888181542366
}