{
    "structural_factor": 1.5497548343633505,
    "functional_factor": 1.0000145257429254
}