{
    "structural_factor": 1.6936895868237398,
    "functional_factor": 1.105882229089396
}