{
    "structural_factor": 1.988398055757733,
    "functional_factor": 1.4440604346866295
}