{
    "structural_factor": 0.973903830573211,
    "functional_factor": 2.9664270308087257
}