{
    "structural_factor": 4.251369943614412,
    "functional_factor": 3.149888089011214
}