{
    "structural_factor": 1.3468831706206696,
    "functional_factor": 1.4112778064452753
}