{
    "structural_factor": 1.4543276896752848,
    "functional_factor": 6.146905947365511
}