{
    "structural_factor": 1.1947320093097389,
    "functional_factor": 3.2109919763771817
}