{
    "structural_factor": 1.2290177991815359,
    "functional_factor": 2.825716360499877
}