{
    "structural_factor": 1.6176194477024104,
    "functional_factor": 1.309671114808809
}