{
    "structural_factor": 1.101629023135534,
    "functional_factor": 4.479580416029916
}