{
    "structural_factor": 1.3153971597747047,
    "functional_factor": 1.7481815301507229
}