{
    "structural_factor": 4.549281567276806,
    "functional_factor": 1.2127255753563437
}