{
    "structural_factor": 1.2291858651371244,
    "functional_factor": 1.1053651341538324
}