{
    "structural_factor": 1.037925345057601,
    "functional_factor": 1.2301051697737782
}