{
    "structural_factor": 1.42356733101454,
    "functional_factor": 4.123506229618319
}