{
    "structural_factor": 4.2645630475548515,
    "functional_factor": 1.1122192225192453
}