{
    "structural_factor": 1.156227383145303,
    "functional_factor": 2.4511945165402835
}