{
    "structural_factor": 0.9529005691693002,
    "functional_factor": 1.8893003208957915
}