{
    "structural_factor": 2.817936648561392,
    "functional_factor": 1.1571878539318743
}