{
    "structural_factor": 2.6850946272747103,
    "functional_factor": 3.043283365624901
}