{
    "structural_factor": 1.0768745574887584,
    "functional_factor": 2.173396942584516
}