{
    "structural_factor": 3.04844587505433,
    "functional_factor": 1.2219866412949592
}