{
    "structural_factor": 1.0987182123286128,
    "functional_factor": 5.4826124451109495
}