{
    "structural_factor": 1.1039389693522794,
    "functional_factor": 2.229245070229218
}