{
    "structural_factor": 4.724254216018837,
    "functional_factor": 2.8196978484538584
}