{
    "structural_factor": 1.649784700936749,
    "functional_factor": 1.1442370930920531
}