{
    "structural_factor": 1.5033634890670486,
    "functional_factor": 5.9597972416130425
}