{
    "structural_factor": 1.0353892106369031,
    "functional_factor": 1.6315226934274114
}