{
    "structural_factor": 2.2281501086031645,
    "functional_factor": 1.4587499653611982
}