{
    "structural_factor": 4.18084176178547,
    "functional_factor": 1.838384460407282
}