{
    "structural_factor": 1.1771488480055332,
    "functional_factor": 2.135464732961378
}