{
    "structural_factor": 3.7528163587142993,
    "functional_factor": 1.0044584764301157
}