{
    "structural_factor": 1.7311429323465073,
    "functional_factor": 1.6853416816339746
}