{
    "structural_factor": 5.004926528929198,
    "functional_factor": 1.7124632357298961
}