{
    "structural_factor": 3.2530326249377377,
    "functional_factor": 1.004312619687144
}