{
    "structural_factor": 0.48091831809927016,
    "functional_factor": 4.687248960445054
}