{
    "structural_factor": 3.549481833273218,
    "functional_factor": 1.354744736051385
}