{
    "structural_factor": 1.1990930910135005,
    "functional_factor": 2.6011592164215447
}