{
    "structural_factor": 1.6718353445895842,
    "functional_factor": 3.48541017789876
}