{
    "structural_factor": 1.1216582253502043,
    "functional_factor": 1.098438871143723
}