{
    "structural_factor": 1.5497334285977193,
    "functional_factor": 1.0000237190323846
}