{
    "structural_factor": 3.5576680113999095,
    "functional_factor": 3.494743334085929
}