{
    "structural_factor": 1.1166542777697528,
    "functional_factor": 1.0602987239021315
}