{
    "structural_factor": 3.7498316875017546,
    "functional_factor": 0.9998796207747642
}