{
    "structural_factor": 1.0463554817712717,
    "functional_factor": 15.112656051342968
}