{
    "structural_factor": 1.0266044940722447,
    "functional_factor": 2.190513434546508
}