{
    "structural_factor": 1.6393759464819904,
    "functional_factor": 2.6873009157486756
}