{
    "structural_factor": 1.626307457913584,
    "functional_factor": 1.3246399342385404
}