{
    "structural_factor": 1.3081348154512358,
    "functional_factor": 10.191686503186633
}