{
    "structural_factor": 1.2441240154820257,
    "functional_factor": 1.403248184977612
}