{
    "structural_factor": 4.050036462745501,
    "functional_factor": 1.6041098489595718
}