{
    "structural_factor": 1.2498539841392133,
    "functional_factor": 0.9999913978830868
}