{
    "structural_factor": 2.993515439382025,
    "functional_factor": 2.1056679944484546
}