{
    "structural_factor": 1.9470599936315354,
    "functional_factor": 1.14830616704858
}