{
    "structural_factor": 5.002773738564787,
    "functional_factor": 1.0044609598977217
}