{
    "structural_factor": 1.4190315620603071,
    "functional_factor": 1.0559154279791905
}