{
    "structural_factor": 2.785876772963567,
    "functional_factor": 1.6827093902958083
}