{
    "structural_factor": 1.970452560605545,
    "functional_factor": 2.054624902148903
}