{
    "structural_factor": 1.908593673681645,
    "functional_factor": 1.014710673410405
}