{
    "structural_factor": 1.4626698371104483,
    "functional_factor": 7.919981488765113
}