{
    "structural_factor": 2.5025797962350134,
    "functional_factor": 1.0040490939923703
}