{
    "structural_factor": 1.632908164158239,
    "functional_factor": 1.7373586688163065
}