{
    "structural_factor": 1.7084222936360087,
    "functional_factor": 1.014620081148092
}