{
    "structural_factor": 1.7354174129455289,
    "functional_factor": 2.05460715256219
}