{
    "structural_factor": 1.4697130439417083,
    "functional_factor": 3.3412306629085275
}