{
    "structural_factor": 1.0705229397417118,
    "functional_factor": 1.9213812807525554
}