{
    "structural_factor": 1.2007405314155049,
    "functional_factor": 1.0040440631452308
}