{
    "structural_factor": 1.936273932009885,
    "functional_factor": 1.440539328352832
}