{
    "structural_factor": 1.0202713563980867,
    "functional_factor": 1.1570421158598305
}