{
    "structural_factor": 1.6997701453943475,
    "functional_factor": 0.9999993015460918
}