{
    "structural_factor": 3.8310089339412,
    "functional_factor": 2.007003399065583
}