{
    "structural_factor": 3.500089801834987,
    "functional_factor": 0.9998515011895295
}