{
    "structural_factor": 2.4997603571175846,
    "functional_factor": 0.999974253408217
}