{
    "structural_factor": 0.9448467896623162,
    "functional_factor": 6.0152846943474
}