{
    "structural_factor": 4.454852026919996,
    "functional_factor": 2.8376043517492366
}