{
    "structural_factor": 1.3338568874064225,
    "functional_factor": 4.146284531849198
}