{
    "structural_factor": 4.398808976301459,
    "functional_factor": 2.110662955317666
}