{
    "structural_factor": 1.1551008665699338,
    "functional_factor": 1.0152096572044125
}