{
    "structural_factor": 3.296019537739278,
    "functional_factor": 1.1145721442359904
}