{
    "structural_factor": 3.2625188138376338,
    "functional_factor": 1.033519260738659
}