{
    "structural_factor": 1.2342556721948943,
    "functional_factor": 3.801579904832837
}