{
    "structural_factor": 1.280828340690235,
    "functional_factor": 1.1044903518634235
}