{
    "structural_factor": 2.6275501519891806,
    "functional_factor": 3.5457439815159923
}