{
    "structural_factor": 1.1923211901322475,
    "functional_factor": 1.6661807590325877
}