{
    "structural_factor": 2.4809385070877714,
    "functional_factor": 1.8063403928633157
}