{
    "structural_factor": 3.527607858091805,
    "functional_factor": 1.2609468777259887
}