{
    "structural_factor": 3.112101886319622,
    "functional_factor": 3.5484724610817153
}