{
    "structural_factor": 1.714943576562286,
    "functional_factor": 1.201882784657815
}