{
    "structural_factor": 3.860922514981255,
    "functional_factor": 2.6527880834220823
}