{
    "structural_factor": 2.8973092393305584,
    "functional_factor": 3.4019189784564237
}