{
    "structural_factor": 2.9931458934732014,
    "functional_factor": 1.6246521284298054
}