{
    "structural_factor": 1.2362817963006887,
    "functional_factor": 4.481311032496537
}