{
    "structural_factor": 1.0636655194888855,
    "functional_factor": 1.1167741720010476
}