{
    "structural_factor": 3.1366117439065375,
    "functional_factor": 2.941811484600657
}