{
    "structural_factor": 1.36619527307361,
    "functional_factor": 7.157719736026257
}