{
    "structural_factor": 1.0280432116048086,
    "functional_factor": 3.714032906788194
}