{
    "structural_factor": 1.2393611816518646,
    "functional_factor": 1.8902631441539266
}