{
    "structural_factor": 1.9907058615932554,
    "functional_factor": 2.172642262719152
}