{
    "structural_factor": 1.0541948304503361,
    "functional_factor": 1.0367348885942667
}