{
    "structural_factor": 1.529225890789353,
    "functional_factor": 1.4655594178234006
}