{
    "structural_factor": 1.6664132897306478,
    "functional_factor": 3.393557893366364
}