{
    "structural_factor": 1.8793706371629357,
    "functional_factor": 1.0623001854028407
}