{
    "structural_factor": 1.7783211007902064,
    "functional_factor": 1.5090525228481497
}