{
    "structural_factor": 1.5570108467151913,
    "functional_factor": 1.3404958961824474
}