{
    "structural_factor": 1.513519727081917,
    "functional_factor": 1.307033072804336
}