{
    "structural_factor": 3.5199159279714594,
    "functional_factor": 1.034098502922348
}