{
    "structural_factor": 1.8155935703998247,
    "functional_factor": 1.0291181184045461
}