{
    "structural_factor": 1.6476737796779386,
    "functional_factor": 1.1507380703808896
}