{
    "structural_factor": 1.4262410978004048,
    "functional_factor": 2.7808587385708887
}