{
    "structural_factor": 1.7698242406206066,
    "functional_factor": 1.8550041604642151
}