{
    "structural_factor": 1.9829469029801694,
    "functional_factor": 1.0610868002009561
}