{
    "structural_factor": 1.3448200883238544,
    "functional_factor": 5.497923631033098
}