{
    "structural_factor": 1.624853483559661,
    "functional_factor": 1.0873925592725184
}