{
    "structural_factor": 3.059391442305529,
    "functional_factor": 1.311032819324096
}