{
    "structural_factor": 2.0604235252747536,
    "functional_factor": 1.5544139429229638
}