{
    "structural_factor": 1.5114971837034514,
    "functional_factor": 1.034822346096168
}