{
    "structural_factor": 4.500930191052305,
    "functional_factor": 1.0046602144042056
}