{
    "structural_factor": 2.3106697908267613,
    "functional_factor": 1.1736511744628877
}