{
    "structural_factor": 1.2233378731851017,
    "functional_factor": 1.1002260600518736
}