{
    "structural_factor": 1.3507624549921757,
    "functional_factor": 1.0032456336694031
}