{
    "structural_factor": 1.7814621518303824,
    "functional_factor": 4.824709997641954
}