{
    "structural_factor": 0.4841603010444146,
    "functional_factor": 7.265459283264002
}