{
    "structural_factor": 2.4347560579689356,
    "functional_factor": 1.8411038232245627
}