{
    "structural_factor": 1.4405520508223786,
    "functional_factor": 1.1491580220671254
}