{
    "structural_factor": 4.75159408415322,
    "functional_factor": 0.9994904123664801
}