{
    "structural_factor": 1.20341890239647,
    "functional_factor": 3.138024598233845
}