{
    "structural_factor": 3.2993506035034654,
    "functional_factor": 2.776740260792842
}