{
    "structural_factor": 1.151001876993552,
    "functional_factor": 1.0031734575496711
}