{
    "structural_factor": 1.451492731681013,
    "functional_factor": 1.0037622194239693
}