{
    "structural_factor": 1.7597387046846042,
    "functional_factor": 1.0149068405508994
}