{
    "structural_factor": 1.3781152381297834,
    "functional_factor": 3.0399302124108165
}