{
    "structural_factor": 1.1025304486623801,
    "functional_factor": 3.4793414746643636
}