{
    "structural_factor": 1.3550323054790783,
    "functional_factor": 1.0146393777156246
}