{
    "structural_factor": 3.6382744118629144,
    "functional_factor": 2.9754985227548234
}