{
    "structural_factor": 4.784797462041113,
    "functional_factor": 1.5682785164911988
}