{
    "structural_factor": 0.8829905100364366,
    "functional_factor": 6.944685451548333
}