{
    "structural_factor": 1.1683610464616698,
    "functional_factor": 1.0646438912546263
}