{
    "structural_factor": 1.305294446637129,
    "functional_factor": 1.2245304020371819
}