{
    "structural_factor": 1.4677967556572138,
    "functional_factor": 1.4845721091378739
}