{
    "structural_factor": 1.3839000631514795,
    "functional_factor": 1.1303255527427878
}