{
    "structural_factor": 1.409468451498934,
    "functional_factor": 10.032497469594336
}