{
    "structural_factor": 3.6069696821590633,
    "functional_factor": 2.537704976072294
}