{
    "structural_factor": 2.9465677684236864,
    "functional_factor": 1.9513362373253247
}