{
    "structural_factor": 3.1256400966139823,
    "functional_factor": 3.4737219236451606
}