{
    "structural_factor": 5.050559662909978,
    "functional_factor": 1.5676273068685522
}