{
    "structural_factor": 1.2508879409836373,
    "functional_factor": 2.135016776002527
}