{
    "structural_factor": 3.532824736291906,
    "functional_factor": 1.9051426067060013
}