{
    "structural_factor": 1.5525146011080668,
    "functional_factor": 1.6251184825522154
}