{
    "structural_factor": 3.6758384302984863,
    "functional_factor": 2.7903318997895346
}