{
    "structural_factor": 3.511185572747518,
    "functional_factor": 1.0179208734998113
}