{
    "structural_factor": 3.1675629899677644,
    "functional_factor": 1.3692299385270175
}