{
    "structural_factor": 4.697428105676521,
    "functional_factor": 1.9553578110579324
}