{
    "structural_factor": 1.9710862966005533,
    "functional_factor": 1.6359745359726812
}