{
    "structural_factor": 3.663686304469854,
    "functional_factor": 3.0414630420353364
}