{
    "structural_factor": 2.538121854041011,
    "functional_factor": 1.7156985646843874
}