{
    "structural_factor": 3.049316508982,
    "functional_factor": 4.081033140564996
}