{
    "structural_factor": 1.4504808082106797,
    "functional_factor": 1.003235379186902
}