{
    "structural_factor": 1.5235784870369737,
    "functional_factor": 3.053181566487919
}