{
    "structural_factor": 1.5610789790947217,
    "functional_factor": 1.951983020766648
}