{
    "structural_factor": 0.9991512471642247,
    "functional_factor": 3.231129606995237
}