{
    "structural_factor": 1.0695611381964145,
    "functional_factor": 2.7660155152732226
}