{
    "structural_factor": 3.530287023244146,
    "functional_factor": 1.7467274719648975
}