{
    "structural_factor": 3.597749345728516,
    "functional_factor": 2.932455130261741
}