{
    "structural_factor": 0.6734410903500873,
    "functional_factor": 6.276045527910558
}