{
    "structural_factor": 1.5590923114076,
    "functional_factor": 3.2078324906360245
}