{
    "structural_factor": 0.4318613763265382,
    "functional_factor": 6.176239621017253
}