{
    "structural_factor": 1.804662367135027,
    "functional_factor": 2.618757988691425
}