{
    "structural_factor": 1.9005812480464588,
    "functional_factor": 1.721767323024532
}