{
    "structural_factor": 1.3153078967502827,
    "functional_factor": 3.011661856187954
}