{
    "structural_factor": 1.9165019065520466,
    "functional_factor": 1.0344314778392765
}