{
    "structural_factor": 4.747611381198981,
    "functional_factor": 1.0190730893738913
}