{
    "structural_factor": 2.9888321882288267,
    "functional_factor": 3.7936681057022077
}