{
    "structural_factor": 3.294633187088209,
    "functional_factor": 2.4593335355762544
}