{
    "structural_factor": 1.0030994009340322,
    "functional_factor": 2.22457033844163
}