{
    "structural_factor": 2.546156737697308,
    "functional_factor": 1.1183817663581754
}