{
    "structural_factor": 1.2735396627865507,
    "functional_factor": 1.0849173293437457
}