{
    "structural_factor": 0.3153550552160952,
    "functional_factor": 4.367950870381874
}