{
    "structural_factor": 2.54134058669186,
    "functional_factor": 1.0613039978854406
}