{
    "structural_factor": 2.9994525345720002,
    "functional_factor": 0.9999862551867427
}