{
    "structural_factor": 1.1810973266703912,
    "functional_factor": 1.5108227226305904
}