{
    "structural_factor": 1.9523298936826736,
    "functional_factor": 1.0037500451529535
}