{
    "structural_factor": 1.3176686699606412,
    "functional_factor": 1.0630841424885478
}