{
    "structural_factor": 2.762355593059608,
    "functional_factor": 1.0164297305112597
}