{
    "structural_factor": 1.2277919349453494,
    "functional_factor": 3.0373001294917583
}