{
    "structural_factor": 2.9275187579632247,
    "functional_factor": 3.053134646724916
}