{
    "structural_factor": 1.0568333442160867,
    "functional_factor": 1.0338198094390405
}