{
    "structural_factor": 1.1626504427410516,
    "functional_factor": 3.727036119966777
}