{
    "structural_factor": 2.030304054899296,
    "functional_factor": 1.0563744380922357
}