{
    "structural_factor": 0.6185681023263052,
    "functional_factor": 7.342412780528074
}