{
    "structural_factor": 3.537554905395111,
    "functional_factor": 1.1735027726674534
}