{
    "structural_factor": 1.432693505950435,
    "functional_factor": 2.6051108018958353
}