{
    "structural_factor": 1.734427165131661,
    "functional_factor": 3.5779392199040925
}