{
    "structural_factor": 4.448656398851498,
    "functional_factor": 2.1277753491386724
}