{
    "structural_factor": 1.986371969456459,
    "functional_factor": 1.33140386329388
}