{
    "structural_factor": 1.4792845824686838,
    "functional_factor": 10.138842873342886
}