{
    "structural_factor": 4.485434359136103,
    "functional_factor": 2.059676228360604
}