{
    "structural_factor": 0.7722605108014874,
    "functional_factor": 3.8142806023971807
}