{
    "structural_factor": 1.8728846403026027,
    "functional_factor": 5.616438769551986
}