{
    "structural_factor": 1.027555160386298,
    "functional_factor": 2.12613541089941
}