{
    "structural_factor": 1.0969306229613613,
    "functional_factor": 1.3103098172495065
}