{
    "structural_factor": 4.0762755471317424,
    "functional_factor": 3.425261639089876
}