{
    "structural_factor": 1.3460775180351028,
    "functional_factor": 2.9896826150484763
}