{
    "structural_factor": 2.7428629785174823,
    "functional_factor": 1.0682846653653681
}