{
    "structural_factor": 1.963963194990449,
    "functional_factor": 1.877015576844037
}