{
    "structural_factor": 1.7488032774245108,
    "functional_factor": 2.201108559508361
}