{
    "structural_factor": 3.275387600299288,
    "functional_factor": 1.1035421886600878
}