{
    "structural_factor": 3.806303659798982,
    "functional_factor": 1.2366696935324022
}