{
    "structural_factor": 4.216385373518133,
    "functional_factor": 2.078468882545795
}