{
    "structural_factor": 1.4286317245463815,
    "functional_factor": 1.0840432095940762
}