{
    "structural_factor": 1.6081819134291568,
    "functional_factor": 1.0256479654488408
}