{
    "structural_factor": 1.0998515742851924,
    "functional_factor": 0.9999980251335906
}