{
    "structural_factor": 1.0994985482739528,
    "functional_factor": 3.3725225714694833
}