{
    "structural_factor": 4.690566356225787,
    "functional_factor": 1.4863527508355023
}