{
    "structural_factor": 1.4569479791792137,
    "functional_factor": 1.015467498067137
}