{
    "structural_factor": 1.6189490105651057,
    "functional_factor": 1.2270013176362156
}