{
    "structural_factor": 1.4670195208152177,
    "functional_factor": 1.2627521908171384
}