{
    "structural_factor": 2.7520379601076392,
    "functional_factor": 1.0038611028690432
}