{
    "structural_factor": 0.6253861141182236,
    "functional_factor": 5.161821931218266
}