{
    "structural_factor": 1.5085611229843023,
    "functional_factor": 2.262169636504828
}