{
    "structural_factor": 1.699789074818469,
    "functional_factor": 7.932511321136311
}