{
    "structural_factor": 1.4959177926234613,
    "functional_factor": 1.6912112734058713
}