{
    "structural_factor": 1.182767579365057,
    "functional_factor": 1.8952349885993098
}