{
    "structural_factor": 1.8955374868289214,
    "functional_factor": 2.243636229780384
}