{
    "structural_factor": 1.8085471670856577,
    "functional_factor": 1.013811349650854
}