{
    "structural_factor": 1.3714720318541531,
    "functional_factor": 1.7302636312617752
}