{
    "structural_factor": 1.2174538105617734,
    "functional_factor": 2.4984565289216287
}