{
    "structural_factor": 1.555415445180055,
    "functional_factor": 1.0292676057199521
}