{
    "structural_factor": 2.097231272729176,
    "functional_factor": 5.01048188746541
}