{
    "structural_factor": 2.0075121665593234,
    "functional_factor": 1.014856735715275
}