{
    "structural_factor": 1.0951610518614354,
    "functional_factor": 1.2634061354172363
}