{
    "structural_factor": 1.3883523747686992,
    "functional_factor": 3.7737279906201975
}