{
    "structural_factor": 2.086670332832737,
    "functional_factor": 1.3241610863389828
}