{
    "structural_factor": 1.5695463615090472,
    "functional_factor": 2.189387487646786
}