{
    "structural_factor": 2.041792185137628,
    "functional_factor": 1.1143953284563288
}