{
    "structural_factor": 1.1450664175035221,
    "functional_factor": 3.757257198930516
}