{
    "structural_factor": 1.7315796659496356,
    "functional_factor": 1.061942568780726
}