{
    "structural_factor": 1.758954759063568,
    "functional_factor": 2.1450452495224694
}