{
    "structural_factor": 1.208102047340237,
    "functional_factor": 1.033597274354364
}