{
    "structural_factor": 4.8050100823426645,
    "functional_factor": 1.5434689257361711
}