{
    "structural_factor": 1.6515133503262454,
    "functional_factor": 8.00585770925806
}