{
    "structural_factor": 3.2878681189112884,
    "functional_factor": 1.074414504102173
}