{
    "structural_factor": 1.1170068631168277,
    "functional_factor": 1.2341436497737404
}