{
    "structural_factor": 1.7805677475507597,
    "functional_factor": 1.204993890230767
}