{
    "structural_factor": 1.8200065338022504,
    "functional_factor": 2.515025250825741
}