{
    "structural_factor": 4.2779678768274865,
    "functional_factor": 1.753196737898918
}