{
    "structural_factor": 1.8996040806151602,
    "functional_factor": 1.0000457543441883
}