{
    "structural_factor": 2.554536132160273,
    "functional_factor": 1.2585408220380596
}