{
    "structural_factor": 1.3045382417629527,
    "functional_factor": 1.7285617163506133
}