{
    "structural_factor": 1.1604948385836065,
    "functional_factor": 2.8931709482352397
}