{
    "structural_factor": 1.6855217309004114,
    "functional_factor": 1.6851362302275126
}