{
    "structural_factor": 2.5030383202206554,
    "functional_factor": 1.003832567278378
}