{
    "structural_factor": 1.7129274845618963,
    "functional_factor": 1.0347016634544257
}