{
    "structural_factor": 4.38344784996081,
    "functional_factor": 2.130882059928853
}