{
    "structural_factor": 1.0277813176581188,
    "functional_factor": 2.5875815342085158
}