{
    "structural_factor": 1.8497044034312684,
    "functional_factor": 1.0000075497335963
}