{
    "structural_factor": 1.12522698378872,
    "functional_factor": 1.625272062879623
}