{
    "structural_factor": 3.010348463562192,
    "functional_factor": 1.0327334622391726
}