{
    "structural_factor": 1.4010665949034111,
    "functional_factor": 1.0039811747734915
}