{
    "structural_factor": 0.8509883713202796,
    "functional_factor": 10.141726924708964
}