{
    "structural_factor": 1.1710860093681008,
    "functional_factor": 1.0859106881929939
}