{
    "structural_factor": 2.796427435065998,
    "functional_factor": 1.0941579368905072
}