{
    "structural_factor": 1.34982093999953,
    "functional_factor": 0.99999310892599
}