{
    "structural_factor": 1.2305241493744605,
    "functional_factor": 1.1010513569653648
}