{
    "structural_factor": 1.16517125905754,
    "functional_factor": 7.037167829195751
}