{
    "structural_factor": 1.005260363865499,
    "functional_factor": 1.0367136782099868
}