{
    "structural_factor": 4.2798532034407355,
    "functional_factor": 1.3828893666260176
}