{
    "structural_factor": 1.085585449445168,
    "functional_factor": 2.128805437254418
}