{
    "structural_factor": 1.6018322825356834,
    "functional_factor": 1.0035451324512994
}