{
    "structural_factor": 1.3465287460068385,
    "functional_factor": 1.769328078306581
}