{
    "structural_factor": 1.096058612302677,
    "functional_factor": 1.7471648879813628
}