{
    "structural_factor": 1.6505254924518507,
    "functional_factor": 1.003577921399371
}