{
    "structural_factor": 1.2979432285278212,
    "functional_factor": 2.9914387826861035
}