{
    "structural_factor": 1.054496950793267,
    "functional_factor": 1.0159117372210444
}