{
    "structural_factor": 0.9998635726333548,
    "functional_factor": 1.0000026393103822
}