{
    "structural_factor": 3.2974838824116794,
    "functional_factor": 4.010890634725543
}