{
    "structural_factor": 1.5497960253256395,
    "functional_factor": 0.9999854111058059
}