{
    "structural_factor": 0.8948206008535649,
    "functional_factor": 5.853149234934506
}