{
    "structural_factor": 1.3497872876352848,
    "functional_factor": 1.00002140796484
}