{
    "structural_factor": 4.199607518753999,
    "functional_factor": 1.8737836385060678
}