{
    "structural_factor": 3.7909593105252783,
    "functional_factor": 1.1575432626018212
}