{
    "structural_factor": 4.634009894103947,
    "functional_factor": 1.7445138246677556
}