{
    "structural_factor": 0.9508314765898831,
    "functional_factor": 3.2368052323979692
}