{
    "structural_factor": 1.5604134143103734,
    "functional_factor": 1.2393698855402255
}