{
    "structural_factor": 0.97765652208564,
    "functional_factor": 1.5128802447540621
}