{
    "structural_factor": 1.1534841668443565,
    "functional_factor": 1.0150666993728663
}