{
    "structural_factor": 1.6587743265144155,
    "functional_factor": 1.0264159202585867
}