{
    "structural_factor": 1.285089031110974,
    "functional_factor": 4.180267108944427
}