{
    "structural_factor": 1.7073572267156647,
    "functional_factor": 1.0144290306323605
}