{
    "structural_factor": 3.499576974854199,
    "functional_factor": 0.9999292808676878
}