{
    "structural_factor": 1.5422043907654093,
    "functional_factor": 2.1453700466426198
}