{
    "structural_factor": 4.05489366069964,
    "functional_factor": 1.5382227395713715
}