{
    "structural_factor": 1.411933984696751,
    "functional_factor": 1.9510914056059547
}