{
    "structural_factor": 1.0739452365718654,
    "functional_factor": 1.133930038073484
}