{
    "structural_factor": 1.1000938171782642,
    "functional_factor": 2.1474700994379736
}