{
    "structural_factor": 1.0531871147866378,
    "functional_factor": 1.8458905806167727
}