{
    "structural_factor": 1.2935169975929988,
    "functional_factor": 1.345681246101827
}