{
    "structural_factor": 2.0064443585055844,
    "functional_factor": 1.6701343458600808
}