{
    "structural_factor": 4.927436081221852,
    "functional_factor": 2.3163885604394694
}