{
    "structural_factor": 3.6770732793497265,
    "functional_factor": 2.703157941737824
}