{
    "structural_factor": 3.5322945970896797,
    "functional_factor": 1.7343224854660533
}