{
    "structural_factor": 0.8198153740630657,
    "functional_factor": 5.915393615912108
}