{
    "structural_factor": 2.304750903527325,
    "functional_factor": 1.1007722821423496
}