{
    "structural_factor": 1.7218113341506227,
    "functional_factor": 1.228531979083249
}