{
    "structural_factor": 1.8552044089571988,
    "functional_factor": 1.8373137788777816
}