{
    "structural_factor": 4.002435052858467,
    "functional_factor": 1.0048401928316972
}