{
    "structural_factor": 1.2904504005672204,
    "functional_factor": 1.8194729372698049
}