{
    "structural_factor": 1.3999420686030466,
    "functional_factor": 1.0036437580025348
}