{
    "structural_factor": 2.5097792079747054,
    "functional_factor": 1.015469977672177
}