{
    "structural_factor": 1.3467427472327425,
    "functional_factor": 3.4901594218188294
}