{
    "structural_factor": 1.3647584067873848,
    "functional_factor": 1.436494295473211
}