{
    "structural_factor": 3.553537842714421,
    "functional_factor": 1.966137988291645
}