{
    "structural_factor": 1.472551773479867,
    "functional_factor": 1.3057795328576884
}