{
    "structural_factor": 1.108799812008282,
    "functional_factor": 1.75001899480946
}