{
    "structural_factor": 1.571825245877864,
    "functional_factor": 1.4386678714222776
}