{
    "structural_factor": 1.1345455576693517,
    "functional_factor": 1.6336555979406173
}