{
    "structural_factor": 1.7571506095124052,
    "functional_factor": 1.8353979798817965
}