{
    "structural_factor": 1.5017295757667943,
    "functional_factor": 1.0032479684312727
}