{
    "structural_factor": 2.2511108669759468,
    "functional_factor": 1.003724381398697
}