{
    "structural_factor": 3.056493568155914,
    "functional_factor": 1.5835782526671744
}