{
    "structural_factor": 2.652454644843854,
    "functional_factor": 2.594342920870497
}