{
    "structural_factor": 1.4417505749326658,
    "functional_factor": 1.1636887579988628
}