{
    "structural_factor": 1.4497353496269965,
    "functional_factor": 1.0000105522356961
}