{
    "structural_factor": 2.726014938970264,
    "functional_factor": 1.8007922155161464
}