{
    "structural_factor": 1.9609982727157464,
    "functional_factor": 3.423311220395649
}