{
    "structural_factor": 4.129320204609177,
    "functional_factor": 3.049329614071981
}