{
    "structural_factor": 1.7520091282374746,
    "functional_factor": 1.0038729563223694
}