{
    "structural_factor": 1.4756758513386938,
    "functional_factor": 1.0659447560083926
}