{
    "structural_factor": 2.3113317849185195,
    "functional_factor": 1.6894636179879652
}