{
    "structural_factor": 2.093924385583897,
    "functional_factor": 1.6832625610461456
}