{
    "structural_factor": 1.390645063083377,
    "functional_factor": 1.1646616768958598
}