{
    "structural_factor": 1.8013578751179342,
    "functional_factor": 1.7194809907669937
}