{
    "structural_factor": 1.2547163155146817,
    "functional_factor": 2.8317656604969166
}