{
    "structural_factor": 1.069990243435453,
    "functional_factor": 2.1306725210246933
}