{
    "structural_factor": 1.8910759965346682,
    "functional_factor": 3.244027704547436
}