{
    "structural_factor": 3.575815172051531,
    "functional_factor": 1.496467416478852
}