{
    "structural_factor": 1.1932569072969212,
    "functional_factor": 3.707698572388704
}