{
    "structural_factor": 4.28356750131971,
    "functional_factor": 1.1079840101729181
}