{
    "structural_factor": 1.1668122434619785,
    "functional_factor": 3.1819104002415686
}