{
    "structural_factor": 1.2550950935267304,
    "functional_factor": 3.187395296599715
}