{
    "structural_factor": 4.777988957082561,
    "functional_factor": 1.2059359225988278
}