{
    "structural_factor": 1.319732178864009,
    "functional_factor": 1.0609524473258016
}