{
    "structural_factor": 5.004433996614226,
    "functional_factor": 1.004584477883064
}