{
    "structural_factor": 3.2946189112213786,
    "functional_factor": 1.0995312192052078
}