{
    "structural_factor": 3.825289418229449,
    "functional_factor": 2.6010317124351072
}