{
    "structural_factor": 1.198559133981054,
    "functional_factor": 3.3788756635394206
}