{
    "structural_factor": 1.1396576052498932,
    "functional_factor": 1.1972495929541511
}