{
    "structural_factor": 2.832942273430996,
    "functional_factor": 1.2489480285766095
}