{
    "structural_factor": 1.981295889270826,
    "functional_factor": 1.0649664896373807
}