{
    "structural_factor": 0.733524285715306,
    "functional_factor": 16.02649874878257
}