{
    "structural_factor": 1.415560999422845,
    "functional_factor": 1.54162281789959
}