{
    "structural_factor": 4.500963487885397,
    "functional_factor": 0.9996202508465302
}