{
    "structural_factor": 3.4570751698948223,
    "functional_factor": 3.2141826890398866
}