{
    "structural_factor": 1.842129820800209,
    "functional_factor": 1.2303597965774453
}