{
    "structural_factor": 1.5368111587008515,
    "functional_factor": 3.765175076555552
}