{
    "structural_factor": 1.3382334516411163,
    "functional_factor": 2.1409486067406913
}