{
    "structural_factor": 3.789201090819038,
    "functional_factor": 1.3725239030666339
}