{
    "structural_factor": 0.2515894926875913,
    "functional_factor": 6.694081797940928
}