{
    "structural_factor": 1.3394354129969612,
    "functional_factor": 1.1648256938871078
}