{
    "structural_factor": 5.021452549499621,
    "functional_factor": 1.4087907205230454
}