{
    "structural_factor": 1.7497385568652555,
    "functional_factor": 0.999981106967341
}