{
    "structural_factor": 4.83198937832956,
    "functional_factor": 1.6108584110086628
}