{
    "structural_factor": 1.5596523756403664,
    "functional_factor": 2.456796685010827
}