{
    "structural_factor": 1.856646216961959,
    "functional_factor": 1.013423489198379
}