{
    "structural_factor": 0.8305555136822593,
    "functional_factor": 6.3175106622669235
}