{
    "structural_factor": 1.9591030463099248,
    "functional_factor": 1.0142144394693953
}