{
    "structural_factor": 1.6841436021018688,
    "functional_factor": 3.8132173029607555
}