{
    "structural_factor": 1.564054136717731,
    "functional_factor": 2.9978197463870764
}