{
    "structural_factor": 2.467387512069685,
    "functional_factor": 3.214822162479602
}