{
    "structural_factor": 1.960024663304045,
    "functional_factor": 1.0154438126178404
}