{
    "structural_factor": 1.0758517089727322,
    "functional_factor": 3.7429267122073306
}