{
    "structural_factor": 4.415985924117653,
    "functional_factor": 2.692925258109012
}