{
    "structural_factor": 1.3461983755439964,
    "functional_factor": 2.1809744736476726
}