{
    "structural_factor": 1.4441360153541183,
    "functional_factor": 1.4145435072074464
}