{
    "structural_factor": 1.7825411388733685,
    "functional_factor": 1.3133083691903087
}