{
    "structural_factor": 1.529960905633738,
    "functional_factor": 2.5487658691869517
}