{
    "structural_factor": 1.8560061997895272,
    "functional_factor": 1.1644946810632402
}