{
    "structural_factor": 4.523313890049543,
    "functional_factor": 1.3832129884226376
}