{
    "structural_factor": 1.6114384059058955,
    "functional_factor": 1.200781936044543
}