{
    "structural_factor": 3.8765237898697475,
    "functional_factor": 2.5721735328322914
}