{
    "structural_factor": 1.8538659738063994,
    "functional_factor": 1.663036502681269
}