{
    "structural_factor": 2.2807499315982165,
    "functional_factor": 2.7772937751609468
}