{
    "structural_factor": 3.923223278294939,
    "functional_factor": 3.249513500938612
}