{
    "structural_factor": 3.5307825295185684,
    "functional_factor": 2.4733627503964035
}