{
    "structural_factor": 1.4884092921461236,
    "functional_factor": 1.8886086441060905
}