{
    "structural_factor": 1.3517975245919658,
    "functional_factor": 3.1395285084795415
}