{
    "structural_factor": 1.494724305451496,
    "functional_factor": 3.1996534343845435
}