{
    "structural_factor": 4.559139772739908,
    "functional_factor": 1.5137268486766278
}