{
    "structural_factor": 1.4190356591080295,
    "functional_factor": 3.0546443909766445
}