{
    "structural_factor": 1.8126666204471682,
    "functional_factor": 1.3275708805288642
}