{
    "structural_factor": 1.0536400910509698,
    "functional_factor": 1.8808966704916024
}