{
    "structural_factor": 3.578170489167338,
    "functional_factor": 4.4012539544769265
}