{
    "structural_factor": 1.732538114660537,
    "functional_factor": 3.3889257099544206
}