{
    "structural_factor": 0.5618074709822488,
    "functional_factor": 4.5555110617050625
}