{
    "structural_factor": 1.4082440740793274,
    "functional_factor": 1.9607788719117847
}