{
    "structural_factor": 1.3559538879096853,
    "functional_factor": 1.0148990481706015
}