{
    "structural_factor": 2.7219227671556867,
    "functional_factor": 5.53253695961522
}