{
    "structural_factor": 4.040968971620759,
    "functional_factor": 1.1979296294396167
}