{
    "structural_factor": 5.007896037524259,
    "functional_factor": 1.0197186070132847
}