{
    "structural_factor": 1.4051894472013273,
    "functional_factor": 1.0148513495091984
}