{
    "structural_factor": 1.1475497073432546,
    "functional_factor": 1.0135560158224577
}