{
    "structural_factor": 0.9373946931163195,
    "functional_factor": 3.7251648705336784
}