{
    "structural_factor": 2.785042177603799,
    "functional_factor": 1.0708411121431118
}