{
    "structural_factor": 3.3090585423587946,
    "functional_factor": 1.1454858053335149
}