{
    "structural_factor": 2.5430046734839684,
    "functional_factor": 1.703358826555415
}