{
    "structural_factor": 1.8971920319237694,
    "functional_factor": 1.5602385635447258
}