{
    "structural_factor": 1.6062041133191884,
    "functional_factor": 1.0293206731078517
}