{
    "structural_factor": 1.5313031993259518,
    "functional_factor": 1.5654903566205631
}