{
    "structural_factor": 1.1008227408480638,
    "functional_factor": 1.0039535628099014
}