{
    "structural_factor": 2.259099478008634,
    "functional_factor": 1.0134917267394132
}