{
    "structural_factor": 4.751682440633594,
    "functional_factor": 0.9995093077044356
}