{
    "structural_factor": 1.301308258552688,
    "functional_factor": 1.6478125177140182
}