{
    "structural_factor": 0.9611753769908618,
    "functional_factor": 2.5792744597021495
}