{
    "structural_factor": 3.6577255184271698,
    "functional_factor": 3.4599661514678095
}