{
    "structural_factor": 0.9644350566518964,
    "functional_factor": 2.863402193775434
}