{
    "structural_factor": 4.750970337530738,
    "functional_factor": 0.9996410722104316
}