{
    "structural_factor": 1.5277626339044983,
    "functional_factor": 3.048827650661382
}