{
    "structural_factor": 0.41838462942288707,
    "functional_factor": 6.782936290212592
}