{
    "structural_factor": 1.032613721788101,
    "functional_factor": 1.1997435398376157
}