{
    "structural_factor": 1.548965887046357,
    "functional_factor": 1.961281036718347
}