{
    "structural_factor": 2.002062455928981,
    "functional_factor": 1.0039811244286392
}