{
    "structural_factor": 1.7034154611906234,
    "functional_factor": 2.37456115317118
}