{
    "structural_factor": 4.60211288521767,
    "functional_factor": 2.5706887114640895
}