{
    "structural_factor": 3.9683840492246967,
    "functional_factor": 1.5022542204239346
}