{
    "structural_factor": 0.852287290919193,
    "functional_factor": 5.844406208905216
}