{
    "structural_factor": 4.288407495337871,
    "functional_factor": 1.123272212599342
}