{
    "structural_factor": 1.5944701775773868,
    "functional_factor": 1.0588667422781455
}