{
    "structural_factor": 1.2540364680662361,
    "functional_factor": 1.0255365107057581
}