{
    "structural_factor": 1.559093974415322,
    "functional_factor": 4.7407253137032646
}