{
    "structural_factor": 3.46768005521649,
    "functional_factor": 2.117011721107803
}