{
    "structural_factor": 2.792553217536637,
    "functional_factor": 1.731757520690976
}