{
    "structural_factor": 1.9349968173460943,
    "functional_factor": 3.720213333530999
}