{
    "structural_factor": 1.8532389776055171,
    "functional_factor": 1.1537366483382712
}