{
    "structural_factor": 2.2705167555047185,
    "functional_factor": 2.0344098164439472
}