{
    "structural_factor": 1.2658653180362063,
    "functional_factor": 1.0570819298690868
}