{
    "structural_factor": 1.3363956779527575,
    "functional_factor": 1.1635536533708142
}