{
    "structural_factor": 4.302121415450871,
    "functional_factor": 1.4178630677685762
}