{
    "structural_factor": 1.4391155164634266,
    "functional_factor": 5.817490411179263
}