{
    "structural_factor": 1.9015605226833783,
    "functional_factor": 1.013816403915855
}