{
    "structural_factor": 1.3567981039596406,
    "functional_factor": 1.015336700085801
}