{
    "structural_factor": 1.4055409081178323,
    "functional_factor": 1.0140804332326987
}