{
    "structural_factor": 1.733281009783943,
    "functional_factor": 1.509751520826498
}