{
    "structural_factor": 3.0406815005513033,
    "functional_factor": 1.073241568283752
}