{
    "structural_factor": 3.5442174710015926,
    "functional_factor": 1.4086605695627543
}