{
    "structural_factor": 1.758846341334669,
    "functional_factor": 2.613579487909868
}