{
    "structural_factor": 2.495433350200528,
    "functional_factor": 1.7428798241363286
}