{
    "structural_factor": 2.008690181252507,
    "functional_factor": 1.0149173580179973
}