{
    "structural_factor": 4.907412565800676,
    "functional_factor": 1.8549345985237506
}