{
    "structural_factor": 1.9506303543274892,
    "functional_factor": 1.003728377974073
}