{
    "structural_factor": 1.8899692625295303,
    "functional_factor": 2.898636097794582
}