{
    "structural_factor": 2.535586302390146,
    "functional_factor": 3.9976996174036152
}