{
    "structural_factor": 1.4732184680921394,
    "functional_factor": 1.0627620657747205
}