{
    "structural_factor": 1.1732571401200096,
    "functional_factor": 3.2340156608882005
}