{
    "structural_factor": 1.5833381110971547,
    "functional_factor": 3.1887771180927467
}