{
    "structural_factor": 1.68991381897599,
    "functional_factor": 2.048565601418985
}