{
    "structural_factor": 2.760553796222402,
    "functional_factor": 1.0145683649752648
}