{
    "structural_factor": 4.409182100529687,
    "functional_factor": 3.21286744318148
}