{
    "structural_factor": 1.6561991304444186,
    "functional_factor": 1.7207689479796262
}