{
    "structural_factor": 1.6580168047411001,
    "functional_factor": 1.6818920129407657
}