{
    "structural_factor": 3.4741791082907003,
    "functional_factor": 3.1516584016192586
}