{
    "structural_factor": 4.257688969063545,
    "functional_factor": 2.244335147358347
}