{
    "structural_factor": 1.156948444063996,
    "functional_factor": 2.2711553867557033
}