{
    "structural_factor": 4.757667775099367,
    "functional_factor": 1.0381749263127684
}