{
    "structural_factor": 2.5604859445141286,
    "functional_factor": 1.1790848131510747
}