{
    "structural_factor": 1.5267199910887936,
    "functional_factor": 3.804975822173536
}