{
    "structural_factor": 4.607686984704008,
    "functional_factor": 1.375545048007531
}