{
    "structural_factor": 1.3019839089802976,
    "functional_factor": 4.617921073353898
}