{
    "structural_factor": 2.1925213342216576,
    "functional_factor": 1.5774682398624136
}