{
    "structural_factor": 1.3277610749117155,
    "functional_factor": 1.0983304669754859
}