{
    "structural_factor": 2.969511651688015,
    "functional_factor": 1.807319070721162
}