{
    "structural_factor": 3.630896863950578,
    "functional_factor": 2.2773601783256145
}