{
    "structural_factor": 3.0693342776127377,
    "functional_factor": 5.212007434660707
}