{
    "structural_factor": 1.5559807385779534,
    "functional_factor": 2.86309801318506
}