{
    "structural_factor": 0.8473901649705007,
    "functional_factor": 3.6949490461433068
}