{
    "structural_factor": 1.749703815978115,
    "functional_factor": 1.000013877595755
}