{
    "structural_factor": 0.2805358825238397,
    "functional_factor": 4.717841162226233
}