{
    "structural_factor": 3.7684548663585193,
    "functional_factor": 1.0375200530721995
}