{
    "structural_factor": 1.6657871029177855,
    "functional_factor": 4.643256309775155
}