{
    "structural_factor": 2.292217807289402,
    "functional_factor": 1.6697152720714612
}