{
    "structural_factor": 2.410374237988045,
    "functional_factor": 2.941203892598242
}