{
    "structural_factor": 4.1783040809706105,
    "functional_factor": 3.2825868834913354
}