{
    "structural_factor": 1.9390331725064696,
    "functional_factor": 2.183282607464078
}