{
    "structural_factor": 1.1007271166258907,
    "functional_factor": 1.004124402489946
}