{
    "structural_factor": 3.2943071089641194,
    "functional_factor": 3.5631125174074914
}