{
    "structural_factor": 4.272412130914583,
    "functional_factor": 1.1228192704519029
}