{
    "structural_factor": 1.5356302889321896,
    "functional_factor": 1.8938353850052694
}