{
    "structural_factor": 1.373503531021492,
    "functional_factor": 2.0424286851047935
}