{
    "structural_factor": 2.350851739078082,
    "functional_factor": 3.330291582775675
}