{
    "structural_factor": 2.9990714292605842,
    "functional_factor": 2.016652374121318
}