{
    "structural_factor": 4.039395415608864,
    "functional_factor": 1.398778629550714
}