{
    "structural_factor": 1.989266921981277,
    "functional_factor": 3.2012005686280722
}