{
    "structural_factor": 4.754089243272403,
    "functional_factor": 1.0040884167047568
}