{
    "structural_factor": 4.275666894190982,
    "functional_factor": 2.638206721679739
}