{
    "structural_factor": 1.6041257075938398,
    "functional_factor": 1.655810379654612
}