{
    "structural_factor": 1.682689102317136,
    "functional_factor": 3.7239477933920013
}