{
    "structural_factor": 1.3936631519010707,
    "functional_factor": 1.4128970450501455
}