{
    "structural_factor": 5.008255358185631,
    "functional_factor": 1.0193218352089983
}