{
    "structural_factor": 2.000394215360415,
    "functional_factor": 7.0324961644687916
}