{
    "structural_factor": 1.3102284386966117,
    "functional_factor": 1.7568495056521733
}