{
    "structural_factor": 4.7550420836672425,
    "functional_factor": 1.3858254415520654
}