{
    "structural_factor": 3.0409827688920736,
    "functional_factor": 1.1665070675838811
}