{
    "structural_factor": 1.2066523796814588,
    "functional_factor": 1.3063903762819675
}