{
    "structural_factor": 1.6078203309867025,
    "functional_factor": 2.0522562186488273
}