{
    "structural_factor": 1.851454498048836,
    "functional_factor": 1.7200302326636303
}