{
    "structural_factor": 2.295008218891383,
    "functional_factor": 1.0887960643324377
}