{
    "structural_factor": 3.750192057408433,
    "functional_factor": 0.9998050900545709
}