{
    "structural_factor": 1.193071581607271,
    "functional_factor": 2.331277111311879
}