{
    "structural_factor": 2.327960509096141,
    "functional_factor": 1.2507406617604546
}