{
    "structural_factor": 5.013649142936729,
    "functional_factor": 1.0450932255921694
}