{
    "structural_factor": 0.6590651284571813,
    "functional_factor": 5.675750405854047
}