{
    "structural_factor": 2.7285704181006345,
    "functional_factor": 6.130014340765951
}