{
    "structural_factor": 3.86205942072496,
    "functional_factor": 1.8750948321326553
}