{
    "structural_factor": 1.9001502029410562,
    "functional_factor": 3.0174754459228827
}