{
    "structural_factor": 4.226142569133989,
    "functional_factor": 3.417211656027988
}