{
    "structural_factor": 0.7188836490026088,
    "functional_factor": 4.577519264352723
}