{
    "structural_factor": 2.484044482647102,
    "functional_factor": 2.2429493111276373
}