{
    "structural_factor": 1.5697112065279464,
    "functional_factor": 3.0537545829170534
}