{
    "structural_factor": 1.0122092844408737,
    "functional_factor": 1.0645760686665795
}