{
    "structural_factor": 1.7519590360857287,
    "functional_factor": 1.0033830815838987
}