{
    "structural_factor": 1.562804078146492,
    "functional_factor": 1.7547705836670486
}