{
    "structural_factor": 1.9280617337971364,
    "functional_factor": 2.5674600070781937
}