{
    "structural_factor": 1.5130202675588567,
    "functional_factor": 1.622568689842521
}