{
    "structural_factor": 3.249707941864408,
    "functional_factor": 0.99993179942637
}