{
    "structural_factor": 1.147137643628964,
    "functional_factor": 3.2609073549514194
}