{
    "structural_factor": 1.7473026736114736,
    "functional_factor": 1.680816608099281
}