{
    "structural_factor": 1.6649236488184473,
    "functional_factor": 1.738861700048709
}