{
    "structural_factor": 1.965392017398251,
    "functional_factor": 2.524936194606632
}