{
    "structural_factor": 1.0367334603668028,
    "functional_factor": 1.6674308541407579
}