{
    "structural_factor": 2.5588743912856446,
    "functional_factor": 4.6020419347128145
}