{
    "structural_factor": 4.9527035765450895,
    "functional_factor": 1.6454629361510897
}