{
    "structural_factor": 3.0018584240985584,
    "functional_factor": 1.7232806744766993
}