{
    "structural_factor": 3.5017806784086307,
    "functional_factor": 1.0045051641640508
}