{
    "structural_factor": 1.9328229663009968,
    "functional_factor": 3.175684254441028
}