{
    "structural_factor": 2.6118864497788263,
    "functional_factor": 2.685346802941789
}