{
    "structural_factor": 1.2849871691983925,
    "functional_factor": 7.090927427366208
}