{
    "structural_factor": 1.4432213409327628,
    "functional_factor": 1.1957642041851861
}