{
    "structural_factor": 2.6914956589666237,
    "functional_factor": 5.536011707046803
}