{
    "structural_factor": 2.738651662852127,
    "functional_factor": 1.8049655501088218
}