{
    "structural_factor": 1.0029023972315807,
    "functional_factor": 1.756524007763487
}