{
    "structural_factor": 1.4960227551828973,
    "functional_factor": 1.7666086765216589
}