{
    "structural_factor": 1.3897836383022817,
    "functional_factor": 2.0692691743332214
}