{
    "structural_factor": 1.7515358931468432,
    "functional_factor": 1.0039033161473732
}