{
    "structural_factor": 1.0162101917537674,
    "functional_factor": 3.0474571890177615
}