{
    "structural_factor": 0.9774671092493182,
    "functional_factor": 2.1428523115099534
}