{
    "structural_factor": 0.9803780483028459,
    "functional_factor": 2.181703297417154
}