{
    "structural_factor": 1.5043508096110583,
    "functional_factor": 1.2399306370924956
}