{
    "structural_factor": 1.0396663494241507,
    "functional_factor": 1.2669986797605455
}