{
    "structural_factor": 2.6560250049484395,
    "functional_factor": 1.596462587948401
}