{
    "structural_factor": 1.6575233332932617,
    "functional_factor": 1.3245308465740409
}