{
    "structural_factor": 2.5394510717629566,
    "functional_factor": 1.0663910891422914
}