{
    "structural_factor": 1.4001229646649018,
    "functional_factor": 4.492102065774982
}