{
    "structural_factor": 1.6275882277525564,
    "functional_factor": 1.0622445239216434
}