{
    "structural_factor": 1.3190061983342498,
    "functional_factor": 2.57465291367492
}