{
    "structural_factor": 1.3304646093610653,
    "functional_factor": 2.5199244245929346
}