{
    "structural_factor": 1.6577019905819814,
    "functional_factor": 4.4646584220320324
}