{
    "structural_factor": 3.0570132839892934,
    "functional_factor": 1.3281756642968277
}