{
    "structural_factor": 2.501287015739107,
    "functional_factor": 1.0036843900724908
}