{
    "structural_factor": 4.1772440431172635,
    "functional_factor": 1.5591810281709404
}