{
    "structural_factor": 4.338061523591621,
    "functional_factor": 2.9646043817955356
}