{
    "structural_factor": 1.486325560696126,
    "functional_factor": 4.732020066729396
}