{
    "structural_factor": 1.1867407156641947,
    "functional_factor": 2.6714967103175478
}