{
    "structural_factor": 1.3498140003712868,
    "functional_factor": 0.999995940431375
}