{
    "structural_factor": 1.2653392547268156,
    "functional_factor": 3.3897694704791577
}