{
    "structural_factor": 2.5530195040905728,
    "functional_factor": 1.1671499416695765
}