{
    "structural_factor": 2.0103731785034893,
    "functional_factor": 1.697602527179154
}