{
    "structural_factor": 0.9897489737122972,
    "functional_factor": 3.9115003179676675
}