{
    "structural_factor": 1.3054761367348988,
    "functional_factor": 1.0151113980373951
}