{
    "structural_factor": 1.8332036120687425,
    "functional_factor": 1.0583942654674678
}