{
    "structural_factor": 1.7278823284954807,
    "functional_factor": 1.5225563993512805
}