{
    "structural_factor": 1.5066852220503462,
    "functional_factor": 2.3595812672864107
}