{
    "structural_factor": 3.4169137912592116,
    "functional_factor": 3.3960681384575713
}