{
    "structural_factor": 3.443157066647809,
    "functional_factor": 1.821224667617858
}