{
    "structural_factor": 1.9497135338030025,
    "functional_factor": 1.097918504319009
}