{
    "structural_factor": 1.6502351251903649,
    "functional_factor": 3.1787001768952745
}