{
    "structural_factor": 2.3047253034696475,
    "functional_factor": 1.7083279488177514
}