{
    "structural_factor": 1.7001280407728883,
    "functional_factor": 2.1684954368115603
}