{
    "structural_factor": 2.3419813144973936,
    "functional_factor": 2.0953245838212604
}