{
    "structural_factor": 1.0504524357753062,
    "functional_factor": 1.0040866620082405
}