{
    "structural_factor": 1.7023072130060453,
    "functional_factor": 1.1659552569538325
}