{
    "structural_factor": 3.2984872492101913,
    "functional_factor": 1.7206434536018262
}