{
    "structural_factor": 4.371747983186932,
    "functional_factor": 1.1761993086750553
}