{
    "structural_factor": 4.74759581565984,
    "functional_factor": 1.020325111769898
}