{
    "structural_factor": 2.44534355331445,
    "functional_factor": 2.5659766273070157
}