{
    "structural_factor": 2.68251107923498,
    "functional_factor": 1.6903182488983408
}