{
    "structural_factor": 4.313939377132667,
    "functional_factor": 4.477302491024369
}