{
    "structural_factor": 2.268627660602303,
    "functional_factor": 1.1496245844047508
}