{
    "structural_factor": 3.44105576781144,
    "functional_factor": 2.704743899180205
}