{
    "structural_factor": 5.001939258888338,
    "functional_factor": 1.0192915919805194
}