{
    "structural_factor": 2.203286504203936,
    "functional_factor": 3.311003807982396
}