{
    "structural_factor": 2.768498872418446,
    "functional_factor": 1.1034958140849895
}