{
    "structural_factor": 1.5455412746851858,
    "functional_factor": 1.1946508919146661
}