{
    "structural_factor": 1.5782026761055805,
    "functional_factor": 1.473031064719494
}