{
    "structural_factor": 0.9498388297187788,
    "functional_factor": 3.1616249221415664
}