{
    "structural_factor": 0.9434171553286844,
    "functional_factor": 3.756293513421261
}