{
    "structural_factor": 4.9845273688444145,
    "functional_factor": 1.1243130414900255
}