{
    "structural_factor": 0.43307733509207624,
    "functional_factor": 3.4046357162879235
}