{
    "structural_factor": 2.805526116867942,
    "functional_factor": 1.3275978729931122
}