{
    "structural_factor": 2.7443530709221924,
    "functional_factor": 1.1294022206542813
}