{
    "structural_factor": 2.082861693537308,
    "functional_factor": 1.9834662102840666
}