{
    "structural_factor": 1.574149900139512,
    "functional_factor": 3.001622710990139
}