{
    "structural_factor": 2.7520778920786038,
    "functional_factor": 1.4803813700210475
}