{
    "structural_factor": 3.1692602486234795,
    "functional_factor": 9.634062328878548
}