{
    "structural_factor": 3.2869516795118265,
    "functional_factor": 1.0723507356387003
}