{
    "structural_factor": 3.2619739666502046,
    "functional_factor": 1.0163835795731941
}