{
    "structural_factor": 2.273174856827104,
    "functional_factor": 1.1160483952700708
}