{
    "structural_factor": 4.812570736635542,
    "functional_factor": 2.2291607279669874
}