{
    "structural_factor": 0.987855522557985,
    "functional_factor": 1.0830489535183925
}