{
    "structural_factor": 1.513489078130154,
    "functional_factor": 2.0746187503404423
}