{
    "structural_factor": 4.251894584646494,
    "functional_factor": 1.0473946267314074
}