{
    "structural_factor": 3.4292601101746363,
    "functional_factor": 2.3700350613851815
}