{
    "structural_factor": 2.246124514741426,
    "functional_factor": 1.0387414034849891
}