{
    "structural_factor": 2.2304146021148537,
    "functional_factor": 1.6754972986358485
}