{
    "structural_factor": 2.0051778195882854,
    "functional_factor": 3.4263130145480916
}