{
    "structural_factor": 2.7477779406978744,
    "functional_factor": 2.802993651745437
}