{
    "structural_factor": 3.4998283850152703,
    "functional_factor": 0.9999108530044922
}