{
    "structural_factor": 2.611054843635111,
    "functional_factor": 2.566168584327348
}