{
    "structural_factor": 1.819583697136544,
    "functional_factor": 8.532546020368828
}