{
    "structural_factor": 1.6655100999788464,
    "functional_factor": 3.6492745058232092
}