{
    "structural_factor": 0.523505784223711,
    "functional_factor": 6.620826538200436
}