{
    "structural_factor": 2.7551872909605644,
    "functional_factor": 1.0752466730230454
}