{
    "structural_factor": 2.8107987896502715,
    "functional_factor": 1.1390936027331804
}