{
    "structural_factor": 1.2485625254486843,
    "functional_factor": 1.5749354808204674
}