{
    "structural_factor": 1.7190025824552926,
    "functional_factor": 1.2185307209598002
}