{
    "structural_factor": 1.2652813830703424,
    "functional_factor": 10.093764493545835
}