{
    "structural_factor": 4.65699883618505,
    "functional_factor": 1.55738768236461
}