{
    "structural_factor": 2.4004765077515113,
    "functional_factor": 3.5197019842430577
}