{
    "structural_factor": 2.6785698544350267,
    "functional_factor": 4.983752538749365
}