{
    "structural_factor": 2.009431188987788,
    "functional_factor": 4.0203999957729675
}