{
    "structural_factor": 4.879253413936419,
    "functional_factor": 1.2463412664920246
}