{
    "structural_factor": 0.9373325496822082,
    "functional_factor": 1.8978463881076708
}