{
    "structural_factor": 3.8439745844767423,
    "functional_factor": 3.216678972283628
}