{
    "structural_factor": 4.953347240903288,
    "functional_factor": 1.1086245107751462
}