{
    "structural_factor": 1.8049380114332672,
    "functional_factor": 2.0674699168670236
}