{
    "structural_factor": 2.7475571914581236,
    "functional_factor": 2.0548965561973516
}