{
    "structural_factor": 4.228771857861596,
    "functional_factor": 1.08000227323942
}