{
    "structural_factor": 1.7350267849211989,
    "functional_factor": 1.2538343017062081
}