{
    "structural_factor": 5.055909564177877,
    "functional_factor": 1.5502933676164192
}