{
    "structural_factor": 1.678965661111775,
    "functional_factor": 1.2201619325134652
}