{
    "structural_factor": 5.003884671399426,
    "functional_factor": 0.9946521154091654
}