{
    "structural_factor": 3.3602402505419264,
    "functional_factor": 1.262064871553626
}