{
    "structural_factor": 3.49190330624819,
    "functional_factor": 1.75678282884822
}