{
    "structural_factor": 3.840452117946235,
    "functional_factor": 1.7686320555361201
}