{
    "structural_factor": 0.9433736140908515,
    "functional_factor": 9.0680674235113
}