{
    "structural_factor": 3.7598098383804737,
    "functional_factor": 1.003656975981596
}