{
    "structural_factor": 4.246242559556416,
    "functional_factor": 1.0854937947469459
}