{
    "structural_factor": 4.927059758982315,
    "functional_factor": 1.7600634613214574
}