{
    "structural_factor": 2.2275044277612017,
    "functional_factor": 1.1468593342677613
}