{
    "structural_factor": 1.0249684712966118,
    "functional_factor": 1.1655939656586147
}