{
    "structural_factor": 3.094047931830427,
    "functional_factor": 1.4078919293291237
}