{
    "structural_factor": 1.282862663946952,
    "functional_factor": 1.0931451285192229
}