{
    "structural_factor": 4.454830601723284,
    "functional_factor": 2.480573869218453
}