{
    "structural_factor": 3.4965526226881374,
    "functional_factor": 1.0777383685077577
}