{
    "structural_factor": 3.242307266030271,
    "functional_factor": 1.5300944498952378
}