{
    "structural_factor": 3.5206056683784275,
    "functional_factor": 1.0176123880669734
}