{
    "structural_factor": 2.338203985160278,
    "functional_factor": 1.3182799774586844
}