{
    "structural_factor": 3.272723742192394,
    "functional_factor": 1.1264113082398315
}