{
    "structural_factor": 2.0024697373472518,
    "functional_factor": 1.003407139909203
}