{
    "structural_factor": 1.734750945223135,
    "functional_factor": 1.08086668189092
}