{
    "structural_factor": 1.9895605429616687,
    "functional_factor": 1.038701747807766
}