{
    "structural_factor": 4.786455529304637,
    "functional_factor": 1.212128034514691
}