{
    "structural_factor": 0.8443041944423383,
    "functional_factor": 1.9883737413577587
}