{
    "structural_factor": 3.4934111135691115,
    "functional_factor": 3.166609608760852
}