{
    "structural_factor": 3.5038807355056023,
    "functional_factor": 0.9935740253347519
}