{
    "structural_factor": 0.9142553423605095,
    "functional_factor": 3.100721640229632
}