{
    "structural_factor": 5.01129641971878,
    "functional_factor": 1.048008601471482
}