{
    "structural_factor": 0.9460200198674708,
    "functional_factor": 1.2680209460402687
}