{
    "structural_factor": 4.081145999949601,
    "functional_factor": 2.2368975368341038
}