{
    "structural_factor": 0.983356137669637,
    "functional_factor": 1.1465004794285294
}