{
    "structural_factor": 3.7279991559301107,
    "functional_factor": 2.8258358759650393
}