{
    "structural_factor": 4.257341103769061,
    "functional_factor": 1.0410150387937718
}