{
    "structural_factor": 0.859045119159961,
    "functional_factor": 5.246877246223931
}