{
    "structural_factor": 2.305624502180619,
    "functional_factor": 1.6826458066790724
}