{
    "structural_factor": 2.876583744126335,
    "functional_factor": 1.7860445727770269
}