{
    "structural_factor": 2.6887233557323102,
    "functional_factor": 1.949098352930351
}