{
    "structural_factor": 4.959294971544121,
    "functional_factor": 1.9537010853573353
}