{
    "structural_factor": 1.9657082236263865,
    "functional_factor": 3.7349901092275113
}