{
    "structural_factor": 4.980026869499392,
    "functional_factor": 1.049018879056975
}