{
    "structural_factor": 1.6515967581930229,
    "functional_factor": 2.3688413247747797
}