{
    "structural_factor": 3.9697579555159868,
    "functional_factor": 1.385375259703015
}