{
    "structural_factor": 4.7509989379434705,
    "functional_factor": 1.0195919831350342
}