{
    "structural_factor": 1.004248469003698,
    "functional_factor": 4.508542180459562
}