{
    "structural_factor": 4.560503050602785,
    "functional_factor": 1.3807326846078314
}