{
    "structural_factor": 2.7629594340636117,
    "functional_factor": 1.04190750877811
}