{
    "structural_factor": 3.2015418390538914,
    "functional_factor": 2.5374717765411674
}