{
    "structural_factor": 1.158461831573921,
    "functional_factor": 1.6005131420300005
}