{
    "structural_factor": 5.018432477767186,
    "functional_factor": 1.1328012503089508
}