{
    "structural_factor": 2.0167728228941395,
    "functional_factor": 1.593447389447004
}