{
    "structural_factor": 4.222837395853518,
    "functional_factor": 2.8812494652543132
}