{
    "structural_factor": 4.248379794679953,
    "functional_factor": 1.1907323091272943
}