{
    "structural_factor": 3.2207358837317175,
    "functional_factor": 2.126606367662879
}