{
    "structural_factor": 2.4760479501635797,
    "functional_factor": 1.2064449956650185
}