{
    "structural_factor": 1.741323492969763,
    "functional_factor": 1.049386869270536
}