{
    "structural_factor": 3.2889678961590034,
    "functional_factor": 1.2573479478771195
}