{
    "structural_factor": 4.53558244378702,
    "functional_factor": 1.1272009614997418
}