{
    "structural_factor": 4.520122395292509,
    "functional_factor": 1.0848608007875684
}