{
    "structural_factor": 4.491934902981875,
    "functional_factor": 1.0190585049281722
}