{
    "structural_factor": 3.499854724274468,
    "functional_factor": 0.9999004472834857
}