{
    "structural_factor": 4.5216010391518004,
    "functional_factor": 1.0440349484524705
}