{
    "structural_factor": 3.853683944477275,
    "functional_factor": 1.7159251057179088
}