{
    "structural_factor": 1.7752675131107902,
    "functional_factor": 1.133846558234018
}