{
    "structural_factor": 2.8646804136222226,
    "functional_factor": 1.3004847927168486
}