{
    "structural_factor": 2.824834862885173,
    "functional_factor": 1.5313781291558914
}