{
    "structural_factor": 4.265602462997235,
    "functional_factor": 1.0480777400435675
}