{
    "structural_factor": 0.9810349129883634,
    "functional_factor": 1.502412329061707
}