{
    "structural_factor": 2.5486296627155265,
    "functional_factor": 2.0825485586490253
}