{
    "structural_factor": 2.1723966697035317,
    "functional_factor": 3.527815149636375
}