{
    "structural_factor": 1.2784474847004916,
    "functional_factor": 1.222491771846175
}