{
    "structural_factor": 0.56998776542015,
    "functional_factor": 3.151017233848693
}