{
    "structural_factor": 4.541988353832245,
    "functional_factor": 2.308938420489858
}