{
    "structural_factor": 3.939828716143933,
    "functional_factor": 1.480674390924208
}