{
    "structural_factor": 2.822292406375004,
    "functional_factor": 2.121913416889337
}