{
    "structural_factor": 2.9134097115163433,
    "functional_factor": 1.3655542378428744
}