{
    "structural_factor": 2.801043436522484,
    "functional_factor": 1.1117345528715508
}