{
    "structural_factor": 0.8830734632611347,
    "functional_factor": 1.7793479833125354
}