{
    "structural_factor": 4.703306499506183,
    "functional_factor": 1.7560618998036464
}