{
    "structural_factor": 3.6453284197476243,
    "functional_factor": 1.3699672531977716
}