{
    "structural_factor": 4.252495130306806,
    "functional_factor": 1.003930862072185
}