{
    "structural_factor": 3.2962523717726144,
    "functional_factor": 1.223625952683001
}