{
    "structural_factor": 1.7858847323197096,
    "functional_factor": 1.0567496653149746
}