{
    "structural_factor": 1.5277171929116296,
    "functional_factor": 1.0578063378157052
}