{
    "structural_factor": 1.2907633069402709,
    "functional_factor": 1.1581581563130285
}