{
    "structural_factor": 1.578494869488646,
    "functional_factor": 1.2586544493520553
}