{
    "structural_factor": 4.510536681487612,
    "functional_factor": 1.0413496523633654
}