{
    "structural_factor": 1.0265753056240208,
    "functional_factor": 2.701570364151331
}