{
    "structural_factor": 2.755998114585043,
    "functional_factor": 1.0038429431494003
}