{
    "structural_factor": 1.9996387695385105,
    "functional_factor": 1.0000369819861534
}