{
    "structural_factor": 2.1499598368972226,
    "functional_factor": 2.538208564143532
}