{
    "structural_factor": 3.2909723124807915,
    "functional_factor": 1.2722953899994627
}