{
    "structural_factor": 0.9701956844694061,
    "functional_factor": 3.127322323863178
}