{
    "structural_factor": 2.0024387792211016,
    "functional_factor": 1.0036521397968825
}