{
    "structural_factor": 1.460393050836509,
    "functional_factor": 1.2638180994372947
}