{
    "structural_factor": 1.613813070703816,
    "functional_factor": 3.1722195795467742
}