{
    "structural_factor": 1.4980874183562014,
    "functional_factor": 4.133317874568877
}