{
    "structural_factor": 4.5075037863041345,
    "functional_factor": 1.0747574195118534
}