{
    "structural_factor": 1.4859261553715384,
    "functional_factor": 1.6987633767382548
}