{
    "structural_factor": 4.471895488642843,
    "functional_factor": 1.2137926932759493
}