{
    "structural_factor": 3.7622183898771495,
    "functional_factor": 1.4753226408991171
}