{
    "structural_factor": 2.8409077168656602,
    "functional_factor": 1.1870964167701596
}