{
    "structural_factor": 3.521897149570382,
    "functional_factor": 1.125330883452605
}