{
    "structural_factor": 2.7125058164752986,
    "functional_factor": 1.800901288679337
}