{
    "structural_factor": 3.754205436071913,
    "functional_factor": 1.0173237094813468
}