{
    "structural_factor": 1.6202611418582937,
    "functional_factor": 3.220742039470771
}