{
    "structural_factor": 1.2895666790148652,
    "functional_factor": 1.6541773698579718
}