{
    "structural_factor": 1.2226444970133135,
    "functional_factor": 1.5250430821252225
}