{
    "structural_factor": 4.693634984375814,
    "functional_factor": 1.5424924232571267
}