{
    "structural_factor": 2.873891469114169,
    "functional_factor": 1.2653309237834978
}