{
    "structural_factor": 4.000109522030654,
    "functional_factor": 1.0189891574821592
}