{
    "structural_factor": 4.240975640139246,
    "functional_factor": 1.0385046470711
}