{
    "structural_factor": 1.405951872563698,
    "functional_factor": 8.414203018570698
}