{
    "structural_factor": 4.93630961475816,
    "functional_factor": 2.477270620127608
}