{
    "structural_factor": 3.2563699374432353,
    "functional_factor": 1.077196551218359
}