{
    "structural_factor": 1.0007267377976625,
    "functional_factor": 1.0038329632543443
}