{
    "structural_factor": 2.7611234665767355,
    "functional_factor": 1.0147365314904604
}