{
    "structural_factor": 4.530860941761519,
    "functional_factor": 1.1851569720619182
}