{
    "structural_factor": 4.199257994998487,
    "functional_factor": 2.3332652555617646
}