{
    "structural_factor": 2.890091530649174,
    "functional_factor": 4.5602251483292235
}