{
    "structural_factor": 2.8007604147201697,
    "functional_factor": 2.452123057264983
}