{
    "structural_factor": 3.6537670317026874,
    "functional_factor": 1.5675701142563911
}