{
    "structural_factor": 4.310719512947754,
    "functional_factor": 1.540090610066028
}