{
    "structural_factor": 3.437602837219852,
    "functional_factor": 2.4277537704911727
}