{
    "structural_factor": 4.531011637394213,
    "functional_factor": 3.2543057100627415
}