{
    "structural_factor": 2.979939702490875,
    "functional_factor": 1.9412683223266292
}