{
    "structural_factor": 1.0197344240972,
    "functional_factor": 1.1277830043928847
}