{
    "structural_factor": 1.9835418695052036,
    "functional_factor": 1.9315765620333838
}