{
    "structural_factor": 3.4912077177458505,
    "functional_factor": 1.0491680126833942
}