{
    "structural_factor": 2.50521565065107,
    "functional_factor": 1.0820293045764213
}