{
    "structural_factor": 3.798730104106722,
    "functional_factor": 1.4410660084613827
}