{
    "structural_factor": 1.028135011624366,
    "functional_factor": 1.3414626127083198
}