{
    "structural_factor": 2.0080364776829227,
    "functional_factor": 1.3535431355007748
}