{
    "structural_factor": 0.8025935868980661,
    "functional_factor": 8.3246580323601
}