{
    "structural_factor": 1.687379062137061,
    "functional_factor": 5.842649876005721
}