{
    "structural_factor": 2.410467744027941,
    "functional_factor": 1.7901645098611432
}