{
    "structural_factor": 3.705253724335887,
    "functional_factor": 2.122494811718193
}