{
    "structural_factor": 3.247783316004293,
    "functional_factor": 3.243172068434381
}