{
    "structural_factor": 2.8190384806724147,
    "functional_factor": 1.5315859053332124
}