{
    "structural_factor": 0.9762797320558058,
    "functional_factor": 1.2988443850741678
}