{
    "structural_factor": 2.2975183066904035,
    "functional_factor": 1.1035449052732582
}