{
    "structural_factor": 3.597465529796004,
    "functional_factor": 5.303932243987822
}