{
    "structural_factor": 3.3014685192851374,
    "functional_factor": 1.3146872602192266
}