{
    "structural_factor": 2.8386982084251837,
    "functional_factor": 3.3260410238317237
}