{
    "structural_factor": 3.9860247426288034,
    "functional_factor": 1.5457076402309313
}