{
    "structural_factor": 3.7536968721585495,
    "functional_factor": 1.0354150392745292
}