{
    "structural_factor": 5.03545643567447,
    "functional_factor": 1.2927473385198556
}