{
    "structural_factor": 2.5784055748966344,
    "functional_factor": 2.26939587431475
}