{
    "structural_factor": 4.300049723093738,
    "functional_factor": 1.1819298241894791
}