{
    "structural_factor": 1.766130259042346,
    "functional_factor": 1.0334115097311354
}