{
    "structural_factor": 4.509544382945544,
    "functional_factor": 1.019333448961511
}