{
    "structural_factor": 1.9229194022949538,
    "functional_factor": 1.3953203046039129
}