{
    "structural_factor": 1.0713484859698532,
    "functional_factor": 2.029527369756172
}