{
    "structural_factor": 1.0044984164629267,
    "functional_factor": 1.0351656141055978
}