{
    "structural_factor": 3.136762165798154,
    "functional_factor": 1.7898756812055217
}