{
    "structural_factor": 3.0828927729088265,
    "functional_factor": 1.9107974232195917
}