{
    "structural_factor": 4.2054887958375335,
    "functional_factor": 1.8146693141972767
}