{
    "structural_factor": 2.3231260138232104,
    "functional_factor": 3.240571214318654
}