{
    "structural_factor": 1.8733389402464544,
    "functional_factor": 2.2876292007366716
}