{
    "structural_factor": 1.8677189323306138,
    "functional_factor": 2.261750233961451
}