{
    "structural_factor": 4.576219606033991,
    "functional_factor": 3.4221494178578262
}