{
    "structural_factor": 1.47177426865532,
    "functional_factor": 1.2240370724194733
}