{
    "structural_factor": 1.9952179303926787,
    "functional_factor": 1.0064725173181859
}