{
    "structural_factor": 3.253082518814015,
    "functional_factor": 0.9941350703912003
}