{
    "structural_factor": 1.0220723028814376,
    "functional_factor": 2.022860501428691
}