{
    "structural_factor": 4.504773372619615,
    "functional_factor": 1.017131875703148
}