{
    "structural_factor": 3.042080187104932,
    "functional_factor": 1.0690354862019895
}