{
    "structural_factor": 1.6046663463494601,
    "functional_factor": 1.6123967401103976
}