{
    "structural_factor": 4.236831462946008,
    "functional_factor": 1.3007336750916765
}