{
    "structural_factor": 1.2497723394735605,
    "functional_factor": 1.0000257706968314
}