{
    "structural_factor": 1.7544192438290682,
    "functional_factor": 0.9951488942159461
}