{
    "structural_factor": 3.290102980923491,
    "functional_factor": 1.366774520092191
}