{
    "structural_factor": 5.01140338849407,
    "functional_factor": 1.0845720661044
}