{
    "structural_factor": 0.6130262604764566,
    "functional_factor": 3.3481482560753473
}