{
    "structural_factor": 4.011834420419889,
    "functional_factor": 2.111487317785967
}