{
    "structural_factor": 1.807602501419175,
    "functional_factor": 1.6611747366074237
}