{
    "structural_factor": 4.053565992094667,
    "functional_factor": 1.3744057185069898
}