{
    "structural_factor": 1.7233495693456766,
    "functional_factor": 2.063048658445781
}