{
    "structural_factor": 3.8376085988930777,
    "functional_factor": 1.9674049657478963
}