{
    "structural_factor": 2.3493405925309037,
    "functional_factor": 3.7256779728993785
}