{
    "structural_factor": 3.9107296990499987,
    "functional_factor": 2.1910385319841605
}