{
    "structural_factor": 1.7407149618710456,
    "functional_factor": 8.605318376177708
}