{
    "structural_factor": 2.0338486499210657,
    "functional_factor": 1.060469370185678
}