{
    "structural_factor": 2.9969363079727493,
    "functional_factor": 1.0185971598704138
}