{
    "structural_factor": 1.0033743880531678,
    "functional_factor": 1.0150206625713338
}