{
    "structural_factor": 3.664383248379915,
    "functional_factor": 2.5510192002190415
}