{
    "structural_factor": 3.4641552588415183,
    "functional_factor": 1.106316809731619
}