{
    "structural_factor": 1.1608997028700205,
    "functional_factor": 1.7114124945705516
}