{
    "structural_factor": 4.717812881653809,
    "functional_factor": 1.3868470727532924
}