{
    "structural_factor": 2.5194059534880164,
    "functional_factor": 2.5858158396345208
}