{
    "structural_factor": 2.002495990958884,
    "functional_factor": 1.0387664673782924
}