{
    "structural_factor": 2.000176551396111,
    "functional_factor": 1.2826350174828516
}