{
    "structural_factor": 1.940977997755912,
    "functional_factor": 2.188133613147031
}