{
    "structural_factor": 4.909586401830879,
    "functional_factor": 1.22237009051906
}