{
    "structural_factor": 3.9983147078074013,
    "functional_factor": 1.019315392027955
}