{
    "structural_factor": 4.435383028238002,
    "functional_factor": 1.4206438634200032
}