{
    "structural_factor": 4.521745774775375,
    "functional_factor": 4.45344584867181
}