{
    "structural_factor": 4.10260568190284,
    "functional_factor": 1.1554784361316117
}