{
    "structural_factor": 2.517749139833032,
    "functional_factor": 1.033942267473421
}