{
    "structural_factor": 2.390086393884347,
    "functional_factor": 4.02005730152195
}