{
    "structural_factor": 1.8388959428812575,
    "functional_factor": 1.4734872625258946
}