{
    "structural_factor": 2.7504579299608647,
    "functional_factor": 1.1197267835761944
}