{
    "structural_factor": 1.9130300782880998,
    "functional_factor": 1.270096274129565
}