{
    "structural_factor": 3.055933280108322,
    "functional_factor": 3.2045646058776587
}