{
    "structural_factor": 3.7631720733701886,
    "functional_factor": 1.0395056309422956
}