{
    "structural_factor": 2.503581313342097,
    "functional_factor": 0.9974726884332561
}