{
    "structural_factor": 3.7506743799331637,
    "functional_factor": 1.0048182651198623
}