{
    "structural_factor": 1.0895492399815914,
    "functional_factor": 10.685234308230063
}