{
    "structural_factor": 1.8781809513454193,
    "functional_factor": 3.595750167402036
}