{
    "structural_factor": 4.251252581414158,
    "functional_factor": 0.9995521885634628
}