{
    "structural_factor": 0.9862272351834166,
    "functional_factor": 1.0790984170728533
}