{
    "structural_factor": 1.0347822761657632,
    "functional_factor": 2.4737803818784436
}