{
    "structural_factor": 2.507465333105227,
    "functional_factor": 0.9928648118076394
}