{
    "structural_factor": 2.6700646088809634,
    "functional_factor": 2.567679297242552
}