{
    "structural_factor": 1.9312785865398074,
    "functional_factor": 1.4218195103376499
}