{
    "structural_factor": 1.250326604338396,
    "functional_factor": 0.9960818126169961
}