{
    "structural_factor": 2.896683756827172,
    "functional_factor": 5.944382681905337
}