{
    "structural_factor": 0.9660545931232102,
    "functional_factor": 2.8402532872858006
}