{
    "structural_factor": 1.3200032179026788,
    "functional_factor": 3.306650167249816
}