{
    "structural_factor": 4.250544678055948,
    "functional_factor": 0.9941946154589918
}