{
    "structural_factor": 2.2818366411118727,
    "functional_factor": 1.9337914457958987
}