{
    "structural_factor": 4.512303479464597,
    "functional_factor": 0.9947292788389817
}