{
    "structural_factor": 3.390361292099377,
    "functional_factor": 1.3669916458344396
}