{
    "structural_factor": 2.504924615114689,
    "functional_factor": 1.0393756404330456
}