{
    "structural_factor": 1.2433757403901995,
    "functional_factor": 1.185440421823299
}