{
    "structural_factor": 4.30732822894623,
    "functional_factor": 1.264818020365007
}