{
    "structural_factor": 2.744442031126422,
    "functional_factor": 1.0172232017774174
}