{
    "structural_factor": 2.4406629469928456,
    "functional_factor": 1.7616996140955405
}