{
    "structural_factor": 2.512681370969546,
    "functional_factor": 1.0147287021154712
}