{
    "structural_factor": 2.9996286269301256,
    "functional_factor": 0.9999787654493367
}