{
    "structural_factor": 2.7596062669785515,
    "functional_factor": 0.9937728122111913
}