{
    "structural_factor": 2.4159453567786353,
    "functional_factor": 3.252426366951724
}