{
    "structural_factor": 3.0686846890110338,
    "functional_factor": 1.3966792275215947
}