{
    "structural_factor": 3.022395426061873,
    "functional_factor": 1.0318584586311688
}