{
    "structural_factor": 1.0023887925379422,
    "functional_factor": 1.0128268531912143
}