{
    "structural_factor": 1.804742049668613,
    "functional_factor": 1.5526105548676978
}