{
    "structural_factor": 3.9530458666048527,
    "functional_factor": 1.0763793256600738
}