{
    "structural_factor": 1.2353236850439067,
    "functional_factor": 1.114502746008206
}