{
    "structural_factor": 3.158553681664392,
    "functional_factor": 2.6353265020749967
}