{
    "structural_factor": 2.474841978324506,
    "functional_factor": 1.5274686636762225
}