{
    "structural_factor": 2.749554247332384,
    "functional_factor": 0.9999997727262879
}