{
    "structural_factor": 2.2509657349909302,
    "functional_factor": 3.4329834089759683
}