{
    "structural_factor": 2.2019866267784867,
    "functional_factor": 1.7745384781825475
}