{
    "structural_factor": 3.5124471950020215,
    "functional_factor": 1.130848988549102
}