{
    "structural_factor": 2.085434922435998,
    "functional_factor": 5.857957217408826
}