{
    "structural_factor": 3.2526071947811688,
    "functional_factor": 1.00439003874756
}