{
    "structural_factor": 1.2574897475075248,
    "functional_factor": 1.0337406156647837
}