{
    "structural_factor": 0.9789128355179499,
    "functional_factor": 1.1145840102822526
}