{
    "structural_factor": 3.4991293880805716,
    "functional_factor": 1.11604179653603
}