{
    "structural_factor": 2.249620907479845,
    "functional_factor": 1.0000046478424558
}