{
    "structural_factor": 2.0078969182368684,
    "functional_factor": 0.9898852076781995
}