{
    "structural_factor": 3.205895217948489,
    "functional_factor": 1.4754672323115652
}