{
    "structural_factor": 2.702670479086137,
    "functional_factor": 10.000237510103675
}