{
    "structural_factor": 3.26239108714967,
    "functional_factor": 1.0175956532449868
}