{
    "structural_factor": 1.5129158923065342,
    "functional_factor": 1.0332415723086703
}