{
    "structural_factor": 1.2482482434617719,
    "functional_factor": 1.0048284272554144
}