{
    "structural_factor": 0.9433257784229543,
    "functional_factor": 4.2206047115239835
}