{
    "structural_factor": 1.7902362595961439,
    "functional_factor": 1.6770541116693916
}