{
    "structural_factor": 2.4293545612572234,
    "functional_factor": 6.210510197084907
}