{
    "structural_factor": 3.341778506692566,
    "functional_factor": 8.176781981092967
}