{
    "structural_factor": 4.5525598249602774,
    "functional_factor": 1.6063945858191744
}