{
    "structural_factor": 2.1942208114242714,
    "functional_factor": 1.3565508653850575
}