{
    "structural_factor": 3.760878502846811,
    "functional_factor": 2.6006240958387243
}