{
    "structural_factor": 1.8685435723555714,
    "functional_factor": 2.0756815391370145
}