{
    "structural_factor": 4.555928586793897,
    "functional_factor": 1.5428270545195055
}