{
    "structural_factor": 0.9985099752599638,
    "functional_factor": 1.0034707272003318
}