{
    "structural_factor": 2.290948533068916,
    "functional_factor": 4.645958005363821
}