{
    "structural_factor": 4.0699379104005144,
    "functional_factor": 1.773804528645013
}