{
    "structural_factor": 1.1673156936442108,
    "functional_factor": 3.5117579912436394
}