{
    "structural_factor": 3.5571841037378236,
    "functional_factor": 3.2424941733206087
}