{
    "structural_factor": 1.3029528513927933,
    "functional_factor": 1.2911711678218805
}