{
    "structural_factor": 3.733539033988075,
    "functional_factor": 1.075178602524593
}