{
    "structural_factor": 3.2516748281835786,
    "functional_factor": 0.9955545723287158
}