{
    "structural_factor": 3.230674749784167,
    "functional_factor": 2.0045061085487412
}