{
    "structural_factor": 3.7442475967170736,
    "functional_factor": 1.0408279745095226
}