{
    "structural_factor": 1.2209975782062763,
    "functional_factor": 4.332144861533463
}