{
    "structural_factor": 4.031634181232405,
    "functional_factor": 1.189187061958499
}