{
    "structural_factor": 3.2662027959883297,
    "functional_factor": 1.184912993553584
}