{
    "structural_factor": 0.9970830879332077,
    "functional_factor": 1.0130023309036333
}