{
    "structural_factor": 1.978411334183422,
    "functional_factor": 2.94135882128022
}