{
    "structural_factor": 3.8344334933672486,
    "functional_factor": 2.0626092899447186
}