{
    "structural_factor": 5.003980879884964,
    "functional_factor": 1.0861823331541254
}