{
    "structural_factor": 3.6254236058369673,
    "functional_factor": 3.54221342544924
}