{
    "structural_factor": 1.7536037364298676,
    "functional_factor": 1.7773430884133596
}