{
    "structural_factor": 1.4091575968102061,
    "functional_factor": 1.1796602849629032
}