{
    "structural_factor": 1.6766682785267732,
    "functional_factor": 3.253956322068802
}