{
    "structural_factor": 3.0352498406640436,
    "functional_factor": 2.6447176107394466
}