{
    "structural_factor": 2.1601237896259176,
    "functional_factor": 1.2177832331131446
}