{
    "structural_factor": 1.5296032751820134,
    "functional_factor": 1.0553820615522933
}