{
    "structural_factor": 0.9943890211194496,
    "functional_factor": 1.0474454127414514
}