{
    "structural_factor": 2.1570909998824397,
    "functional_factor": 1.9854038910843272
}