{
    "structural_factor": 2.49956787296673,
    "functional_factor": 1.0000030327936276
}