{
    "structural_factor": 1.1992368820359307,
    "functional_factor": 1.351609329841991
}