{
    "structural_factor": 4.549339111705081,
    "functional_factor": 1.238672039771241
}