{
    "structural_factor": 1.8583668693136295,
    "functional_factor": 4.7081532570293785
}