{
    "structural_factor": 2.783888225178635,
    "functional_factor": 1.118504072121435
}