{
    "structural_factor": 1.1975928879301514,
    "functional_factor": 1.2406720638526947
}