{
    "structural_factor": 1.4030022462630918,
    "functional_factor": 3.1405493459312943
}