{
    "structural_factor": 2.9596303976696667,
    "functional_factor": 1.5326483378708218
}