{
    "structural_factor": 1.9915699370475661,
    "functional_factor": 1.0476451736576717
}