{
    "structural_factor": 4.67156199781926,
    "functional_factor": 2.5551357927762934
}