{
    "structural_factor": 0.8367486806100365,
    "functional_factor": 7.771751673567051
}