{
    "structural_factor": 1.7936497970103433,
    "functional_factor": 8.994168973165316
}