{
    "structural_factor": 3.013444908519865,
    "functional_factor": 0.9938374816439904
}