{
    "structural_factor": 2.5030128345691036,
    "functional_factor": 1.0035266469880961
}