{
    "structural_factor": 2.8721773237885437,
    "functional_factor": 1.5510879385798921
}