{
    "structural_factor": 1.8231125788136835,
    "functional_factor": 1.3387212860537898
}