{
    "structural_factor": 0.7803854726982217,
    "functional_factor": 3.1953951840270247
}