{
    "structural_factor": 4.3067017447132105,
    "functional_factor": 2.9428806502989233
}