{
    "structural_factor": 1.4948682488130602,
    "functional_factor": 1.0163616637951074
}