{
    "structural_factor": 2.5525929670958396,
    "functional_factor": 4.057090650174652
}