{
    "structural_factor": 3.097100017463331,
    "functional_factor": 3.1500635600135762
}