{
    "structural_factor": 2.0175386419462957,
    "functional_factor": 1.9992908827751779
}