{
    "structural_factor": 3.5466675034649304,
    "functional_factor": 1.5605041375300788
}