{
    "structural_factor": 3.93824418969013,
    "functional_factor": 1.5414099355607775
}