{
    "structural_factor": 4.84883020132091,
    "functional_factor": 1.522012557042605
}