{
    "structural_factor": 0.9840296783635407,
    "functional_factor": 1.4864852667312527
}