{
    "structural_factor": 3.2480767702582276,
    "functional_factor": 1.0192490565482568
}