{
    "structural_factor": 2.7674421561097033,
    "functional_factor": 1.0270579278530967
}