{
    "structural_factor": 1.1640362262611015,
    "functional_factor": 3.8813964901935565
}