{
    "structural_factor": 3.509257492461795,
    "functional_factor": 1.0399800378714315
}