{
    "structural_factor": 3.937876519001239,
    "functional_factor": 1.5015158595812697
}