{
    "structural_factor": 4.036177023753898,
    "functional_factor": 4.523655461495663
}