{
    "structural_factor": 2.9904220636921246,
    "functional_factor": 2.0173050657316507
}