{
    "structural_factor": 2.8927461143378785,
    "functional_factor": 5.213009855319757
}