{
    "structural_factor": 3.4799970591498353,
    "functional_factor": 2.8159994873058394
}