{
    "structural_factor": 3.7323858204758396,
    "functional_factor": 1.1456737548669391
}