{
    "structural_factor": 2.9994742919870343,
    "functional_factor": 0.9999973291208158
}