{
    "structural_factor": 4.771637614822656,
    "functional_factor": 1.017811120708209
}