{
    "structural_factor": 4.00869248432463,
    "functional_factor": 1.002114902146138
}