{
    "structural_factor": 1.2846003150340708,
    "functional_factor": 1.0995214983544361
}