{
    "structural_factor": 1.9804387255799976,
    "functional_factor": 1.4938679967475694
}