{
    "structural_factor": 2.806070805224484,
    "functional_factor": 1.1862708415895293
}