{
    "structural_factor": 2.251359563490092,
    "functional_factor": 1.0038153537237875
}