{
    "structural_factor": 3.1873383563372397,
    "functional_factor": 5.971965992442773
}