{
    "structural_factor": 1.532764558997425,
    "functional_factor": 1.3407261420692052
}