{
    "structural_factor": 4.53087147979235,
    "functional_factor": 1.136100881635999
}