{
    "structural_factor": 4.760922940732116,
    "functional_factor": 1.0183998976287474
}