{
    "structural_factor": 2.0593290921844924,
    "functional_factor": 1.225633695402679
}