{
    "structural_factor": 3.245831729285492,
    "functional_factor": 1.0715868369260062
}