{
    "structural_factor": 2.495073664843076,
    "functional_factor": 1.0045429517496225
}