{
    "structural_factor": 5.018959471969516,
    "functional_factor": 1.0792376845277554
}