{
    "structural_factor": 2.760731459211879,
    "functional_factor": 1.1262844203689413
}