{
    "structural_factor": 1.7165078958379147,
    "functional_factor": 1.1371552446653492
}