{
    "structural_factor": 0.8591663636129844,
    "functional_factor": 7.021922060994154
}