{
    "structural_factor": 1.7670551787163236,
    "functional_factor": 1.032592212647191
}