{
    "structural_factor": 3.232355676384658,
    "functional_factor": 1.2066178320983676
}