{
    "structural_factor": 1.4750716032341915,
    "functional_factor": 1.133648557103465
}