{
    "structural_factor": 2.7197085759586117,
    "functional_factor": 1.8172918558893298
}