{
    "structural_factor": 4.792686634961256,
    "functional_factor": 4.464074051686735
}