{
    "structural_factor": 3.0545697655476407,
    "functional_factor": 1.398114607195156
}