{
    "structural_factor": 1.5049458308140446,
    "functional_factor": 1.0030733654341235
}