{
    "structural_factor": 3.068909940590814,
    "functional_factor": 1.3575528987820447
}