{
    "structural_factor": 1.7585599651387593,
    "functional_factor": 1.0131792165352256
}