{
    "structural_factor": 2.020481748867972,
    "functional_factor": 1.0330407763401614
}