{
    "structural_factor": 4.518060497437124,
    "functional_factor": 1.189615751198348
}