{
    "structural_factor": 1.749909188900742,
    "functional_factor": 1.4081510770140213
}