{
    "structural_factor": 3.525110011535524,
    "functional_factor": 2.1797847877948597
}