{
    "structural_factor": 2.585118255780067,
    "functional_factor": 1.5763579121521722
}