{
    "structural_factor": 3.532179156764483,
    "functional_factor": 1.3456591839048615
}