{
    "structural_factor": 2.210195039714128,
    "functional_factor": 1.5368420827417157
}