{
    "structural_factor": 3.3410254773294423,
    "functional_factor": 1.6308634033605276
}