{
    "structural_factor": 2.590465487661274,
    "functional_factor": 1.4730247647101362
}