{
    "structural_factor": 4.281509759925132,
    "functional_factor": 1.2857344497905174
}