{
    "structural_factor": 1.8058228457531567,
    "functional_factor": 1.3580975652330602
}