{
    "structural_factor": 1.2932862712160427,
    "functional_factor": 1.4215824370919015
}