{
    "structural_factor": 1.0879420558161845,
    "functional_factor": 3.801305752177222
}