{
    "structural_factor": 2.00547183785257,
    "functional_factor": 1.0158834125335374
}