{
    "structural_factor": 4.083340504369157,
    "functional_factor": 1.215055243556015
}