{
    "structural_factor": 3.1538969167298956,
    "functional_factor": 2.180499920065369
}