{
    "structural_factor": 2.870413868306728,
    "functional_factor": 3.5791742911717046
}