{
    "structural_factor": 1.5579718730372347,
    "functional_factor": 2.2079766468519306
}