{
    "structural_factor": 2.7982431115730915,
    "functional_factor": 1.0619623725246732
}