{
    "structural_factor": 1.6900577985536933,
    "functional_factor": 1.3485492329387099
}