{
    "structural_factor": 3.7330277994635437,
    "functional_factor": 1.5409719189280358
}