{
    "structural_factor": 3.7569716638904884,
    "functional_factor": 1.0170747093262438
}