{
    "structural_factor": 3.349671041409226,
    "functional_factor": 3.7653589004102357
}