{
    "structural_factor": 3.4969757300752318,
    "functional_factor": 1.1404876383938307
}