{
    "structural_factor": 2.9288838504224777,
    "functional_factor": 9.525987350592322
}