{
    "structural_factor": 3.2327044492098307,
    "functional_factor": 2.474300905148725
}