{
    "structural_factor": 3.5543519884380843,
    "functional_factor": 1.5532973978199307
}