{
    "structural_factor": 4.801457226774173,
    "functional_factor": 1.1750775381758225
}