{
    "structural_factor": 4.766081328375769,
    "functional_factor": 0.9928567346999622
}