{
    "structural_factor": 0.964991325656539,
    "functional_factor": 1.22901236448651
}