{
    "structural_factor": 0.9762681157872535,
    "functional_factor": 1.0765686421616492
}