{
    "structural_factor": 2.829499282898343,
    "functional_factor": 1.292150840840449
}