{
    "structural_factor": 0.9993917414873604,
    "functional_factor": 7.781793292059011
}