{
    "structural_factor": 5.006502189589567,
    "functional_factor": 1.04672019066544
}