{
    "structural_factor": 4.835307716044316,
    "functional_factor": 1.655224841260983
}