{
    "structural_factor": 1.301048985682607,
    "functional_factor": 1.6955191566532222
}