{
    "structural_factor": 4.207006777381784,
    "functional_factor": 1.5013457411615674
}