{
    "structural_factor": 1.9225283784553338,
    "functional_factor": 1.566340493961408
}