{
    "structural_factor": 1.498456880393288,
    "functional_factor": 1.038417530578072
}