{
    "structural_factor": 1.7848338884086654,
    "functional_factor": 2.002931967992116
}