{
    "structural_factor": 4.259430090956086,
    "functional_factor": 1.0217214791474725
}