{
    "structural_factor": 3.018006357435326,
    "functional_factor": 1.1058501824669305
}