{
    "structural_factor": 4.752803477503901,
    "functional_factor": 1.019713816952075
}