{
    "structural_factor": 4.763791234203384,
    "functional_factor": 1.0714707549351807
}