{
    "structural_factor": 3.5487294360504484,
    "functional_factor": 1.278798210855659
}