{
    "structural_factor": 2.515411988095114,
    "functional_factor": 1.1272409041735367
}