{
    "structural_factor": 3.158699854560609,
    "functional_factor": 4.6320087883035725
}