{
    "structural_factor": 2.2326924387676517,
    "functional_factor": 1.166730130641267
}