{
    "structural_factor": 2.468628002907547,
    "functional_factor": 1.536339243690633
}