{
    "structural_factor": 4.506139339392827,
    "functional_factor": 1.0199521203207762
}