{
    "structural_factor": 3.017976402476251,
    "functional_factor": 0.991511392354815
}