{
    "structural_factor": 4.73332727975294,
    "functional_factor": 1.080622348042991
}