{
    "structural_factor": 1.0395716935729256,
    "functional_factor": 3.8652387533645913
}