{
    "structural_factor": 3.0731635921888776,
    "functional_factor": 4.361303088356561
}