{
    "structural_factor": 1.4695988280013317,
    "functional_factor": 5.032414751277518
}