{
    "structural_factor": 2.749563880412381,
    "functional_factor": 0.999987344162704
}