{
    "structural_factor": 2.743511260001648,
    "functional_factor": 1.069446691213657
}