{
    "structural_factor": 3.708784748187927,
    "functional_factor": 1.1058248226207037
}