{
    "structural_factor": 4.249903066551166,
    "functional_factor": 1.0207594282753496
}