{
    "structural_factor": 4.509928667511863,
    "functional_factor": 1.002846241749477
}