{
    "structural_factor": 3.252846937384952,
    "functional_factor": 1.0040700105004958
}