{
    "structural_factor": 1.413979967967887,
    "functional_factor": 2.0316691843276184
}