{
    "structural_factor": 3.742371979819899,
    "functional_factor": 2.4038178355683066
}