{
    "structural_factor": 3.7924482447001004,
    "functional_factor": 1.2007904008289036
}