{
    "structural_factor": 4.2539217565166805,
    "functional_factor": 0.9925786107662465
}