{
    "structural_factor": 0.8920949557463423,
    "functional_factor": 4.336809275356316
}