{
    "structural_factor": 2.2586740350451553,
    "functional_factor": 1.3603420361459024
}