{
    "structural_factor": 2.549679596002853,
    "functional_factor": 1.6748830543113844
}