{
    "structural_factor": 0.602695043448146,
    "functional_factor": 4.012351739012487
}