{
    "structural_factor": 3.5295704078025434,
    "functional_factor": 1.1844079414028448
}