{
    "structural_factor": 4.269108052583279,
    "functional_factor": 1.1928866607124253
}