{
    "structural_factor": 2.764434563945578,
    "functional_factor": 1.0387714767521798
}