{
    "structural_factor": 2.0193688139995953,
    "functional_factor": 3.9802220244138775
}