{
    "structural_factor": 3.4763712475919357,
    "functional_factor": 1.3337831341905066
}