{
    "structural_factor": 4.18552638729214,
    "functional_factor": 2.551736607955829
}