{
    "structural_factor": 3.750273489637956,
    "functional_factor": 0.9997422557092185
}