{
    "structural_factor": 2.2023997664071624,
    "functional_factor": 1.5019328236504044
}