{
    "structural_factor": 3.8134988615600047,
    "functional_factor": 2.9376025230414458
}