{
    "structural_factor": 2.510741169672886,
    "functional_factor": 1.0141836729256954
}