{
    "structural_factor": 2.5706456141214695,
    "functional_factor": 1.386192169453361
}