{
    "structural_factor": 4.811183891318556,
    "functional_factor": 1.5471910393052681
}