{
    "structural_factor": 2.382511865758437,
    "functional_factor": 3.9282142216902716
}