{
    "structural_factor": 2.3082180482806973,
    "functional_factor": 3.523763677664405
}