{
    "structural_factor": 4.748471254249005,
    "functional_factor": 1.1448648608850134
}