{
    "structural_factor": 2.0847540263862423,
    "functional_factor": 1.4956647839968862
}