{
    "structural_factor": 3.1221848048485388,
    "functional_factor": 1.152180227849456
}