{
    "structural_factor": 1.2525739656849395,
    "functional_factor": 0.9944049911936059
}