{
    "structural_factor": 2.8400861271871696,
    "functional_factor": 1.859097242986202
}