{
    "structural_factor": 1.5060018673581184,
    "functional_factor": 1.0139437955806763
}