{
    "structural_factor": 2.511975628267869,
    "functional_factor": 1.018797812487439
}