{
    "structural_factor": 2.7574146721107624,
    "functional_factor": 2.1048797250890736
}