{
    "structural_factor": 1.236748978707811,
    "functional_factor": 3.978478684596998
}