{
    "structural_factor": 4.995855465312413,
    "functional_factor": 1.0204432257960458
}