{
    "structural_factor": 1.2090903071781793,
    "functional_factor": 2.6076317878205564
}