{
    "structural_factor": 2.2768393277421395,
    "functional_factor": 1.034130960759805
}