{
    "structural_factor": 1.002231219064277,
    "functional_factor": 1.0142501417691174
}