{
    "structural_factor": 3.9826049171713724,
    "functional_factor": 2.4685332079894335
}