{
    "structural_factor": 4.756122749985091,
    "functional_factor": 1.019158691220023
}