{
    "structural_factor": 3.7495367420789534,
    "functional_factor": 1.42150886178002
}