{
    "structural_factor": 1.2497725622288438,
    "functional_factor": 1.0000121951872185
}