{
    "structural_factor": 1.7139123207189892,
    "functional_factor": 1.9354054502163582
}