{
    "structural_factor": 0.37419759377234807,
    "functional_factor": 8.183618264040502
}