{
    "structural_factor": 3.7744071185454544,
    "functional_factor": 3.548042275393719
}