{
    "structural_factor": 3.499747942893336,
    "functional_factor": 0.9999206466964035
}