{
    "structural_factor": 4.427349102861763,
    "functional_factor": 2.4443579424138697
}