{
    "structural_factor": 4.697868187456486,
    "functional_factor": 1.4516831938216508
}