{
    "structural_factor": 0.9998508028804778,
    "functional_factor": 1.0000015329280014
}