{
    "structural_factor": 1.7537401115591928,
    "functional_factor": 1.782300545166662
}