{
    "structural_factor": 4.268209444714979,
    "functional_factor": 1.0807505740861318
}