{
    "structural_factor": 3.619330953889108,
    "functional_factor": 2.2364618239975895
}