{
    "structural_factor": 3.3088607723788996,
    "functional_factor": 1.2656542641876536
}