{
    "structural_factor": 3.4512703269711507,
    "functional_factor": 1.0750785693905305
}