{
    "structural_factor": 4.251784842082544,
    "functional_factor": 1.0039764881432598
}