{
    "structural_factor": 4.761961534321345,
    "functional_factor": 1.0023792354776317
}