{
    "structural_factor": 3.597657812972425,
    "functional_factor": 1.6916551060794167
}