{
    "structural_factor": 2.4959443322694375,
    "functional_factor": 1.0169758048647333
}