{
    "structural_factor": 0.9921118587705233,
    "functional_factor": 1.0423618266981929
}