{
    "structural_factor": 5.000732594231889,
    "functional_factor": 1.1919119159590699
}