{
    "structural_factor": 2.0091979828700834,
    "functional_factor": 0.9990629138762684
}