{
    "structural_factor": 2.8799038155211276,
    "functional_factor": 2.302245791989775
}