{
    "structural_factor": 0.6277278124792556,
    "functional_factor": 3.8492897556323813
}