{
    "structural_factor": 3.769613421176954,
    "functional_factor": 2.5702695592876803
}