{
    "structural_factor": 4.251304532259074,
    "functional_factor": 1.0049162988443454
}