{
    "structural_factor": 4.160878221724746,
    "functional_factor": 1.7333601751388639
}