{
    "structural_factor": 1.2623170210641028,
    "functional_factor": 4.111514673533356
}