{
    "structural_factor": 4.056626411814402,
    "functional_factor": 1.2404256336129202
}