{
    "structural_factor": 0.3376393936989727,
    "functional_factor": 7.466935465726101
}