{
    "structural_factor": 1.4343448626437707,
    "functional_factor": 3.178618614441791
}