{
    "structural_factor": 3.108428591844927,
    "functional_factor": 1.9986270534429147
}