{
    "structural_factor": 0.8608264636518926,
    "functional_factor": 1.6891451525621832
}