{
    "structural_factor": 1.815684751921103,
    "functional_factor": 1.3230564473658886
}