{
    "structural_factor": 3.7359729462807825,
    "functional_factor": 1.9469497444239239
}