{
    "structural_factor": 1.5371471731642523,
    "functional_factor": 1.097977943656364
}