{
    "structural_factor": 3.2433921393091643,
    "functional_factor": 1.5327629599650021
}