{
    "structural_factor": 1.7899201519859667,
    "functional_factor": 1.1067469045521487
}