{
    "structural_factor": 3.0857245427647144,
    "functional_factor": 2.3356451326702534
}