{
    "structural_factor": 1.7614027422393868,
    "functional_factor": 1.0230354439804623
}