{
    "structural_factor": 4.020231439170949,
    "functional_factor": 1.1228378972372446
}