{
    "structural_factor": 4.215753539679147,
    "functional_factor": 1.4221489649191965
}