{
    "structural_factor": 1.9955324412511943,
    "functional_factor": 6.34755479365972
}