{
    "structural_factor": 3.8040955543600905,
    "functional_factor": 1.5516287600850465
}