{
    "structural_factor": 3.258408230212668,
    "functional_factor": 1.0160125107125326
}