{
    "structural_factor": 4.276057942129863,
    "functional_factor": 1.2690920842726043
}