{
    "structural_factor": 3.5280632692090457,
    "functional_factor": 1.1265088902769913
}