{
    "structural_factor": 4.485107632193576,
    "functional_factor": 1.0187393889351306
}