{
    "structural_factor": 1.037159743413321,
    "functional_factor": 1.1919025307614102
}