{
    "structural_factor": 1.823937956865412,
    "functional_factor": 9.450549585508005
}