{
    "structural_factor": 1.1439215655300552,
    "functional_factor": 1.350292620408439
}