{
    "structural_factor": 0.9969539055193878,
    "functional_factor": 1.7411847678706824
}