{
    "structural_factor": 3.0472569514165744,
    "functional_factor": 1.1221685468337443
}