{
    "structural_factor": 3.752944183578114,
    "functional_factor": 1.134739323570527
}