{
    "structural_factor": 4.786159897161456,
    "functional_factor": 1.1278564652184593
}