{
    "structural_factor": 4.3326562394515244,
    "functional_factor": 1.2134200753646858
}