{
    "structural_factor": 2.3089202340112336,
    "functional_factor": 1.1056009344210125
}