{
    "structural_factor": 2.6073434541740683,
    "functional_factor": 2.4591842025697037
}