{
    "structural_factor": 2.499584889839936,
    "functional_factor": 1.0000003635538397
}