{
    "structural_factor": 4.180764239933244,
    "functional_factor": 1.5548147458091335
}