{
    "structural_factor": 3.391412274170709,
    "functional_factor": 3.212824860252185
}