{
    "structural_factor": 2.05667307211141,
    "functional_factor": 1.1421954971859045
}