{
    "structural_factor": 2.7496214700974706,
    "functional_factor": 0.9999860814846993
}