{
    "structural_factor": 2.49349930012748,
    "functional_factor": 1.1983625144920649
}