{
    "structural_factor": 3.7557623632243406,
    "functional_factor": 1.0187923021951641
}