{
    "structural_factor": 1.7637135681215295,
    "functional_factor": 0.9892795334308782
}