{
    "structural_factor": 1.499751185100701,
    "functional_factor": 1.0000235682479586
}