{
    "structural_factor": 4.752658128763047,
    "functional_factor": 1.0048911293352354
}