{
    "structural_factor": 2.914786034636322,
    "functional_factor": 1.9892686950736072
}