{
    "structural_factor": 1.0490744819368576,
    "functional_factor": 7.64240040003547
}