{
    "structural_factor": 4.753695967908212,
    "functional_factor": 1.041973331701125
}