{
    "structural_factor": 3.2953791895487274,
    "functional_factor": 1.1252537533864038
}