{
    "structural_factor": 3.9762222090016377,
    "functional_factor": 2.5799722596220893
}