{
    "structural_factor": 2.607348231245411,
    "functional_factor": 3.6382272851907214
}