{
    "structural_factor": 5.008241174218156,
    "functional_factor": 1.1348216258927597
}