{
    "structural_factor": 1.7470026019770903,
    "functional_factor": 1.0165259936814368
}