{
    "structural_factor": 4.35872263639239,
    "functional_factor": 2.0282720754148844
}