{
    "structural_factor": 1.252813817132453,
    "functional_factor": 0.9944365138128707
}