{
    "structural_factor": 3.834138780784847,
    "functional_factor": 2.00822245293367
}