{
    "structural_factor": 2.4996915624439553,
    "functional_factor": 0.9999933725121853
}