{
    "structural_factor": 1.832852826522878,
    "functional_factor": 3.83185596057189
}