{
    "structural_factor": 2.7920244056883314,
    "functional_factor": 1.7475486001995655
}