{
    "structural_factor": 1.1230350857699654,
    "functional_factor": 4.558194683763045
}