{
    "structural_factor": 0.9670649852766949,
    "functional_factor": 2.2884117290533714
}