{
    "structural_factor": 1.4768189029346295,
    "functional_factor": 1.2152071685301042
}