{
    "structural_factor": 4.249181080174987,
    "functional_factor": 1.0208548582744577
}