{
    "structural_factor": 0.9998286039664219,
    "functional_factor": 1.000007534951096
}