{
    "structural_factor": 4.553978288676912,
    "functional_factor": 1.1736281533517754
}