{
    "structural_factor": 2.144112038574873,
    "functional_factor": 1.8316753598093207
}