{
    "structural_factor": 3.6478487712015495,
    "functional_factor": 2.561535722892566
}