{
    "structural_factor": 4.057835687918726,
    "functional_factor": 1.2085493915253072
}