{
    "structural_factor": 1.4737561426758095,
    "functional_factor": 1.077051416322778
}