{
    "structural_factor": 1.528638779879046,
    "functional_factor": 1.7878365927868867
}