{
    "structural_factor": 3.5881333649758447,
    "functional_factor": 3.13367022444461
}