{
    "structural_factor": 1.280893195535645,
    "functional_factor": 2.7381564097544997
}