{
    "structural_factor": 1.9841715095009733,
    "functional_factor": 1.0783051269756236
}