{
    "structural_factor": 1.4253225158355458,
    "functional_factor": 1.9343217937239097
}