{
    "structural_factor": 1.2599556841584287,
    "functional_factor": 1.0277946570776828
}