{
    "structural_factor": 1.1266094266317328,
    "functional_factor": 3.0099791809360426
}