{
    "structural_factor": 3.3650559379535037,
    "functional_factor": 1.5120604684216692
}