{
    "structural_factor": 3.7455154320632698,
    "functional_factor": 1.019263271912792
}