{
    "structural_factor": 1.7311903989843815,
    "functional_factor": 1.5118335111836638
}