{
    "structural_factor": 2.2594170990531577,
    "functional_factor": 1.0125944701257894
}