{
    "structural_factor": 0.8873410556513094,
    "functional_factor": 1.9641351415052228
}