{
    "structural_factor": 4.770845998671156,
    "functional_factor": 1.0857634556417826
}