{
    "structural_factor": 4.266301624254865,
    "functional_factor": 1.075584509236406
}