{
    "structural_factor": 1.9737708500270348,
    "functional_factor": 2.963749991426818
}