{
    "structural_factor": 2.108848119552735,
    "functional_factor": 8.32440229477781
}