{
    "structural_factor": 2.051570123877974,
    "functional_factor": 1.5288818774553667
}