{
    "structural_factor": 2.521367089266787,
    "functional_factor": 1.035193412823457
}