{
    "structural_factor": 2.299915416037366,
    "functional_factor": 3.248891748603762
}