{
    "structural_factor": 4.334131789539762,
    "functional_factor": 1.6382515196944938
}