{
    "structural_factor": 1.4360990242561844,
    "functional_factor": 7.830180911792429
}