{
    "structural_factor": 3.545275524148464,
    "functional_factor": 1.8494206481657538
}