{
    "structural_factor": 0.9501520781766336,
    "functional_factor": 2.4975503916603197
}