{
    "structural_factor": 1.4224229061990847,
    "functional_factor": 3.250846740327053
}