{
    "structural_factor": 3.2248633092224956,
    "functional_factor": 2.2762481204165765
}