{
    "structural_factor": 2.999643324095419,
    "functional_factor": 0.9999585327224494
}