{
    "structural_factor": 3.066041715651568,
    "functional_factor": 1.549563434190743
}