{
    "structural_factor": 4.583190580881682,
    "functional_factor": 2.030614835346747
}