{
    "structural_factor": 1.6263255387350986,
    "functional_factor": 5.819578515178942
}