{
    "structural_factor": 1.982790597276806,
    "functional_factor": 1.2046281171240003
}