{
    "structural_factor": 0.9997987493044778,
    "functional_factor": 1.0000120739752938
}