{
    "structural_factor": 1.7515212936755373,
    "functional_factor": 1.0399016776346985
}