{
    "structural_factor": 1.999607944878057,
    "functional_factor": 1.0000128693104193
}