{
    "structural_factor": 3.057169219462201,
    "functional_factor": 1.309730846868848
}