{
    "structural_factor": 2.462401190065589,
    "functional_factor": 4.960475798802477
}