{
    "structural_factor": 2.075448865275945,
    "functional_factor": 1.8675457423053297
}