{
    "structural_factor": 3.2395010273730116,
    "functional_factor": 1.0490218853520394
}