{
    "structural_factor": 1.394465120391456,
    "functional_factor": 3.415477774687503
}