{
    "structural_factor": 4.751298141436309,
    "functional_factor": 1.0049965122731157
}