{
    "structural_factor": 2.0920195687446808,
    "functional_factor": 4.173585295336172
}