{
    "structural_factor": 1.2453309586397106,
    "functional_factor": 1.0048055874184671
}