{
    "structural_factor": 3.3057220198017205,
    "functional_factor": 3.543988225165143
}