{
    "structural_factor": 2.7527708033972167,
    "functional_factor": 1.00354875430417
}