{
    "structural_factor": 4.250786201442829,
    "functional_factor": 0.9996401406551394
}