{
    "structural_factor": 3.759367729173955,
    "functional_factor": 1.018117824742223
}