{
    "structural_factor": 2.8093884911597793,
    "functional_factor": 2.2639068311694923
}