{
    "structural_factor": 2.976947518931535,
    "functional_factor": 1.8029275664297253
}