{
    "structural_factor": 1.5017410013612569,
    "functional_factor": 1.0033359096537338
}