{
    "structural_factor": 3.300535397047197,
    "functional_factor": 1.1679838687566655
}