{
    "structural_factor": 4.756602716568211,
    "functional_factor": 1.0783847037849896
}