{
    "structural_factor": 4.40844100006495,
    "functional_factor": 1.5033241431587112
}