{
    "structural_factor": 1.9997393748089267,
    "functional_factor": 1.0193565704218397
}