{
    "structural_factor": 3.4135118321013516,
    "functional_factor": 1.24151000416866
}