{
    "structural_factor": 1.5258897818865609,
    "functional_factor": 1.6904633744670208
}