{
    "structural_factor": 3.5735775934276726,
    "functional_factor": 2.373565692960326
}