{
    "structural_factor": 2.0852305007828242,
    "functional_factor": 1.5151343969483708
}