{
    "structural_factor": 3.016100578729805,
    "functional_factor": 1.923988861627935
}