{
    "structural_factor": 2.038766115303538,
    "functional_factor": 1.0594114074587342
}