{
    "structural_factor": 2.7185972587886784,
    "functional_factor": 3.4992145174873794
}