{
    "structural_factor": 4.761036110201832,
    "functional_factor": 1.1143007527471847
}