{
    "structural_factor": 2.7507553612249724,
    "functional_factor": 1.0174808844959977
}