{
    "structural_factor": 3.001154728666603,
    "functional_factor": 0.996104533674908
}