{
    "structural_factor": 3.6836345707388953,
    "functional_factor": 3.7276878924237598
}