{
    "structural_factor": 1.8378729229604958,
    "functional_factor": 4.094693752009694
}