{
    "structural_factor": 3.5742631349617326,
    "functional_factor": 1.5005142430243565
}