{
    "structural_factor": 4.196603850938894,
    "functional_factor": 7.685872491748935
}