{
    "structural_factor": 4.501719914126442,
    "functional_factor": 0.9994577342443731
}