{
    "structural_factor": 4.065830287343607,
    "functional_factor": 2.9569457937920993
}