{
    "structural_factor": 0.9897873023171414,
    "functional_factor": 4.401148538370804
}