{
    "structural_factor": 3.0565586979104213,
    "functional_factor": 1.3379377492109912
}