{
    "structural_factor": 2.1629491279895103,
    "functional_factor": 1.3971898009890151
}