{
    "structural_factor": 1.2506258891170883,
    "functional_factor": 1.0029230783442569
}