{
    "structural_factor": 1.7391424734736807,
    "functional_factor": 1.050989274680524
}