{
    "structural_factor": 4.261280223822389,
    "functional_factor": 2.113485652021968
}