{
    "structural_factor": 2.2224833393578947,
    "functional_factor": 1.681529938368932
}