{
    "structural_factor": 4.005843120787907,
    "functional_factor": 1.0724103598695895
}