{
    "structural_factor": 2.6591430018064934,
    "functional_factor": 2.2244891252352708
}