{
    "structural_factor": 1.078645069535745,
    "functional_factor": 1.690426338171699
}