{
    "structural_factor": 1.6870621497613199,
    "functional_factor": 4.40965670057836
}