{
    "structural_factor": 3.846211962531847,
    "functional_factor": 1.5092459642897125
}