{
    "structural_factor": 2.753671798108776,
    "functional_factor": 1.004100763151247
}