{
    "structural_factor": 1.0432336511069338,
    "functional_factor": 1.2194736209559767
}