{
    "structural_factor": 4.257096812268856,
    "functional_factor": 1.4728198782596422
}