{
    "structural_factor": 1.4944247105034512,
    "functional_factor": 1.0471553407118515
}