{
    "structural_factor": 3.360908381533457,
    "functional_factor": 1.8033160393075347
}