{
    "structural_factor": 2.3333342435126094,
    "functional_factor": 1.1386276598534322
}