{
    "structural_factor": 2.2031907187902733,
    "functional_factor": 2.269770314428904
}