{
    "structural_factor": 4.814522262659903,
    "functional_factor": 1.5990767248607276
}