{
    "structural_factor": 3.151456057295574,
    "functional_factor": 1.3646382634683074
}