{
    "structural_factor": 2.5825313176015516,
    "functional_factor": 1.1439315668333634
}