{
    "structural_factor": 2.633297734854658,
    "functional_factor": 3.705134744549709
}