{
    "structural_factor": 2.7370181751729605,
    "functional_factor": 9.749965097200526
}