{
    "structural_factor": 4.023075797177371,
    "functional_factor": 1.0794274207792522
}