{
    "structural_factor": 2.8985655731810014,
    "functional_factor": 3.280273690072491
}