{
    "structural_factor": 1.2254545056826402,
    "functional_factor": 1.191849383011204
}