{
    "structural_factor": 3.750765881578463,
    "functional_factor": 0.9954693402609657
}