{
    "structural_factor": 2.49102525918437,
    "functional_factor": 1.0746756230975125
}