{
    "structural_factor": 1.2528933037788832,
    "functional_factor": 0.994335707817966
}