{
    "structural_factor": 3.0130650937205807,
    "functional_factor": 1.138062051255533
}