{
    "structural_factor": 4.473783247604485,
    "functional_factor": 1.0758881995428173
}