{
    "structural_factor": 2.812719820614433,
    "functional_factor": 3.2650810958026186
}