{
    "structural_factor": 4.2641992155361015,
    "functional_factor": 1.1317559499264562
}