{
    "structural_factor": 4.000077524996504,
    "functional_factor": 0.9998035875747718
}