{
    "structural_factor": 1.3299358788750946,
    "functional_factor": 9.95791086547842
}