{
    "structural_factor": 4.366857810725199,
    "functional_factor": 1.7524223303832447
}