{
    "structural_factor": 1.2424921817201569,
    "functional_factor": 1.0195422576631241
}