{
    "structural_factor": 3.519403892558951,
    "functional_factor": 1.2851082820944058
}