{
    "structural_factor": 3.606120005232447,
    "functional_factor": 1.7198258933790225
}