{
    "structural_factor": 3.8846229031384096,
    "functional_factor": 2.5718565496404486
}