{
    "structural_factor": 2.3174032603319557,
    "functional_factor": 3.027167447810634
}