{
    "structural_factor": 2.659858539486772,
    "functional_factor": 1.1681711069944423
}