{
    "structural_factor": 4.807720883915904,
    "functional_factor": 1.5137867664243174
}