{
    "structural_factor": 2.0265812155723837,
    "functional_factor": 4.639115962162261
}