{
    "structural_factor": 2.191291767870826,
    "functional_factor": 3.529670116213868
}