{
    "structural_factor": 1.9996681802862317,
    "functional_factor": 1.0000248453876157
}