{
    "structural_factor": 2.2504010111027117,
    "functional_factor": 0.9942312331429443
}