{
    "structural_factor": 1.0009395542939472,
    "functional_factor": 1.0036442945675585
}