{
    "structural_factor": 4.00220757807488,
    "functional_factor": 1.0043737344973136
}