{
    "structural_factor": 3.721372091563521,
    "functional_factor": 1.496166664560028
}