{
    "structural_factor": 4.006383910022247,
    "functional_factor": 1.0461969335437158
}