{
    "structural_factor": 4.297711520798151,
    "functional_factor": 1.286259626565947
}