{
    "structural_factor": 1.4377296395324066,
    "functional_factor": 3.8262517405020575
}