{
    "structural_factor": 1.9684011132932597,
    "functional_factor": 8.937410277866054
}