{
    "structural_factor": 2.3103323585276345,
    "functional_factor": 1.6606849186633046
}