{
    "structural_factor": 3.5564557909188697,
    "functional_factor": 1.1678657041288427
}