{
    "structural_factor": 4.258887395065767,
    "functional_factor": 1.0748389401208622
}