{
    "structural_factor": 0.991895738150512,
    "functional_factor": 3.0412330638557097
}