{
    "structural_factor": 3.2906475138258795,
    "functional_factor": 1.1283762372121988
}