{
    "structural_factor": 1.9195920894279472,
    "functional_factor": 1.5241187195806134
}