{
    "structural_factor": 0.8437745563414983,
    "functional_factor": 2.310687006369812
}