{
    "structural_factor": 1.9907568132569762,
    "functional_factor": 1.2014976481434496
}