{
    "structural_factor": 2.749583203520864,
    "functional_factor": 1.0000029696621413
}