{
    "structural_factor": 1.3383912441126424,
    "functional_factor": 1.4103902078142379
}