{
    "structural_factor": 2.5252785778007563,
    "functional_factor": 1.034767939316685
}