{
    "structural_factor": 3.002899082085532,
    "functional_factor": 1.195239412984719
}