{
    "structural_factor": 4.802705810640817,
    "functional_factor": 1.2381628096467734
}