{
    "structural_factor": 1.5017758502170429,
    "functional_factor": 1.003656941529668
}