{
    "structural_factor": 5.014396714702733,
    "functional_factor": 1.0490653999771056
}