{
    "structural_factor": 4.915590249899185,
    "functional_factor": 1.8453678357208176
}