{
    "structural_factor": 1.3941248985887371,
    "functional_factor": 4.285173786998429
}