{
    "structural_factor": 2.04913761360045,
    "functional_factor": 1.097468243740919
}