{
    "structural_factor": 3.9966541535813485,
    "functional_factor": 3.5476786046496502
}