{
    "structural_factor": 0.8558675048319335,
    "functional_factor": 2.0325970435304486
}