{
    "structural_factor": 1.2088893704306156,
    "functional_factor": 1.493356030555681
}