{
    "structural_factor": 3.749659875326932,
    "functional_factor": 0.9998932616852909
}