{
    "structural_factor": 3.5173003364994986,
    "functional_factor": 1.0756855423306253
}