{
    "structural_factor": 1.9933200189163907,
    "functional_factor": 1.0390033113609876
}