{
    "structural_factor": 2.309560054639752,
    "functional_factor": 2.015083055624068
}