{
    "structural_factor": 1.540845432945174,
    "functional_factor": 2.1828889567053986
}