{
    "structural_factor": 1.2561411267945137,
    "functional_factor": 1.0139150747279708
}