{
    "structural_factor": 1.4245179238842507,
    "functional_factor": 2.0695786274334895
}