{
    "structural_factor": 1.4997582315484483,
    "functional_factor": 0.9999925994771025
}