{
    "structural_factor": 1.2974813543392199,
    "functional_factor": 3.9592431598242115
}