{
    "structural_factor": 2.716979769952192,
    "functional_factor": 1.5272382605218384
}