{
    "structural_factor": 3.051302299618777,
    "functional_factor": 1.1477848529393861
}