{
    "structural_factor": 3.4007693472407574,
    "functional_factor": 1.1696005582509312
}