{
    "structural_factor": 1.7499577471287717,
    "functional_factor": 1.0162878598750869
}