{
    "structural_factor": 1.2451501755382477,
    "functional_factor": 1.0151031627235083
}