{
    "structural_factor": 4.785709701114819,
    "functional_factor": 1.248226084537027
}