{
    "structural_factor": 3.2763638371360915,
    "functional_factor": 1.4647861466976897
}