{
    "structural_factor": 1.4673604800340532,
    "functional_factor": 1.87993226404952
}