{
    "structural_factor": 4.5597529951563045,
    "functional_factor": 1.5082691284240177
}