{
    "structural_factor": 4.166174844159335,
    "functional_factor": 1.978145317689173
}