{
    "structural_factor": 2.316639476832486,
    "functional_factor": 1.5612313235302313
}