{
    "structural_factor": 3.9077306650826094,
    "functional_factor": 3.4005491094398086
}