{
    "structural_factor": 1.8099908420914905,
    "functional_factor": 2.2931953447672555
}