{
    "structural_factor": 2.8208896035943916,
    "functional_factor": 2.406647993124234
}