{
    "structural_factor": 2.836718903726171,
    "functional_factor": 2.4360553525929065
}