{
    "structural_factor": 1.7789209493717697,
    "functional_factor": 1.05790470582346
}