{
    "structural_factor": 1.7460709546094926,
    "functional_factor": 1.605633471428242
}