{
    "structural_factor": 3.6971011966117793,
    "functional_factor": 1.0754109669854899
}