{
    "structural_factor": 1.8223319701135394,
    "functional_factor": 4.1756636326328485
}