{
    "structural_factor": 2.726537407596002,
    "functional_factor": 4.670400258502537
}