{
    "structural_factor": 3.645126840830454,
    "functional_factor": 1.2441108338342597
}