{
    "structural_factor": 2.695932963001881,
    "functional_factor": 3.2866041897753973
}