{
    "structural_factor": 2.57305751424642,
    "functional_factor": 3.3739852071103673
}