{
    "structural_factor": 1.5551465038622512,
    "functional_factor": 2.6514928120101735
}