{
    "structural_factor": 1.3856610470812791,
    "functional_factor": 1.4052081246238963
}