{
    "structural_factor": 2.323244248133417,
    "functional_factor": 2.2792746709587024
}