{
    "structural_factor": 1.5656428714762538,
    "functional_factor": 1.230626421449567
}