{
    "structural_factor": 2.241555217306817,
    "functional_factor": 0.9972085178996773
}