{
    "structural_factor": 2.3735996820025402,
    "functional_factor": 1.569282676266855
}