{
    "structural_factor": 2.5118963127112672,
    "functional_factor": 1.464619348111084
}