{
    "structural_factor": 1.971789124368919,
    "functional_factor": 4.204207797217411
}