{
    "structural_factor": 4.0285275113846675,
    "functional_factor": 1.7422234891956667
}