{
    "structural_factor": 4.52342074969685,
    "functional_factor": 1.2890930568602437
}