{
    "structural_factor": 2.5541966877359252,
    "functional_factor": 1.113834579950475
}