{
    "structural_factor": 1.7527885255018762,
    "functional_factor": 1.015598908855278
}