{
    "structural_factor": 0.9296213409082406,
    "functional_factor": 1.697359900589644
}