{
    "structural_factor": 4.253043003333934,
    "functional_factor": 1.0027317004177703
}