{
    "structural_factor": 3.5091774006084875,
    "functional_factor": 1.0181636483179388
}