{
    "structural_factor": 0.9872180182620742,
    "functional_factor": 1.0709485503809821
}