{
    "structural_factor": 1.246687954989263,
    "functional_factor": 1.0195265169455872
}