{
    "structural_factor": 3.271373556788484,
    "functional_factor": 1.0779592270076124
}