{
    "structural_factor": 1.4995604341405853,
    "functional_factor": 1.0018574020080384
}