{
    "structural_factor": 3.5000350809701923,
    "functional_factor": 1.1701562858102477
}