{
    "structural_factor": 4.987075101117466,
    "functional_factor": 1.076846308780335
}