{
    "structural_factor": 4.271293851938074,
    "functional_factor": 1.7442432698338364
}