{
    "structural_factor": 2.6107745578071464,
    "functional_factor": 4.424749639812249
}