{
    "structural_factor": 3.068267803749697,
    "functional_factor": 1.1377213744260852
}