{
    "structural_factor": 2.2617161804409274,
    "functional_factor": 1.015383726548249
}