{
    "structural_factor": 3.400341333649664,
    "functional_factor": 1.6748654050769545
}