{
    "structural_factor": 3.751240907387536,
    "functional_factor": 1.020859608087175
}