{
    "structural_factor": 2.2170852527115446,
    "functional_factor": 5.974708125018251
}