{
    "structural_factor": 1.2011513002359155,
    "functional_factor": 4.614607042435127
}