{
    "structural_factor": 4.004329035328208,
    "functional_factor": 1.035513391191522
}