{
    "structural_factor": 2.9842297784339324,
    "functional_factor": 1.712963608188575
}