{
    "structural_factor": 1.255364357818943,
    "functional_factor": 1.0144230615726553
}