{
    "structural_factor": 1.7317313312030316,
    "functional_factor": 1.9909448902356561
}