{
    "structural_factor": 3.8168199491787713,
    "functional_factor": 1.555826289975869
}