{
    "structural_factor": 5.001506186770503,
    "functional_factor": 2.122493901408159
}