{
    "structural_factor": 3.0719555260474327,
    "functional_factor": 4.047356462244099
}