{
    "structural_factor": 1.7656998095129681,
    "functional_factor": 1.0299490121607482
}