{
    "structural_factor": 1.678098168613403,
    "functional_factor": 1.8440931897861972
}