{
    "structural_factor": 3.820660252338885,
    "functional_factor": 4.457360411555444
}