{
    "structural_factor": 2.0806709093141964,
    "functional_factor": 1.3650140379628815
}