{
    "structural_factor": 1.2526566507336612,
    "functional_factor": 0.9939747701786906
}