{
    "structural_factor": 1.2187181177891135,
    "functional_factor": 4.509727195069517
}