{
    "structural_factor": 2.5315744651122034,
    "functional_factor": 1.123186319706619
}