{
    "structural_factor": 2.438285815428276,
    "functional_factor": 3.7135299504091894
}