{
    "structural_factor": 4.033684146554863,
    "functional_factor": 1.1773751576337421
}