{
    "structural_factor": 4.004724944459443,
    "functional_factor": 1.0193205477499332
}