{
    "structural_factor": 3.5054423703522803,
    "functional_factor": 1.0166540352070406
}