{
    "structural_factor": 3.035924345655671,
    "functional_factor": 1.2820384472750865
}