{
    "structural_factor": 4.998003318455315,
    "functional_factor": 1.0422063400229025
}