{
    "structural_factor": 2.344190318969791,
    "functional_factor": 2.4309877846807684
}