{
    "structural_factor": 1.9131139460205504,
    "functional_factor": 3.741476016008834
}