{
    "structural_factor": 3.2575086841805123,
    "functional_factor": 1.1290501193215228
}