{
    "structural_factor": 3.5155308343008187,
    "functional_factor": 1.0825872191884922
}