{
    "structural_factor": 1.0424914564825922,
    "functional_factor": 1.5040636158159686
}