{
    "structural_factor": 3.75000687816532,
    "functional_factor": 0.9998594390207559
}