{
    "structural_factor": 3.4870837434042117,
    "functional_factor": 2.047525863762636
}