{
    "structural_factor": 3.066620923578277,
    "functional_factor": 1.5408137000020146
}