{
    "structural_factor": 1.264413239517925,
    "functional_factor": 2.774888632664048
}