{
    "structural_factor": 1.6861090813828807,
    "functional_factor": 1.480581064243125
}