{
    "structural_factor": 4.2733140874918325,
    "functional_factor": 1.079873168208482
}