{
    "structural_factor": 1.6724437595136739,
    "functional_factor": 9.463770243633865
}