{
    "structural_factor": 2.273762849267439,
    "functional_factor": 1.0330856198268943
}