{
    "structural_factor": 2.7625805721951875,
    "functional_factor": 1.0729291446898523
}