{
    "structural_factor": 3.1098402518530253,
    "functional_factor": 4.391160434459568
}