{
    "structural_factor": 2.5181781130768854,
    "functional_factor": 2.7051656554538965
}