{
    "structural_factor": 1.790409171203669,
    "functional_factor": 1.4245821425048772
}