{
    "structural_factor": 3.2951631201581915,
    "functional_factor": 1.5507114838947595
}