{
    "structural_factor": 1.6779856643259676,
    "functional_factor": 8.567230583629883
}