{
    "structural_factor": 0.9048293105963021,
    "functional_factor": 1.340463308520833
}