{
    "structural_factor": 1.0450441193507707,
    "functional_factor": 5.370878921196134
}