{
    "structural_factor": 3.262907902869907,
    "functional_factor": 1.759976410133687
}