{
    "structural_factor": 4.5323076109073375,
    "functional_factor": 1.2688505049367882
}