{
    "structural_factor": 1.8727113159251443,
    "functional_factor": 2.530358888439772
}