{
    "structural_factor": 4.468560716427763,
    "functional_factor": 2.8824011923744908
}