{
    "structural_factor": 3.705123184773777,
    "functional_factor": 1.7604405666345087
}