{
    "structural_factor": 3.175947799229417,
    "functional_factor": 2.6368109927847962
}