{
    "structural_factor": 0.68058031150706,
    "functional_factor": 3.901502887069288
}