{
    "structural_factor": 5.017573098489464,
    "functional_factor": 1.0178550632886854
}