{
    "structural_factor": 0.9549921485339123,
    "functional_factor": 7.768289217675225
}