{
    "structural_factor": 4.511816829942099,
    "functional_factor": 1.2472330288486002
}