{
    "structural_factor": 1.74887217001254,
    "functional_factor": 5.98452488269524
}