{
    "structural_factor": 2.633632691630713,
    "functional_factor": 1.7624046911392974
}