{
    "structural_factor": 2.6541007305865456,
    "functional_factor": 3.976275384738503
}