{
    "structural_factor": 1.5072908500469093,
    "functional_factor": 1.013282657531759
}