{
    "structural_factor": 2.069363248846446,
    "functional_factor": 1.1916100104371279
}