{
    "structural_factor": 3.0807612978569883,
    "functional_factor": 1.525677344354675
}