{
    "structural_factor": 2.692161617568027,
    "functional_factor": 1.9723739548170454
}