{
    "structural_factor": 2.271010088162874,
    "functional_factor": 1.029019818354944
}