{
    "structural_factor": 3.101314774736473,
    "functional_factor": 4.480381653163854
}