{
    "structural_factor": 1.733558952116357,
    "functional_factor": 3.936971797525014
}