{
    "structural_factor": 3.2825145624506966,
    "functional_factor": 1.1214518592521154
}