{
    "structural_factor": 1.7884100538345953,
    "functional_factor": 1.0818096500628354
}