{
    "structural_factor": 3.54446695360212,
    "functional_factor": 3.2270306696469464
}