{
    "structural_factor": 1.303256999854229,
    "functional_factor": 1.1886754642416706
}