{
    "structural_factor": 2.265643953756648,
    "functional_factor": 1.1058778567008394
}