{
    "structural_factor": 2.6002904820133157,
    "functional_factor": 1.340754145090451
}