{
    "structural_factor": 3.0731453751533024,
    "functional_factor": 1.7330661223719346
}