{
    "structural_factor": 3.2344142949929573,
    "functional_factor": 1.1611551822080297
}