{
    "structural_factor": 1.25513176155112,
    "functional_factor": 1.012949808213321
}