{
    "structural_factor": 3.2497261546957708,
    "functional_factor": 0.9999321468369959
}