{
    "structural_factor": 3.1165812836939257,
    "functional_factor": 5.694083531534941
}