{
    "structural_factor": 2.499541181525622,
    "functional_factor": 1.0000420119181967
}