{
    "structural_factor": 4.281496563422165,
    "functional_factor": 1.6128636203921742
}