{
    "structural_factor": 2.751852181918273,
    "functional_factor": 1.0181309581309634
}