{
    "structural_factor": 4.825906128205929,
    "functional_factor": 1.7217537498724909
}