{
    "structural_factor": 3.8519808472402906,
    "functional_factor": 3.266285809994856
}