{
    "structural_factor": 3.108323274179712,
    "functional_factor": 4.877578548224702
}