{
    "structural_factor": 2.5004580381890165,
    "functional_factor": 1.0055989195284967
}