{
    "structural_factor": 2.2531919908574527,
    "functional_factor": 1.0661015992347473
}