{
    "structural_factor": 3.5091080788195947,
    "functional_factor": 1.018732067861873
}