{
    "structural_factor": 2.0563053912987064,
    "functional_factor": 4.323732678684065
}