{
    "structural_factor": 1.5525720350938434,
    "functional_factor": 1.1417654970533082
}