{
    "structural_factor": 4.232451907524496,
    "functional_factor": 1.211308788964651
}