{
    "structural_factor": 1.00591309752154,
    "functional_factor": 1.0348586601121328
}