{
    "structural_factor": 2.749620826201398,
    "functional_factor": 0.9999924095868775
}