{
    "structural_factor": 1.2534404530040266,
    "functional_factor": 3.1560133475324768
}