{
    "structural_factor": 4.258596511574228,
    "functional_factor": 1.0828540070873396
}