{
    "structural_factor": 0.9446137044570725,
    "functional_factor": 3.5106373674696014
}