{
    "structural_factor": 2.790071231134691,
    "functional_factor": 1.7186493969768732
}