{
    "structural_factor": 3.828953655788826,
    "functional_factor": 2.053674433981836
}