{
    "structural_factor": 1.6248861407625883,
    "functional_factor": 5.645836996119523
}