{
    "structural_factor": 3.2813814877643996,
    "functional_factor": 3.960329413940888
}