{
    "structural_factor": 4.074504303106145,
    "functional_factor": 1.2368716704847509
}