{
    "structural_factor": 3.4251293694744627,
    "functional_factor": 2.0289368368472536
}