{
    "structural_factor": 1.9676190819137958,
    "functional_factor": 3.9957594469806237
}