{
    "structural_factor": 2.5192327411475848,
    "functional_factor": 1.1820964821223074
}