{
    "structural_factor": 2.1426331470208653,
    "functional_factor": 1.5399234167582283
}