{
    "structural_factor": 4.049874681248195,
    "functional_factor": 2.355893115729384
}