{
    "structural_factor": 2.997436530535292,
    "functional_factor": 1.882607889700743
}