{
    "structural_factor": 2.0020555440788574,
    "functional_factor": 1.0040144303097231
}