{
    "structural_factor": 4.2586205238337245,
    "functional_factor": 1.0032654833511259
}