{
    "structural_factor": 4.530807404743163,
    "functional_factor": 1.2034834225574575
}