{
    "structural_factor": 0.832448654414722,
    "functional_factor": 3.115240064651084
}