{
    "structural_factor": 3.149642090538093,
    "functional_factor": 3.1069595852627483
}