{
    "structural_factor": 1.5477700822620486,
    "functional_factor": 1.0931258855386903
}