{
    "structural_factor": 4.295061837529768,
    "functional_factor": 1.306760917735412
}