{
    "structural_factor": 2.022295260978849,
    "functional_factor": 1.0264266204839294
}