{
    "structural_factor": 4.50387063494072,
    "functional_factor": 1.0193222612526738
}