{
    "structural_factor": 1.24675300593712,
    "functional_factor": 1.018910683812545
}