{
    "structural_factor": 1.9477784641755866,
    "functional_factor": 1.7042002715070743
}