{
    "structural_factor": 3.6904807990856554,
    "functional_factor": 1.8438766589048852
}