{
    "structural_factor": 2.0209695286553044,
    "functional_factor": 1.0294383317759908
}