{
    "structural_factor": 1.4716304117029155,
    "functional_factor": 1.077951249745903
}