{
    "structural_factor": 1.3905618683922543,
    "functional_factor": 16.187858030318548
}