{
    "structural_factor": 3.7494878610027462,
    "functional_factor": 0.9999450862506603
}