{
    "structural_factor": 3.238142379323427,
    "functional_factor": 1.4206862671205311
}