{
    "structural_factor": 4.751961982624912,
    "functional_factor": 0.9994117325087006
}