{
    "structural_factor": 5.003759380238102,
    "functional_factor": 1.0155722533477292
}