{
    "structural_factor": 4.0076409087822595,
    "functional_factor": 1.018301429578251
}