{
    "structural_factor": 3.0200320219865358,
    "functional_factor": 2.1944844605444156
}