{
    "structural_factor": 4.747478843770297,
    "functional_factor": 1.1243277109760272
}