{
    "structural_factor": 1.5009620276626758,
    "functional_factor": 1.0034186216690595
}