{
    "structural_factor": 3.4078588297108166,
    "functional_factor": 2.5532745987670027
}