{
    "structural_factor": 0.8204761703908118,
    "functional_factor": 3.644954148709658
}