{
    "structural_factor": 3.002109901113279,
    "functional_factor": 1.1515732288889897
}