{
    "structural_factor": 4.518508722674983,
    "functional_factor": 1.1303617444127867
}