{
    "structural_factor": 4.759475249066632,
    "functional_factor": 1.0462857695874317
}