{
    "structural_factor": 3.0189225494092025,
    "functional_factor": 1.019230853689251
}