{
    "structural_factor": 1.978748969357387,
    "functional_factor": 4.873171382235749
}