{
    "structural_factor": 2.4532114119505053,
    "functional_factor": 3.167434075275392
}