{
    "structural_factor": 0.5881306585991944,
    "functional_factor": 4.459530286614392
}