{
    "structural_factor": 3.8500657854121747,
    "functional_factor": 1.7332808694314865
}