{
    "structural_factor": 3.263151485585916,
    "functional_factor": 1.0344180053732699
}