{
    "structural_factor": 1.2607709774861022,
    "functional_factor": 1.030458913305907
}