{
    "structural_factor": 1.49558657126837,
    "functional_factor": 1.015409554360925
}