{
    "structural_factor": 0.9465672632551188,
    "functional_factor": 2.0372509701922694
}