{
    "structural_factor": 1.2887361793696244,
    "functional_factor": 1.0910267561361078
}