{
    "structural_factor": 2.2060522064086423,
    "functional_factor": 1.8707302811964988
}