{
    "structural_factor": 3.274517773576281,
    "functional_factor": 1.0739906410004854
}