{
    "structural_factor": 2.613758687552007,
    "functional_factor": 1.4052299836653483
}