{
    "structural_factor": 2.28580371218231,
    "functional_factor": 1.2127495120398146
}