{
    "structural_factor": 2.558472957652848,
    "functional_factor": 1.3715249636738722
}