{
    "structural_factor": 1.276503911276958,
    "functional_factor": 1.1530478180893236
}