{
    "structural_factor": 1.9996212727363452,
    "functional_factor": 1.0000259867907233
}