{
    "structural_factor": 2.080384199145321,
    "functional_factor": 3.2862976834932964
}