{
    "structural_factor": 1.7365605320276498,
    "functional_factor": 1.075535488117634
}