{
    "structural_factor": 1.755637625105878,
    "functional_factor": 5.119471388148968
}