{
    "structural_factor": 2.1804731714640524,
    "functional_factor": 3.7336977689854125
}