{
    "structural_factor": 2.749629416544388,
    "functional_factor": 0.9999770418434154
}