{
    "structural_factor": 2.3178676792107527,
    "functional_factor": 2.5211452622205175
}