{
    "structural_factor": 3.4139648779224903,
    "functional_factor": 3.052284451951669
}