{
    "structural_factor": 3.196276022980209,
    "functional_factor": 1.2304619768793443
}