{
    "structural_factor": 3.2435126878880585,
    "functional_factor": 3.5993399393584795
}