{
    "structural_factor": 1.0153506326237656,
    "functional_factor": 1.1469383313866817
}