{
    "structural_factor": 3.751772470985282,
    "functional_factor": 1.0046415258767605
}