{
    "structural_factor": 2.0051083394385247,
    "functional_factor": 1.182276706463674
}