{
    "structural_factor": 1.291762429511454,
    "functional_factor": 1.1379069757811051
}