{
    "structural_factor": 1.9808727738727274,
    "functional_factor": 1.686387820388777
}