{
    "structural_factor": 3.3943138427783897,
    "functional_factor": 1.2346344101318585
}