{
    "structural_factor": 4.9913282564116095,
    "functional_factor": 1.0758783891322632
}