{
    "structural_factor": 3.15158182828877,
    "functional_factor": 1.1734730019020525
}