{
    "structural_factor": 4.505399900998676,
    "functional_factor": 1.7520701815672006
}