{
    "structural_factor": 2.8762384476049636,
    "functional_factor": 1.2157792745856466
}