{
    "structural_factor": 3.505195474410139,
    "functional_factor": 1.0047680393668592
}