{
    "structural_factor": 4.827854761611221,
    "functional_factor": 1.3744645915682718
}