{
    "structural_factor": 2.5082053739447816,
    "functional_factor": 2.861465882944349
}