{
    "structural_factor": 4.762612290874889,
    "functional_factor": 1.0410887595953477
}