{
    "structural_factor": 2.6594421745094747,
    "functional_factor": 1.4865979790594197
}