{
    "structural_factor": 3.118906614874353,
    "functional_factor": 1.265254138257592
}