{
    "structural_factor": 1.143250585286315,
    "functional_factor": 2.985925019456148
}