{
    "structural_factor": 2.0591701237663322,
    "functional_factor": 1.8513846571062216
}