{
    "structural_factor": 4.50415419959422,
    "functional_factor": 1.0417855032021421
}