{
    "structural_factor": 2.395235373582298,
    "functional_factor": 2.00331302030575
}