{
    "structural_factor": 0.7749546680081949,
    "functional_factor": 3.1054688768923637
}