{
    "structural_factor": 1.7141673008625906,
    "functional_factor": 1.7354839584303703
}