{
    "structural_factor": 2.4947991408304415,
    "functional_factor": 1.0215234906069783
}