{
    "structural_factor": 2.5628563263221986,
    "functional_factor": 1.1763989482620818
}