{
    "structural_factor": 4.263212603698255,
    "functional_factor": 1.1296987814976682
}