{
    "structural_factor": 2.465433884752057,
    "functional_factor": 2.4151203474587146
}