{
    "structural_factor": 3.5136392043348965,
    "functional_factor": 2.1017733302840376
}