{
    "structural_factor": 2.087011102756285,
    "functional_factor": 3.4300347228621626
}