{
    "structural_factor": 2.0578124845240477,
    "functional_factor": 1.6075916395499197
}