{
    "structural_factor": 4.087139644450647,
    "functional_factor": 1.3064200796939094
}