{
    "structural_factor": 0.8286511245714493,
    "functional_factor": 4.978050659501213
}