{
    "structural_factor": 4.497654748290348,
    "functional_factor": 1.0201739924275506
}