{
    "structural_factor": 4.12770684732465,
    "functional_factor": 1.2450178651544108
}