{
    "structural_factor": 4.270268618335251,
    "functional_factor": 1.0841395468131578
}