{
    "structural_factor": 2.9146613082231614,
    "functional_factor": 1.6974278595513295
}