{
    "structural_factor": 1.7479151823697778,
    "functional_factor": 1.0845829153893207
}