{
    "structural_factor": 4.006882610051488,
    "functional_factor": 2.5640573875976767
}