{
    "structural_factor": 2.236519348941644,
    "functional_factor": 1.7768016472930932
}