{
    "structural_factor": 1.714145558083688,
    "functional_factor": 1.2114583255167024
}