{
    "structural_factor": 2.648606636663944,
    "functional_factor": 3.8326643283289665
}