{
    "structural_factor": 1.5588462203466817,
    "functional_factor": 1.6704352722910791
}