{
    "structural_factor": 2.5410984834185206,
    "functional_factor": 1.1150362998629177
}