{
    "structural_factor": 1.752254299382927,
    "functional_factor": 1.0029732237753668
}