{
    "structural_factor": 2.957821716678608,
    "functional_factor": 2.8894489507233136
}