{
    "structural_factor": 3.132882146046629,
    "functional_factor": 2.2879625948095494
}