{
    "structural_factor": 3.7819349395717006,
    "functional_factor": 1.1265597670204819
}