{
    "structural_factor": 1.7589128834553347,
    "functional_factor": 0.9922770053745686
}