{
    "structural_factor": 1.7536708687481601,
    "functional_factor": 1.1107627737077297
}