{
    "structural_factor": 1.7496894744765694,
    "functional_factor": 1.0000268964776113
}