{
    "structural_factor": 2.981936038699724,
    "functional_factor": 2.8239605037463824
}