{
    "structural_factor": 2.5028362221246727,
    "functional_factor": 1.0038034671277263
}