{
    "structural_factor": 1.0015282699466903,
    "functional_factor": 3.5599014320313196
}