{
    "structural_factor": 1.7497853874645894,
    "functional_factor": 1.000008799003291
}