{
    "structural_factor": 3.2509806912267027,
    "functional_factor": 1.001786331185864
}