{
    "structural_factor": 1.497612841811609,
    "functional_factor": 1.0177355929935832
}