{
    "structural_factor": 3.753297456942016,
    "functional_factor": 1.170512402890864
}