{
    "structural_factor": 4.523828973997277,
    "functional_factor": 1.1309839065195406
}