{
    "structural_factor": 2.5037852218137053,
    "functional_factor": 1.0038197837850407
}