{
    "structural_factor": 1.0150494739776754,
    "functional_factor": 3.158599532777149
}