{
    "structural_factor": 3.9932818752610526,
    "functional_factor": 1.0816273237100644
}