{
    "structural_factor": 2.9576727267084326,
    "functional_factor": 9.900741613217809
}