{
    "structural_factor": 5.010947681033184,
    "functional_factor": 0.9926289477178358
}