{
    "structural_factor": 3.5024703366752132,
    "functional_factor": 1.00485624343422
}