{
    "structural_factor": 4.502640292296528,
    "functional_factor": 1.0047033081448267
}