{
    "structural_factor": 1.827157124911043,
    "functional_factor": 5.799556607630473
}