{
    "structural_factor": 1.4906662893159675,
    "functional_factor": 1.0370770113183698
}