{
    "structural_factor": 1.5017637598567988,
    "functional_factor": 1.1188171717455122
}