{
    "structural_factor": 2.1397367989824616,
    "functional_factor": 1.517150421469059
}