{
    "structural_factor": 4.143974449797467,
    "functional_factor": 1.5057690759827005
}