{
    "structural_factor": 3.531443823477349,
    "functional_factor": 1.069215135055419
}