{
    "structural_factor": 2.3057550097261017,
    "functional_factor": 1.8564816327829212
}