{
    "structural_factor": 2.3276053392443816,
    "functional_factor": 2.5200760290028104
}