{
    "structural_factor": 2.3036988651898107,
    "functional_factor": 3.3719408126636
}