{
    "structural_factor": 2.8290048555463994,
    "functional_factor": 2.90996174109785
}