{
    "structural_factor": 0.5781904917579183,
    "functional_factor": 2.5099977108124603
}