{
    "structural_factor": 1.0275676234674866,
    "functional_factor": 1.1594919931222292
}