{
    "structural_factor": 4.770522046121491,
    "functional_factor": 1.1241817203124673
}