{
    "structural_factor": 4.252192453682928,
    "functional_factor": 1.0050017532444302
}