{
    "structural_factor": 1.220904373034521,
    "functional_factor": 1.2997533505867083
}