{
    "structural_factor": 4.495504892642708,
    "functional_factor": 1.8089924699376447
}