{
    "structural_factor": 2.5019175675987557,
    "functional_factor": 5.930036325970778
}