{
    "structural_factor": 1.6193169323891639,
    "functional_factor": 3.3012232482237756
}