{
    "structural_factor": 0.6771121223617572,
    "functional_factor": 3.6457158040081836
}