{
    "structural_factor": 3.2761288711053207,
    "functional_factor": 1.345767483724359
}