{
    "structural_factor": 2.5193854749526716,
    "functional_factor": 1.3403877458277953
}