{
    "structural_factor": 3.428236975431337,
    "functional_factor": 1.8005756830567625
}