{
    "structural_factor": 3.0375828410004613,
    "functional_factor": 1.0666099939200515
}