{
    "structural_factor": 1.7594017083725237,
    "functional_factor": 1.3506952680296695
}