{
    "structural_factor": 1.2647254782989508,
    "functional_factor": 1.104718463837481
}