{
    "structural_factor": 4.7642928043335235,
    "functional_factor": 0.9934894192051207
}