{
    "structural_factor": 2.7616869767552084,
    "functional_factor": 1.0140499917759493
}