{
    "structural_factor": 2.500891830530241,
    "functional_factor": 1.003619938265642
}