{
    "structural_factor": 2.2533559757625063,
    "functional_factor": 1.003639999656588
}