{
    "structural_factor": 2.36468149669373,
    "functional_factor": 2.264940514589406
}