{
    "structural_factor": 2.4344992272707975,
    "functional_factor": 1.3602193479264408
}