{
    "structural_factor": 2.8513465322768465,
    "functional_factor": 2.0082109157136054
}