{
    "structural_factor": 0.6340277276515777,
    "functional_factor": 3.04286655592344
}