{
    "structural_factor": 2.5828345044788037,
    "functional_factor": 1.503041439507591
}