{
    "structural_factor": 5.008456802786128,
    "functional_factor": 1.075083979376826
}