{
    "structural_factor": 3.3006176165928847,
    "functional_factor": 1.7069048570575465
}