{
    "structural_factor": 1.9945942747359222,
    "functional_factor": 1.0219792238774188
}