{
    "structural_factor": 4.516552357310582,
    "functional_factor": 1.0182763455977688
}