{
    "structural_factor": 2.794051483860834,
    "functional_factor": 1.0687632852330682
}