{
    "structural_factor": 3.955139116101171,
    "functional_factor": 2.132618884789031
}