{
    "structural_factor": 0.9657830533285172,
    "functional_factor": 1.7481087948655454
}