{
    "structural_factor": 2.471924899710721,
    "functional_factor": 2.3131645326390258
}