{
    "structural_factor": 2.427454570109342,
    "functional_factor": 3.413629736243074
}