{
    "structural_factor": 2.253333527940473,
    "functional_factor": 2.5644069354595853
}