{
    "structural_factor": 1.7030080721293208,
    "functional_factor": 1.3517776458847535
}