{
    "structural_factor": 4.247124724926498,
    "functional_factor": 1.0042708476508546
}