{
    "structural_factor": 3.0424820886568194,
    "functional_factor": 1.1112309970389933
}