{
    "structural_factor": 2.502388404063439,
    "functional_factor": 1.3659751401626143
}