{
    "structural_factor": 3.1739598149223673,
    "functional_factor": 1.4895888440859095
}