{
    "structural_factor": 4.010215965695498,
    "functional_factor": 1.0035616366886881
}