{
    "structural_factor": 2.754569864296727,
    "functional_factor": 4.884739726739904
}