{
    "structural_factor": 1.2545409156798386,
    "functional_factor": 1.0134924717290288
}