{
    "structural_factor": 2.2607983991491474,
    "functional_factor": 1.0142657819525944
}