{
    "structural_factor": 2.0688143337074343,
    "functional_factor": 1.6449126803260514
}