{
    "structural_factor": 1.5478719394187195,
    "functional_factor": 1.2147788759457105
}