{
    "structural_factor": 2.6602686680394863,
    "functional_factor": 1.7591926600891943
}