{
    "structural_factor": 3.5980768430138994,
    "functional_factor": 1.9614694202821026
}