{
    "structural_factor": 1.9675335950143023,
    "functional_factor": 1.8657662071167527
}