{
    "structural_factor": 4.761750009469516,
    "functional_factor": 1.0384388004379101
}