{
    "structural_factor": 1.7540362558273048,
    "functional_factor": 2.484797158930798
}