{
    "structural_factor": 1.448153771697721,
    "functional_factor": 1.4972197455861058
}