{
    "structural_factor": 4.046032441863852,
    "functional_factor": 1.6991005720555106
}