{
    "structural_factor": 3.0229532516026776,
    "functional_factor": 1.4902995594165558
}