{
    "structural_factor": 3.0973727312403176,
    "functional_factor": 1.2907059324516323
}