{
    "structural_factor": 4.454311378531679,
    "functional_factor": 1.3935565077464294
}