{
    "structural_factor": 2.5538137038803086,
    "functional_factor": 1.114451545558075
}