{
    "structural_factor": 3.2229635564082675,
    "functional_factor": 2.432715734506732
}