{
    "structural_factor": 5.03058615085202,
    "functional_factor": 1.1375742326567553
}