{
    "structural_factor": 1.503965604368329,
    "functional_factor": 0.992734132542983
}