{
    "structural_factor": 1.2438270586427058,
    "functional_factor": 1.04025800426485
}