{
    "structural_factor": 1.9341363659022444,
    "functional_factor": 1.883318148290159
}