{
    "structural_factor": 3.285706468237641,
    "functional_factor": 1.5425593561138193
}