{
    "structural_factor": 5.029930817214147,
    "functional_factor": 1.191309585132212
}