{
    "structural_factor": 1.612470941069577,
    "functional_factor": 4.670467293936174
}