{
    "structural_factor": 1.5341003300985607,
    "functional_factor": 1.107894573837645
}