{
    "structural_factor": 1.8031089194122585,
    "functional_factor": 1.0916580640436133
}