{
    "structural_factor": 1.4727713064091703,
    "functional_factor": 2.823934488150472
}