{
    "structural_factor": 1.833747607605812,
    "functional_factor": 4.721704822206013
}