{
    "structural_factor": 4.52067860350583,
    "functional_factor": 1.0780009238659178
}