{
    "structural_factor": 2.765997549090083,
    "functional_factor": 1.0453839816817472
}