{
    "structural_factor": 0.4929202135020635,
    "functional_factor": 5.694853012618359
}