{
    "structural_factor": 1.4635286591015895,
    "functional_factor": 3.364618872484246
}