{
    "structural_factor": 2.502338665442423,
    "functional_factor": 1.004435588420983
}