{
    "structural_factor": 2.1455048822358744,
    "functional_factor": 1.266382458505266
}