{
    "structural_factor": 0.6612090816152897,
    "functional_factor": 6.676451490631881
}