{
    "structural_factor": 4.751231940635191,
    "functional_factor": 1.5080640378424015
}