{
    "structural_factor": 5.009256493846279,
    "functional_factor": 1.0826786217569127
}