{
    "structural_factor": 1.7558078027559212,
    "functional_factor": 3.6903434331307277
}