{
    "structural_factor": 2.646038621297862,
    "functional_factor": 3.410554893952165
}