{
    "structural_factor": 4.279941170595131,
    "functional_factor": 1.3992676907485113
}