{
    "structural_factor": 2.824076112390445,
    "functional_factor": 1.3689081412758806
}