{
    "structural_factor": 3.08985191633941,
    "functional_factor": 1.5210242337595512
}