{
    "structural_factor": 0.9882123621569033,
    "functional_factor": 1.2096527462964948
}