{
    "structural_factor": 4.260816037410501,
    "functional_factor": 1.0030822459602187
}