{
    "structural_factor": 2.327891397513564,
    "functional_factor": 1.3711424302825928
}