{
    "structural_factor": 1.2685728785156358,
    "functional_factor": 1.0601730979310249
}