{
    "structural_factor": 2.4621194555184145,
    "functional_factor": 1.230172378402468
}