{
    "structural_factor": 2.9996295036883405,
    "functional_factor": 0.9999642694265868
}