{
    "structural_factor": 1.3810113874952867,
    "functional_factor": 1.4912833239623362
}