{
    "structural_factor": 1.0005930462421853,
    "functional_factor": 1.0290009246927017
}