{
    "structural_factor": 2.17197808694993,
    "functional_factor": 1.4770331290804979
}