{
    "structural_factor": 3.291408667815443,
    "functional_factor": 1.0670939248154738
}