{
    "structural_factor": 4.526280001092407,
    "functional_factor": 1.7911706037505513
}