{
    "structural_factor": 4.645633822301875,
    "functional_factor": 1.2385953262534395
}