{
    "structural_factor": 4.025584033865395,
    "functional_factor": 1.0781459986818207
}