{
    "structural_factor": 2.2525431920208905,
    "functional_factor": 1.0029687509382816
}