{
    "structural_factor": 4.25191685400809,
    "functional_factor": 1.004559834725437
}