{
    "structural_factor": 4.4392315017762405,
    "functional_factor": 2.147660043708758
}