{
    "structural_factor": 3.0018280938532795,
    "functional_factor": 1.0036351109769206
}