{
    "structural_factor": 3.0205226921770922,
    "functional_factor": 1.0341453199809467
}