{
    "structural_factor": 0.7745695074892545,
    "functional_factor": 2.2583387681018996
}