{
    "structural_factor": 1.9505236905572412,
    "functional_factor": 3.8250748430734376
}