{
    "structural_factor": 2.0048114763400133,
    "functional_factor": 0.9982471498107762
}