{
    "structural_factor": 1.761780084654967,
    "functional_factor": 1.1811094997908878
}