{
    "structural_factor": 0.8071818289093836,
    "functional_factor": 3.8747240256310014
}