{
    "structural_factor": 5.0353253078692,
    "functional_factor": 1.186806926816388
}