{
    "structural_factor": 1.4321680784610886,
    "functional_factor": 1.2687230586808604
}