{
    "structural_factor": 2.26136655637662,
    "functional_factor": 8.696569713603715
}