{
    "structural_factor": 4.751416011262655,
    "functional_factor": 0.9995323945564322
}