{
    "structural_factor": 3.939197313110081,
    "functional_factor": 1.1278170428961163
}