{
    "structural_factor": 0.9483787393667108,
    "functional_factor": 1.5011731404765898
}