{
    "structural_factor": 1.6427139032182199,
    "functional_factor": 3.5410455109188095
}