{
    "structural_factor": 0.945489526246555,
    "functional_factor": 1.2880546196148883
}