{
    "structural_factor": 0.5950354436130181,
    "functional_factor": 5.732062891546525
}