{
    "structural_factor": 3.3209962715720205,
    "functional_factor": 3.1356432045917817
}