{
    "structural_factor": 3.8437623065924558,
    "functional_factor": 5.480283079438388
}