{
    "structural_factor": 4.24201516040735,
    "functional_factor": 1.0213033071563413
}