{
    "structural_factor": 3.0379375079862028,
    "functional_factor": 1.1198287768385597
}