{
    "structural_factor": 1.0070594789701073,
    "functional_factor": 4.140583643346611
}