{
    "structural_factor": 0.9992794220897729,
    "functional_factor": 0.9981050564780534
}