{
    "structural_factor": 3.999907029189886,
    "functional_factor": 0.999835270154557
}