{
    "structural_factor": 4.20477292571053,
    "functional_factor": 1.4483701699090488
}