{
    "structural_factor": 2.8223799894897477,
    "functional_factor": 1.3516693783125169
}