{
    "structural_factor": 4.768048724323721,
    "functional_factor": 1.0813904095260796
}