{
    "structural_factor": 2.7414895702866957,
    "functional_factor": 4.352492693937346
}