{
    "structural_factor": 2.749466776445111,
    "functional_factor": 1.0000089602066684
}