{
    "structural_factor": 4.386598693613947,
    "functional_factor": 1.3530199354410921
}