{
    "structural_factor": 1.9170476670689214,
    "functional_factor": 2.6554328158519955
}