{
    "structural_factor": 1.0430074442484427,
    "functional_factor": 1.9829036124597734
}