{
    "structural_factor": 4.293109488155121,
    "functional_factor": 1.4160155958157181
}