{
    "structural_factor": 3.69093649500477,
    "functional_factor": 2.3776615681562117
}