{
    "structural_factor": 2.504533861181502,
    "functional_factor": 1.727451083795364
}