{
    "structural_factor": 1.362729106569143,
    "functional_factor": 8.848707329303142
}