{
    "structural_factor": 1.9482651490647733,
    "functional_factor": 3.483108932756672
}