{
    "structural_factor": 4.215657541730916,
    "functional_factor": 1.9469029374832314
}