{
    "structural_factor": 2.4939988427602313,
    "functional_factor": 4.5978806580016425
}