{
    "structural_factor": 3.7861187124970135,
    "functional_factor": 1.071735066742019
}