{
    "structural_factor": 0.7811922741414433,
    "functional_factor": 10.684764163861068
}