{
    "structural_factor": 3.7669491707685228,
    "functional_factor": 1.1828340419956394
}