{
    "structural_factor": 2.218713254042622,
    "functional_factor": 1.2584526501323539
}