{
    "structural_factor": 3.6858869308960416,
    "functional_factor": 2.441012233754547
}