{
    "structural_factor": 0.99434383693836,
    "functional_factor": 1.003928492692389
}