{
    "structural_factor": 2.7569324007994416,
    "functional_factor": 1.035545089041737
}