{
    "structural_factor": 0.8959819790369921,
    "functional_factor": 2.7493958578075026
}