{
    "structural_factor": 4.460194594837354,
    "functional_factor": 1.3040982119433093
}