{
    "structural_factor": 3.0019688204568857,
    "functional_factor": 1.1302424743517485
}