{
    "structural_factor": 1.7854917026486457,
    "functional_factor": 1.8673664393049498
}