{
    "structural_factor": 1.3276589663929925,
    "functional_factor": 4.049722845103888
}