{
    "structural_factor": 4.008199130116704,
    "functional_factor": 1.0190021206509683
}