{
    "structural_factor": 2.864647273680038,
    "functional_factor": 3.8902942033953027
}