{
    "structural_factor": 1.4217892907199727,
    "functional_factor": 2.318587088999178
}