{
    "structural_factor": 4.006933721640719,
    "functional_factor": 1.0851069115337992
}