{
    "structural_factor": 1.034876039105981,
    "functional_factor": 3.4772325279030745
}