{
    "structural_factor": 3.2195844453805664,
    "functional_factor": 1.2129979529591004
}