{
    "structural_factor": 3.8683144886138354,
    "functional_factor": 1.4982534412938717
}