{
    "structural_factor": 1.999661378069386,
    "functional_factor": 1.0000085024583218
}