{
    "structural_factor": 3.5264047173543482,
    "functional_factor": 1.124003817157049
}