{
    "structural_factor": 4.000685740494469,
    "functional_factor": 1.121022615381053
}