{
    "structural_factor": 2.522501455267824,
    "functional_factor": 1.1737026285821661
}