{
    "structural_factor": 3.8157180671757893,
    "functional_factor": 1.5345289149698766
}