{
    "structural_factor": 3.1586080407625756,
    "functional_factor": 3.0616871414707654
}