{
    "structural_factor": 2.3703144218848364,
    "functional_factor": 11.324008988069274
}