{
    "structural_factor": 1.2819089006955624,
    "functional_factor": 1.9781934513436266
}