{
    "structural_factor": 0.9924076437281849,
    "functional_factor": 1.0200463092743293
}