{
    "structural_factor": 2.7536101957573185,
    "functional_factor": 1.0038048618103028
}