{
    "structural_factor": 3.063573624253977,
    "functional_factor": 1.354309337195537
}