{
    "structural_factor": 2.0811321804745218,
    "functional_factor": 1.326814628780285
}