{
    "structural_factor": 2.209989435269661,
    "functional_factor": 4.101428451214376
}