{
    "structural_factor": 2.304920408402373,
    "functional_factor": 4.366631461342562
}