{
    "structural_factor": 2.474369846629599,
    "functional_factor": 1.3772461928395172
}