{
    "structural_factor": 1.5152132305640467,
    "functional_factor": 1.027904812952083
}