{
    "structural_factor": 1.4720568448298184,
    "functional_factor": 4.491078044438562
}