{
    "structural_factor": 0.9635076694298211,
    "functional_factor": 10.133851046622745
}