{
    "structural_factor": 1.8190200835906851,
    "functional_factor": 1.9681396900737291
}