{
    "structural_factor": 2.05346972257401,
    "functional_factor": 1.4473485089743692
}