{
    "structural_factor": 3.073883882340028,
    "functional_factor": 1.2550170814676749
}