{
    "structural_factor": 4.552254226876378,
    "functional_factor": 1.5148390313608697
}