{
    "structural_factor": 2.1075258611789556,
    "functional_factor": 4.277976238424274
}