{
    "structural_factor": 3.4894634595874554,
    "functional_factor": 1.0742612759776557
}