{
    "structural_factor": 1.4936745576243373,
    "functional_factor": 1.0857958222222979
}