{
    "structural_factor": 2.811096919748503,
    "functional_factor": 1.5217285471436433
}