{
    "structural_factor": 1.2542712108012837,
    "functional_factor": 1.0121276787557134
}