{
    "structural_factor": 2.756620002284878,
    "functional_factor": 0.9974173073428595
}