{
    "structural_factor": 3.210109025751519,
    "functional_factor": 2.0224309836183916
}