{
    "structural_factor": 3.705722392614536,
    "functional_factor": 1.55239060607433
}