{
    "structural_factor": 1.4946093779502527,
    "functional_factor": 2.492340821927591
}