{
    "structural_factor": 0.963771819414896,
    "functional_factor": 3.6415815037623
}