{
    "structural_factor": 1.5014044755930758,
    "functional_factor": 1.003413303416443
}