{
    "structural_factor": 1.1400093591119542,
    "functional_factor": 1.404112425983469
}