{
    "structural_factor": 2.3581758531196138,
    "functional_factor": 6.362895940940652
}