{
    "structural_factor": 1.9952110087771553,
    "functional_factor": 1.0408693952034376
}