{
    "structural_factor": 0.9880689164279508,
    "functional_factor": 1.0570291197995267
}