{
    "structural_factor": 3.7660758281715165,
    "functional_factor": 1.046052266847376
}