{
    "structural_factor": 3.045233623417691,
    "functional_factor": 1.691327479042347
}