{
    "structural_factor": 1.1123163616140819,
    "functional_factor": 10.321909539255843
}