{
    "structural_factor": 3.25543434616725,
    "functional_factor": 1.0765320383841093
}