{
    "structural_factor": 4.319059464307218,
    "functional_factor": 3.4341393739519477
}