{
    "structural_factor": 0.051660700502500836,
    "functional_factor": 4.515145250686703
}