{
    "structural_factor": 3.0005707142979485,
    "functional_factor": 1.0003813130325079
}