{
    "structural_factor": 4.243096715670862,
    "functional_factor": 4.562648461095756
}