{
    "structural_factor": 2.2526548945876477,
    "functional_factor": 1.003439527972049
}