{
    "structural_factor": 2.77676709124448,
    "functional_factor": 1.0312361603170934
}