{
    "structural_factor": 3.996337407663633,
    "functional_factor": 0.9943091915004032
}