{
    "structural_factor": 0.9491092095538225,
    "functional_factor": 2.2500409773669183
}