{
    "structural_factor": 1.7496816488199018,
    "functional_factor": 1.0000246077346926
}