{
    "structural_factor": 4.204162110696007,
    "functional_factor": 1.7814270588882333
}