{
    "structural_factor": 3.831718592214412,
    "functional_factor": 3.430059172354715
}