{
    "structural_factor": 3.7521373651592174,
    "functional_factor": 0.9971019134530253
}