{
    "structural_factor": 4.755487166380797,
    "functional_factor": 1.020511576870289
}