{
    "structural_factor": 4.5008031836525655,
    "functional_factor": 1.0200106375743687
}