{
    "structural_factor": 2.865419440954413,
    "functional_factor": 2.0478811942412767
}