{
    "structural_factor": 4.75780555235375,
    "functional_factor": 1.0361264839418
}