{
    "structural_factor": 2.5563311887546667,
    "functional_factor": 1.5738945922707641
}