{
    "structural_factor": 1.0361472979916613,
    "functional_factor": 1.1966585038918756
}