{
    "structural_factor": 4.7516251910787055,
    "functional_factor": 0.9994934280330494
}