{
    "structural_factor": 1.2664430783285154,
    "functional_factor": 2.869642349063841
}