{
    "structural_factor": 1.7522114773808568,
    "functional_factor": 1.0035950013761832
}