{
    "structural_factor": 2.792083286101835,
    "functional_factor": 1.0669011229553425
}