{
    "structural_factor": 3.506666367360461,
    "functional_factor": 1.0170614298084943
}