{
    "structural_factor": 2.3311668525096407,
    "functional_factor": 1.7869165368810398
}