{
    "structural_factor": 1.2498167555241462,
    "functional_factor": 0.9999995207539729
}