{
    "structural_factor": 1.7439791880053979,
    "functional_factor": 1.9283126843277345
}