{
    "structural_factor": 1.1315100279649093,
    "functional_factor": 4.013297055211759
}