{
    "structural_factor": 2.001659951670386,
    "functional_factor": 1.003058789020035
}