{
    "structural_factor": 5.012772537760854,
    "functional_factor": 1.1906764180295621
}