{
    "structural_factor": 4.504206186352818,
    "functional_factor": 1.1465020997195083
}