{
    "structural_factor": 3.482259478746315,
    "functional_factor": 1.0719792369675851
}