{
    "structural_factor": 1.0951055981828302,
    "functional_factor": 2.8062414297085523
}