{
    "structural_factor": 1.8330796429077643,
    "functional_factor": 1.3374073123960544
}