{
    "structural_factor": 4.252689246647975,
    "functional_factor": 1.00463118422335
}