{
    "structural_factor": 4.440424908922411,
    "functional_factor": 1.5631076887712263
}