{
    "structural_factor": 1.3303635270492473,
    "functional_factor": 4.440349480301956
}