{
    "structural_factor": 2.38723110581748,
    "functional_factor": 1.7661652137535993
}