{
    "structural_factor": 3.5254575031970523,
    "functional_factor": 1.0813777003040437
}