{
    "structural_factor": 0.7345714380441021,
    "functional_factor": 8.003205879250046
}