{
    "structural_factor": 4.000795062242156,
    "functional_factor": 0.9996438295355189
}