{
    "structural_factor": 3.843828856137856,
    "functional_factor": 1.2354999798833086
}