{
    "structural_factor": 1.8832979734796842,
    "functional_factor": 2.402745388762593
}