{
    "structural_factor": 3.7501403512227482,
    "functional_factor": 0.9998144942226068
}