{
    "structural_factor": 2.759310435431055,
    "functional_factor": 1.0189284429342154
}