{
    "structural_factor": 1.0597987978266297,
    "functional_factor": 2.471201115230034
}