{
    "structural_factor": 3.542040147294035,
    "functional_factor": 1.1969595862222937
}