{
    "structural_factor": 3.7793309749491715,
    "functional_factor": 1.074961625718249
}