{
    "structural_factor": 1.4478809050552048,
    "functional_factor": 1.3870965046190633
}