{
    "structural_factor": 1.8955256913295653,
    "functional_factor": 5.555387979370507
}