{
    "structural_factor": 3.2078144231557717,
    "functional_factor": 2.0022019973249874
}