{
    "structural_factor": 1.0005944339600334,
    "functional_factor": 1.0031890939356156
}