{
    "structural_factor": 4.60790804009985,
    "functional_factor": 1.5814352374022274
}