{
    "structural_factor": 3.428402785326178,
    "functional_factor": 1.616255692665055
}