{
    "structural_factor": 2.994040032563124,
    "functional_factor": 1.018247080715375
}