{
    "structural_factor": 1.285209761524971,
    "functional_factor": 7.197905525552743
}