{
    "structural_factor": 2.266426219711236,
    "functional_factor": 1.1801299082943155
}