{
    "structural_factor": 3.014590932055898,
    "functional_factor": 1.0392753476546877
}