{
    "structural_factor": 2.303946027710623,
    "functional_factor": 1.1485234618712659
}