{
    "structural_factor": 1.2798359818872926,
    "functional_factor": 1.0939304626129944
}