{
    "structural_factor": 1.9902722242452482,
    "functional_factor": 1.0492796547195664
}