{
    "structural_factor": 1.761978735282955,
    "functional_factor": 0.9887486703911237
}