{
    "structural_factor": 2.290286654517082,
    "functional_factor": 1.0526462329564956
}