{
    "structural_factor": 3.3242024075202607,
    "functional_factor": 1.836783652160608
}