{
    "structural_factor": 1.926542849143131,
    "functional_factor": 2.917123114105006
}