{
    "structural_factor": 4.33730177035239,
    "functional_factor": 2.3622167504391665
}