{
    "structural_factor": 2.995664124879126,
    "functional_factor": 1.0199196066736962
}