{
    "structural_factor": 3.2239903444788296,
    "functional_factor": 2.334886020107121
}