{
    "structural_factor": 1.3110333214378145,
    "functional_factor": 1.2164820230111857
}