{
    "structural_factor": 3.0526499812283374,
    "functional_factor": 1.1137734216662674
}