{
    "structural_factor": 0.9871903534427494,
    "functional_factor": 1.1230284066603793
}