{
    "structural_factor": 2.750813822998552,
    "functional_factor": 10.626984522158029
}