{
    "structural_factor": 4.492981802817959,
    "functional_factor": 1.0041608906233128
}