{
    "structural_factor": 2.503311463284418,
    "functional_factor": 1.0037036452020431
}