{
    "structural_factor": 1.239060934810641,
    "functional_factor": 1.0740319539355687
}