{
    "structural_factor": 3.5062789065702282,
    "functional_factor": 1.0152203098301302
}