{
    "structural_factor": 3.737493986730865,
    "functional_factor": 1.0179021695377364
}