{
    "structural_factor": 1.749644421761912,
    "functional_factor": 1.0000440579695318
}