{
    "structural_factor": 1.8248550281387703,
    "functional_factor": 3.1938550941094777
}