{
    "structural_factor": 4.507252385217083,
    "functional_factor": 1.0822009077867478
}