{
    "structural_factor": 4.535751115216134,
    "functional_factor": 1.7575419657101368
}