{
    "structural_factor": 3.448937872953954,
    "functional_factor": 2.2878414966202767
}