{
    "structural_factor": 0.671875189714778,
    "functional_factor": 4.072219734880731
}