{
    "structural_factor": 0.9946237609661078,
    "functional_factor": 1.0356275912368884
}