{
    "structural_factor": 2.5163716890002283,
    "functional_factor": 4.041010133962061
}