{
    "structural_factor": 1.472403548602192,
    "functional_factor": 1.5303165748940133
}