{
    "structural_factor": 1.003445931672041,
    "functional_factor": 1.1357669108507218
}