{
    "structural_factor": 2.261647278011437,
    "functional_factor": 1.0137428795802568
}