{
    "structural_factor": 1.2365054882957216,
    "functional_factor": 1.1530036157861283
}