{
    "structural_factor": 4.5100113086641365,
    "functional_factor": 1.1528063156939516
}