{
    "structural_factor": 3.0032762559465525,
    "functional_factor": 1.0040063108274624
}