{
    "structural_factor": 0.8266544534841893,
    "functional_factor": 3.8167608110410027
}