{
    "structural_factor": 4.5128359433254746,
    "functional_factor": 1.0448526198136148
}