{
    "structural_factor": 3.755056133441434,
    "functional_factor": 1.001288519983518
}