{
    "structural_factor": 1.733191313409131,
    "functional_factor": 3.3816124835252137
}