{
    "structural_factor": 1.7777375815907366,
    "functional_factor": 3.5373334064302457
}