{
    "structural_factor": 1.4123768097939553,
    "functional_factor": 10.442285272913942
}