{
    "structural_factor": 4.901254895787467,
    "functional_factor": 2.3080636837846207
}