{
    "structural_factor": 4.50319935660739,
    "functional_factor": 1.0415048355140915
}