{
    "structural_factor": 3.3269789800942426,
    "functional_factor": 1.4961479369452935
}