{
    "structural_factor": 4.2422575536902105,
    "functional_factor": 1.2854351152463528
}