{
    "structural_factor": 4.753722816479191,
    "functional_factor": 1.0037844134752594
}