{
    "structural_factor": 4.20929798367115,
    "functional_factor": 1.074436237730367
}