{
    "structural_factor": 2.9528330820597355,
    "functional_factor": 2.686682240244032
}