{
    "structural_factor": 0.4983995435705447,
    "functional_factor": 3.9024403111674646
}