{
    "structural_factor": 2.4724243978376212,
    "functional_factor": 1.7946928651531033
}