{
    "structural_factor": 2.257541579434486,
    "functional_factor": 1.7227503106234883
}