{
    "structural_factor": 3.009403023668159,
    "functional_factor": 1.0781641391328867
}