{
    "structural_factor": 3.7495496888749753,
    "functional_factor": 1.0416486348513374
}