{
    "structural_factor": 1.4728163440457898,
    "functional_factor": 1.686752004363066
}