{
    "structural_factor": 1.1464726870129922,
    "functional_factor": 3.664708509926974
}