{
    "structural_factor": 3.4484851417923665,
    "functional_factor": 1.823086881657097
}