{
    "structural_factor": 2.8347714026499875,
    "functional_factor": 1.991840202504328
}