{
    "structural_factor": 4.532286583560828,
    "functional_factor": 2.6311930574624567
}