{
    "structural_factor": 1.9515507170528101,
    "functional_factor": 3.035455520862718
}