{
    "structural_factor": 4.775334103594129,
    "functional_factor": 1.0456725417269757
}