{
    "structural_factor": 3.2619338877648305,
    "functional_factor": 1.0455541150009626
}