{
    "structural_factor": 2.8479442539972024,
    "functional_factor": 1.5745959615071143
}