{
    "structural_factor": 3.252504086167608,
    "functional_factor": 1.0041190291348552
}