{
    "structural_factor": 3.3074077915055913,
    "functional_factor": 2.899897374090444
}