{
    "structural_factor": 4.305104862640318,
    "functional_factor": 2.639676065777672
}