{
    "structural_factor": 2.7616487774721388,
    "functional_factor": 1.0346294990002365
}