{
    "structural_factor": 1.2636594820139013,
    "functional_factor": 1.4798885033364442
}