{
    "structural_factor": 4.326450036124447,
    "functional_factor": 1.3748288721276025
}