{
    "structural_factor": 2.2637002496507206,
    "functional_factor": 1.375067543422266
}