{
    "structural_factor": 2.0430940442292416,
    "functional_factor": 4.439110464619122
}