{
    "structural_factor": 2.4540841679750836,
    "functional_factor": 2.0166596790622284
}