{
    "structural_factor": 1.2190911814439291,
    "functional_factor": 1.0782099052390468
}