{
    "structural_factor": 3.3576785150218926,
    "functional_factor": 1.7934909718654801
}