{
    "structural_factor": 3.843414833196808,
    "functional_factor": 1.621107359510198
}