{
    "structural_factor": 3.261611954593924,
    "functional_factor": 2.604394776655698
}