{
    "structural_factor": 4.2525812786905,
    "functional_factor": 1.0448297755791525
}