{
    "structural_factor": 3.684924786650594,
    "functional_factor": 1.6080092462581943
}