{
    "structural_factor": 4.259669179935072,
    "functional_factor": 1.043157915844304
}