{
    "structural_factor": 2.006598338671035,
    "functional_factor": 1.1112918785106582
}