{
    "structural_factor": 0.6498244726339035,
    "functional_factor": 3.1571118313265796
}