{
    "structural_factor": 1.3202123741496912,
    "functional_factor": 7.144620605122476
}