{
    "structural_factor": 2.099669909970735,
    "functional_factor": 2.41109673267086
}