{
    "structural_factor": 4.787774521207161,
    "functional_factor": 1.1593223008011906
}