{
    "structural_factor": 2.6002481175139684,
    "functional_factor": 8.490020678110165
}