{
    "structural_factor": 2.499619231506696,
    "functional_factor": 0.9952226631747834
}