{
    "structural_factor": 2.3828860367846416,
    "functional_factor": 1.9789776727951476
}