{
    "structural_factor": 5.009765101919393,
    "functional_factor": 1.046445816895801
}