{
    "structural_factor": 3.9695290231636378,
    "functional_factor": 1.8635349062421325
}