{
    "structural_factor": 2.7257550477977115,
    "functional_factor": 4.506479843325607
}