{
    "structural_factor": 4.780709006806063,
    "functional_factor": 1.2439503127778844
}