{
    "structural_factor": 0.6247920633629162,
    "functional_factor": 9.004800076847427
}