{
    "structural_factor": 1.770012769254384,
    "functional_factor": 3.7124475130646033
}