{
    "structural_factor": 2.7536034951666992,
    "functional_factor": 0.9949690378545076
}