{
    "structural_factor": 3.5828128181818277,
    "functional_factor": 1.3783183155277883
}