{
    "structural_factor": 2.985238119802636,
    "functional_factor": 1.073739104702489
}