{
    "structural_factor": 2.830894895161446,
    "functional_factor": 1.130827995652702
}