{
    "structural_factor": 4.304635029497076,
    "functional_factor": 1.4140103986242223
}