{
    "structural_factor": 4.752219856051427,
    "functional_factor": 0.9993037990000903
}