{
    "structural_factor": 3.570323069359533,
    "functional_factor": 2.214491207963289
}