{
    "structural_factor": 2.7438092549642126,
    "functional_factor": 2.4667123146184062
}