{
    "structural_factor": 2.0930165540590373,
    "functional_factor": 3.7727073542758656
}