{
    "structural_factor": 4.434221387425482,
    "functional_factor": 1.576638678946686
}