{
    "structural_factor": 1.7955532810020831,
    "functional_factor": 1.0974790970459016
}