{
    "structural_factor": 1.9157663884392242,
    "functional_factor": 1.2163549266597897
}