{
    "structural_factor": 1.9633055887332547,
    "functional_factor": 2.449958491606832
}