{
    "structural_factor": 4.279900332201298,
    "functional_factor": 1.1344617852548105
}