{
    "structural_factor": 2.745645897225312,
    "functional_factor": 1.0490375631916313
}