{
    "structural_factor": 3.703030349167448,
    "functional_factor": 1.3327236872198869
}