{
    "structural_factor": 3.0913789026192857,
    "functional_factor": 2.8807129719064517
}