{
    "structural_factor": 1.7522835982341571,
    "functional_factor": 1.0036400158312468
}