{
    "structural_factor": 1.2477610233497283,
    "functional_factor": 1.0025272936689162
}