{
    "structural_factor": 3.2053258309838983,
    "functional_factor": 1.8340080921913045
}