{
    "structural_factor": 2.13607822289379,
    "functional_factor": 4.3029536021060135
}