{
    "structural_factor": 2.9822325060403494,
    "functional_factor": 1.7498978167282673
}