{
    "structural_factor": 1.2404997249830332,
    "functional_factor": 1.1305163715548536
}