{
    "structural_factor": 4.505290931298845,
    "functional_factor": 1.017729528247168
}