{
    "structural_factor": 3.307772679025668,
    "functional_factor": 3.306033410270942
}