{
    "structural_factor": 1.2982514011320072,
    "functional_factor": 3.503968822189399
}