{
    "structural_factor": 2.4995962664545224,
    "functional_factor": 0.9999902816328496
}