{
    "structural_factor": 3.2304764710472784,
    "functional_factor": 1.60020077656414
}