{
    "structural_factor": 1.425189116112398,
    "functional_factor": 2.9590538049289807
}