{
    "structural_factor": 4.765274928416273,
    "functional_factor": 0.9914250189472887
}