{
    "structural_factor": 4.008335738196059,
    "functional_factor": 1.0405789302400001
}