{
    "structural_factor": 1.5956276673767287,
    "functional_factor": 2.6530796555687406
}