{
    "structural_factor": 4.507964440339568,
    "functional_factor": 1.2734992489051724
}