{
    "structural_factor": 1.7471872059691698,
    "functional_factor": 1.042144559313938
}