{
    "structural_factor": 4.544612531282539,
    "functional_factor": 1.2331899228309446
}