{
    "structural_factor": 4.7525981364659025,
    "functional_factor": 1.000428899877856
}