{
    "structural_factor": 1.7315882052682605,
    "functional_factor": 1.1597928200773897
}