{
    "structural_factor": 1.567179084166327,
    "functional_factor": 1.9691323625859094
}