{
    "structural_factor": 1.015883110581867,
    "functional_factor": 1.0650466744297562
}