{
    "structural_factor": 2.7499766913656694,
    "functional_factor": 1.0029854962699218
}