{
    "structural_factor": 1.0351214781551663,
    "functional_factor": 3.9464850181802733
}