{
    "structural_factor": 2.500387945579137,
    "functional_factor": 1.3581606500000407
}