{
    "structural_factor": 1.8412760486485504,
    "functional_factor": 4.161365196473473
}