{
    "structural_factor": 2.5386692794318457,
    "functional_factor": 3.9511023923580906
}