{
    "structural_factor": 4.003700120583646,
    "functional_factor": 1.0040360194610214
}