{
    "structural_factor": 2.2829339186101985,
    "functional_factor": 2.630840781312246
}