{
    "structural_factor": 4.140232218581508,
    "functional_factor": 4.047683771079796
}