{
    "structural_factor": 2.7374631588710057,
    "functional_factor": 1.0188045375021852
}