{
    "structural_factor": 4.133845831582993,
    "functional_factor": 2.201557392108152
}