{
    "structural_factor": 2.0089955781029807,
    "functional_factor": 0.9910852608574269
}