{
    "structural_factor": 4.448600756553541,
    "functional_factor": 2.4592829814227204
}