{
    "structural_factor": 1.9996768141271537,
    "functional_factor": 1.0000177743830323
}