{
    "structural_factor": 3.9833059454093394,
    "functional_factor": 2.07134907401109
}