{
    "structural_factor": 4.818415984001561,
    "functional_factor": 1.272250650443498
}