{
    "structural_factor": 3.767349216731808,
    "functional_factor": 2.11197654344141
}