{
    "structural_factor": 2.8786773095914078,
    "functional_factor": 1.795804380320155
}