{
    "structural_factor": 0.5880283152879866,
    "functional_factor": 4.055313000102985
}