{
    "structural_factor": 4.749397093555339,
    "functional_factor": 1.0867267826275866
}