{
    "structural_factor": 2.612445909107262,
    "functional_factor": 1.5242820392479899
}