{
    "structural_factor": 3.2485615582453287,
    "functional_factor": 1.0038095960865263
}