{
    "structural_factor": 3.761770503894946,
    "functional_factor": 1.141649482938726
}