{
    "structural_factor": 4.7694145634176355,
    "functional_factor": 1.045256173107818
}