{
    "structural_factor": 5.009988682001219,
    "functional_factor": 2.591516242115357
}