{
    "structural_factor": 1.7335115495389466,
    "functional_factor": 2.6767144324084997
}