{
    "structural_factor": 2.3574262613652905,
    "functional_factor": 2.8955916824918
}