{
    "structural_factor": 1.589442101463169,
    "functional_factor": 1.3767666137095091
}