{
    "structural_factor": 1.0263900643814599,
    "functional_factor": 1.1439208598462016
}