{
    "structural_factor": 1.3229323051876152,
    "functional_factor": 2.504041189376154
}