{
    "structural_factor": 3.3039717207770467,
    "functional_factor": 1.2760275851280947
}