{
    "structural_factor": 1.483476508991956,
    "functional_factor": 4.056771936417233
}