{
    "structural_factor": 1.1897272543188837,
    "functional_factor": 1.4303124639332347
}