{
    "structural_factor": 3.2765553623781036,
    "functional_factor": 1.1189948392378624
}