{
    "structural_factor": 4.009210514510344,
    "functional_factor": 1.1525726286585358
}