{
    "structural_factor": 4.032058441558282,
    "functional_factor": 1.073696748685334
}