{
    "structural_factor": 4.565477250556854,
    "functional_factor": 1.2604520639298884
}