{
    "structural_factor": 1.2243956013745931,
    "functional_factor": 1.2211088766931932
}