{
    "structural_factor": 1.4997106074440731,
    "functional_factor": 1.0000394856739114
}