{
    "structural_factor": 4.2525536346170005,
    "functional_factor": 1.0375622578913497
}