{
    "structural_factor": 2.510699993086301,
    "functional_factor": 1.012785768439152
}