{
    "structural_factor": 4.431934884945792,
    "functional_factor": 2.553167553982523
}