{
    "structural_factor": 4.5256155647132825,
    "functional_factor": 1.1266014977402465
}