{
    "structural_factor": 4.52707430484818,
    "functional_factor": 1.1266078191138627
}