{
    "structural_factor": 1.4802819832190168,
    "functional_factor": 1.4282502557694077
}