{
    "structural_factor": 2.0153365155199885,
    "functional_factor": 1.7130470312588912
}