{
    "structural_factor": 2.3386677073354663,
    "functional_factor": 1.1788938426165494
}