{
    "structural_factor": 2.4966087949702507,
    "functional_factor": 3.675197007650643
}