{
    "structural_factor": 1.5709617753502785,
    "functional_factor": 3.2111991319407385
}