{
    "structural_factor": 2.4876857000053296,
    "functional_factor": 1.0702035099242848
}