{
    "structural_factor": 0.9495579096015446,
    "functional_factor": 1.2345930070130333
}