{
    "structural_factor": 2.761204774070649,
    "functional_factor": 1.0132491750643342
}