{
    "structural_factor": 4.286521231039676,
    "functional_factor": 1.2097457023596434
}