{
    "structural_factor": 2.516490467829923,
    "functional_factor": 2.035641411487475
}