{
    "structural_factor": 1.7096394971496427,
    "functional_factor": 1.3755663235539897
}