{
    "structural_factor": 0.9586540538101892,
    "functional_factor": 1.5745395598904441
}