{
    "structural_factor": 2.9169573652630523,
    "functional_factor": 1.4897438720310112
}