{
    "structural_factor": 2.2619925091440374,
    "functional_factor": 0.9955165556538879
}