{
    "structural_factor": 1.2334048639498587,
    "functional_factor": 5.546975919257871
}