{
    "structural_factor": 2.609664995815062,
    "functional_factor": 1.8304332925968378
}