{
    "structural_factor": 1.5166921844801604,
    "functional_factor": 1.033308323587951
}