{
    "structural_factor": 4.022077105906667,
    "functional_factor": 1.9106741122908162
}