{
    "structural_factor": 0.8871411062925293,
    "functional_factor": 3.829644825421072
}