{
    "structural_factor": 3.1863873089858967,
    "functional_factor": 1.344737366453213
}