{
    "structural_factor": 3.2171382793612504,
    "functional_factor": 3.2377788289819667
}