{
    "structural_factor": 1.584362677493157,
    "functional_factor": 1.2917942047684046
}