{
    "structural_factor": 2.9725779598193594,
    "functional_factor": 1.0701528598447678
}