{
    "structural_factor": 3.3816131037318238,
    "functional_factor": 1.699279865420332
}