{
    "structural_factor": 1.7702254977484897,
    "functional_factor": 1.4926126579030516
}