{
    "structural_factor": 1.2032341069282657,
    "functional_factor": 3.025653594624245
}