{
    "structural_factor": 1.2274461280193336,
    "functional_factor": 1.9137051500041917
}