{
    "structural_factor": 4.749650377598968,
    "functional_factor": 1.0475373494976454
}