{
    "structural_factor": 2.796624199622128,
    "functional_factor": 1.0623998049966572
}