{
    "structural_factor": 3.9660020014604824,
    "functional_factor": 1.757323444919437
}