{
    "structural_factor": 4.1625971000736435,
    "functional_factor": 1.9623373929891021
}