{
    "structural_factor": 1.7586489392476654,
    "functional_factor": 1.0135265169790164
}