{
    "structural_factor": 2.2590135536949,
    "functional_factor": 0.9910668698728445
}