{
    "structural_factor": 4.160884304496724,
    "functional_factor": 1.5024610822549536
}