{
    "structural_factor": 3.750333204336549,
    "functional_factor": 1.018779022440885
}