{
    "structural_factor": 3.9013243252685212,
    "functional_factor": 2.5428847137644244
}