{
    "structural_factor": 1.0221134442138686,
    "functional_factor": 1.9825252456612605
}