{
    "structural_factor": 4.509763439258891,
    "functional_factor": 0.9928244246167585
}