{
    "structural_factor": 0.9097437774048106,
    "functional_factor": 5.7995127926876915
}