{
    "structural_factor": 4.211637396006008,
    "functional_factor": 1.5670903149120403
}