{
    "structural_factor": 1.2425850073051492,
    "functional_factor": 1.0393649046303348
}