{
    "structural_factor": 2.7925516733338944,
    "functional_factor": 1.0659946364256445
}