{
    "structural_factor": 2.321915865388159,
    "functional_factor": 4.045149697868583
}