{
    "structural_factor": 1.4774378737885097,
    "functional_factor": 1.7239920682414134
}