{
    "structural_factor": 0.9678209628995116,
    "functional_factor": 1.192755251762813
}