{
    "structural_factor": 4.305736419427286,
    "functional_factor": 1.2615875478531995
}