{
    "structural_factor": 2.0401471759874656,
    "functional_factor": 2.560572512746197
}