{
    "structural_factor": 5.011953765167178,
    "functional_factor": 1.0019099134066385
}