{
    "structural_factor": 0.9957775701722529,
    "functional_factor": 3.1819020738849373
}