{
    "structural_factor": 0.9929918684747043,
    "functional_factor": 1.0167858503309957
}