{
    "structural_factor": 1.6035739214301235,
    "functional_factor": 1.4191380929225526
}