{
    "structural_factor": 3.158015086903935,
    "functional_factor": 1.2727744250166024
}