{
    "structural_factor": 2.230285880885324,
    "functional_factor": 3.6243393788876856
}