{
    "structural_factor": 2.957253501296745,
    "functional_factor": 2.5416445668085625
}