{
    "structural_factor": 1.4993244042990506,
    "functional_factor": 1.0002638497157048
}