{
    "structural_factor": 1.8024365909238353,
    "functional_factor": 1.099723361254923
}