{
    "structural_factor": 0.9396111717769666,
    "functional_factor": 4.019338442089135
}