{
    "structural_factor": 1.504289403164854,
    "functional_factor": 0.9935091826690176
}