{
    "structural_factor": 3.29394307637451,
    "functional_factor": 1.7419199796106004
}