{
    "structural_factor": 2.9913255404464936,
    "functional_factor": 2.1206372698661307
}