{
    "structural_factor": 4.250277557881533,
    "functional_factor": 0.9997200148150942
}