{
    "structural_factor": 1.3559288505542717,
    "functional_factor": 9.034454720034375
}