{
    "structural_factor": 4.701194547545372,
    "functional_factor": 1.5122823806093915
}