{
    "structural_factor": 2.044253450483078,
    "functional_factor": 1.053636242667978
}