{
    "structural_factor": 1.486691375486089,
    "functional_factor": 1.0793455249854582
}