{
    "structural_factor": 1.1123749519781443,
    "functional_factor": 1.7702157490348052
}