{
    "structural_factor": 3.9646443003252516,
    "functional_factor": 1.9534721615195947
}