{
    "structural_factor": 3.247238988802576,
    "functional_factor": 1.0360334358918872
}