{
    "structural_factor": 1.9114104803795036,
    "functional_factor": 10.65256083128847
}