{
    "structural_factor": 4.015953827513958,
    "functional_factor": 1.0360798953416404
}