{
    "structural_factor": 0.9938056593787803,
    "functional_factor": 1.0814606107196074
}