{
    "structural_factor": 4.247674246579305,
    "functional_factor": 1.7735156594667798
}