{
    "structural_factor": 3.9999612101851,
    "functional_factor": 0.999867237664039
}