{
    "structural_factor": 4.431467481500478,
    "functional_factor": 3.5284085735586226
}