{
    "structural_factor": 1.7496744192328273,
    "functional_factor": 3.128984740566052
}