{
    "structural_factor": 3.257399706634871,
    "functional_factor": 1.018380867169785
}