{
    "structural_factor": 1.0384896915501431,
    "functional_factor": 1.3437557344202407
}