{
    "structural_factor": 2.784227828099597,
    "functional_factor": 3.9992062544978015
}