{
    "structural_factor": 2.6371853111584804,
    "functional_factor": 1.5107112161414347
}