{
    "structural_factor": 3.5422332801664616,
    "functional_factor": 1.8935858691016094
}