{
    "structural_factor": 3.628417597267387,
    "functional_factor": 1.2767723649379614
}