{
    "structural_factor": 4.259418970902802,
    "functional_factor": 1.0478808171381826
}