{
    "structural_factor": 2.536881696360733,
    "functional_factor": 2.0856664719031737
}