{
    "structural_factor": 5.030507905708742,
    "functional_factor": 1.3657796127964363
}