{
    "structural_factor": 4.517776096335414,
    "functional_factor": 1.1330894443638335
}