{
    "structural_factor": 0.7386010226130341,
    "functional_factor": 15.384065291318498
}