{
    "structural_factor": 4.330344145412068,
    "functional_factor": 1.512860201236888
}