{
    "structural_factor": 4.713747677090712,
    "functional_factor": 3.547070628129925
}