{
    "structural_factor": 5.021087488944312,
    "functional_factor": 1.1852054268652696
}