{
    "structural_factor": 1.2427601357470597,
    "functional_factor": 1.005577334159861
}