{
    "structural_factor": 2.6937159522599563,
    "functional_factor": 1.9923211695222138
}