{
    "structural_factor": 1.5146854837960513,
    "functional_factor": 1.0315187959126308
}