{
    "structural_factor": 5.018602087553009,
    "functional_factor": 1.1259381754875946
}