{
    "structural_factor": 2.0258352813530256,
    "functional_factor": 1.0361029537516755
}