{
    "structural_factor": 2.560980958164186,
    "functional_factor": 1.1804870736404836
}