{
    "structural_factor": 0.9459077511277593,
    "functional_factor": 2.0033418159200593
}