{
    "structural_factor": 3.0852096684201404,
    "functional_factor": 1.2422646394338162
}