{
    "structural_factor": 5.007686949419682,
    "functional_factor": 1.0176222058671163
}