{
    "structural_factor": 4.034926870425701,
    "functional_factor": 1.3701812101111626
}