{
    "structural_factor": 2.0011450785083458,
    "functional_factor": 1.0033083827613285
}