{
    "structural_factor": 1.7843428184350811,
    "functional_factor": 1.056806467819659
}