{
    "structural_factor": 2.031573058435203,
    "functional_factor": 7.7426493813921935
}