{
    "structural_factor": 3.1965623719493816,
    "functional_factor": 4.416486034279236
}