{
    "structural_factor": 2.5096274282568802,
    "functional_factor": 1.9419868511063374
}