{
    "structural_factor": 2.4504205286510437,
    "functional_factor": 4.6366635992411265
}