{
    "structural_factor": 2.8808314852525565,
    "functional_factor": 4.044176301058305
}