{
    "structural_factor": 1.0430594929329249,
    "functional_factor": 1.6428422007723966
}