{
    "structural_factor": 3.505174738793527,
    "functional_factor": 0.9942961367972218
}