{
    "structural_factor": 1.68883380664975,
    "functional_factor": 5.916312758946052
}