{
    "structural_factor": 4.043311760867705,
    "functional_factor": 1.18008566400031
}