{
    "structural_factor": 0.6196430129626561,
    "functional_factor": 3.915874682245564
}