{
    "structural_factor": 0.9480506366511646,
    "functional_factor": 1.4810871226423545
}