{
    "structural_factor": 1.5460768206287252,
    "functional_factor": 1.0898381765962981
}