{
    "structural_factor": 1.7587506117743608,
    "functional_factor": 1.175149892736175
}