{
    "structural_factor": 3.61710061027022,
    "functional_factor": 2.3359899566281337
}