{
    "structural_factor": 4.3676780453481125,
    "functional_factor": 1.2440065151800406
}