{
    "structural_factor": 2.036529464533972,
    "functional_factor": 1.0596007183745468
}