{
    "structural_factor": 4.765867408231039,
    "functional_factor": 1.1852578585610374
}