{
    "structural_factor": 2.043230121835757,
    "functional_factor": 1.0839870042180264
}