{
    "structural_factor": 2.32685210394623,
    "functional_factor": 1.2474142327337712
}