{
    "structural_factor": 3.7610267178427907,
    "functional_factor": 1.0439552077055565
}