{
    "structural_factor": 4.7939481608492915,
    "functional_factor": 1.1854598843140913
}