{
    "structural_factor": 2.03313145568842,
    "functional_factor": 1.1140202026179256
}