{
    "structural_factor": 2.775764975071394,
    "functional_factor": 1.03795401983112
}