{
    "structural_factor": 3.502026112560104,
    "functional_factor": 1.003782041185073
}