{
    "structural_factor": 3.509644694900436,
    "functional_factor": 3.569051284684407
}