{
    "structural_factor": 4.263831579095049,
    "functional_factor": 1.0355898417705218
}