{
    "structural_factor": 3.5056892053055377,
    "functional_factor": 1.018832588273555
}