{
    "structural_factor": 1.4996840420077513,
    "functional_factor": 1.0000349552907468
}