{
    "structural_factor": 2.703136323772522,
    "functional_factor": 1.2667941040064943
}