{
    "structural_factor": 3.5189924269799935,
    "functional_factor": 1.0430439955454023
}