{
    "structural_factor": 2.382932095716555,
    "functional_factor": 2.5472327575401366
}