{
    "structural_factor": 3.3091815505457136,
    "functional_factor": 1.3840764983394578
}