{
    "structural_factor": 2.750008869716819,
    "functional_factor": 5.818421458463328
}