{
    "structural_factor": 1.5348638196937112,
    "functional_factor": 2.516005967785616
}