{
    "structural_factor": 1.3857287058987613,
    "functional_factor": 1.3353151285892568
}