{
    "structural_factor": 4.437168277671649,
    "functional_factor": 4.520117997136582
}