{
    "structural_factor": 1.7551985166479382,
    "functional_factor": 1.0007024285618442
}