{
    "structural_factor": 3.747634774010355,
    "functional_factor": 1.0158643141924801
}