{
    "structural_factor": 4.780817470182473,
    "functional_factor": 1.1369099286220024
}