{
    "structural_factor": 4.003833782158097,
    "functional_factor": 0.995397452739492
}