{
    "structural_factor": 2.7633773246174327,
    "functional_factor": 1.0149002970807293
}