{
    "structural_factor": 1.3072662513825473,
    "functional_factor": 1.3866596092285344
}