{
    "structural_factor": 1.7969890879624646,
    "functional_factor": 1.0930343253395594
}