{
    "structural_factor": 3.6113109669378174,
    "functional_factor": 1.5098356544640283
}