{
    "structural_factor": 2.4922726984062438,
    "functional_factor": 1.7364813353714474
}