{
    "structural_factor": 1.3275816611722353,
    "functional_factor": 1.451102282257955
}