{
    "structural_factor": 5.008740672405141,
    "functional_factor": 1.0001941074249974
}