{
    "structural_factor": 1.2596486024793419,
    "functional_factor": 1.0321320358863446
}