{
    "structural_factor": 4.019385766334793,
    "functional_factor": 1.0829932326373513
}