{
    "structural_factor": 5.065917185969696,
    "functional_factor": 1.3751038417431052
}