{
    "structural_factor": 1.2243189850960494,
    "functional_factor": 1.7001427544310184
}