{
    "structural_factor": 4.005504324354741,
    "functional_factor": 1.0191310138542398
}