{
    "structural_factor": 3.0921331648121684,
    "functional_factor": 1.4340469749268774
}