{
    "structural_factor": 1.7583598896669914,
    "functional_factor": 2.309983924870261
}