{
    "structural_factor": 3.3651595768136287,
    "functional_factor": 4.486215561008311
}