{
    "structural_factor": 2.4276770074744136,
    "functional_factor": 3.09717391351277
}