{
    "structural_factor": 3.4655398193197646,
    "functional_factor": 2.0235732095160746
}