{
    "structural_factor": 0.9716092807436807,
    "functional_factor": 1.0767771458717976
}