{
    "structural_factor": 1.8492511707984922,
    "functional_factor": 2.919360627625702
}