{
    "structural_factor": 4.754538935390866,
    "functional_factor": 1.0501064923543562
}