{
    "structural_factor": 1.921933135664061,
    "functional_factor": 1.4805108068549342
}