{
    "structural_factor": 3.2174330773755373,
    "functional_factor": 1.9560976736310738
}