{
    "structural_factor": 4.7774652196430365,
    "functional_factor": 1.3659905177987666
}