{
    "structural_factor": 1.4048647925586104,
    "functional_factor": 3.5528598785253434
}