{
    "structural_factor": 4.755631002992609,
    "functional_factor": 1.0393203160566262
}