{
    "structural_factor": 3.9494021646216564,
    "functional_factor": 1.975963301362823
}