{
    "structural_factor": 3.762755803223531,
    "functional_factor": 1.0428294028675227
}