{
    "structural_factor": 3.991201151997794,
    "functional_factor": 1.0214877087184118
}