{
    "structural_factor": 2.5177002472396275,
    "functional_factor": 2.079370097073673
}