{
    "structural_factor": 3.661180887213166,
    "functional_factor": 4.49735919787628
}