{
    "structural_factor": 2.1664606028796847,
    "functional_factor": 1.5245621766862978
}