{
    "structural_factor": 2.255141565294386,
    "functional_factor": 1.0187181995982029
}