{
    "structural_factor": 3.256093083884557,
    "functional_factor": 1.018553027833937
}