{
    "structural_factor": 2.0936718001474546,
    "functional_factor": 8.282408363485654
}