{
    "structural_factor": 1.7909756813638629,
    "functional_factor": 4.864113328523006
}