{
    "structural_factor": 1.8169583830807958,
    "functional_factor": 1.1367003221242897
}