{
    "structural_factor": 3.8755560320202576,
    "functional_factor": 1.2453447533016337
}