{
    "structural_factor": 2.747763317147566,
    "functional_factor": 1.0162018360632925
}