{
    "structural_factor": 2.6543418755238624,
    "functional_factor": 1.3538686697586853
}