{
    "structural_factor": 4.826442243907645,
    "functional_factor": 1.3132133078355874
}