{
    "structural_factor": 1.506370089255814,
    "functional_factor": 1.0140075599909226
}