{
    "structural_factor": 3.249652478752989,
    "functional_factor": 0.9999533598724047
}