{
    "structural_factor": 2.0133676754150427,
    "functional_factor": 3.4886609807686466
}