{
    "structural_factor": 1.7772323313940488,
    "functional_factor": 2.380428864501811
}