{
    "structural_factor": 1.8851079682425074,
    "functional_factor": 1.2888748445660811
}