{
    "structural_factor": 3.8111303482215,
    "functional_factor": 1.3679153892595528
}