{
    "structural_factor": 0.9840862160616132,
    "functional_factor": 1.3640298180914117
}