{
    "structural_factor": 1.2207084560903516,
    "functional_factor": 1.206866587510491
}