{
    "structural_factor": 2.749480140900686,
    "functional_factor": 2.0127332861441287
}