{
    "structural_factor": 1.4899839149377916,
    "functional_factor": 1.0402360675416487
}