{
    "structural_factor": 2.2497319780397658,
    "functional_factor": 0.999975564266041
}