{
    "structural_factor": 1.4727266314244982,
    "functional_factor": 2.598236315807616
}