{
    "structural_factor": 3.760107114417545,
    "functional_factor": 1.1275551331086222
}