{
    "structural_factor": 4.75566194789303,
    "functional_factor": 1.0196399808493586
}