{
    "structural_factor": 1.8479163590264938,
    "functional_factor": 1.9345613347241462
}