{
    "structural_factor": 2.5036053853164857,
    "functional_factor": 1.0415826981343896
}