{
    "structural_factor": 2.295701473871896,
    "functional_factor": 2.0623642709425125
}