{
    "structural_factor": 1.5067484641239495,
    "functional_factor": 1.5799509054778524
}