{
    "structural_factor": 0.6657236560669079,
    "functional_factor": 3.779107211575777
}