{
    "structural_factor": 1.9996203919275815,
    "functional_factor": 1.0000228461926353
}