{
    "structural_factor": 2.631578948145157,
    "functional_factor": 6.346264579558687
}