{
    "structural_factor": 1.7368012525351326,
    "functional_factor": 1.1263321272154614
}