{
    "structural_factor": 1.3058347743285745,
    "functional_factor": 2.0727765880730638
}