{
    "structural_factor": 1.5073748738252473,
    "functional_factor": 3.2053617546295126
}