{
    "structural_factor": 1.8307250813530047,
    "functional_factor": 2.6372466295008614
}