{
    "structural_factor": 3.834966673291692,
    "functional_factor": 1.299040273600413
}