{
    "structural_factor": 1.7238977295378202,
    "functional_factor": 1.101206257812215
}