{
    "structural_factor": 2.084453125349504,
    "functional_factor": 1.1993759433245583
}