{
    "structural_factor": 3.2435301475680114,
    "functional_factor": 1.2019089791234838
}