{
    "structural_factor": 4.033549144847403,
    "functional_factor": 1.1225734879075622
}