{
    "structural_factor": 2.195351596351852,
    "functional_factor": 2.2632774679572285
}