{
    "structural_factor": 3.504258621193423,
    "functional_factor": 1.0019830144907635
}