{
    "structural_factor": 0.6948793681109988,
    "functional_factor": 4.4064165862695726
}