{
    "structural_factor": 3.9965828962797074,
    "functional_factor": 1.0763473386965712
}