{
    "structural_factor": 0.7075676892704668,
    "functional_factor": 6.78343297018631
}