{
    "structural_factor": 5.02959725647066,
    "functional_factor": 1.1260791503207728
}