{
    "structural_factor": 3.2128417698041436,
    "functional_factor": 1.964036601022133
}