{
    "structural_factor": 1.5310637810023695,
    "functional_factor": 2.2820429259169552
}