{
    "structural_factor": 1.8281882764499031,
    "functional_factor": 1.6203637804387026
}