{
    "structural_factor": 2.2495483400804406,
    "functional_factor": 1.000025409484085
}