{
    "structural_factor": 3.237206302784022,
    "functional_factor": 1.0743391765330041
}