{
    "structural_factor": 2.488940393900435,
    "functional_factor": 1.1316123860151113
}