{
    "structural_factor": 2.9930439481665543,
    "functional_factor": 1.4879055668057826
}