{
    "structural_factor": 4.752951522659885,
    "functional_factor": 1.0046630534148742
}