{
    "structural_factor": 3.7739802062482575,
    "functional_factor": 1.265120401116003
}