{
    "structural_factor": 3.237459431085677,
    "functional_factor": 1.4862140864535311
}