{
    "structural_factor": 2.751260216434303,
    "functional_factor": 0.993619051203135
}