{
    "structural_factor": 0.998984342717166,
    "functional_factor": 0.9993481880847279
}