{
    "structural_factor": 1.1581970775728005,
    "functional_factor": 7.4106923895429855
}