{
    "structural_factor": 3.0241235266281286,
    "functional_factor": 1.1212804081240297
}