{
    "structural_factor": 3.7602137754619944,
    "functional_factor": 0.9922517486622902
}