{
    "structural_factor": 1.2735616911150174,
    "functional_factor": 1.0543039370816087
}