{
    "structural_factor": 2.4674729192945857,
    "functional_factor": 1.2292338429126382
}