{
    "structural_factor": 0.989625405779641,
    "functional_factor": 1.1848848147135322
}