{
    "structural_factor": 3.98920665131011,
    "functional_factor": 4.872888039269859
}