{
    "structural_factor": 1.738006512484697,
    "functional_factor": 1.1317931416961848
}