{
    "structural_factor": 1.4069937038986902,
    "functional_factor": 1.9377557390394133
}