{
    "structural_factor": 3.2561462702293054,
    "functional_factor": 1.0394370505628265
}