{
    "structural_factor": 3.6513694229219316,
    "functional_factor": 3.957952464655043
}