{
    "structural_factor": 5.015449777405724,
    "functional_factor": 1.1140915700598104
}