{
    "structural_factor": 3.313224389440778,
    "functional_factor": 1.40238579261486
}