{
    "structural_factor": 5.0038032599114874,
    "functional_factor": 1.0045216527545346
}