{
    "structural_factor": 1.5009998977563648,
    "functional_factor": 1.003080135537197
}