{
    "structural_factor": 1.7483191663751165,
    "functional_factor": 1.0379814374211018
}