{
    "structural_factor": 3.013475382194432,
    "functional_factor": 1.0455400311220175
}