{
    "structural_factor": 1.1016257787657375,
    "functional_factor": 8.584456877040154
}