{
    "structural_factor": 1.9992391404471943,
    "functional_factor": 1.0037747121898326
}