{
    "structural_factor": 2.4985807062398804,
    "functional_factor": 0.9949971038250824
}