{
    "structural_factor": 1.337196957273347,
    "functional_factor": 2.255629431184755
}