{
    "structural_factor": 3.0453985842025633,
    "functional_factor": 1.5357127249443219
}