{
    "structural_factor": 2.615634873228454,
    "functional_factor": 3.547779277722225
}