{
    "structural_factor": 1.2931312497977987,
    "functional_factor": 2.9239868581260797
}