{
    "structural_factor": 2.9622512610656497,
    "functional_factor": 1.468345634708091
}