{
    "structural_factor": 1.5317864725426324,
    "functional_factor": 1.9969600677660313
}