{
    "structural_factor": 3.164740792773736,
    "functional_factor": 1.7473941193469338
}