{
    "structural_factor": 2.4449131814004184,
    "functional_factor": 2.566562079920379
}