{
    "structural_factor": 3.285984698189362,
    "functional_factor": 1.1818908644671775
}