{
    "structural_factor": 3.441901530654751,
    "functional_factor": 1.7124368445330127
}