{
    "structural_factor": 4.765100437201035,
    "functional_factor": 1.0856466888743384
}