{
    "structural_factor": 1.515351872490311,
    "functional_factor": 7.504204737936714
}