{
    "structural_factor": 0.9962383880737203,
    "functional_factor": 1.0054276419361237
}