{
    "structural_factor": 1.7807777585593745,
    "functional_factor": 5.379048838119695
}