{
    "structural_factor": 3.6539519660404234,
    "functional_factor": 2.2846469500048703
}