{
    "structural_factor": 1.9060562376088621,
    "functional_factor": 2.0723755378227517
}