{
    "structural_factor": 3.5321209307931536,
    "functional_factor": 1.5453052497092372
}