{
    "structural_factor": 1.0216202798878813,
    "functional_factor": 1.0974469120663732
}