{
    "structural_factor": 5.051051875728599,
    "functional_factor": 1.4202161329678848
}