{
    "structural_factor": 1.2172349051403846,
    "functional_factor": 8.400975583162218
}