{
    "structural_factor": 4.7748437654643485,
    "functional_factor": 0.993121782247193
}