{
    "structural_factor": 3.4981342187637203,
    "functional_factor": 3.2823695801017445
}