{
    "structural_factor": 4.72843564205491,
    "functional_factor": 1.041979962035155
}