{
    "structural_factor": 2.6194380705941365,
    "functional_factor": 2.001894692465388
}