{
    "structural_factor": 0.2381167424309991,
    "functional_factor": 6.486127300674064
}