{
    "structural_factor": 2.3032740075991667,
    "functional_factor": 1.900751111311625
}