{
    "structural_factor": 2.2125698285818096,
    "functional_factor": 4.96482596781625
}