{
    "structural_factor": 2.3954732302134687,
    "functional_factor": 1.1512962091492958
}