{
    "structural_factor": 5.00475664374838,
    "functional_factor": 1.01987331353798
}