{
    "structural_factor": 1.385998596556883,
    "functional_factor": 3.6196152907020913
}