{
    "structural_factor": 2.3258042098457548,
    "functional_factor": 1.9741407607367796
}