{
    "structural_factor": 2.662197751837325,
    "functional_factor": 1.2830896489815706
}