{
    "structural_factor": 3.473241642279359,
    "functional_factor": 1.2079999896782982
}