{
    "structural_factor": 4.792783629791097,
    "functional_factor": 1.4187835671307885
}