{
    "structural_factor": 1.7312855877169713,
    "functional_factor": 3.925255476787808
}