{
    "structural_factor": 4.886689318631843,
    "functional_factor": 2.436934605718471
}