{
    "structural_factor": 1.5554020344757005,
    "functional_factor": 2.727315537579609
}