{
    "structural_factor": 2.2594232146228452,
    "functional_factor": 1.1816452845662764
}