{
    "structural_factor": 3.7057934451756678,
    "functional_factor": 1.499378168499071
}