{
    "structural_factor": 4.2591428956845245,
    "functional_factor": 1.0718121035185662
}