{
    "structural_factor": 2.1582066995938085,
    "functional_factor": 1.9772612621653256
}