{
    "structural_factor": 1.027816021135611,
    "functional_factor": 7.79144384977187
}