{
    "structural_factor": 2.2284139678131236,
    "functional_factor": 1.9366573331718546
}