{
    "structural_factor": 2.4848129162969097,
    "functional_factor": 8.42121249928318
}