{
    "structural_factor": 0.9967077986042504,
    "functional_factor": 2.3515336390546526
}