{
    "structural_factor": 3.0665871975345245,
    "functional_factor": 1.3434029144275856
}