{
    "structural_factor": 1.6292372075832156,
    "functional_factor": 1.9669825642556702
}