{
    "structural_factor": 2.655358192098195,
    "functional_factor": 4.063204594556556
}