{
    "structural_factor": 1.0476080678935609,
    "functional_factor": 4.583960197994249
}