{
    "structural_factor": 1.0548302625989856,
    "functional_factor": 1.4560278094410657
}