{
    "structural_factor": 5.036032147660269,
    "functional_factor": 1.160482130137377
}