{
    "structural_factor": 3.0090654441473204,
    "functional_factor": 1.0011991371248283
}