{
    "structural_factor": 4.257194661096706,
    "functional_factor": 1.0373187595219548
}