{
    "structural_factor": 4.0334024580288155,
    "functional_factor": 1.7232365324489856
}