{
    "structural_factor": 4.441850239382858,
    "functional_factor": 3.2523361681016216
}