{
    "structural_factor": 3.101770091198782,
    "functional_factor": 1.618340865219392
}