{
    "structural_factor": 2.498918727479211,
    "functional_factor": 0.9959454245543145
}