{
    "structural_factor": 3.342240957324169,
    "functional_factor": 3.5570395673799564
}