{
    "structural_factor": 3.974024465220326,
    "functional_factor": 1.0740304453469325
}