{
    "structural_factor": 4.501222382862823,
    "functional_factor": 0.9995840163462324
}