{
    "structural_factor": 4.50705952556123,
    "functional_factor": 1.020010924987499
}