{
    "structural_factor": 4.457030034924892,
    "functional_factor": 2.008352494027476
}