{
    "structural_factor": 1.2379665684572783,
    "functional_factor": 1.0804587223932987
}