{
    "structural_factor": 4.7661642318062425,
    "functional_factor": 1.0851048819501052
}