{
    "structural_factor": 4.68943336909911,
    "functional_factor": 1.7668382609212938
}