{
    "structural_factor": 2.4330948358970685,
    "functional_factor": 3.5006055534834126
}