{
    "structural_factor": 1.0163288350559196,
    "functional_factor": 1.0822785625238889
}