{
    "structural_factor": 0.9920956256334278,
    "functional_factor": 1.019627642519238
}