{
    "structural_factor": 2.89598410038958,
    "functional_factor": 1.288010036990526
}