{
    "structural_factor": 3.0105131842107133,
    "functional_factor": 1.0027076550237715
}