{
    "structural_factor": 1.2332559909392822,
    "functional_factor": 2.075908267538368
}