{
    "structural_factor": 2.8997716453015276,
    "functional_factor": 2.0181905197690817
}