{
    "structural_factor": 3.2276752565891593,
    "functional_factor": 1.0494259181358119
}