{
    "structural_factor": 1.1296352598607606,
    "functional_factor": 2.5092129024482897
}