{
    "structural_factor": 0.8002685055534046,
    "functional_factor": 3.0701158724909834
}