{
    "structural_factor": 2.0392168878972528,
    "functional_factor": 2.6235879580300123
}