{
    "structural_factor": 4.2717546695854995,
    "functional_factor": 0.9943489836903683
}