{
    "structural_factor": 4.065267484470508,
    "functional_factor": 1.8098198230714408
}