{
    "structural_factor": 1.5556968148722277,
    "functional_factor": 2.2633697827391663
}