{
    "structural_factor": 1.7410370178432002,
    "functional_factor": 1.042817368627568
}