{
    "structural_factor": 3.7925478811998365,
    "functional_factor": 1.5480064676298406
}