{
    "structural_factor": 2.5302490403165447,
    "functional_factor": 1.0380644082776807
}