{
    "structural_factor": 3.5967354514246463,
    "functional_factor": 3.429022884337885
}