{
    "structural_factor": 4.245084536452515,
    "functional_factor": 1.3845519874140437
}