{
    "structural_factor": 4.757932774815301,
    "functional_factor": 1.0014452103100464
}