{
    "structural_factor": 4.28990850219442,
    "functional_factor": 1.614773899976199
}