{
    "structural_factor": 4.452263754471338,
    "functional_factor": 2.030719500669346
}