{
    "structural_factor": 0.42851247774919143,
    "functional_factor": 4.044527547254085
}