{
    "structural_factor": 5.0098008001672145,
    "functional_factor": 0.9940611374026807
}