{
    "structural_factor": 2.791623851678203,
    "functional_factor": 1.1626084107398953
}