{
    "structural_factor": 1.5001029236098553,
    "functional_factor": 0.9934172750123271
}