{
    "structural_factor": 1.8757718071535174,
    "functional_factor": 4.118514506421989
}