{
    "structural_factor": 3.5356400843529245,
    "functional_factor": 1.074337557749198
}