{
    "structural_factor": 2.019410872682049,
    "functional_factor": 1.028802354190586
}