{
    "structural_factor": 4.756362787701879,
    "functional_factor": 1.0456776633252562
}