{
    "structural_factor": 4.20598240056923,
    "functional_factor": 2.4754166808204543
}