{
    "structural_factor": 2.117386405781686,
    "functional_factor": 1.6093941099934501
}