{
    "structural_factor": 0.8908289229767345,
    "functional_factor": 2.3606235236924475
}