{
    "structural_factor": 2.4152539464108305,
    "functional_factor": 3.866793253140171
}