{
    "structural_factor": 2.882658751080719,
    "functional_factor": 1.153023088336141
}