{
    "structural_factor": 3.968462796597195,
    "functional_factor": 1.817790087561928
}