{
    "structural_factor": 4.85826348848517,
    "functional_factor": 2.9472116008038753
}