{
    "structural_factor": 1.7187570387402122,
    "functional_factor": 1.1702340107132514
}