{
    "structural_factor": 3.359348291246124,
    "functional_factor": 2.871249161260286
}