{
    "structural_factor": 1.4322673462111415,
    "functional_factor": 1.162896239830671
}