{
    "structural_factor": 2.571297519696791,
    "functional_factor": 1.3269195257292932
}