{
    "structural_factor": 4.002120139556709,
    "functional_factor": 1.0050302493535412
}