{
    "structural_factor": 4.501741288061089,
    "functional_factor": 0.9994680805857066
}