{
    "structural_factor": 2.2566801963509424,
    "functional_factor": 1.004122050063501
}