{
    "structural_factor": 0.993902886827786,
    "functional_factor": 1.129078922532386
}