{
    "structural_factor": 1.2277271940710608,
    "functional_factor": 3.7179011608291903
}