{
    "structural_factor": 3.028554440559257,
    "functional_factor": 1.1186452000914175
}