{
    "structural_factor": 1.8283998370439118,
    "functional_factor": 5.708426940386247
}