{
    "structural_factor": 2.2096579407600148,
    "functional_factor": 2.328495958304585
}