{
    "structural_factor": 1.1836180702092702,
    "functional_factor": 3.8372492267814775
}