{
    "structural_factor": 2.7812646198129563,
    "functional_factor": 1.0391725613619016
}