{
    "structural_factor": 4.751368423063751,
    "functional_factor": 0.99957103816713
}