{
    "structural_factor": 1.8651055850303226,
    "functional_factor": 1.7540082517200306
}