{
    "structural_factor": 3.049577690460348,
    "functional_factor": 2.0324697490658847
}