{
    "structural_factor": 3.2303314189778196,
    "functional_factor": 1.7539812141476756
}