{
    "structural_factor": 4.257133415398247,
    "functional_factor": 1.0195693140447302
}