{
    "structural_factor": 1.3621281779032066,
    "functional_factor": 4.071860242966816
}