{
    "structural_factor": 2.7438045158919704,
    "functional_factor": 1.0193756130639753
}