{
    "structural_factor": 2.511115575369686,
    "functional_factor": 1.014143661703961
}