{
    "structural_factor": 4.251112119059047,
    "functional_factor": 1.0045313297741707
}