{
    "structural_factor": 1.5136368634668103,
    "functional_factor": 2.4078063260484917
}