{
    "structural_factor": 1.3201774478332091,
    "functional_factor": 2.3330515043584623
}