{
    "structural_factor": 3.2758191416963105,
    "functional_factor": 1.136882986102081
}