{
    "structural_factor": 4.250255792107289,
    "functional_factor": 0.9997815733631219
}