{
    "structural_factor": 2.621726000158056,
    "functional_factor": 2.587207416290415
}