{
    "structural_factor": 1.7413233355533142,
    "functional_factor": 1.434544329218585
}