{
    "structural_factor": 2.512492283666627,
    "functional_factor": 1.0151045546465094
}