{
    "structural_factor": 2.56319023283493,
    "functional_factor": 1.1333730123202388
}