{
    "structural_factor": 1.5422127979635563,
    "functional_factor": 8.674853842802381
}