{
    "structural_factor": 3.7588687321525804,
    "functional_factor": 0.9927086976633731
}