{
    "structural_factor": 1.4997506334261432,
    "functional_factor": 1.0000281345415813
}