{
    "structural_factor": 3.9959453908924347,
    "functional_factor": 1.0026458097097524
}