{
    "structural_factor": 0.6515628548791157,
    "functional_factor": 5.600286210946678
}