{
    "structural_factor": 3.7497966267315346,
    "functional_factor": 0.999908214537584
}