{
    "structural_factor": 2.4996842485030792,
    "functional_factor": 0.999980799993885
}