{
    "structural_factor": 3.7596947325957077,
    "functional_factor": 1.0052901248095947
}