{
    "structural_factor": 3.5143823879704135,
    "functional_factor": 1.5009012087554698
}