{
    "structural_factor": 3.5801750936117753,
    "functional_factor": 1.3061310834506359
}