{
    "structural_factor": 1.6372510965782687,
    "functional_factor": 1.9334671583275815
}