{
    "structural_factor": 2.7117830755574808,
    "functional_factor": 2.6744561775382265
}