{
    "structural_factor": 1.8555517988876347,
    "functional_factor": 1.4306151196214671
}