{
    "structural_factor": 2.3437080803764196,
    "functional_factor": 3.386453102170057
}