{
    "structural_factor": 0.9292566159729632,
    "functional_factor": 2.0047991780954812
}