{
    "structural_factor": 3.5105336151022755,
    "functional_factor": 1.0171983124493218
}