{
    "structural_factor": 3.7682529464098455,
    "functional_factor": 1.0348825364096979
}