{
    "structural_factor": 4.002899753354186,
    "functional_factor": 2.3225024985488614
}