{
    "structural_factor": 3.827518695450544,
    "functional_factor": 1.3459273694024436
}