{
    "structural_factor": 1.2468628234985148,
    "functional_factor": 1.719526325778734
}