{
    "structural_factor": 2.6511302343764895,
    "functional_factor": 4.190315505090772
}