{
    "structural_factor": 1.3727379906283121,
    "functional_factor": 4.096072497469675
}