{
    "structural_factor": 3.8775992222838185,
    "functional_factor": 3.751096850706714
}