{
    "structural_factor": 1.3288769575634742,
    "functional_factor": 1.4481147701067691
}