{
    "structural_factor": 1.9790898212587476,
    "functional_factor": 1.5261943956801716
}