{
    "structural_factor": 3.7521946422106716,
    "functional_factor": 1.004341675631676
}