{
    "structural_factor": 1.7549575229722791,
    "functional_factor": 0.9925689659439844
}