{
    "structural_factor": 2.9968645024080574,
    "functional_factor": 2.866186889649391
}