{
    "structural_factor": 2.9285286582051557,
    "functional_factor": 1.7968586188997346
}