{
    "structural_factor": 1.7456686926501919,
    "functional_factor": 2.0263717133257804
}