{
    "structural_factor": 4.152086695550947,
    "functional_factor": 2.1323141623945645
}