{
    "structural_factor": 3.078302766071559,
    "functional_factor": 1.76104947405479
}