{
    "structural_factor": 3.623287440537667,
    "functional_factor": 2.0605790839163824
}