{
    "structural_factor": 1.2510938570219654,
    "functional_factor": 1.003329931409485
}