{
    "structural_factor": 1.2074024338821576,
    "functional_factor": 1.5285706722035508
}