{
    "structural_factor": 5.001391595038104,
    "functional_factor": 0.999547125537037
}