{
    "structural_factor": 3.7898213420160904,
    "functional_factor": 1.1312473741310445
}