{
    "structural_factor": 2.8245086419717835,
    "functional_factor": 1.4882284922709978
}