{
    "structural_factor": 2.503385366566769,
    "functional_factor": 1.1614079960453325
}