{
    "structural_factor": 2.247073817359785,
    "functional_factor": 4.7653796385149425
}