{
    "structural_factor": 2.8868980079387816,
    "functional_factor": 3.8811988086209315
}