{
    "structural_factor": 1.5285314335718514,
    "functional_factor": 3.6316321754784253
}