{
    "structural_factor": 3.178552765141837,
    "functional_factor": 2.2891179727098816
}