{
    "structural_factor": 1.5420883042687616,
    "functional_factor": 4.031530422795047
}