{
    "structural_factor": 1.0685876729023371,
    "functional_factor": 2.403347234456701
}