{
    "structural_factor": 3.1110396409941625,
    "functional_factor": 2.011920040006949
}