{
    "structural_factor": 3.5661175551672875,
    "functional_factor": 1.5325066882278608
}