{
    "structural_factor": 3.2343833778108193,
    "functional_factor": 1.144463311206795
}