{
    "structural_factor": 0.9970460004300252,
    "functional_factor": 1.0417546767891523
}