{
    "structural_factor": 1.68807936168847,
    "functional_factor": 1.2825720878025957
}