{
    "structural_factor": 2.994998634222284,
    "functional_factor": 1.5290949395812565
}