{
    "structural_factor": 4.637293751956447,
    "functional_factor": 1.4238968415366173
}