{
    "structural_factor": 0.9193497038987551,
    "functional_factor": 3.1683734121851104
}