{
    "structural_factor": 3.0140065899035013,
    "functional_factor": 1.072893718917289
}