{
    "structural_factor": 2.481866903163306,
    "functional_factor": 1.0775052747906204
}