{
    "structural_factor": 2.3854431689696223,
    "functional_factor": 2.22978410206127
}