{
    "structural_factor": 1.5453449368002776,
    "functional_factor": 1.1229233975042465
}