{
    "structural_factor": 2.3685837950437225,
    "functional_factor": 1.545141324317573
}