{
    "structural_factor": 1.5268019829411836,
    "functional_factor": 1.0577529378402966
}