{
    "structural_factor": 3.250784629304469,
    "functional_factor": 1.168614635089453
}