{
    "structural_factor": 3.285959416691664,
    "functional_factor": 1.0752472312845507
}