{
    "structural_factor": 4.368881032656189,
    "functional_factor": 4.023233252101243
}