{
    "structural_factor": 3.0035777483714825,
    "functional_factor": 0.9948623053495597
}