{
    "structural_factor": 4.344838008827193,
    "functional_factor": 2.2709451202765902
}