{
    "structural_factor": 1.295337705517723,
    "functional_factor": 2.469852318496314
}