{
    "structural_factor": 2.475079161815418,
    "functional_factor": 1.1622083002742862
}