{
    "structural_factor": 3.9923268588770067,
    "functional_factor": 1.1440736545053716
}