{
    "structural_factor": 3.7496841418313354,
    "functional_factor": 1.0439155491181038
}