{
    "structural_factor": 0.7599681969129694,
    "functional_factor": 3.6245410502121773
}