{
    "structural_factor": 4.780280510488641,
    "functional_factor": 1.4053491176794044
}