{
    "structural_factor": 3.1710845249692565,
    "functional_factor": 1.5602380841709602
}