{
    "structural_factor": 2.214693223986454,
    "functional_factor": 4.016099433785232
}