{
    "structural_factor": 2.544691217010175,
    "functional_factor": 1.0664533128581206
}