{
    "structural_factor": 4.481474876068383,
    "functional_factor": 2.080796287874036
}