{
    "structural_factor": 1.965849545804039,
    "functional_factor": 1.7249767709641215
}