{
    "structural_factor": 1.2444777331104668,
    "functional_factor": 1.044678802219328
}