{
    "structural_factor": 1.084517570975018,
    "functional_factor": 1.8081932968315058
}