{
    "structural_factor": 1.9172009335192015,
    "functional_factor": 1.9868456080395371
}