{
    "structural_factor": 1.4997391296433271,
    "functional_factor": 1.0000266818234333
}