{
    "structural_factor": 3.014217506681971,
    "functional_factor": 1.040454699340029
}