{
    "structural_factor": 1.0000972008853315,
    "functional_factor": 1.0034942192131027
}