{
    "structural_factor": 2.726494646229819,
    "functional_factor": 3.293613403771502
}