{
    "structural_factor": 1.4661171130728283,
    "functional_factor": 7.6498604740031455
}