{
    "structural_factor": 4.50684241433861,
    "functional_factor": 1.0188876693547178
}