{
    "structural_factor": 1.167545900872832,
    "functional_factor": 4.152297667763803
}