{
    "structural_factor": 1.2449813647429533,
    "functional_factor": 1.003731668660985
}