{
    "structural_factor": 3.3030598474126864,
    "functional_factor": 1.552699543909336
}