{
    "structural_factor": 4.020322602421844,
    "functional_factor": 1.1274640022226814
}