{
    "structural_factor": 2.3225135474743563,
    "functional_factor": 1.695296223755529
}