{
    "structural_factor": 3.528403575418825,
    "functional_factor": 1.1781868488564498
}