{
    "structural_factor": 2.573243244626252,
    "functional_factor": 1.2415565626896792
}