{
    "structural_factor": 2.860449436113768,
    "functional_factor": 9.575261009088603
}