{
    "structural_factor": 1.7566042526426908,
    "functional_factor": 3.678344516986195
}