{
    "structural_factor": 2.7592899753706726,
    "functional_factor": 1.0400155386879684
}