{
    "structural_factor": 1.0029327907386343,
    "functional_factor": 1.0142547624226883
}