{
    "structural_factor": 2.0753672744276113,
    "functional_factor": 1.9344413142476
}