{
    "structural_factor": 4.658623369046356,
    "functional_factor": 2.140908489612561
}