{
    "structural_factor": 2.4995128550541112,
    "functional_factor": 1.0000203649018744
}