{
    "structural_factor": 1.6826983165604557,
    "functional_factor": 3.2320521562272115
}