{
    "structural_factor": 2.241763146377888,
    "functional_factor": 1.7969519576843063
}