{
    "structural_factor": 0.9311639309308021,
    "functional_factor": 4.071459538999514
}