{
    "structural_factor": 0.7260017049509521,
    "functional_factor": 2.4369998034620752
}