{
    "structural_factor": 2.223034769518125,
    "functional_factor": 2.9708146701830276
}