{
    "structural_factor": 3.2485772390545775,
    "functional_factor": 0.9943178697531273
}