{
    "structural_factor": 1.9839070424050473,
    "functional_factor": 1.3367110583297352
}