{
    "structural_factor": 4.661114972767826,
    "functional_factor": 2.30630434383627
}