{
    "structural_factor": 2.7495632821191807,
    "functional_factor": 0.999971775533019
}