{
    "structural_factor": 1.9959809652169689,
    "functional_factor": 1.0480246067174728
}