{
    "structural_factor": 3.957633625795232,
    "functional_factor": 4.6089291234944865
}