{
    "structural_factor": 4.751385327968598,
    "functional_factor": 0.9995044484453594
}