{
    "structural_factor": 2.637470830246732,
    "functional_factor": 1.2620699313875192
}