{
    "structural_factor": 1.7852922547097423,
    "functional_factor": 5.138471219383921
}