{
    "structural_factor": 1.4124197184481404,
    "functional_factor": 3.8919920843023763
}