{
    "structural_factor": 4.3763790882641045,
    "functional_factor": 1.340307895028181
}