{
    "structural_factor": 3.762826689658123,
    "functional_factor": 1.0007204261693554
}