{
    "structural_factor": 3.2529722478528433,
    "functional_factor": 1.0043340359873798
}