{
    "structural_factor": 4.500730853173685,
    "functional_factor": 0.999661357890952
}