{
    "structural_factor": 3.2693081876948993,
    "functional_factor": 1.0378641527536927
}