{
    "structural_factor": 3.0079900582566665,
    "functional_factor": 2.1182547824778357
}