{
    "structural_factor": 0.9203954332681376,
    "functional_factor": 14.660695812994819
}