{
    "structural_factor": 4.072050646855389,
    "functional_factor": 1.5525515145988762
}