{
    "structural_factor": 1.954225653480787,
    "functional_factor": 1.6551129941825775
}