{
    "structural_factor": 2.4927609041486263,
    "functional_factor": 1.0194151571684404
}