{
    "structural_factor": 3.3190378140278565,
    "functional_factor": 1.4111070962325576
}