{
    "structural_factor": 3.287550963415185,
    "functional_factor": 1.0724942634125831
}