{
    "structural_factor": 3.0181560177225606,
    "functional_factor": 1.2336606475842464
}