{
    "structural_factor": 1.566315893555715,
    "functional_factor": 2.786094525066483
}