{
    "structural_factor": 5.007421227031366,
    "functional_factor": 1.0041159600304925
}