{
    "structural_factor": 2.9575587371720022,
    "functional_factor": 2.535463567689326
}