{
    "structural_factor": 2.7722189766939604,
    "functional_factor": 1.1077533128616777
}