{
    "structural_factor": 2.9967242465517123,
    "functional_factor": 2.0674440432943886
}