{
    "structural_factor": 1.5212647164348823,
    "functional_factor": 8.319001169331813
}