{
    "structural_factor": 2.523893163864274,
    "functional_factor": 2.0134019250264403
}