{
    "structural_factor": 3.194560008167048,
    "functional_factor": 1.6175442952916317
}