{
    "structural_factor": 2.188861481951327,
    "functional_factor": 3.843992953648675
}