{
    "structural_factor": 4.11998338325736,
    "functional_factor": 4.478518858660706
}