{
    "structural_factor": 3.836634459685548,
    "functional_factor": 1.3801365101439154
}