{
    "structural_factor": 5.010704051097328,
    "functional_factor": 1.0026045284962368
}