{
    "structural_factor": 1.988868932926093,
    "functional_factor": 1.096801415205941
}