{
    "structural_factor": 1.0379774705968914,
    "functional_factor": 3.2234044260481087
}