{
    "structural_factor": 2.5924783319462756,
    "functional_factor": 1.202914346464226
}