{
    "structural_factor": 4.773772988848203,
    "functional_factor": 1.1890552436190946
}