{
    "structural_factor": 2.215190180187126,
    "functional_factor": 5.732476509102394
}