{
    "structural_factor": 4.000283614322149,
    "functional_factor": 1.0210645278701889
}