{
    "structural_factor": 1.2034763187458228,
    "functional_factor": 2.276514780514747
}