{
    "structural_factor": 2.9957294263760716,
    "functional_factor": 1.038365794578084
}