{
    "structural_factor": 1.8382906182468088,
    "functional_factor": 1.2607218795988402
}