{
    "structural_factor": 4.213397449728209,
    "functional_factor": 2.6604698214596825
}