{
    "structural_factor": 1.3958737506602443,
    "functional_factor": 2.2198609904541433
}