{
    "structural_factor": 1.8543494940920928,
    "functional_factor": 5.479567516159829
}