{
    "structural_factor": 1.527878966373295,
    "functional_factor": 1.0822572239013328
}