{
    "structural_factor": 3.75580748502857,
    "functional_factor": 1.1992076296028333
}