{
    "structural_factor": 4.506289521428343,
    "functional_factor": 1.0192980382299042
}