{
    "structural_factor": 1.782295284752151,
    "functional_factor": 1.2004725178147777
}