{
    "structural_factor": 2.758391053205227,
    "functional_factor": 1.076129153384304
}