{
    "structural_factor": 4.780742890860403,
    "functional_factor": 1.126578214149979
}