{
    "structural_factor": 2.707593461717664,
    "functional_factor": 1.0756280378452385
}