{
    "structural_factor": 2.754346065430829,
    "functional_factor": 1.1821092068959123
}