{
    "structural_factor": 2.422651758276128,
    "functional_factor": 3.2551492529561967
}