{
    "structural_factor": 1.4211473733750142,
    "functional_factor": 2.8190132042490283
}