{
    "structural_factor": 2.7031562969300573,
    "functional_factor": 2.979671346116969
}