{
    "structural_factor": 3.994439406319254,
    "functional_factor": 1.5639923606038313
}