{
    "structural_factor": 5.015049988563359,
    "functional_factor": 1.1262497632308643
}