{
    "structural_factor": 1.4204532803619145,
    "functional_factor": 2.2179212693589325
}