{
    "structural_factor": 1.0004658005254286,
    "functional_factor": 1.00340722884022
}