{
    "structural_factor": 3.0130908981773072,
    "functional_factor": 1.01538975741547
}