{
    "structural_factor": 2.2936229830117996,
    "functional_factor": 2.678242372584227
}