{
    "structural_factor": 2.636547975749402,
    "functional_factor": 1.4922370864287076
}