{
    "structural_factor": 4.214717519269648,
    "functional_factor": 1.4316171139818528
}