{
    "structural_factor": 1.5006585410732343,
    "functional_factor": 1.0034372126358726
}