{
    "structural_factor": 2.1911000210985536,
    "functional_factor": 1.6758441421479633
}