{
    "structural_factor": 1.494060110287223,
    "functional_factor": 1.0543347253520896
}