{
    "structural_factor": 3.7499495659813418,
    "functional_factor": 0.9998409080371803
}