{
    "structural_factor": 1.9887690685164805,
    "functional_factor": 1.081635975205834
}