{
    "structural_factor": 2.745075931704903,
    "functional_factor": 1.0764218617786316
}