{
    "structural_factor": 1.5849743504460176,
    "functional_factor": 1.3125537179555944
}