{
    "structural_factor": 3.0151613632720187,
    "functional_factor": 1.4971884351217581
}