{
    "structural_factor": 1.3884759137647122,
    "functional_factor": 1.712312296934281
}