{
    "structural_factor": 1.2497650233164133,
    "functional_factor": 1.0000003048244677
}