{
    "structural_factor": 3.0045815453191693,
    "functional_factor": 1.0380868068819307
}