{
    "structural_factor": 4.6116617909226765,
    "functional_factor": 2.957678414064308
}