{
    "structural_factor": 4.070564320401455,
    "functional_factor": 1.263900993935061
}