{
    "structural_factor": 2.655913109678123,
    "functional_factor": 6.503600956877495
}