{
    "structural_factor": 3.249667912061593,
    "functional_factor": 0.9999612922324396
}