{
    "structural_factor": 5.018035401674259,
    "functional_factor": 1.085467097005103
}