{
    "structural_factor": 3.2728229276222947,
    "functional_factor": 1.1052500716155478
}