{
    "structural_factor": 1.9790978620033854,
    "functional_factor": 1.2048071170371373
}