{
    "structural_factor": 2.2679150862588044,
    "functional_factor": 2.585229329606489
}