{
    "structural_factor": 1.2837143658627341,
    "functional_factor": 1.8274714750042427
}