{
    "structural_factor": 3.0179401020769587,
    "functional_factor": 1.9974158421418033
}