{
    "structural_factor": 2.8569575696365606,
    "functional_factor": 1.4064274336338
}