{
    "structural_factor": 3.740033851227582,
    "functional_factor": 1.3769921916922259
}