{
    "structural_factor": 4.9777975726321415,
    "functional_factor": 1.1649558647568063
}