{
    "structural_factor": 2.6207426080501754,
    "functional_factor": 5.593687392407017
}