{
    "structural_factor": 2.8102930174070733,
    "functional_factor": 1.2812026916034103
}