{
    "structural_factor": 1.0159472282947253,
    "functional_factor": 1.0633921649244367
}