{
    "structural_factor": 4.010504096788696,
    "functional_factor": 1.041310092243844
}