{
    "structural_factor": 2.004308115190432,
    "functional_factor": 0.9925117958937294
}