{
    "structural_factor": 1.205055378529422,
    "functional_factor": 1.8408303170898606
}