{
    "structural_factor": 3.688033800600192,
    "functional_factor": 2.549485213573372
}