{
    "structural_factor": 1.1029529603704764,
    "functional_factor": 2.3458548459849298
}