{
    "structural_factor": 1.2334117440839094,
    "functional_factor": 1.4969132969183165
}