{
    "structural_factor": 4.632432721476083,
    "functional_factor": 2.015443746740757
}