{
    "structural_factor": 1.1024552705399813,
    "functional_factor": 2.2520235670786213
}