{
    "structural_factor": 4.826415771644795,
    "functional_factor": 1.277317348442516
}