{
    "structural_factor": 1.246024915021815,
    "functional_factor": 1.0199800675523025
}