{
    "structural_factor": 0.7336252068829359,
    "functional_factor": 7.575326689873533
}