{
    "structural_factor": 1.7440264322248498,
    "functional_factor": 1.7736718111896805
}