{
    "structural_factor": 1.7489135926119104,
    "functional_factor": 1.6916228198094971
}