{
    "structural_factor": 4.021878667792461,
    "functional_factor": 1.0817819812903933
}