{
    "structural_factor": 2.793683044584331,
    "functional_factor": 1.701954402497611
}