{
    "structural_factor": 2.719782691508134,
    "functional_factor": 1.6656908989966654
}