{
    "structural_factor": 2.7521047052683847,
    "functional_factor": 1.1970266005697914
}