{
    "structural_factor": 3.677428489669866,
    "functional_factor": 1.6123797005421758
}