{
    "structural_factor": 0.9959707256449218,
    "functional_factor": 1.0177940700047183
}