{
    "structural_factor": 2.9570143326581704,
    "functional_factor": 1.0744530883493708
}