{
    "structural_factor": 5.002057988570871,
    "functional_factor": 0.9994299118672313
}