{
    "structural_factor": 0.4352389597252193,
    "functional_factor": 8.293955844700903
}