{
    "structural_factor": 2.123177871442094,
    "functional_factor": 1.7913954090028972
}