{
    "structural_factor": 1.000132306231342,
    "functional_factor": 0.9968495298487954
}