{
    "structural_factor": 1.50933495713179,
    "functional_factor": 4.679296307688307
}