{
    "structural_factor": 1.2702146144415876,
    "functional_factor": 1.0590195647592817
}