{
    "structural_factor": 3.622437645288211,
    "functional_factor": 1.235872627372609
}