{
    "structural_factor": 4.089089129161971,
    "functional_factor": 1.3074454151726242
}