{
    "structural_factor": 3.9812343884793457,
    "functional_factor": 1.075840873149937
}