{
    "structural_factor": 3.2300552776271587,
    "functional_factor": 2.821425659438597
}