{
    "structural_factor": 4.512718042936454,
    "functional_factor": 1.3549642036128489
}