{
    "structural_factor": 0.6400656731090696,
    "functional_factor": 3.3399551651069084
}