{
    "structural_factor": 4.004540163761285,
    "functional_factor": 0.9940421416010542
}