{
    "structural_factor": 4.424633706679538,
    "functional_factor": 1.8542417662438635
}