{
    "structural_factor": 4.750800927071029,
    "functional_factor": 1.021722984825328
}