{
    "structural_factor": 3.6668793782369207,
    "functional_factor": 2.0278857969204283
}