{
    "structural_factor": 2.7839832436258396,
    "functional_factor": 3.1169608273198333
}