{
    "structural_factor": 1.0246199242589173,
    "functional_factor": 1.0984227796562684
}