{
    "structural_factor": 5.01508925061762,
    "functional_factor": 0.9923290046033016
}