{
    "structural_factor": 2.7647777485578593,
    "functional_factor": 1.0156088144086892
}