{
    "structural_factor": 2.6209645773592474,
    "functional_factor": 4.943887636610033
}