{
    "structural_factor": 4.676082115944185,
    "functional_factor": 1.7884121981315357
}