{
    "structural_factor": 1.18530290988165,
    "functional_factor": 3.182659324507178
}