{
    "structural_factor": 4.359220720461952,
    "functional_factor": 2.2408515907665767
}