{
    "structural_factor": 1.2873571168478302,
    "functional_factor": 1.1255584982175488
}