{
    "structural_factor": 1.9507996486332115,
    "functional_factor": 1.2668967443783428
}