{
    "structural_factor": 3.2592254762507875,
    "functional_factor": 1.0004338472122247
}