{
    "structural_factor": 3.7463115099961395,
    "functional_factor": 1.1211764534351918
}