{
    "structural_factor": 3.2496518574842885,
    "functional_factor": 0.9999586329512884
}