{
    "structural_factor": 1.2026122267134227,
    "functional_factor": 1.1124800292038273
}