{
    "structural_factor": 3.2556278725984105,
    "functional_factor": 1.0422783712672083
}