{
    "structural_factor": 3.121332249619984,
    "functional_factor": 3.4044241568827025
}