{
    "structural_factor": 0.9095414531898531,
    "functional_factor": 1.4004806215630439
}