{
    "structural_factor": 0.9528847134734322,
    "functional_factor": 1.4302068167432567
}