{
    "structural_factor": 1.2468669122313074,
    "functional_factor": 1.3547753447525983
}