{
    "structural_factor": 3.037645355834664,
    "functional_factor": 1.0990949741290414
}