{
    "structural_factor": 4.770414404554974,
    "functional_factor": 1.001405578155524
}