{
    "structural_factor": 4.5558518299099955,
    "functional_factor": 1.210750071389027
}