{
    "structural_factor": 2.509921974839396,
    "functional_factor": 1.0167438366659813
}