{
    "structural_factor": 2.0221254982617243,
    "functional_factor": 1.0348944757434324
}