{
    "structural_factor": 1.750945203866263,
    "functional_factor": 2.537321585247228
}