{
    "structural_factor": 4.010216916983511,
    "functional_factor": 1.0383522769413454
}