{
    "structural_factor": 1.2599802060752847,
    "functional_factor": 1.1330818320099563
}