{
    "structural_factor": 3.757660353488781,
    "functional_factor": 1.0784675199716585
}