{
    "structural_factor": 3.2585558994972557,
    "functional_factor": 1.0036176048114263
}