{
    "structural_factor": 4.51012558936182,
    "functional_factor": 1.0770792852740805
}