{
    "structural_factor": 1.5643121516915799,
    "functional_factor": 1.4113411305431427
}