{
    "structural_factor": 1.2658163164254197,
    "functional_factor": 2.2356697264279664
}