{
    "structural_factor": 1.504307491344213,
    "functional_factor": 0.9928035116464805
}