{
    "structural_factor": 2.917515774488464,
    "functional_factor": 2.567338548294727
}