{
    "structural_factor": 1.246860679950949,
    "functional_factor": 1.017052133116775
}