{
    "structural_factor": 3.001828428488929,
    "functional_factor": 1.6190608852225752
}