{
    "structural_factor": 4.489042547030632,
    "functional_factor": 1.1918474833164188
}