{
    "structural_factor": 1.4926627249229887,
    "functional_factor": 1.1864913165416557
}