{
    "structural_factor": 4.994798687589557,
    "functional_factor": 1.0788949493995557
}