{
    "structural_factor": 3.0210340367209767,
    "functional_factor": 1.0761965754894653
}