{
    "structural_factor": 1.740937193258579,
    "functional_factor": 1.041277382446702
}