{
    "structural_factor": 0.8183714276239054,
    "functional_factor": 3.48273363237648
}