{
    "structural_factor": 4.730861473799016,
    "functional_factor": 2.0290256168037244
}