{
    "structural_factor": 4.744464816417933,
    "functional_factor": 1.0164842541879844
}