{
    "structural_factor": 2.2530648072600394,
    "functional_factor": 1.0039181669954154
}