{
    "structural_factor": 3.2791627637315806,
    "functional_factor": 1.0417943740644406
}