{
    "structural_factor": 3.427709144231308,
    "functional_factor": 2.991283829629492
}