{
    "structural_factor": 2.4326054384362243,
    "functional_factor": 1.2373402924627381
}