{
    "structural_factor": 3.078401525105195,
    "functional_factor": 2.4579464785440774
}