{
    "structural_factor": 2.224346763716609,
    "functional_factor": 1.0697052377155454
}