{
    "structural_factor": 4.012526240842146,
    "functional_factor": 1.0484163970494504
}