{
    "structural_factor": 1.5053559429359893,
    "functional_factor": 1.0013937040881815
}