{
    "structural_factor": 4.9200953672164305,
    "functional_factor": 2.5545852486181384
}