{
    "structural_factor": 4.256200245638512,
    "functional_factor": 1.0189031434113978
}