{
    "structural_factor": 2.6329584662789896,
    "functional_factor": 1.78208060223571
}