{
    "structural_factor": 4.753572109007991,
    "functional_factor": 1.0029126775865842
}