{
    "structural_factor": 1.5627778061482833,
    "functional_factor": 4.945009396840376
}