{
    "structural_factor": 2.705257340590867,
    "functional_factor": 3.6955142363286853
}