{
    "structural_factor": 0.7516593501807222,
    "functional_factor": 2.8690505165497844
}