{
    "structural_factor": 4.0027250134593055,
    "functional_factor": 1.0046295714730524
}