{
    "structural_factor": 3.182512340759987,
    "functional_factor": 1.1294836758338194
}