{
    "structural_factor": 4.4093577343998716,
    "functional_factor": 1.132700796201835
}