{
    "structural_factor": 1.6589951180421725,
    "functional_factor": 4.669618399047772
}