{
    "structural_factor": 2.098654361745107,
    "functional_factor": 1.2163124631717885
}