{
    "structural_factor": 1.759974344112298,
    "functional_factor": 1.0145255748576856
}