{
    "structural_factor": 4.507158080820714,
    "functional_factor": 1.504690733852183
}