{
    "structural_factor": 3.469555267562693,
    "functional_factor": 1.9525828165235855
}