{
    "structural_factor": 3.4885129316610266,
    "functional_factor": 1.3782877171914465
}