{
    "structural_factor": 1.235478824753536,
    "functional_factor": 1.9842291111022108
}