{
    "structural_factor": 3.541111111324217,
    "functional_factor": 1.3203556659111235
}