{
    "structural_factor": 2.243554568858164,
    "functional_factor": 10.357989478840336
}