{
    "structural_factor": 1.5038345827289858,
    "functional_factor": 0.9921114778177962
}