{
    "structural_factor": 3.7898990355417785,
    "functional_factor": 1.3669781805109806
}