{
    "structural_factor": 4.0591197568589,
    "functional_factor": 1.8631259182245958
}