{
    "structural_factor": 3.7112105973799006,
    "functional_factor": 1.5391198467075013
}