{
    "structural_factor": 1.5509115409193046,
    "functional_factor": 1.2270868838719735
}