{
    "structural_factor": 4.52059245472371,
    "functional_factor": 1.7293482736533627
}