{
    "structural_factor": 1.0067889406393125,
    "functional_factor": 1.196019342991556
}