{
    "structural_factor": 2.34701339290095,
    "functional_factor": 1.2749760546714086
}