{
    "structural_factor": 0.7786952376350346,
    "functional_factor": 2.357834134886887
}