{
    "structural_factor": 3.540596868893835,
    "functional_factor": 1.1092757786873315
}