{
    "structural_factor": 1.8148105140274324,
    "functional_factor": 1.1193957584425906
}