{
    "structural_factor": 2.723821057107458,
    "functional_factor": 1.3752615858767
}