{
    "structural_factor": 4.322868938475652,
    "functional_factor": 1.3118592410930536
}