{
    "structural_factor": 2.2715032061362175,
    "functional_factor": 1.0302937075591723
}