{
    "structural_factor": 1.366840256918842,
    "functional_factor": 1.4692594832314965
}