{
    "structural_factor": 1.90310668183218,
    "functional_factor": 1.517653939884627
}