{
    "structural_factor": 2.2526241914241836,
    "functional_factor": 1.0197155069146426
}