{
    "structural_factor": 2.763193074770776,
    "functional_factor": 1.0147055290346056
}