{
    "structural_factor": 4.024120962214129,
    "functional_factor": 1.1273472812527292
}