{
    "structural_factor": 2.3841226178437367,
    "functional_factor": 4.577008191846495
}