{
    "structural_factor": 2.7499519704129014,
    "functional_factor": 1.5257804028993724
}