{
    "structural_factor": 3.0391678760116108,
    "functional_factor": 1.853880857063275
}