{
    "structural_factor": 1.532053445883824,
    "functional_factor": 1.0823186982873432
}