{
    "structural_factor": 1.227354164726754,
    "functional_factor": 1.0799185550608716
}