{
    "structural_factor": 3.702359496119888,
    "functional_factor": 1.4760748176212104
}