{
    "structural_factor": 2.2610576899129438,
    "functional_factor": 1.0137999493422922
}