{
    "structural_factor": 3.3754509089259845,
    "functional_factor": 1.7304804491849135
}