{
    "structural_factor": 2.50137358775656,
    "functional_factor": 0.9967051311495327
}