{
    "structural_factor": 1.839440635983522,
    "functional_factor": 5.1024851523536725
}