{
    "structural_factor": 2.774300518972168,
    "functional_factor": 1.22770611228563
}