{
    "structural_factor": 0.8123893304376522,
    "functional_factor": 2.590240774954196
}