{
    "structural_factor": 1.768443368398735,
    "functional_factor": 1.1113089279461648
}