{
    "structural_factor": 5.0025661241837955,
    "functional_factor": 1.0048205409608015
}