{
    "structural_factor": 4.1420807163246005,
    "functional_factor": 1.6930528566371907
}