{
    "structural_factor": 5.003378474848304,
    "functional_factor": 1.0039163918597955
}