{
    "structural_factor": 2.2683954898885017,
    "functional_factor": 1.0684457724833232
}