{
    "structural_factor": 4.096216831446773,
    "functional_factor": 1.5041620922755001
}