{
    "structural_factor": 4.5134812134240105,
    "functional_factor": 1.112599325921644
}