{
    "structural_factor": 4.686193965473108,
    "functional_factor": 1.5648777977361086
}