{
    "structural_factor": 1.7640587046940128,
    "functional_factor": 4.164776806431328
}