{
    "structural_factor": 2.0499916667150018,
    "functional_factor": 1.097317652290405
}