{
    "structural_factor": 5.011982940714038,
    "functional_factor": 1.1340796854026285
}