{
    "structural_factor": 0.97068002396283,
    "functional_factor": 4.672006815533068
}