{
    "structural_factor": 2.247320235651896,
    "functional_factor": 1.0380075504586381
}