{
    "structural_factor": 2.8072242432556047,
    "functional_factor": 1.3278546016974244
}