{
    "structural_factor": 2.3500472747367134,
    "functional_factor": 1.4874112667899717
}