{
    "structural_factor": 3.7513570616697565,
    "functional_factor": 1.0009090660236961
}