{
    "structural_factor": 2.0131656199694814,
    "functional_factor": 1.478134309681709
}