{
    "structural_factor": 2.4426498248032584,
    "functional_factor": 1.9956650245024572
}