{
    "structural_factor": 4.5117045557833215,
    "functional_factor": 1.038157373090856
}