{
    "structural_factor": 3.7458332768966978,
    "functional_factor": 0.9948688784340611
}