{
    "structural_factor": 4.497917652306181,
    "functional_factor": 1.0016428355294613
}