{
    "structural_factor": 1.2203937089461765,
    "functional_factor": 3.412258639886488
}