{
    "structural_factor": 4.751886351953843,
    "functional_factor": 0.9994571692734492
}