{
    "structural_factor": 3.7901794695680446,
    "functional_factor": 1.6045502804095024
}