{
    "structural_factor": 3.5072982400511354,
    "functional_factor": 0.9923925802312878
}