{
    "structural_factor": 4.76438397579415,
    "functional_factor": 1.075725309293812
}