{
    "structural_factor": 3.5942549326950464,
    "functional_factor": 2.589549147144933
}