{
    "structural_factor": 1.441906685441931,
    "functional_factor": 1.2432723683456315
}