{
    "structural_factor": 2.3943692701912425,
    "functional_factor": 1.2641417346202255
}