{
    "structural_factor": 3.7511081761190312,
    "functional_factor": 1.0755505990816103
}