{
    "structural_factor": 1.0189699848371232,
    "functional_factor": 2.446476561503665
}