{
    "structural_factor": 2.0409178639347934,
    "functional_factor": 1.162084187084244
}