{
    "structural_factor": 4.0165278869849885,
    "functional_factor": 1.0852269724830277
}