{
    "structural_factor": 2.5310529545844442,
    "functional_factor": 2.298515271937617
}