{
    "structural_factor": 3.9594565447029253,
    "functional_factor": 1.1061113440028085
}