{
    "structural_factor": 2.774184064289344,
    "functional_factor": 1.0319840413348516
}