{
    "structural_factor": 4.867468103899631,
    "functional_factor": 1.5764699203863257
}