{
    "structural_factor": 3.310173447515447,
    "functional_factor": 1.490612239652254
}