{
    "structural_factor": 5.007680079789538,
    "functional_factor": 0.993505550339623
}