{
    "structural_factor": 3.78053523642235,
    "functional_factor": 1.1067581363904642
}