{
    "structural_factor": 4.501148555963427,
    "functional_factor": 0.9997224012714286
}