{
    "structural_factor": 3.7858183415567535,
    "functional_factor": 1.8997133777471777
}