{
    "structural_factor": 3.5884592559863577,
    "functional_factor": 1.3646001197606363
}