{
    "structural_factor": 3.930145436800376,
    "functional_factor": 2.440945419630062
}