{
    "structural_factor": 3.2529119946839313,
    "functional_factor": 1.0042308058801632
}