{
    "structural_factor": 2.0227312406446454,
    "functional_factor": 2.068042138088059
}