{
    "structural_factor": 4.173671264882525,
    "functional_factor": 1.5533114169521864
}