{
    "structural_factor": 2.2443099326217344,
    "functional_factor": 1.0780881685588535
}