{
    "structural_factor": 2.749518312712334,
    "functional_factor": 0.9999913689087658
}