{
    "structural_factor": 4.287913766717372,
    "functional_factor": 1.3251694256120514
}