{
    "structural_factor": 2.9817799301643455,
    "functional_factor": 3.979568414556764
}