{
    "structural_factor": 4.807529868458633,
    "functional_factor": 1.3102252190590769
}