{
    "structural_factor": 1.267935108459697,
    "functional_factor": 1.1896372148456924
}