{
    "structural_factor": 1.4984179136897455,
    "functional_factor": 1.0183898877787745
}