{
    "structural_factor": 3.3563301050690906,
    "functional_factor": 1.294208411463137
}