{
    "structural_factor": 1.7126683144109243,
    "functional_factor": 1.1323214777090986
}