{
    "structural_factor": 4.007590346085765,
    "functional_factor": 1.0377100047853485
}