{
    "structural_factor": 3.4928762961696878,
    "functional_factor": 0.9955502654373449
}