{
    "structural_factor": 1.592141353064038,
    "functional_factor": 1.4812558007714864
}