{
    "structural_factor": 1.68440575654407,
    "functional_factor": 1.4218733716810459
}