{
    "structural_factor": 4.027907869644872,
    "functional_factor": 1.3987839201367147
}