{
    "structural_factor": 1.5127556842352312,
    "functional_factor": 1.0320116984876315
}