{
    "structural_factor": 5.040660233798011,
    "functional_factor": 1.708208337539443
}