{
    "structural_factor": 3.63298232789303,
    "functional_factor": 1.8634260381467471
}