{
    "structural_factor": 5.008880046244506,
    "functional_factor": 1.1199774462683665
}