{
    "structural_factor": 1.281344848571797,
    "functional_factor": 3.42674964907349
}