{
    "structural_factor": 4.533476234100718,
    "functional_factor": 1.7014324118472133
}