{
    "structural_factor": 1.8023685546867432,
    "functional_factor": 1.1401738520746694
}