{
    "structural_factor": 1.2706147313416956,
    "functional_factor": 1.058699471896098
}