{
    "structural_factor": 3.2810984128358225,
    "functional_factor": 1.0700088321908778
}