{
    "structural_factor": 2.6538907074921236,
    "functional_factor": 8.887343687260437
}