{
    "structural_factor": 3.878043469759425,
    "functional_factor": 2.973619154555321
}