{
    "structural_factor": 3.305453666665565,
    "functional_factor": 2.357726446968762
}