{
    "structural_factor": 1.999047765928712,
    "functional_factor": 2.759926639790415
}