{
    "structural_factor": 2.50987846663527,
    "functional_factor": 3.571802768181525
}