{
    "structural_factor": 3.3092587207428035,
    "functional_factor": 1.8715928738449892
}