{
    "structural_factor": 2.578982829217457,
    "functional_factor": 1.872612068424748
}