{
    "structural_factor": 1.739778370679195,
    "functional_factor": 2.528510935114664
}