{
    "structural_factor": 5.012758513438247,
    "functional_factor": 1.0428299112244401
}