{
    "structural_factor": 2.7790976886172487,
    "functional_factor": 2.095158639166752
}