{
    "structural_factor": 0.837892148977036,
    "functional_factor": 3.246383315185187
}