{
    "structural_factor": 1.4416744519630815,
    "functional_factor": 1.522581359183688
}