{
    "structural_factor": 4.795222966875667,
    "functional_factor": 1.2665620312350514
}