{
    "structural_factor": 0.3719195121628632,
    "functional_factor": 6.602069361238797
}