{
    "structural_factor": 3.2410373280401865,
    "functional_factor": 1.794931115699814
}