{
    "structural_factor": 1.6018711673230763,
    "functional_factor": 1.868397394804324
}