{
    "structural_factor": 1.87577597220168,
    "functional_factor": 1.5060018020791188
}