{
    "structural_factor": 1.5528083217731212,
    "functional_factor": 1.1568243283489048
}