{
    "structural_factor": 2.2524298414700556,
    "functional_factor": 1.0133481161605389
}