{
    "structural_factor": 3.2525660746206904,
    "functional_factor": 1.0041899219048471
}