{
    "structural_factor": 2.549024343533763,
    "functional_factor": 1.1567741959852222
}