{
    "structural_factor": 3.4682293144383882,
    "functional_factor": 1.7508038340488843
}