{
    "structural_factor": 2.186711095261391,
    "functional_factor": 3.9635114191999428
}