{
    "structural_factor": 1.043170461717089,
    "functional_factor": 1.3859178316051495
}