{
    "structural_factor": 1.9589459202405917,
    "functional_factor": 1.132034012154617
}