{
    "structural_factor": 4.250531646146215,
    "functional_factor": 0.9997284272159191
}