{
    "structural_factor": 2.1820347491180594,
    "functional_factor": 2.2037515925407396
}