{
    "structural_factor": 4.477149768834608,
    "functional_factor": 1.0494574588038392
}