{
    "structural_factor": 2.2793795032493565,
    "functional_factor": 1.5302370245830927
}