{
    "structural_factor": 2.265515438637101,
    "functional_factor": 2.0144435855520597
}