{
    "structural_factor": 2.6371952243428805,
    "functional_factor": 4.917591822044758
}