{
    "structural_factor": 0.6904035069911174,
    "functional_factor": 3.0655244330011886
}