{
    "structural_factor": 1.7499874214007358,
    "functional_factor": 1.0718792401363026
}