{
    "structural_factor": 4.246668308853363,
    "functional_factor": 0.9957559509897652
}