{
    "structural_factor": 4.258952611795738,
    "functional_factor": 1.3552623546650489
}