{
    "structural_factor": 4.509761794410059,
    "functional_factor": 1.0432073715787185
}