{
    "structural_factor": 4.279432779627651,
    "functional_factor": 1.78262278283931
}