{
    "structural_factor": 2.897659099857695,
    "functional_factor": 1.358956090112741
}