{
    "structural_factor": 2.2731062863028755,
    "functional_factor": 1.031411284073939
}