{
    "structural_factor": 4.259982944890079,
    "functional_factor": 0.9924466387463947
}