{
    "structural_factor": 3.241242098938232,
    "functional_factor": 1.1193997557124682
}