{
    "structural_factor": 2.3244613549067483,
    "functional_factor": 4.1534612146943495
}