{
    "structural_factor": 1.1821291064915427,
    "functional_factor": 1.2880563611554001
}