{
    "structural_factor": 2.5561111597979735,
    "functional_factor": 1.2396778428104445
}