{
    "structural_factor": 4.499373080770348,
    "functional_factor": 0.9936486418813836
}