{
    "structural_factor": 1.9652820869809087,
    "functional_factor": 2.286482251840518
}