{
    "structural_factor": 4.4980269382316544,
    "functional_factor": 1.0197791535852923
}