{
    "structural_factor": 4.133056116393571,
    "functional_factor": 1.2437272212532942
}