{
    "structural_factor": 1.6948385941844029,
    "functional_factor": 3.488748908725749
}