{
    "structural_factor": 2.5551359109760203,
    "functional_factor": 1.303419669435266
}