{
    "structural_factor": 2.2470954555334806,
    "functional_factor": 1.0436658251127375
}