{
    "structural_factor": 3.905017614801739,
    "functional_factor": 2.309812525178803
}