{
    "structural_factor": 5.003393531993717,
    "functional_factor": 1.0047707309210532
}