{
    "structural_factor": 4.387953386708353,
    "functional_factor": 2.582735635927351
}