{
    "structural_factor": 5.0028267750031405,
    "functional_factor": 1.0045785326355878
}