{
    "structural_factor": 0.7968991773038295,
    "functional_factor": 4.176240530153457
}