{
    "structural_factor": 3.2497037597620535,
    "functional_factor": 0.9999438957150188
}