{
    "structural_factor": 0.8107727294143214,
    "functional_factor": 3.637539369592918
}