{
    "structural_factor": 1.7382789318060055,
    "functional_factor": 2.4279666071184187
}