{
    "structural_factor": 3.0549685393207033,
    "functional_factor": 3.2335843713137633
}