{
    "structural_factor": 3.3348781244930064,
    "functional_factor": 1.553718912042031
}