{
    "structural_factor": 2.9902106849231314,
    "functional_factor": 1.0445754470262147
}