{
    "structural_factor": 1.6564655621755846,
    "functional_factor": 2.5081019974533874
}