{
    "structural_factor": 0.9713933012009242,
    "functional_factor": 2.867418599024502
}