{
    "structural_factor": 2.075119992429341,
    "functional_factor": 1.486028557435575
}