{
    "structural_factor": 1.020114820785364,
    "functional_factor": 1.094358462062986
}