{
    "structural_factor": 1.0277828689890036,
    "functional_factor": 1.1918877115029403
}