{
    "structural_factor": 1.5774037610731093,
    "functional_factor": 1.6054927879410883
}