{
    "structural_factor": 0.8186485473735655,
    "functional_factor": 3.2952439626524814
}