{
    "structural_factor": 0.8215968437630604,
    "functional_factor": 4.560855643282585
}