{
    "structural_factor": 0.8834112452331343,
    "functional_factor": 4.579888009243375
}