{
    "structural_factor": 2.200287045389974,
    "functional_factor": 4.879429153291755
}