{
    "structural_factor": 2.496426855939138,
    "functional_factor": 0.9964148943897757
}