{
    "structural_factor": 4.794601396912428,
    "functional_factor": 3.3943487925036098
}