{
    "structural_factor": 3.5285342185816737,
    "functional_factor": 1.2619782363652297
}