{
    "structural_factor": 1.4642003358660098,
    "functional_factor": 2.1448064473935884
}