{
    "structural_factor": 3.892887339981025,
    "functional_factor": 1.174626520901151
}