{
    "structural_factor": 2.244019634593257,
    "functional_factor": 1.414807189301155
}