{
    "structural_factor": 1.9934593668467262,
    "functional_factor": 1.0183840406923816
}