{
    "structural_factor": 4.520864780104045,
    "functional_factor": 1.0835059238407683
}