{
    "structural_factor": 3.2596015538722463,
    "functional_factor": 1.03132497050425
}