{
    "structural_factor": 1.2166412609426838,
    "functional_factor": 2.119138748234556
}