{
    "structural_factor": 3.7564353427940302,
    "functional_factor": 4.499963541124804
}