{
    "structural_factor": 2.3112074876550914,
    "functional_factor": 1.1306655959058138
}