{
    "structural_factor": 1.143984146166621,
    "functional_factor": 5.83795489425012
}