{
    "structural_factor": 3.2534984121779487,
    "functional_factor": 0.9967699115495962
}