{
    "structural_factor": 1.246053535475889,
    "functional_factor": 1.3958782553613376
}