{
    "structural_factor": 3.7796635609698965,
    "functional_factor": 1.1755985890928005
}