{
    "structural_factor": 2.6813201525838575,
    "functional_factor": 1.7451304880984757
}