{
    "structural_factor": 1.538603846513831,
    "functional_factor": 2.0308197340125576
}