{
    "structural_factor": 3.747641285286073,
    "functional_factor": 0.9946713706772055
}