{
    "structural_factor": 0.8465535250643129,
    "functional_factor": 2.4863512497351827
}