{
    "structural_factor": 4.112912288385143,
    "functional_factor": 2.080030158395004
}