{
    "structural_factor": 3.0027023080285846,
    "functional_factor": 1.00426953799593
}