{
    "structural_factor": 3.5742591658068905,
    "functional_factor": 1.252444661951501
}