{
    "structural_factor": 2.049202678072298,
    "functional_factor": 3.042571463378587
}