{
    "structural_factor": 4.962329563328986,
    "functional_factor": 1.5089070996010003
}