{
    "structural_factor": 0.9641317890120228,
    "functional_factor": 1.3097678885503992
}