{
    "structural_factor": 3.8096754642762414,
    "functional_factor": 1.4085201493845974
}