{
    "structural_factor": 3.356485261942065,
    "functional_factor": 5.7867742559311015
}