{
    "structural_factor": 2.1969005478809467,
    "functional_factor": 1.2349302817574814
}