{
    "structural_factor": 2.246034135745804,
    "functional_factor": 1.0070268131895526
}