{
    "structural_factor": 1.0153136788610773,
    "functional_factor": 1.104405892549848
}