{
    "structural_factor": 4.001766737648617,
    "functional_factor": 1.0044787261405872
}