{
    "structural_factor": 4.788738866924834,
    "functional_factor": 1.2705457058948932
}