{
    "structural_factor": 1.9891259257702674,
    "functional_factor": 2.196428534028468
}