{
    "structural_factor": 2.0035234237520747,
    "functional_factor": 1.0141767943328028
}