{
    "structural_factor": 4.26124656405048,
    "functional_factor": 1.0782501897800902
}