{
    "structural_factor": 3.964845124118129,
    "functional_factor": 1.350453666589686
}