{
    "structural_factor": 1.998357366876566,
    "functional_factor": 1.7708823586429507
}