{
    "structural_factor": 3.4274344158109225,
    "functional_factor": 1.6889404058413795
}