{
    "structural_factor": 4.529399322225245,
    "functional_factor": 1.1637143604236841
}