{
    "structural_factor": 3.003047804154701,
    "functional_factor": 1.0043108046386124
}