{
    "structural_factor": 1.188314413392362,
    "functional_factor": 2.0171452238442686
}