{
    "structural_factor": 5.011779436501307,
    "functional_factor": 1.3886761048749976
}