{
    "structural_factor": 0.9648185655208978,
    "functional_factor": 4.0676561299602785
}