{
    "structural_factor": 1.5200890763613275,
    "functional_factor": 1.1314225402344584
}