{
    "structural_factor": 5.0177043131552255,
    "functional_factor": 1.081906632228958
}