{
    "structural_factor": 1.1983277117710838,
    "functional_factor": 1.4863606475508246
}