{
    "structural_factor": 4.5085296065726395,
    "functional_factor": 1.0216577885282636
}