{
    "structural_factor": 2.4101203880052644,
    "functional_factor": 1.3390661015117018
}