{
    "structural_factor": 1.809840925134355,
    "functional_factor": 1.1436233571447105
}