{
    "structural_factor": 2.9856270141904027,
    "functional_factor": 2.461451336638193
}