{
    "structural_factor": 4.521477532943499,
    "functional_factor": 0.9934351225022316
}