{
    "structural_factor": 2.4504696626945885,
    "functional_factor": 1.5563332791623257
}