{
    "structural_factor": 3.808969574472575,
    "functional_factor": 1.2772423854111412
}