{
    "structural_factor": 1.553563954496769,
    "functional_factor": 1.1376602630312005
}