{
    "structural_factor": 3.2615668081011204,
    "functional_factor": 4.438800673460413
}