{
    "structural_factor": 4.2593529024972385,
    "functional_factor": 1.048771575868933
}