{
    "structural_factor": 1.5012819900923502,
    "functional_factor": 1.019513312980098
}