{
    "structural_factor": 2.029576154879033,
    "functional_factor": 2.0183692645489164
}