{
    "structural_factor": 1.1891544847603555,
    "functional_factor": 3.1309671307243088
}