{
    "structural_factor": 2.7896532645845653,
    "functional_factor": 1.503849617667731
}