{
    "structural_factor": 1.6183140990385345,
    "functional_factor": 6.102715687277719
}