{
    "structural_factor": 3.603076575041136,
    "functional_factor": 1.2964577623584135
}