{
    "structural_factor": 4.519255051681224,
    "functional_factor": 1.0807644115286448
}