{
    "structural_factor": 2.7981462273421074,
    "functional_factor": 1.883747317324762
}