{
    "structural_factor": 1.5810716634735342,
    "functional_factor": 4.836584936234429
}