{
    "structural_factor": 4.057949881169075,
    "functional_factor": 1.4112939406851572
}