{
    "structural_factor": 3.5455381580605514,
    "functional_factor": 1.7065156884798403
}