{
    "structural_factor": 1.1085738372005292,
    "functional_factor": 2.771806124650841
}