{
    "structural_factor": 4.16811279787211,
    "functional_factor": 2.12688901583882
}