{
    "structural_factor": 3.0112525719523373,
    "functional_factor": 1.016000051668689
}