{
    "structural_factor": 2.5203042864346226,
    "functional_factor": 1.069622102464162
}