{
    "structural_factor": 2.8277178366413698,
    "functional_factor": 1.52260619646257
}