{
    "structural_factor": 4.255894569628518,
    "functional_factor": 1.0166208255624198
}