{
    "structural_factor": 3.086169479555662,
    "functional_factor": 1.191987978042095
}