{
    "structural_factor": 4.77805203708833,
    "functional_factor": 1.7053494695803662
}