{
    "structural_factor": 2.011695630774571,
    "functional_factor": 1.0147220672476038
}