{
    "structural_factor": 1.4130280736805814,
    "functional_factor": 3.88202881885549
}