{
    "structural_factor": 1.2644548920176788,
    "functional_factor": 1.0368467947086808
}