{
    "structural_factor": 1.4863408923618113,
    "functional_factor": 4.2448554918174155
}