{
    "structural_factor": 3.327803951661147,
    "functional_factor": 3.4381674450906976
}