{
    "structural_factor": 4.214342522988524,
    "functional_factor": 1.383419074732862
}