{
    "structural_factor": 4.762207101914315,
    "functional_factor": 1.4783994051668943
}