{
    "structural_factor": 2.8015421099607014,
    "functional_factor": 1.1115860515134746
}