{
    "structural_factor": 1.5264334726040676,
    "functional_factor": 1.0576483405493653
}