{
    "structural_factor": 2.743087388320751,
    "functional_factor": 1.291516026474595
}