{
    "structural_factor": 4.518698551668769,
    "functional_factor": 0.9934320805818851
}