{
    "structural_factor": 1.759994736731499,
    "functional_factor": 4.027755386774206
}