{
    "structural_factor": 5.006788092246034,
    "functional_factor": 1.0393413018161946
}