{
    "structural_factor": 0.9820431859583605,
    "functional_factor": 2.821206108429074
}