{
    "structural_factor": 3.9958119114327015,
    "functional_factor": 1.019954373322521
}