{
    "structural_factor": 3.0225660043700415,
    "functional_factor": 1.0336958005032306
}