{
    "structural_factor": 2.2502007277478233,
    "functional_factor": 0.9933327189982061
}