{
    "structural_factor": 3.7491785856497923,
    "functional_factor": 4.045848822519209
}