{
    "structural_factor": 3.245537095005074,
    "functional_factor": 1.1509627740402337
}