{
    "structural_factor": 2.2822062561153382,
    "functional_factor": 1.1201090560354094
}