{
    "structural_factor": 1.6068541517826345,
    "functional_factor": 1.7266181190222258
}