{
    "structural_factor": 2.9361845451229067,
    "functional_factor": 1.2671784269024262
}