{
    "structural_factor": 2.0786537388898627,
    "functional_factor": 1.1345694686869638
}