{
    "structural_factor": 4.052069472398624,
    "functional_factor": 1.2834627727440457
}