{
    "structural_factor": 3.8434207541826706,
    "functional_factor": 1.6366072761948127
}