{
    "structural_factor": 3.014612182123368,
    "functional_factor": 2.6098174743901734
}