{
    "structural_factor": 5.002909936606517,
    "functional_factor": 0.9992685108341434
}