{
    "structural_factor": 0.8857379220525669,
    "functional_factor": 4.073387025675258
}