{
    "structural_factor": 3.3190021981986884,
    "functional_factor": 1.5342227680492238
}