{
    "structural_factor": 1.7884290539653753,
    "functional_factor": 1.0585980000511048
}