{
    "structural_factor": 3.633660939965155,
    "functional_factor": 4.481195789795623
}