{
    "structural_factor": 2.249517567478818,
    "functional_factor": 1.000031264911205
}