{
    "structural_factor": 1.7010373171114002,
    "functional_factor": 2.2434084123676623
}