{
    "structural_factor": 2.0154286191375497,
    "functional_factor": 1.1185517383204129
}