{
    "structural_factor": 1.613634196978967,
    "functional_factor": 8.277788683400457
}