{
    "structural_factor": 1.780578262554966,
    "functional_factor": 1.0531125401370347
}