{
    "structural_factor": 4.759613483435922,
    "functional_factor": 1.0030775736140516
}