{
    "structural_factor": 2.02183260636787,
    "functional_factor": 4.003886669770009
}