{
    "structural_factor": 2.24057039039259,
    "functional_factor": 1.1322402784829633
}