{
    "structural_factor": 3.2591457572714466,
    "functional_factor": 1.4927248811164642
}