{
    "structural_factor": 2.398041176708289,
    "functional_factor": 1.2176323627266152
}