{
    "structural_factor": 1.731246751223394,
    "functional_factor": 2.511396976721681
}