{
    "structural_factor": 4.107660855215839,
    "functional_factor": 1.6219417120643902
}