{
    "structural_factor": 0.8915380688644823,
    "functional_factor": 15.678519670353072
}