{
    "structural_factor": 3.8209343541845744,
    "functional_factor": 1.9693562382317387
}