{
    "structural_factor": 4.452650225489594,
    "functional_factor": 1.5538438447679068
}