{
    "structural_factor": 2.9841985303018963,
    "functional_factor": 1.1437527364515518
}