{
    "structural_factor": 1.26459451811897,
    "functional_factor": 9.906345477175417
}