{
    "structural_factor": 3.0107913471412178,
    "functional_factor": 1.0160109169365652
}