{
    "structural_factor": 2.4570038296014505,
    "functional_factor": 3.244775444121942
}