{
    "structural_factor": 4.250395920059678,
    "functional_factor": 0.9997536167960567
}