{
    "structural_factor": 3.4448475763134896,
    "functional_factor": 2.3146159799819115
}