{
    "structural_factor": 3.7952475545059277,
    "functional_factor": 1.1105761861404309
}