{
    "structural_factor": 1.5074739161383084,
    "functional_factor": 0.9994640795040487
}