{
    "structural_factor": 3.773095127412761,
    "functional_factor": 1.0714939831411163
}