{
    "structural_factor": 4.753751692506562,
    "functional_factor": 1.0053869566576552
}