{
    "structural_factor": 2.266224654810106,
    "functional_factor": 2.794529322100871
}