{
    "structural_factor": 4.272121144991806,
    "functional_factor": 1.0760922433914368
}