{
    "structural_factor": 1.2866232931952013,
    "functional_factor": 1.145774060217936
}