{
    "structural_factor": 4.179534286001621,
    "functional_factor": 1.8480713868301621
}