{
    "structural_factor": 3.7822625588089585,
    "functional_factor": 2.3454791066635696
}