{
    "structural_factor": 3.2635812625205096,
    "functional_factor": 1.1298195141051477
}