{
    "structural_factor": 3.291357984553654,
    "functional_factor": 1.1126486263613113
}