{
    "structural_factor": 1.8820862420208597,
    "functional_factor": 2.0719945325251996
}