{
    "structural_factor": 1.788845770343671,
    "functional_factor": 1.0794764296100139
}