{
    "structural_factor": 2.6737999598200415,
    "functional_factor": 3.0582061946906904
}