{
    "structural_factor": 0.3901028524762733,
    "functional_factor": 7.729163499045972
}