{
    "structural_factor": 4.188581245089798,
    "functional_factor": 1.6213758581398405
}