{
    "structural_factor": 1.4383441062165958,
    "functional_factor": 1.572162561411807
}