{
    "structural_factor": 3.156787634062222,
    "functional_factor": 2.5734991675810592
}