{
    "structural_factor": 2.813854283395169,
    "functional_factor": 1.338033240696138
}