{
    "structural_factor": 1.0118906338908389,
    "functional_factor": 2.873803402662701
}