{
    "structural_factor": 4.513076864342331,
    "functional_factor": 1.474663573038249
}