{
    "structural_factor": 3.102284698374353,
    "functional_factor": 3.3230567658846324
}