{
    "structural_factor": 1.7736779574325705,
    "functional_factor": 2.196265661449855
}