{
    "structural_factor": 3.7191126465795596,
    "functional_factor": 1.7563137794305308
}