{
    "structural_factor": 2.059062140533467,
    "functional_factor": 1.6959255304147824
}