{
    "structural_factor": 2.3355044241876746,
    "functional_factor": 1.5226218346141889
}