{
    "structural_factor": 1.8202660197631497,
    "functional_factor": 2.0068172505162405
}