{
    "structural_factor": 2.2007029279829893,
    "functional_factor": 2.0686055261102734
}