{
    "structural_factor": 2.011448104231057,
    "functional_factor": 1.0000314262706294
}