{
    "structural_factor": 4.8575120572773995,
    "functional_factor": 1.1795958773093909
}