{
    "structural_factor": 2.632757003144208,
    "functional_factor": 2.9400669102433215
}