{
    "structural_factor": 1.2694627979124882,
    "functional_factor": 1.0819428620231117
}