{
    "structural_factor": 2.110650490223385,
    "functional_factor": 3.150269571711865
}