{
    "structural_factor": 1.5543923484761402,
    "functional_factor": 1.6557440690904182
}