{
    "structural_factor": 3.8552166745779424,
    "functional_factor": 3.060170644315052
}