{
    "structural_factor": 2.9995133944961125,
    "functional_factor": 1.0000022282007472
}