{
    "structural_factor": 4.32269691140858,
    "functional_factor": 1.781146987257303
}