{
    "structural_factor": 2.0542837860196816,
    "functional_factor": 3.6511002927054372
}