{
    "structural_factor": 2.522748354017665,
    "functional_factor": 1.5977545812114788
}