{
    "structural_factor": 2.792787336502576,
    "functional_factor": 1.0672469252929342
}