{
    "structural_factor": 1.3181927589227644,
    "functional_factor": 1.2472122437930098
}