{
    "structural_factor": 5.053919553444691,
    "functional_factor": 1.3831793643465167
}