{
    "structural_factor": 1.8198038490070847,
    "functional_factor": 1.1528756037575403
}