{
    "structural_factor": 2.2536750816909272,
    "functional_factor": 5.964392744657998
}