{
    "structural_factor": 3.6909308314574862,
    "functional_factor": 1.8130147786365376
}