{
    "structural_factor": 5.001781409581797,
    "functional_factor": 1.0198448097862078
}