{
    "structural_factor": 2.0531567473157035,
    "functional_factor": 3.012601929915402
}