{
    "structural_factor": 3.7542773399835134,
    "functional_factor": 1.12577993721557
}