{
    "structural_factor": 1.759407058588336,
    "functional_factor": 1.0001579012792374
}