{
    "structural_factor": 2.295646514363382,
    "functional_factor": 1.3402114750465015
}