{
    "structural_factor": 4.689186664030989,
    "functional_factor": 3.989285725491203
}