{
    "structural_factor": 0.9997974002021814,
    "functional_factor": 1.0000455486725046
}