{
    "structural_factor": 2.3034457913132402,
    "functional_factor": 1.1043785110349946
}