{
    "structural_factor": 2.2974947847898965,
    "functional_factor": 1.0857772230490483
}