{
    "structural_factor": 4.36274476001137,
    "functional_factor": 3.2508172750512276
}