{
    "structural_factor": 3.1667920598566566,
    "functional_factor": 1.6807646822938331
}