{
    "structural_factor": 3.078180818330027,
    "functional_factor": 1.154474446064803
}