{
    "structural_factor": 3.7730960954223693,
    "functional_factor": 1.0337562595047427
}