{
    "structural_factor": 1.000640818008194,
    "functional_factor": 3.6045350714904667
}