{
    "structural_factor": 5.003086021291149,
    "functional_factor": 0.9991726523239166
}