{
    "structural_factor": 3.174438005535876,
    "functional_factor": 3.2120527877729326
}