{
    "structural_factor": 3.515564021577518,
    "functional_factor": 2.598957279749144
}