{
    "structural_factor": 0.8668779816739443,
    "functional_factor": 1.8049365957135681
}