{
    "structural_factor": 1.2441947542766418,
    "functional_factor": 1.005581060270226
}