{
    "structural_factor": 2.0572639459404436,
    "functional_factor": 1.3327080689081523
}