{
    "structural_factor": 4.97564714669242,
    "functional_factor": 1.3043544096654922
}