{
    "structural_factor": 3.4971200693197844,
    "functional_factor": 1.852994234235527
}