{
    "structural_factor": 1.7606439767671374,
    "functional_factor": 5.930171686326203
}