{
    "structural_factor": 1.2082431920798358,
    "functional_factor": 1.5198132710523649
}