{
    "structural_factor": 3.9986695942747934,
    "functional_factor": 1.173149875448671
}