{
    "structural_factor": 0.795461676522029,
    "functional_factor": 8.79621619294291
}