{
    "structural_factor": 4.519918777791341,
    "functional_factor": 1.1392535161555808
}