{
    "structural_factor": 4.3009980009799245,
    "functional_factor": 3.249961997494208
}