{
    "structural_factor": 2.580572049136182,
    "functional_factor": 4.461269744686631
}