{
    "structural_factor": 5.0080141362776915,
    "functional_factor": 1.0033682787151716
}