{
    "structural_factor": 1.2453645828867175,
    "functional_factor": 1.01690655554271
}