{
    "structural_factor": 2.046134597828424,
    "functional_factor": 2.7854493079178866
}