{
    "structural_factor": 3.603758219862497,
    "functional_factor": 2.0319488504992473
}