{
    "structural_factor": 0.9959627887803468,
    "functional_factor": 1.016663839814222
}