{
    "structural_factor": 2.5415462976110397,
    "functional_factor": 1.0593156791848453
}