{
    "structural_factor": 1.0507044149246538,
    "functional_factor": 1.2941228415418489
}