{
    "structural_factor": 0.8953852492271362,
    "functional_factor": 2.9557673512056994
}