{
    "structural_factor": 3.5451247148094085,
    "functional_factor": 3.5381130026845797
}