{
    "structural_factor": 2.9997668219993936,
    "functional_factor": 3.3349127462001658
}