{
    "structural_factor": 3.0036665911052562,
    "functional_factor": 1.0155356536733677
}