{
    "structural_factor": 2.888034485503409,
    "functional_factor": 1.488461308348603
}