{
    "structural_factor": 1.2461621103605083,
    "functional_factor": 3.471512186274067
}