{
    "structural_factor": 1.4100612292608274,
    "functional_factor": 3.124620667885472
}