{
    "structural_factor": 3.796918773464501,
    "functional_factor": 1.6964976154916251
}