{
    "structural_factor": 2.730289884278341,
    "functional_factor": 8.491106216660638
}