{
    "structural_factor": 3.5465608655560157,
    "functional_factor": 2.021336506212861
}