{
    "structural_factor": 1.242824414900174,
    "functional_factor": 1.1221749000626553
}