{
    "structural_factor": 3.8895836897697107,
    "functional_factor": 1.273400186417704
}