{
    "structural_factor": 1.4238748367329046,
    "functional_factor": 1.6181230093908634
}