{
    "structural_factor": 3.247592033935175,
    "functional_factor": 2.2932524427582304
}