{
    "structural_factor": 1.4949198202281158,
    "functional_factor": 1.0186753186628752
}