{
    "structural_factor": 1.2508434295052464,
    "functional_factor": 1.002744051064013
}