{
    "structural_factor": 0.47149291301201224,
    "functional_factor": 3.4596747117081823
}