{
    "structural_factor": 2.8223649072017873,
    "functional_factor": 1.5411520790439561
}