{
    "structural_factor": 3.515011816710109,
    "functional_factor": 1.0308741095535747
}