{
    "structural_factor": 2.897616367878148,
    "functional_factor": 5.851108114194702
}