{
    "structural_factor": 3.1331932153746194,
    "functional_factor": 1.3721576960664932
}