{
    "structural_factor": 2.5024595353533994,
    "functional_factor": 1.0147405736676167
}