{
    "structural_factor": 1.2030855522185908,
    "functional_factor": 5.761903462799994
}