{
    "structural_factor": 2.4177744280068083,
    "functional_factor": 5.508821146039601
}