{
    "structural_factor": 3.2675994542738294,
    "functional_factor": 2.096237577753042
}