{
    "structural_factor": 3.5356673891374943,
    "functional_factor": 1.7322210110560832
}