{
    "structural_factor": 1.5055527234124981,
    "functional_factor": 1.0142042966743348
}