{
    "structural_factor": 3.267187630765697,
    "functional_factor": 1.0410590688486785
}