{
    "structural_factor": 3.578978839678346,
    "functional_factor": 1.3044632215986802
}