{
    "structural_factor": 2.0625672917176425,
    "functional_factor": 1.098602193900766
}