{
    "structural_factor": 4.1128856591688,
    "functional_factor": 3.211473407178385
}