{
    "structural_factor": 2.1310203067951914,
    "functional_factor": 3.1442607163818304
}