{
    "structural_factor": 0.6141328859845284,
    "functional_factor": 1.990837492452145
}