{
    "structural_factor": 0.8058866986400391,
    "functional_factor": 2.453691240353618
}