{
    "structural_factor": 4.281354947433955,
    "functional_factor": 1.1619053068586267
}