{
    "structural_factor": 4.567969021874625,
    "functional_factor": 1.279032267826708
}