{
    "structural_factor": 1.4885894315559156,
    "functional_factor": 1.0733196162498178
}