{
    "structural_factor": 1.2883025754296678,
    "functional_factor": 1.1594850399920729
}