{
    "structural_factor": 4.290389689122682,
    "functional_factor": 1.125430897917865
}