{
    "structural_factor": 3.0666412511564047,
    "functional_factor": 1.584642371718333
}