{
    "structural_factor": 2.550185311811886,
    "functional_factor": 1.0577869959579942
}