{
    "structural_factor": 4.624647553499271,
    "functional_factor": 1.5750003384057036
}