{
    "structural_factor": 2.6768345535433347,
    "functional_factor": 3.2773207214087243
}