{
    "structural_factor": 2.194620762397036,
    "functional_factor": 2.284741173818058
}