{
    "structural_factor": 4.32940374401283,
    "functional_factor": 1.160040167217719
}