{
    "structural_factor": 4.778660939851203,
    "functional_factor": 1.0035473873570047
}