{
    "structural_factor": 4.064810470303627,
    "functional_factor": 1.9767149847407763
}