{
    "structural_factor": 1.016405079303545,
    "functional_factor": 5.125153300266903
}