{
    "structural_factor": 3.24960729223567,
    "functional_factor": 0.9999530355504974
}