{
    "structural_factor": 4.217350951726262,
    "functional_factor": 2.4596661983170542
}