{
    "structural_factor": 3.5464893090762906,
    "functional_factor": 2.6290678674851855
}