{
    "structural_factor": 1.48761099366961,
    "functional_factor": 1.0504726458308693
}