{
    "structural_factor": 1.3091233646096103,
    "functional_factor": 4.223045413682537
}