{
    "structural_factor": 2.0655586308861835,
    "functional_factor": 1.5520784350962258
}