{
    "structural_factor": 4.013053130489603,
    "functional_factor": 1.0811448954100764
}