{
    "structural_factor": 3.5011685017797545,
    "functional_factor": 1.0044814207661492
}