{
    "structural_factor": 1.7988615622570197,
    "functional_factor": 1.129239813692538
}