{
    "structural_factor": 2.2483471146050755,
    "functional_factor": 3.660848566717972
}