{
    "structural_factor": 2.76186795950174,
    "functional_factor": 1.0013437272819699
}