{
    "structural_factor": 3.63669549764758,
    "functional_factor": 1.4961739758270278
}