{
    "structural_factor": 1.4105153577272016,
    "functional_factor": 1.6981565629034612
}