{
    "structural_factor": 0.5940430864086212,
    "functional_factor": 2.429504122379246
}