{
    "structural_factor": 3.7679452303921566,
    "functional_factor": 1.498958858117764
}