{
    "structural_factor": 4.458022935582438,
    "functional_factor": 1.6399255889449116
}