{
    "structural_factor": 3.5077795278589754,
    "functional_factor": 1.040471715105471
}