{
    "structural_factor": 4.002749093971085,
    "functional_factor": 1.0045458901692643
}