{
    "structural_factor": 2.9701473250386297,
    "functional_factor": 1.609266818007009
}