{
    "structural_factor": 1.1728111696213774,
    "functional_factor": 2.5657139325270637
}