{
    "structural_factor": 2.1685290971903304,
    "functional_factor": 2.9192553003189263
}