{
    "structural_factor": 2.8893084962731193,
    "functional_factor": 2.5656797382164314
}