{
    "structural_factor": 4.924910846822373,
    "functional_factor": 1.2395412887735018
}