{
    "structural_factor": 4.251527072087348,
    "functional_factor": 2.0308666467407424
}