{
    "structural_factor": 3.7764093870163085,
    "functional_factor": 1.1593366385196442
}