{
    "structural_factor": 1.2013860197174513,
    "functional_factor": 1.5737428195815073
}