{
    "structural_factor": 1.813999296175611,
    "functional_factor": 6.661458454401452
}