{
    "structural_factor": 3.987316170967533,
    "functional_factor": 1.4249674747007823
}