{
    "structural_factor": 2.581898389774694,
    "functional_factor": 4.01878723712112
}