{
    "structural_factor": 2.1796660298551833,
    "functional_factor": 1.8832492687164077
}