{
    "structural_factor": 2.3990457625873316,
    "functional_factor": 2.4637983747714904
}