{
    "structural_factor": 2.252792376212644,
    "functional_factor": 1.0015231852189266
}