{
    "structural_factor": 1.496470226848794,
    "functional_factor": 1.0155807663777223
}