{
    "structural_factor": 3.007868095238364,
    "functional_factor": 1.0442144087374596
}