{
    "structural_factor": 1.2781311307001362,
    "functional_factor": 2.322909657712586
}