{
    "structural_factor": 1.6999709467808144,
    "functional_factor": 3.8061356380615217
}