{
    "structural_factor": 2.3411830753338796,
    "functional_factor": 1.468884473278109
}