{
    "structural_factor": 2.7529228666576127,
    "functional_factor": 1.0039964434922148
}