{
    "structural_factor": 4.99601518857545,
    "functional_factor": 1.50842437910469
}