{
    "structural_factor": 2.60546299220926,
    "functional_factor": 3.6829176321952977
}