{
    "structural_factor": 1.728537629509002,
    "functional_factor": 10.541645301302307
}