{
    "structural_factor": 1.9628851671064143,
    "functional_factor": 2.905984234355099
}