{
    "structural_factor": 4.250500673283162,
    "functional_factor": 0.9997515734875355
}