{
    "structural_factor": 4.971447771918255,
    "functional_factor": 1.2090831304214336
}