{
    "structural_factor": 0.8516539373895051,
    "functional_factor": 5.365079737626152
}