{
    "structural_factor": 0.9882812256921887,
    "functional_factor": 1.9118484080016431
}