{
    "structural_factor": 3.0048950140220154,
    "functional_factor": 0.9963644945639867
}