{
    "structural_factor": 1.2736438488001653,
    "functional_factor": 1.0606142327355907
}