{
    "structural_factor": 0.32220700996965057,
    "functional_factor": 6.697098904306477
}