{
    "structural_factor": 2.2641044804589954,
    "functional_factor": 1.4794598189732016
}