{
    "structural_factor": 3.2395243174418797,
    "functional_factor": 0.9985244503223081
}