{
    "structural_factor": 3.794535876783217,
    "functional_factor": 1.3603755403750513
}