{
    "structural_factor": 3.5421945229310023,
    "functional_factor": 1.1289537428518615
}