{
    "structural_factor": 1.6572029480044164,
    "functional_factor": 4.1273218826614
}