{
    "structural_factor": 1.0071024008906488,
    "functional_factor": 1.028290446428822
}