{
    "structural_factor": 1.2753777402769682,
    "functional_factor": 1.1080567858633772
}