{
    "structural_factor": 1.7472846442284868,
    "functional_factor": 1.0528427774307205
}