{
    "structural_factor": 4.718288988596429,
    "functional_factor": 1.0783406796269777
}