{
    "structural_factor": 1.0344959810290972,
    "functional_factor": 2.092044263597263
}