{
    "structural_factor": 2.297815420679902,
    "functional_factor": 1.7050127070825776
}