{
    "structural_factor": 1.501571911391951,
    "functional_factor": 1.0036444020359148
}