{
    "structural_factor": 4.61069485428818,
    "functional_factor": 1.2457454693467949
}