{
    "structural_factor": 2.7477956038567593,
    "functional_factor": 1.7341362407604666
}