{
    "structural_factor": 3.556585344892347,
    "functional_factor": 1.5905871780572727
}