{
    "structural_factor": 3.7408437215702013,
    "functional_factor": 1.5016186380584091
}