{
    "structural_factor": 2.394570368002272,
    "functional_factor": 1.359325580891208
}