{
    "structural_factor": 3.253890724454193,
    "functional_factor": 1.0189353501013128
}