{
    "structural_factor": 4.536322800069556,
    "functional_factor": 1.2473407888667996
}