{
    "structural_factor": 4.751787569778414,
    "functional_factor": 0.9994510540645505
}