{
    "structural_factor": 3.6248055315813605,
    "functional_factor": 1.9662566888828221
}