{
    "structural_factor": 3.760612454582777,
    "functional_factor": 1.1501871170559466
}