{
    "structural_factor": 0.971836279202301,
    "functional_factor": 2.1159510619434982
}