{
    "structural_factor": 1.9955042318529164,
    "functional_factor": 1.067139657703881
}