{
    "structural_factor": 2.8059351180933128,
    "functional_factor": 8.381795386511435
}