{
    "structural_factor": 1.230772770591747,
    "functional_factor": 3.562993161844063
}