{
    "structural_factor": 2.772493814835339,
    "functional_factor": 1.1306141411592474
}