{
    "structural_factor": 4.472454076364719,
    "functional_factor": 1.0513130098894725
}