{
    "structural_factor": 2.2943125005851246,
    "functional_factor": 3.724485446437957
}