{
    "structural_factor": 4.028104444568652,
    "functional_factor": 3.536597765293967
}