{
    "structural_factor": 3.736263554038576,
    "functional_factor": 2.069100393940309
}