{
    "structural_factor": 3.0008286324992737,
    "functional_factor": 1.1198781982178818
}