{
    "structural_factor": 3.2556151635359396,
    "functional_factor": 1.0442787993566205
}