{
    "structural_factor": 4.829196814339753,
    "functional_factor": 1.1586185424318813
}