{
    "structural_factor": 1.7344587412443795,
    "functional_factor": 1.0720503793351204
}