{
    "structural_factor": 4.572854061252603,
    "functional_factor": 1.7227535448250977
}