{
    "structural_factor": 1.5016883793387792,
    "functional_factor": 3.0786266428082616
}