{
    "structural_factor": 5.024388410923607,
    "functional_factor": 1.0776455810451298
}