{
    "structural_factor": 2.0072285504798986,
    "functional_factor": 1.7767534259476832
}