{
    "structural_factor": 1.4326073930828676,
    "functional_factor": 3.539550626924558
}