{
    "structural_factor": 4.772545541477477,
    "functional_factor": 1.1270637663118945
}