{
    "structural_factor": 3.3415865296722123,
    "functional_factor": 2.339616561995711
}