{
    "structural_factor": 1.033363877853923,
    "functional_factor": 2.877130759836308
}