{
    "structural_factor": 3.2076373258852255,
    "functional_factor": 2.3105636567857952
}