{
    "structural_factor": 1.8330828134749548,
    "functional_factor": 1.2184827471399182
}