{
    "structural_factor": 5.051076206449608,
    "functional_factor": 1.2394456299254253
}