{
    "structural_factor": 0.9682759450910312,
    "functional_factor": 1.211124128948889
}