{
    "structural_factor": 1.334183009515118,
    "functional_factor": 2.5738037534803833
}