{
    "structural_factor": 3.4997951094363215,
    "functional_factor": 0.9999351990601799
}