{
    "structural_factor": 3.2473802629063697,
    "functional_factor": 2.1606754316170123
}