{
    "structural_factor": 1.8260149238429073,
    "functional_factor": 2.1931704857792984
}