{
    "structural_factor": 2.522060473483412,
    "functional_factor": 1.1040155151652185
}