{
    "structural_factor": 3.760226364199738,
    "functional_factor": 1.0189695949614672
}