{
    "structural_factor": 0.9997704046393711,
    "functional_factor": 1.0000415647478997
}