{
    "structural_factor": 1.7510479077096164,
    "functional_factor": 1.0138755720363537
}