{
    "structural_factor": 3.360244336501375,
    "functional_factor": 4.56936804551922
}