{
    "structural_factor": 1.0957027648087792,
    "functional_factor": 2.340548920525576
}