{
    "structural_factor": 3.458281865119661,
    "functional_factor": 1.548903680308349
}