{
    "structural_factor": 3.4994413590958056,
    "functional_factor": 1.8143304245575769
}