{
    "structural_factor": 1.3245086110962883,
    "functional_factor": 4.55336662764271
}