{
    "structural_factor": 0.9165878379957118,
    "functional_factor": 1.7529703951645939
}