{
    "structural_factor": 2.3383790543665848,
    "functional_factor": 1.3013864881081407
}