{
    "structural_factor": 2.0913104917730156,
    "functional_factor": 1.1879086861306125
}