{
    "structural_factor": 1.2188014239973224,
    "functional_factor": 4.588845275322442
}