{
    "structural_factor": 0.8176163316745096,
    "functional_factor": 4.073845302158424
}