{
    "structural_factor": 2.678278339520178,
    "functional_factor": 1.236566891494784
}