{
    "structural_factor": 3.0554584867192287,
    "functional_factor": 1.6991329570563263
}