{
    "structural_factor": 1.7969985916966456,
    "functional_factor": 1.2239518580068673
}