{
    "structural_factor": 4.476476297936014,
    "functional_factor": 1.4324251872173188
}