{
    "structural_factor": 1.2760174684384287,
    "functional_factor": 1.4080234064436585
}