{
    "structural_factor": 1.1756533707394559,
    "functional_factor": 1.6219384578295686
}