{
    "structural_factor": 4.262131352355357,
    "functional_factor": 1.1236715587056094
}