{
    "structural_factor": 2.9595982672512067,
    "functional_factor": 1.230184516278514
}