{
    "structural_factor": 3.024953588952883,
    "functional_factor": 2.1081289938192507
}