{
    "structural_factor": 4.02312220414171,
    "functional_factor": 1.0177519824640051
}