{
    "structural_factor": 3.739451398764037,
    "functional_factor": 1.0359904240874538
}