{
    "structural_factor": 3.511914218251452,
    "functional_factor": 1.01947047885465
}