{
    "structural_factor": 2.4978763040025673,
    "functional_factor": 1.0451148285297596
}