{
    "structural_factor": 2.768446369527928,
    "functional_factor": 1.18207933743157
}