{
    "structural_factor": 3.0041085517007677,
    "functional_factor": 1.2025378297116034
}