{
    "structural_factor": 2.5366467357052986,
    "functional_factor": 1.486654218731106
}