{
    "structural_factor": 3.013282391542389,
    "functional_factor": 2.389235052963595
}