{
    "structural_factor": 2.1073966508205078,
    "functional_factor": 4.654468762583685
}