{
    "structural_factor": 3.99758117419357,
    "functional_factor": 1.199612794080209
}