{
    "structural_factor": 1.4988525627979874,
    "functional_factor": 1.001566204154273
}