{
    "structural_factor": 3.780450294863221,
    "functional_factor": 1.077336161886034
}