{
    "structural_factor": 2.1512434764355994,
    "functional_factor": 6.300844604741757
}