{
    "structural_factor": 4.700303310547215,
    "functional_factor": 2.8148966399747133
}