{
    "structural_factor": 1.6497314127984946,
    "functional_factor": 3.615269889415375
}