{
    "structural_factor": 2.4625615176671656,
    "functional_factor": 1.4678902923118404
}