{
    "structural_factor": 1.2497983451602757,
    "functional_factor": 0.9999873629384487
}