{
    "structural_factor": 4.232880105700214,
    "functional_factor": 1.5599244275670492
}