{
    "structural_factor": 0.8822708694633106,
    "functional_factor": 2.0951663349183898
}