{
    "structural_factor": 2.0067915221802486,
    "functional_factor": 1.0811909766013732
}