{
    "structural_factor": 1.0089005317986528,
    "functional_factor": 1.0382176968403463
}