{
    "structural_factor": 0.9207925459766312,
    "functional_factor": 5.846449025146267
}