{
    "structural_factor": 4.4945318665267475,
    "functional_factor": 1.202634479299346
}