{
    "structural_factor": 0.33333036701290963,
    "functional_factor": 5.071551339385646
}