{
    "structural_factor": 2.3820433464868604,
    "functional_factor": 1.5019998965898833
}