{
    "structural_factor": 1.4610746634479186,
    "functional_factor": 2.5279416855893615
}