{
    "structural_factor": 3.501424898998765,
    "functional_factor": 1.0180540169334635
}