{
    "structural_factor": 2.253598575551308,
    "functional_factor": 1.0178072619690843
}