{
    "structural_factor": 3.0036866245768845,
    "functional_factor": 1.0035768219694194
}