{
    "structural_factor": 3.262533965635282,
    "functional_factor": 1.7465126327192135
}