{
    "structural_factor": 3.237254301808706,
    "functional_factor": 1.0032088538388244
}