{
    "structural_factor": 3.4699347329121295,
    "functional_factor": 3.9859036536813903
}