{
    "structural_factor": 4.311516618876002,
    "functional_factor": 1.1701929204732915
}