{
    "structural_factor": 4.089753913646487,
    "functional_factor": 1.636332380927096
}