{
    "structural_factor": 2.102105757748255,
    "functional_factor": 1.449873809531034
}