{
    "structural_factor": 3.2587266555143817,
    "functional_factor": 1.0173943082869803
}