{
    "structural_factor": 2.2387236572850258,
    "functional_factor": 2.3251981661017243
}