{
    "structural_factor": 3.4743596049045773,
    "functional_factor": 1.3492866784326536
}