{
    "structural_factor": 2.0629316513329115,
    "functional_factor": 1.09425820669763
}