{
    "structural_factor": 2.252338955406787,
    "functional_factor": 1.1501652183128526
}