{
    "structural_factor": 1.3333449898179757,
    "functional_factor": 5.917123361917959
}