{
    "structural_factor": 3.658699712189379,
    "functional_factor": 1.239998868035684
}