{
    "structural_factor": 2.7374987615522004,
    "functional_factor": 1.163960641937961
}