{
    "structural_factor": 2.787311033823033,
    "functional_factor": 2.1529406661539374
}