{
    "structural_factor": 1.9993628067903007,
    "functional_factor": 4.137285248976769
}