{
    "structural_factor": 1.4934740266431115,
    "functional_factor": 1.036888460368709
}