{
    "structural_factor": 1.534620442529775,
    "functional_factor": 6.799238415434668
}