{
    "structural_factor": 0.5645413367923517,
    "functional_factor": 5.222235380152363
}