{
    "structural_factor": 4.526408610815936,
    "functional_factor": 1.9121540643789237
}