{
    "structural_factor": 1.2388690345623252,
    "functional_factor": 3.238980337721424
}