{
    "structural_factor": 2.252924929851244,
    "functional_factor": 1.0032832609007918
}