{
    "structural_factor": 3.596405894204434,
    "functional_factor": 1.270114374461064
}