{
    "structural_factor": 2.5072442128471986,
    "functional_factor": 2.4334385762403783
}