{
    "structural_factor": 5.002280511599059,
    "functional_factor": 1.1479098764782898
}