{
    "structural_factor": 2.0093124581162374,
    "functional_factor": 1.0142701064810848
}