{
    "structural_factor": 2.0094623105459455,
    "functional_factor": 1.0140752470400585
}