{
    "structural_factor": 1.5073517898671656,
    "functional_factor": 1.02344123912446
}