{
    "structural_factor": 3.5022964300340007,
    "functional_factor": 1.0042277174415104
}