{
    "structural_factor": 3.1945906869377807,
    "functional_factor": 1.7169018465086652
}