{
    "structural_factor": 2.499659178248973,
    "functional_factor": 1.0000067874474485
}