{
    "structural_factor": 2.091747898083616,
    "functional_factor": 1.292351516796878
}