{
    "structural_factor": 2.3675856265894244,
    "functional_factor": 2.0697763017869883
}