{
    "structural_factor": 0.5767323297435141,
    "functional_factor": 3.419764588928038
}