{
    "structural_factor": 1.9868456541992852,
    "functional_factor": 1.1280509644077903
}