{
    "structural_factor": 4.761309765834015,
    "functional_factor": 1.133882251582324
}