{
    "structural_factor": 2.4093933959323564,
    "functional_factor": 1.2879959553544138
}