{
    "structural_factor": 1.9887097450202664,
    "functional_factor": 1.1318595504128082
}