{
    "structural_factor": 2.31105812119868,
    "functional_factor": 1.0979679183253452
}