{
    "structural_factor": 0.9248113670247269,
    "functional_factor": 1.2964520979393408
}