{
    "structural_factor": 1.555501904130668,
    "functional_factor": 1.6462442044357528
}