{
    "structural_factor": 1.8260844956750166,
    "functional_factor": 1.491454204975752
}