{
    "structural_factor": 1.3039775982999164,
    "functional_factor": 1.6515439593057102
}