{
    "structural_factor": 1.5063266085038753,
    "functional_factor": 1.0141923827108714
}