{
    "structural_factor": 4.049520309544665,
    "functional_factor": 1.5147948938440543
}