{
    "structural_factor": 3.0532827503103497,
    "functional_factor": 1.7913352497930983
}