{
    "structural_factor": 1.504298555895189,
    "functional_factor": 1.0007645444226287
}