{
    "structural_factor": 4.0411747655655095,
    "functional_factor": 1.2804014779609618
}