{
    "structural_factor": 3.889267625394106,
    "functional_factor": 1.3695336159397842
}