{
    "structural_factor": 2.761989352751458,
    "functional_factor": 1.0153048310988726
}