{
    "structural_factor": 3.9551393490872226,
    "functional_factor": 2.272548477244885
}