{
    "structural_factor": 3.502763638857517,
    "functional_factor": 1.0003613990432578
}