{
    "structural_factor": 2.196559779966334,
    "functional_factor": 3.2206804383852417
}