{
    "structural_factor": 1.882518136290483,
    "functional_factor": 1.9867701555606643
}