{
    "structural_factor": 3.7862949952138374,
    "functional_factor": 1.120846674482833
}