{
    "structural_factor": 2.225071167293952,
    "functional_factor": 1.2083057587097994
}