{
    "structural_factor": 1.2513491471768436,
    "functional_factor": 1.0027014885940848
}