{
    "structural_factor": 4.2561558743507115,
    "functional_factor": 1.1450719195477372
}