{
    "structural_factor": 2.9775639159510114,
    "functional_factor": 1.2056524217805118
}