{
    "structural_factor": 4.757866543600355,
    "functional_factor": 1.0749884692402996
}