{
    "structural_factor": 4.851797839085708,
    "functional_factor": 1.245015487709758
}