{
    "structural_factor": 4.74403289031242,
    "functional_factor": 0.9943244732009708
}