{
    "structural_factor": 4.007615675724649,
    "functional_factor": 1.015757475684588
}