{
    "structural_factor": 4.010327591078214,
    "functional_factor": 1.0440276310616083
}