{
    "structural_factor": 0.9997973622734447,
    "functional_factor": 1.0000269747775643
}