{
    "structural_factor": 3.506717492565362,
    "functional_factor": 1.1495359105407805
}