{
    "structural_factor": 2.7041036368049562,
    "functional_factor": 1.2342647175697268
}