{
    "structural_factor": 3.17091010295333,
    "functional_factor": 1.2395068152343034
}