{
    "structural_factor": 2.1310227102573527,
    "functional_factor": 2.0705841772660207
}