{
    "structural_factor": 3.7016493179225205,
    "functional_factor": 1.684073970661407
}