{
    "structural_factor": 4.5252675875802835,
    "functional_factor": 1.082006515482424
}