{
    "structural_factor": 2.158478992934017,
    "functional_factor": 2.8937654546008442
}