{
    "structural_factor": 3.499812940909809,
    "functional_factor": 0.9999183146462555
}