{
    "structural_factor": 3.7819448193164833,
    "functional_factor": 1.2795608475386475
}