{
    "structural_factor": 1.261330063592081,
    "functional_factor": 1.0288336506214153
}