{
    "structural_factor": 3.7349110649716946,
    "functional_factor": 1.0400518150699933
}