{
    "structural_factor": 3.3656299886552348,
    "functional_factor": 1.2985097561378167
}