{
    "structural_factor": 2.583297479334707,
    "functional_factor": 5.012370513925871
}