{
    "structural_factor": 4.742919686543334,
    "functional_factor": 1.205274425224061
}