{
    "structural_factor": 1.2274810929569158,
    "functional_factor": 1.206835677116078
}