{
    "structural_factor": 2.525381967981576,
    "functional_factor": 13.13221187420062
}