{
    "structural_factor": 2.5327810694216595,
    "functional_factor": 1.9669597490322992
}