{
    "structural_factor": 2.1877769156477105,
    "functional_factor": 3.035033465601783
}