{
    "structural_factor": 3.813197520668961,
    "functional_factor": 1.3158922258774313
}