{
    "structural_factor": 1.831371175233724,
    "functional_factor": 1.1921993532313426
}