{
    "structural_factor": 2.26363503715189,
    "functional_factor": 1.028844590223579
}