{
    "structural_factor": 0.9631198720114993,
    "functional_factor": 4.680559141437947
}