{
    "structural_factor": 0.6074845897159816,
    "functional_factor": 7.439238126390937
}