{
    "structural_factor": 4.998362191917952,
    "functional_factor": 1.0026247286477976
}