{
    "structural_factor": 3.1777867392863492,
    "functional_factor": 2.6967295561556415
}