{
    "structural_factor": 3.457893242905917,
    "functional_factor": 1.4730201174506448
}