{
    "structural_factor": 4.884764607294785,
    "functional_factor": 2.5694754147136187
}