{
    "structural_factor": 4.110874228710227,
    "functional_factor": 1.7759602188925963
}