{
    "structural_factor": 3.486970212535974,
    "functional_factor": 2.6246975208819903
}