{
    "structural_factor": 3.64036934020897,
    "functional_factor": 2.2064042164343984
}