{
    "structural_factor": 2.9884442849413886,
    "functional_factor": 3.5925925381567816
}