{
    "structural_factor": 4.278489691808118,
    "functional_factor": 2.354304834216856
}