{
    "structural_factor": 1.592159938372023,
    "functional_factor": 7.742611391225534
}