{
    "structural_factor": 3.315787017455332,
    "functional_factor": 1.7662677422783482
}