{
    "structural_factor": 1.4176100168059618,
    "functional_factor": 3.2396464114396726
}