{
    "structural_factor": 0.6875172135646807,
    "functional_factor": 3.7011726146118225
}