{
    "structural_factor": 4.5391153433120195,
    "functional_factor": 1.328354398477616
}