{
    "structural_factor": 1.0633126332362333,
    "functional_factor": 1.4207232373259135
}