{
    "structural_factor": 1.741425653467414,
    "functional_factor": 1.046589686877064
}