{
    "structural_factor": 4.704953798840316,
    "functional_factor": 1.6405058878377459
}