{
    "structural_factor": 1.5652341198023911,
    "functional_factor": 1.3303517407807852
}