{
    "structural_factor": 1.180188854345681,
    "functional_factor": 5.447612892524619
}