{
    "structural_factor": 5.004923549366134,
    "functional_factor": 1.042162126380822
}