{
    "structural_factor": 2.36430204081366,
    "functional_factor": 1.3241585213773477
}