{
    "structural_factor": 1.2974626370117193,
    "functional_factor": 1.5273699015283362
}