{
    "structural_factor": 0.6488099235111728,
    "functional_factor": 8.234743846733416
}