{
    "structural_factor": 1.4752595690194819,
    "functional_factor": 1.9356001679590864
}