{
    "structural_factor": 1.4884179875485137,
    "functional_factor": 2.644986927146579
}