{
    "structural_factor": 1.2928044988029392,
    "functional_factor": 4.233791017022329
}