{
    "structural_factor": 4.788987995184857,
    "functional_factor": 1.150326424323823
}