{
    "structural_factor": 3.203373203642474,
    "functional_factor": 1.0733346004547195
}