{
    "structural_factor": 4.004065059972178,
    "functional_factor": 1.036845954319253
}