{
    "structural_factor": 1.5372019416647538,
    "functional_factor": 10.788044138640153
}