{
    "structural_factor": 2.885932415461157,
    "functional_factor": 3.400750165987172
}