{
    "structural_factor": 2.2978582765904263,
    "functional_factor": 1.1158589255298488
}