{
    "structural_factor": 4.752394923005298,
    "functional_factor": 1.0046131118730366
}