{
    "structural_factor": 1.8026550727336008,
    "functional_factor": 3.011736358218311
}