{
    "structural_factor": 4.399794227264262,
    "functional_factor": 1.5762651763568656
}