{
    "structural_factor": 2.8463644347403987,
    "functional_factor": 4.343847847812213
}