{
    "structural_factor": 2.2200340821798457,
    "functional_factor": 1.7654538238374253
}