{
    "structural_factor": 4.05929912517512,
    "functional_factor": 1.6147972087254074
}