{
    "structural_factor": 2.1885899860442346,
    "functional_factor": 2.0253320220156215
}