{
    "structural_factor": 4.257978169617411,
    "functional_factor": 1.0200226093246085
}