{
    "structural_factor": 3.252900452811023,
    "functional_factor": 1.0040349511671662
}