{
    "structural_factor": 2.9951619038080817,
    "functional_factor": 0.9947201322701809
}