{
    "structural_factor": 4.529309242506189,
    "functional_factor": 0.9921550772629705
}