{
    "structural_factor": 4.756080765157406,
    "functional_factor": 1.0176005058686963
}