{
    "structural_factor": 2.927845816061385,
    "functional_factor": 1.7392278625622162
}