{
    "structural_factor": 1.4888705783416383,
    "functional_factor": 1.0491800225490524
}