{
    "structural_factor": 3.4905261979263758,
    "functional_factor": 1.5363531406584778
}