{
    "structural_factor": 3.9444345039619857,
    "functional_factor": 1.7730779020315521
}