{
    "structural_factor": 2.246985058046634,
    "functional_factor": 1.0197283794612546
}