{
    "structural_factor": 4.330251792329499,
    "functional_factor": 1.503870696858517
}