{
    "structural_factor": 2.6517650925814653,
    "functional_factor": 1.3396922711582966
}