{
    "structural_factor": 1.1795083124896188,
    "functional_factor": 2.014649599097415
}