{
    "structural_factor": 1.831103392757297,
    "functional_factor": 2.5368220217693036
}