{
    "structural_factor": 1.6152522672169893,
    "functional_factor": 5.484275187270961
}