{
    "structural_factor": 1.4948980910439749,
    "functional_factor": 1.0198487141287713
}