{
    "structural_factor": 3.9323506343021686,
    "functional_factor": 1.8167608378456135
}