{
    "structural_factor": 3.0301284491349865,
    "functional_factor": 1.0407991609858624
}