{
    "structural_factor": 1.1504750952724938,
    "functional_factor": 3.765182259270163
}