{
    "structural_factor": 3.7773250700027394,
    "functional_factor": 2.5874241422832576
}