{
    "structural_factor": 2.261584787936934,
    "functional_factor": 3.282190788846875
}