{
    "structural_factor": 4.20952955291942,
    "functional_factor": 1.7601458153013043
}