{
    "structural_factor": 1.692025160001166,
    "functional_factor": 1.499013388431048
}