{
    "structural_factor": 1.0456966962841325,
    "functional_factor": 1.6115979987387616
}