{
    "structural_factor": 2.5587115580723214,
    "functional_factor": 1.1018439196166645
}