{
    "structural_factor": 3.7714588995859164,
    "functional_factor": 1.0769241637058096
}