{
    "structural_factor": 1.3195196065864039,
    "functional_factor": 1.3385761036200468
}