{
    "structural_factor": 4.51037604401164,
    "functional_factor": 1.7106558672793937
}