{
    "structural_factor": 1.627467141924431,
    "functional_factor": 1.7027496321346307
}