{
    "structural_factor": 4.273135613857475,
    "functional_factor": 1.1374326900151952
}