{
    "structural_factor": 1.9519527460434345,
    "functional_factor": 4.564627285850725
}