{
    "structural_factor": 1.4946501689090752,
    "functional_factor": 1.126220496436588
}