{
    "structural_factor": 1.2740304156364592,
    "functional_factor": 3.3498208240675944
}