{
    "structural_factor": 5.005226515551159,
    "functional_factor": 1.044786163702987
}