{
    "structural_factor": 1.5865417178269572,
    "functional_factor": 1.2951409681767647
}