{
    "structural_factor": 2.4684179928629564,
    "functional_factor": 2.527257373059831
}