{
    "structural_factor": 4.759436050039742,
    "functional_factor": 1.041579798942726
}