{
    "structural_factor": 5.01188440416045,
    "functional_factor": 0.9932817666318449
}