{
    "structural_factor": 2.194154749684582,
    "functional_factor": 1.9709718996429932
}