{
    "structural_factor": 2.4892299480980538,
    "functional_factor": 1.0500983584355248
}