{
    "structural_factor": 1.3157479407812025,
    "functional_factor": 1.2109284562382867
}