{
    "structural_factor": 4.000237828186185,
    "functional_factor": 0.9998069056121803
}