{
    "structural_factor": 0.9976835380837497,
    "functional_factor": 1.0051454282740955
}