{
    "structural_factor": 1.0374658864310997,
    "functional_factor": 1.2336313551470184
}