{
    "structural_factor": 3.0662126773515705,
    "functional_factor": 2.182700537282945
}