{
    "structural_factor": 2.7774884379839717,
    "functional_factor": 2.5199382490241717
}