{
    "structural_factor": 1.929315372778891,
    "functional_factor": 1.1647507739897487
}