{
    "structural_factor": 2.0470892897960864,
    "functional_factor": 5.724505098055147
}