{
    "structural_factor": 4.0008062620122695,
    "functional_factor": 0.9957418991547162
}