{
    "structural_factor": 1.2817978682710054,
    "functional_factor": 4.041165755898765
}