{
    "structural_factor": 1.000822294024782,
    "functional_factor": 0.9964386025299121
}