{
    "structural_factor": 1.7836857138373177,
    "functional_factor": 1.0582377634721345
}