{
    "structural_factor": 4.381266157364898,
    "functional_factor": 1.501825273344874
}