{
    "structural_factor": 2.771982536905138,
    "functional_factor": 2.563488874428145
}