{
    "structural_factor": 3.4815663183762364,
    "functional_factor": 1.7514200235999111
}