{
    "structural_factor": 2.904006169022919,
    "functional_factor": 1.50537867048375
}