{
    "structural_factor": 3.2801506376010092,
    "functional_factor": 1.2845755130334546
}