{
    "structural_factor": 3.9192520205227432,
    "functional_factor": 1.9616290335117337
}