{
    "structural_factor": 3.9998408140164545,
    "functional_factor": 0.9954956892778175
}