{
    "structural_factor": 2.7516717519817315,
    "functional_factor": 1.038595018171481
}