{
    "structural_factor": 2.79288338182011,
    "functional_factor": 1.0947343514806465
}