{
    "structural_factor": 3.316258907807558,
    "functional_factor": 1.2303399095475498
}