{
    "structural_factor": 3.0012867523246003,
    "functional_factor": 1.019676730964209
}