{
    "structural_factor": 1.8246027088901393,
    "functional_factor": 1.2340832655440428
}