{
    "structural_factor": 0.9943943783715018,
    "functional_factor": 1.0061821299867766
}