{
    "structural_factor": 1.9639523850266634,
    "functional_factor": 1.2649221191466582
}