{
    "structural_factor": 2.270234218337273,
    "functional_factor": 10.906311148313737
}