{
    "structural_factor": 2.999557389921618,
    "functional_factor": 0.9999866699201332
}