{
    "structural_factor": 2.492819997238194,
    "functional_factor": 1.6697234791156739
}