{
    "structural_factor": 1.3070250104596621,
    "functional_factor": 1.6381217445972869
}