{
    "structural_factor": 2.254107187050415,
    "functional_factor": 1.0178464403791443
}