{
    "structural_factor": 1.2695153474754002,
    "functional_factor": 2.4133556279546817
}