{
    "structural_factor": 2.2609893033046347,
    "functional_factor": 1.0150137266135941
}