{
    "structural_factor": 4.778299796689934,
    "functional_factor": 1.1240422503459784
}