{
    "structural_factor": 1.5775466373610656,
    "functional_factor": 4.084762717728434
}