{
    "structural_factor": 1.0181516188518942,
    "functional_factor": 1.0981990258212362
}