{
    "structural_factor": 2.770801479657142,
    "functional_factor": 1.0360661402782285
}