{
    "structural_factor": 1.125321457879402,
    "functional_factor": 9.277505002367043
}