{
    "structural_factor": 1.458249584542307,
    "functional_factor": 2.4796879168623813
}