{
    "structural_factor": 4.468010982275507,
    "functional_factor": 3.416907832615324
}