{
    "structural_factor": 0.9878773040395642,
    "functional_factor": 1.3973671933287883
}