{
    "structural_factor": 2.7753630068963573,
    "functional_factor": 4.945618084641024
}