{
    "structural_factor": 3.502165409811108,
    "functional_factor": 1.0059076379825298
}