{
    "structural_factor": 3.0618821401787897,
    "functional_factor": 1.5463784544337373
}