{
    "structural_factor": 3.0992829385470477,
    "functional_factor": 2.8628156268166896
}