{
    "structural_factor": 1.4650373510139931,
    "functional_factor": 2.983858091778717
}