{
    "structural_factor": 4.246912857352495,
    "functional_factor": 1.1746390304334868
}