{
    "structural_factor": 4.004463872110394,
    "functional_factor": 1.001571850134904
}