{
    "structural_factor": 0.9646007118333454,
    "functional_factor": 1.24397846871821
}