{
    "structural_factor": 3.1504312104153906,
    "functional_factor": 1.5498746501569431
}