{
    "structural_factor": 3.8664202247970483,
    "functional_factor": 1.243837512484673
}