{
    "structural_factor": 4.001478597910864,
    "functional_factor": 1.0046803216651854
}