{
    "structural_factor": 5.002883551049561,
    "functional_factor": 0.9992714334642685
}