{
    "structural_factor": 2.08899154947734,
    "functional_factor": 1.1713297983178366
}