{
    "structural_factor": 2.5415479000861017,
    "functional_factor": 1.0554769006674523
}