{
    "structural_factor": 2.7537315511643254,
    "functional_factor": 1.0044631010009386
}