{
    "structural_factor": 2.907459075587872,
    "functional_factor": 1.1704819552166768
}