{
    "structural_factor": 1.7453662256137854,
    "functional_factor": 1.1850628801065142
}