{
    "structural_factor": 3.4812195055348423,
    "functional_factor": 1.0787796874376248
}