{
    "structural_factor": 4.683362110160148,
    "functional_factor": 1.3902966800397283
}