{
    "structural_factor": 1.7884902133990004,
    "functional_factor": 1.0538604687387096
}