{
    "structural_factor": 3.5127053761738036,
    "functional_factor": 2.5996119590805975
}