{
    "structural_factor": 1.9984282889172087,
    "functional_factor": 0.9950089700294751
}