{
    "structural_factor": 3.0377140080579967,
    "functional_factor": 1.7238189813838463
}