{
    "structural_factor": 3.1155688870858618,
    "functional_factor": 2.3288716169552255
}