{
    "structural_factor": 0.9775498524038378,
    "functional_factor": 1.4244187424118782
}