{
    "structural_factor": 3.7859903416165626,
    "functional_factor": 1.4162870418538527
}