{
    "structural_factor": 2.728993018486651,
    "functional_factor": 1.0694158382092167
}