{
    "structural_factor": 3.264044799734619,
    "functional_factor": 1.3504836019481652
}