{
    "structural_factor": 1.0047731747799051,
    "functional_factor": 0.9949408690922535
}