{
    "structural_factor": 0.9319990815186238,
    "functional_factor": 2.3970763144413776
}