{
    "structural_factor": 3.2294757525632276,
    "functional_factor": 3.4588211574667187
}