{
    "structural_factor": 5.038136621103939,
    "functional_factor": 1.2124766212670017
}