{
    "structural_factor": 2.755585623240859,
    "functional_factor": 0.9938602860335013
}