{
    "structural_factor": 1.8490726815921767,
    "functional_factor": 4.226236427749163
}