{
    "structural_factor": 0.7228735156009409,
    "functional_factor": 2.5087936804571496
}