{
    "structural_factor": 2.0065781761955526,
    "functional_factor": 1.0027096680098038
}