{
    "structural_factor": 4.5131791062893365,
    "functional_factor": 1.001276474709441
}