{
    "structural_factor": 2.155784707766493,
    "functional_factor": 1.3580027779557091
}