{
    "structural_factor": 5.002524602575825,
    "functional_factor": 1.0045929533810622
}