{
    "structural_factor": 4.324907504672485,
    "functional_factor": 1.3726962421284654
}