{
    "structural_factor": 4.996392760079227,
    "functional_factor": 1.176427917795886
}