{
    "structural_factor": 3.240241025841787,
    "functional_factor": 3.4284237462123457
}