{
    "structural_factor": 3.3425605253948047,
    "functional_factor": 3.2285603130253686
}