{
    "structural_factor": 1.486051608952879,
    "functional_factor": 4.048575247355607
}