{
    "structural_factor": 3.253134454477159,
    "functional_factor": 1.0041892984191674
}