{
    "structural_factor": 2.311074608610986,
    "functional_factor": 1.1004460643908636
}