{
    "structural_factor": 1.0007612242855182,
    "functional_factor": 1.0038301761853536
}