{
    "structural_factor": 1.3202275246185677,
    "functional_factor": 1.8436848876261458
}