{
    "structural_factor": 1.6815437228620784,
    "functional_factor": 1.534336122344064
}