{
    "structural_factor": 3.215154616083531,
    "functional_factor": 1.543803256187647
}