{
    "structural_factor": 5.001674380086436,
    "functional_factor": 0.9994992245845357
}