{
    "structural_factor": 5.001389989154093,
    "functional_factor": 0.9995714853344144
}