{
    "structural_factor": 4.5078187724884815,
    "functional_factor": 1.083477879237385
}