{
    "structural_factor": 4.764123674969229,
    "functional_factor": 1.016684917581934
}