{
    "structural_factor": 3.5065145268087092,
    "functional_factor": 0.9944081497784395
}