{
    "structural_factor": 1.9417172678781773,
    "functional_factor": 3.409953549282572
}