{
    "structural_factor": 2.0081653280400484,
    "functional_factor": 1.0127471478011911
}