{
    "structural_factor": 1.4997229316489682,
    "functional_factor": 1.0000233989300125
}