{
    "structural_factor": 1.866030551545651,
    "functional_factor": 3.4607006937441147
}