{
    "structural_factor": 4.207943416308074,
    "functional_factor": 1.5520100032065713
}