{
    "structural_factor": 0.9461746549918785,
    "functional_factor": 1.8783411833929493
}