{
    "structural_factor": 2.0904968042191863,
    "functional_factor": 3.2657508127621035
}