{
    "structural_factor": 1.0954049284375011,
    "functional_factor": 2.001965761956339
}