{
    "structural_factor": 1.8084064987754203,
    "functional_factor": 1.434291257134725
}