{
    "structural_factor": 1.4443177093592758,
    "functional_factor": 1.8430951798132873
}