{
    "structural_factor": 4.744831710411706,
    "functional_factor": 1.0864293104635991
}