{
    "structural_factor": 4.2539036983418885,
    "functional_factor": 1.1353495756974492
}