{
    "structural_factor": 3.749356772827422,
    "functional_factor": 1.0174834794746064
}