{
    "structural_factor": 1.2549999045212064,
    "functional_factor": 1.0137316478603997
}