{
    "structural_factor": 1.9697796341468632,
    "functional_factor": 1.5315033765645172
}