{
    "structural_factor": 3.775612287624246,
    "functional_factor": 1.080368362958188
}