{
    "structural_factor": 1.0126096367401338,
    "functional_factor": 1.056381932205708
}