{
    "structural_factor": 2.9201427450997297,
    "functional_factor": 2.949650409810636
}