{
    "structural_factor": 1.7099061814341812,
    "functional_factor": 3.3790724945153734
}