{
    "structural_factor": 3.5640812531934682,
    "functional_factor": 1.2345859667165593
}