{
    "structural_factor": 2.2482467429797217,
    "functional_factor": 0.9974321826663904
}