{
    "structural_factor": 3.9848896315796347,
    "functional_factor": 1.2838331635195481
}