{
    "structural_factor": 2.298892758499953,
    "functional_factor": 1.7016916271171696
}