{
    "structural_factor": 2.491352405559221,
    "functional_factor": 1.121783404815462
}