{
    "structural_factor": 4.007875325417011,
    "functional_factor": 1.4783383545285305
}