{
    "structural_factor": 2.5120714426859156,
    "functional_factor": 1.014888696987822
}