{
    "structural_factor": 4.086947475311084,
    "functional_factor": 1.3787029342292052
}