{
    "structural_factor": 2.248374074887324,
    "functional_factor": 4.337398714692113
}