{
    "structural_factor": 3.752201542605979,
    "functional_factor": 1.0048018867077695
}