{
    "structural_factor": 5.006802821852414,
    "functional_factor": 1.0196342484644902
}