{
    "structural_factor": 4.059731862450217,
    "functional_factor": 1.260125351783576
}