{
    "structural_factor": 3.77441690136307,
    "functional_factor": 1.0821824560494446
}