{
    "structural_factor": 2.0356408216613993,
    "functional_factor": 1.085425015012471
}