{
    "structural_factor": 3.002643261217779,
    "functional_factor": 1.004079469320766
}