{
    "structural_factor": 3.510110075313622,
    "functional_factor": 1.045914519460043
}