{
    "structural_factor": 4.914203757428058,
    "functional_factor": 1.9694599997951403
}