{
    "structural_factor": 1.999647633002919,
    "functional_factor": 4.470851021673807
}