{
    "structural_factor": 2.813593496673986,
    "functional_factor": 1.3032901389613698
}