{
    "structural_factor": 2.431508291999012,
    "functional_factor": 2.017499545622439
}