{
    "structural_factor": 3.354778423555072,
    "functional_factor": 1.2120529844313825
}