{
    "structural_factor": 1.2533735163825617,
    "functional_factor": 0.9937011910275331
}