{
    "structural_factor": 2.7665791629937564,
    "functional_factor": 1.033324043350474
}