{
    "structural_factor": 3.5113884469164156,
    "functional_factor": 1.0182272443971598
}