{
    "structural_factor": 4.763103946711415,
    "functional_factor": 1.302194742884946
}