{
    "structural_factor": 4.01627102524066,
    "functional_factor": 2.632634392367671
}