{
    "structural_factor": 2.514713974048503,
    "functional_factor": 1.07725748785292
}