{
    "structural_factor": 3.7561966979291097,
    "functional_factor": 1.0194666953872058
}