{
    "structural_factor": 1.002623592802703,
    "functional_factor": 1.8698938232207492
}