{
    "structural_factor": 1.4122534589100506,
    "functional_factor": 4.139780912647755
}