{
    "structural_factor": 1.9858529939860634,
    "functional_factor": 1.0818303644900333
}