{
    "structural_factor": 3.506435828598129,
    "functional_factor": 1.0351845350040427
}