{
    "structural_factor": 3.760844106022761,
    "functional_factor": 1.1298098064843576
}