{
    "structural_factor": 1.3143248284315485,
    "functional_factor": 5.3663374693368135
}