{
    "structural_factor": 2.0460440036055703,
    "functional_factor": 1.0592687001150636
}