{
    "structural_factor": 4.752474520971527,
    "functional_factor": 1.134287794088657
}