{
    "structural_factor": 1.8252481997544643,
    "functional_factor": 1.2721164584071272
}