{
    "structural_factor": 2.1711599343058783,
    "functional_factor": 1.283863382397443
}