{
    "structural_factor": 1.7667510549469119,
    "functional_factor": 1.031056200647404
}