{
    "structural_factor": 2.2170324248161624,
    "functional_factor": 1.2273282553096638
}