{
    "structural_factor": 2.999558445909369,
    "functional_factor": 0.9999986441392168
}