{
    "structural_factor": 2.0013592921115175,
    "functional_factor": 1.0037619776284439
}