{
    "structural_factor": 1.7397795370319746,
    "functional_factor": 10.174250168836883
}