{
    "structural_factor": 0.9186580679521374,
    "functional_factor": 1.5341015587761635
}