{
    "structural_factor": 4.7105863241781085,
    "functional_factor": 1.109009733132806
}