{
    "structural_factor": 1.96926391206561,
    "functional_factor": 1.0793397295453542
}