{
    "structural_factor": 4.328064411643481,
    "functional_factor": 1.5160272724835615
}