{
    "structural_factor": 3.5347682560925926,
    "functional_factor": 1.1040030342483937
}