{
    "structural_factor": 1.8630351714197007,
    "functional_factor": 3.1759765655220327
}