{
    "structural_factor": 2.4995357790616084,
    "functional_factor": 0.9949125902284305
}