{
    "structural_factor": 4.676810816248988,
    "functional_factor": 1.8427848935329378
}