{
    "structural_factor": 2.807936549544818,
    "functional_factor": 2.2742327652710115
}