{
    "structural_factor": 5.007793845562178,
    "functional_factor": 1.0197160558636227
}