{
    "structural_factor": 5.029703258071261,
    "functional_factor": 1.0422267832560204
}