{
    "structural_factor": 0.5276710503019064,
    "functional_factor": 4.65241759425043
}