{
    "structural_factor": 2.9254602171320796,
    "functional_factor": 3.097923677378359
}