{
    "structural_factor": 4.775156925661285,
    "functional_factor": 1.2907033915907657
}