{
    "structural_factor": 3.5185856922401397,
    "functional_factor": 1.4705175353731785
}