{
    "structural_factor": 2.7614647626265483,
    "functional_factor": 1.0017789500216268
}