{
    "structural_factor": 4.276836509248892,
    "functional_factor": 1.0822355736316904
}