{
    "structural_factor": 1.828303750298828,
    "functional_factor": 4.045802095549807
}