{
    "structural_factor": 4.305851448146769,
    "functional_factor": 1.211073116714155
}