{
    "structural_factor": 2.090778182724164,
    "functional_factor": 1.7348154462737557
}