{
    "structural_factor": 0.9976534002395999,
    "functional_factor": 1.005532720476774
}