{
    "structural_factor": 3.5964468853763907,
    "functional_factor": 1.7681507067600237
}