{
    "structural_factor": 1.5014161505858166,
    "functional_factor": 3.5021465572443478
}