{
    "structural_factor": 3.002622558712071,
    "functional_factor": 1.0043961004899735
}