{
    "structural_factor": 2.708417499139496,
    "functional_factor": 2.549235248289349
}