{
    "structural_factor": 0.9767603302905165,
    "functional_factor": 1.127230578174038
}