{
    "structural_factor": 1.7431655218445097,
    "functional_factor": 4.024274133194234
}