{
    "structural_factor": 2.7105956052940634,
    "functional_factor": 3.777288680701122
}