{
    "structural_factor": 2.7183111299514757,
    "functional_factor": 2.5549444612132706
}