{
    "structural_factor": 0.5850143680040227,
    "functional_factor": 5.072010140568419
}