{
    "structural_factor": 2.5360007692469626,
    "functional_factor": 1.795803427883473
}