{
    "structural_factor": 2.2311616041169406,
    "functional_factor": 2.5097158458311672
}