{
    "structural_factor": 3.3518119617787905,
    "functional_factor": 1.1534494149343546
}