{
    "structural_factor": 2.0903111670534194,
    "functional_factor": 1.9661112704904928
}