{
    "structural_factor": 2.946073677008127,
    "functional_factor": 2.1243910543580484
}