{
    "structural_factor": 5.006499119262056,
    "functional_factor": 1.017828815909078
}