{
    "structural_factor": 0.9846439598864933,
    "functional_factor": 1.1658408624627137
}