{
    "structural_factor": 1.02349667695692,
    "functional_factor": 4.322561287524622
}