{
    "structural_factor": 1.1967949028882194,
    "functional_factor": 4.535363556215488
}