{
    "structural_factor": 0.9460615478566154,
    "functional_factor": 1.9357504606495866
}