{
    "structural_factor": 3.7824250376259205,
    "functional_factor": 3.3301804559694537
}