{
    "structural_factor": 4.206569879751983,
    "functional_factor": 2.8057543770179687
}