{
    "structural_factor": 1.2429827173448211,
    "functional_factor": 1.039986506223704
}