{
    "structural_factor": 1.482202828596683,
    "functional_factor": 1.2161344009023156
}