{
    "structural_factor": 4.107202018668941,
    "functional_factor": 2.272167293594702
}