{
    "structural_factor": 3.152955746504081,
    "functional_factor": 1.517060471126144
}