{
    "structural_factor": 4.2521352517382205,
    "functional_factor": 1.001121204032446
}