{
    "structural_factor": 2.9248439118234733,
    "functional_factor": 2.9940309150258324
}