{
    "structural_factor": 2.49082496372002,
    "functional_factor": 2.629387447517106
}