{
    "structural_factor": 4.0100345021171035,
    "functional_factor": 1.0480648734321956
}