{
    "structural_factor": 4.758161910044444,
    "functional_factor": 1.0165047744126747
}