{
    "structural_factor": 2.279963905607074,
    "functional_factor": 3.0961417928376993
}