{
    "structural_factor": 3.4998095843780455,
    "functional_factor": 0.9999008749861451
}