{
    "structural_factor": 3.0936120404325225,
    "functional_factor": 4.307758801027867
}