{
    "structural_factor": 4.754016674186153,
    "functional_factor": 1.1361299616599287
}