{
    "structural_factor": 1.2788970490917553,
    "functional_factor": 4.470143191681337
}