{
    "structural_factor": 2.0392647304299163,
    "functional_factor": 1.4315859160385163
}