{
    "structural_factor": 5.016412325672919,
    "functional_factor": 1.919312677241855
}