{
    "structural_factor": 4.429401446307953,
    "functional_factor": 1.965274726013918
}