{
    "structural_factor": 3.259775508056286,
    "functional_factor": 2.029021479211765
}