{
    "structural_factor": 2.4409946795346524,
    "functional_factor": 1.2633536353268862
}