{
    "structural_factor": 2.305103209226191,
    "functional_factor": 1.9992008015774387
}