{
    "structural_factor": 3.2317382174488407,
    "functional_factor": 1.0749626028200443
}