{
    "structural_factor": 3.8169713984448275,
    "functional_factor": 1.2047226610829445
}