{
    "structural_factor": 4.1918966245801945,
    "functional_factor": 1.3508132624824263
}