{
    "structural_factor": 1.7266670139639262,
    "functional_factor": 4.145778908125532
}