{
    "structural_factor": 4.501307249455312,
    "functional_factor": 0.9995432306859231
}