{
    "structural_factor": 2.4619926349317547,
    "functional_factor": 1.4860677139709677
}