{
    "structural_factor": 1.2545193665014684,
    "functional_factor": 1.8921594292684862
}