{
    "structural_factor": 4.3808176390824025,
    "functional_factor": 1.5745423612382836
}