{
    "structural_factor": 0.5905996254037323,
    "functional_factor": 5.3737548822561925
}