{
    "structural_factor": 2.470297811128949,
    "functional_factor": 3.0731208169203854
}