{
    "structural_factor": 4.435013061711078,
    "functional_factor": 1.4824249184191913
}