{
    "structural_factor": 2.6377464552270307,
    "functional_factor": 1.216386399839923
}