{
    "structural_factor": 1.229156710318061,
    "functional_factor": 1.2153572950130151
}