{
    "structural_factor": 4.988703703884389,
    "functional_factor": 1.020318425533369
}