{
    "structural_factor": 2.526848982683638,
    "functional_factor": 1.705571097322565
}