{
    "structural_factor": 3.7296860363030784,
    "functional_factor": 2.863060478030308
}