{
    "structural_factor": 3.5544797773675536,
    "functional_factor": 2.4643437793109633
}