{
    "structural_factor": 0.8686641684613263,
    "functional_factor": 1.8704054444691884
}