{
    "structural_factor": 2.6791972777257063,
    "functional_factor": 1.2291186055093997
}