{
    "structural_factor": 2.288814770494111,
    "functional_factor": 1.0634681241607227
}