{
    "structural_factor": 3.2514539238085454,
    "functional_factor": 1.0040439890876316
}