{
    "structural_factor": 4.49080146807956,
    "functional_factor": 1.019841989924521
}