{
    "structural_factor": 4.48010102364071,
    "functional_factor": 1.8754795507214896
}