{
    "structural_factor": 4.985432148197015,
    "functional_factor": 1.427997721284403
}