{
    "structural_factor": 4.995740014338315,
    "functional_factor": 1.0182357972586353
}