{
    "structural_factor": 2.499665982230198,
    "functional_factor": 1.0019846841996574
}