{
    "structural_factor": 1.100086315533339,
    "functional_factor": 4.480454074354735
}