{
    "structural_factor": 3.8740519751499622,
    "functional_factor": 3.775319611792396
}