{
    "structural_factor": 4.251333106514929,
    "functional_factor": 1.004745610736737
}