{
    "structural_factor": 3.750026390738327,
    "functional_factor": 0.9998192703034318
}