{
    "structural_factor": 3.550418293433832,
    "functional_factor": 1.3909914352309003
}