{
    "structural_factor": 2.7679615456478186,
    "functional_factor": 1.4931836164101338
}