{
    "structural_factor": 2.879741489855847,
    "functional_factor": 1.4252848945559493
}