{
    "structural_factor": 2.9996532791295527,
    "functional_factor": 0.9999571222163512
}