{
    "structural_factor": 2.9285596185235465,
    "functional_factor": 4.619081211686534
}