{
    "structural_factor": 1.2301120727456931,
    "functional_factor": 1.689419689237132
}