{
    "structural_factor": 1.5137762364600928,
    "functional_factor": 1.0270999962638823
}