{
    "structural_factor": 3.5340822429910963,
    "functional_factor": 1.1167273546055208
}