{
    "structural_factor": 2.010468527781308,
    "functional_factor": 1.0139945688596388
}