{
    "structural_factor": 2.993632369386826,
    "functional_factor": 1.0736537869022702
}