{
    "structural_factor": 2.6144489521981042,
    "functional_factor": 1.5366484110455767
}