{
    "structural_factor": 1.2996205263602751,
    "functional_factor": 2.426109942105283
}