{
    "structural_factor": 2.3196714035049935,
    "functional_factor": 1.1640924682738212
}