{
    "structural_factor": 1.8198202834359076,
    "functional_factor": 2.775458621763938
}