{
    "structural_factor": 1.4931517354832227,
    "functional_factor": 2.3704014468017984
}