{
    "structural_factor": 1.5261282713718576,
    "functional_factor": 1.1060034896162985
}