{
    "structural_factor": 1.9250083646737666,
    "functional_factor": 1.7509772059799185
}