{
    "structural_factor": 4.501697988223377,
    "functional_factor": 1.004705940010916
}