{
    "structural_factor": 1.0425085454512344,
    "functional_factor": 1.6174030647694893
}