{
    "structural_factor": 3.9064005175529304,
    "functional_factor": 3.2196494399753304
}