{
    "structural_factor": 1.3373667882227778,
    "functional_factor": 1.5710297097484256
}