{
    "structural_factor": 1.5171732009388723,
    "functional_factor": 2.4264840881871734
}