{
    "structural_factor": 4.0097911435533256,
    "functional_factor": 1.1229734416418855
}