{
    "structural_factor": 2.6014701674293237,
    "functional_factor": 3.1260484793781025
}