{
    "structural_factor": 1.5050561177560997,
    "functional_factor": 1.3519793988775064
}