{
    "structural_factor": 1.8025758819637905,
    "functional_factor": 1.6795531649438478
}