{
    "structural_factor": 1.8989798258914585,
    "functional_factor": 1.1559822204692882
}