{
    "structural_factor": 4.771489910795549,
    "functional_factor": 1.1648653680638765
}