{
    "structural_factor": 1.069295305335309,
    "functional_factor": 4.569373025477145
}