{
    "structural_factor": 1.2822920146518066,
    "functional_factor": 1.1264452764219441
}