{
    "structural_factor": 1.7536343493421114,
    "functional_factor": 1.0166547659941758
}