{
    "structural_factor": 4.818038129511719,
    "functional_factor": 1.3802180519105973
}