{
    "structural_factor": 0.710445279157531,
    "functional_factor": 4.125052191565667
}