{
    "structural_factor": 3.768733797342017,
    "functional_factor": 1.0815652203673665
}