{
    "structural_factor": 3.73420549191855,
    "functional_factor": 1.816569567778956
}