{
    "structural_factor": 0.9256577627540912,
    "functional_factor": 2.340549624787216
}