{
    "structural_factor": 3.5082836861935105,
    "functional_factor": 1.0017389057323909
}