{
    "structural_factor": 3.2203631027175468,
    "functional_factor": 4.003856511434241
}