{
    "structural_factor": 3.249348141032393,
    "functional_factor": 1.0000012737753405
}