{
    "structural_factor": 2.5717909588302277,
    "functional_factor": 1.2062168964259743
}