{
    "structural_factor": 1.480332624757314,
    "functional_factor": 8.941597172862343
}