{
    "structural_factor": 4.488535373954266,
    "functional_factor": 1.5429922523797948
}