{
    "structural_factor": 3.6296235369689653,
    "functional_factor": 2.6369377913983074
}