{
    "structural_factor": 2.244941954550999,
    "functional_factor": 1.0434981953543896
}