{
    "structural_factor": 4.029159492092828,
    "functional_factor": 1.134924519049078
}