{
    "structural_factor": 2.0522233016149416,
    "functional_factor": 1.242480402428022
}