{
    "structural_factor": 2.5177983937216895,
    "functional_factor": 1.6051885980714216
}