{
    "structural_factor": 2.651201747445699,
    "functional_factor": 3.2417584493750335
}