{
    "structural_factor": 5.047579525962294,
    "functional_factor": 1.2667797804492182
}