{
    "structural_factor": 0.7691125005576568,
    "functional_factor": 4.802165797117151
}