{
    "structural_factor": 3.2897237623891584,
    "functional_factor": 1.8932914920263255
}