{
    "structural_factor": 1.2197023379209557,
    "functional_factor": 2.9660883242323064
}