{
    "structural_factor": 4.672582148703524,
    "functional_factor": 1.580359622323418
}