{
    "structural_factor": 1.2457154280527782,
    "functional_factor": 1.4816347004184618
}