{
    "structural_factor": 3.0030899909905644,
    "functional_factor": 1.3330091539520925
}