{
    "structural_factor": 1.615410924782916,
    "functional_factor": 1.333288031587016
}