{
    "structural_factor": 3.080456027825818,
    "functional_factor": 1.4909499021227723
}