{
    "structural_factor": 1.0973031601456675,
    "functional_factor": 1.8641725004048382
}