{
    "structural_factor": 3.2732771448637257,
    "functional_factor": 1.0676549618278033
}