{
    "structural_factor": 1.5034263387608524,
    "functional_factor": 0.9913339936564545
}