{
    "structural_factor": 1.690661057099242,
    "functional_factor": 1.8903368903701683
}