{
    "structural_factor": 2.114555376444805,
    "functional_factor": 2.754766510971752
}