{
    "structural_factor": 4.662280703323809,
    "functional_factor": 1.4991737790030644
}