{
    "structural_factor": 2.846369967414178,
    "functional_factor": 1.2340357158705557
}