{
    "structural_factor": 4.326416035756543,
    "functional_factor": 4.903986730626975
}