{
    "structural_factor": 1.0148635509702404,
    "functional_factor": 1.05713348582593
}