{
    "structural_factor": 1.0044851286964829,
    "functional_factor": 1.0148431235184787
}