{
    "structural_factor": 3.484936248178566,
    "functional_factor": 1.0500597816823538
}