{
    "structural_factor": 1.4077545568735237,
    "functional_factor": 8.802931067428084
}