{
    "structural_factor": 4.515493419900757,
    "functional_factor": 1.3860270650695465
}