{
    "structural_factor": 3.0517990074725865,
    "functional_factor": 1.1228671399269656
}