{
    "structural_factor": 2.2862418626572905,
    "functional_factor": 1.0884895886499024
}