{
    "structural_factor": 4.0082709095521265,
    "functional_factor": 1.0786999544705609
}