{
    "structural_factor": 0.7390151313734175,
    "functional_factor": 4.337135266410021
}