{
    "structural_factor": 2.705379437274491,
    "functional_factor": 2.43079898675785
}