{
    "structural_factor": 0.8045215409094704,
    "functional_factor": 3.6277395555751077
}