{
    "structural_factor": 4.0027442080670195,
    "functional_factor": 1.0421275112484447
}