{
    "structural_factor": 0.4560085980996857,
    "functional_factor": 3.0930981100614092
}