{
    "structural_factor": 4.743575779022795,
    "functional_factor": 1.0049151677663701
}