{
    "structural_factor": 1.300882803076555,
    "functional_factor": 1.3263531543760851
}