{
    "structural_factor": 4.75784584862351,
    "functional_factor": 1.0774569517364865
}