{
    "structural_factor": 1.307865526602843,
    "functional_factor": 1.625687357003403
}