{
    "structural_factor": 1.4536129413429058,
    "functional_factor": 1.2389558690811562
}