{
    "structural_factor": 1.0169329977055712,
    "functional_factor": 3.442223080119786
}