{
    "structural_factor": 3.218264141671879,
    "functional_factor": 1.1065959973858162
}