{
    "structural_factor": 1.8376678844086745,
    "functional_factor": 1.310028457411105
}