{
    "structural_factor": 3.093210795392796,
    "functional_factor": 5.838733571882106
}