{
    "structural_factor": 2.2398435964877734,
    "functional_factor": 1.0497534727149367
}