{
    "structural_factor": 3.2495550029413565,
    "functional_factor": 0.9999714687513147
}