{
    "structural_factor": 2.6941244550663654,
    "functional_factor": 1.3653840260647094
}