{
    "structural_factor": 3.5480084890331325,
    "functional_factor": 1.2325896738193172
}