{
    "structural_factor": 4.046983835276809,
    "functional_factor": 1.2305715817135947
}