{
    "structural_factor": 3.1863171280544367,
    "functional_factor": 1.8252605089661909
}