{
    "structural_factor": 4.69294683015166,
    "functional_factor": 2.477204533275169
}