{
    "structural_factor": 4.258818506212385,
    "functional_factor": 1.0425601290200222
}