{
    "structural_factor": 1.7468946198907185,
    "functional_factor": 1.0206297264072213
}