{
    "structural_factor": 2.790905326153553,
    "functional_factor": 1.493995904589163
}