{
    "structural_factor": 3.5045842138299648,
    "functional_factor": 0.9931074878582856
}