{
    "structural_factor": 2.679283146631687,
    "functional_factor": 2.3283387601276675
}