{
    "structural_factor": 1.2426173457373362,
    "functional_factor": 1.0469108480281555
}