{
    "structural_factor": 1.7137295873476845,
    "functional_factor": 1.7025247078606902
}