{
    "structural_factor": 1.4438084113855338,
    "functional_factor": 1.4264760231106028
}