{
    "structural_factor": 1.7508584350164063,
    "functional_factor": 1.019856309855114
}