{
    "structural_factor": 5.003642508840951,
    "functional_factor": 1.0046080169884142
}