{
    "structural_factor": 3.5102262011957466,
    "functional_factor": 1.0173890981758982
}