{
    "structural_factor": 3.4887955251562426,
    "functional_factor": 3.4247096826281185
}