{
    "structural_factor": 1.5390802267126233,
    "functional_factor": 1.1472626177875611
}