{
    "structural_factor": 1.7449597876401155,
    "functional_factor": 2.9223880080739866
}