{
    "structural_factor": 1.5073955406067903,
    "functional_factor": 1.0140919089884401
}