{
    "structural_factor": 4.245244193899446,
    "functional_factor": 1.2022331871929333
}