{
    "structural_factor": 3.093201917889194,
    "functional_factor": 3.7648129571895765
}