{
    "structural_factor": 3.0153767728311904,
    "functional_factor": 3.263401266570089
}