{
    "structural_factor": 2.8605855703214047,
    "functional_factor": 1.9050844424408946
}