{
    "structural_factor": 4.29224647831679,
    "functional_factor": 1.2338689877655729
}