{
    "structural_factor": 2.9382975046702384,
    "functional_factor": 1.6799005903986393
}