{
    "structural_factor": 4.500959057234856,
    "functional_factor": 1.00500835294858
}