{
    "structural_factor": 1.5275425368663877,
    "functional_factor": 14.931083264228937
}