{
    "structural_factor": 5.006107328067739,
    "functional_factor": 1.0391221953556247
}