{
    "structural_factor": 1.7591205922833746,
    "functional_factor": 1.0130030168618254
}