{
    "structural_factor": 1.0001809584364443,
    "functional_factor": 1.0032266785311985
}