{
    "structural_factor": 4.432497667639008,
    "functional_factor": 1.7705069634812949
}