{
    "structural_factor": 4.200888790880041,
    "functional_factor": 1.077236704277013
}