{
    "structural_factor": 4.000108684527087,
    "functional_factor": 0.9997828213134419
}