{
    "structural_factor": 4.556792365593704,
    "functional_factor": 1.7942083665855775
}