{
    "structural_factor": 0.9568732314482331,
    "functional_factor": 1.5286403577146057
}