{
    "structural_factor": 0.997150850914702,
    "functional_factor": 1.005788895119385
}