{
    "structural_factor": 1.0126507718402002,
    "functional_factor": 1.060767768915769
}