{
    "structural_factor": 4.757709034885446,
    "functional_factor": 0.9947113348428154
}