{
    "structural_factor": 2.5581982200532343,
    "functional_factor": 1.3240537648886954
}