{
    "structural_factor": 2.4328500187360613,
    "functional_factor": 1.6815363616857346
}