{
    "structural_factor": 1.9701795988202417,
    "functional_factor": 1.7596788981383944
}