{
    "structural_factor": 3.0024607464118107,
    "functional_factor": 1.0183282206713182
}