{
    "structural_factor": 3.2371759163201976,
    "functional_factor": 2.600352787398108
}