{
    "structural_factor": 4.7743721504802865,
    "functional_factor": 1.3316369501632366
}