{
    "structural_factor": 1.991253512465296,
    "functional_factor": 1.4129905984653854
}