{
    "structural_factor": 1.405815442016339,
    "functional_factor": 1.9229853020027203
}