{
    "structural_factor": 2.076138353985824,
    "functional_factor": 1.3344219092616123
}