{
    "structural_factor": 3.7611299294690097,
    "functional_factor": 1.0406315612222161
}