{
    "structural_factor": 2.2107489105338995,
    "functional_factor": 2.992536492551278
}