{
    "structural_factor": 4.777516425108697,
    "functional_factor": 1.082825499426427
}