{
    "structural_factor": 2.306221526641504,
    "functional_factor": 1.2163233883626567
}