{
    "structural_factor": 1.7517860482110341,
    "functional_factor": 1.0037052903628263
}