{
    "structural_factor": 4.916876119710888,
    "functional_factor": 1.8346330898980476
}