{
    "structural_factor": 3.12370951994873,
    "functional_factor": 1.211992919345019
}