{
    "structural_factor": 2.8894210947843755,
    "functional_factor": 2.6180647835591087
}