{
    "structural_factor": 2.0064690167061725,
    "functional_factor": 0.9927006028767412
}