{
    "structural_factor": 1.2516973502079896,
    "functional_factor": 1.0027199151793658
}