{
    "structural_factor": 2.750002563136634,
    "functional_factor": 0.9941647370465454
}