{
    "structural_factor": 4.271886035601058,
    "functional_factor": 1.3834221174154762
}