{
    "structural_factor": 4.243926155117747,
    "functional_factor": 1.0189792139940614
}