{
    "structural_factor": 1.9141791567677988,
    "functional_factor": 1.7872526631698509
}