{
    "structural_factor": 4.800259091335429,
    "functional_factor": 1.5649805853409438
}