{
    "structural_factor": 2.2484898047776825,
    "functional_factor": 1.0028315909611119
}