{
    "structural_factor": 2.95299674526479,
    "functional_factor": 1.372624195545951
}