{
    "structural_factor": 3.431401671493786,
    "functional_factor": 2.254158852674946
}