{
    "structural_factor": 5.00701163170253,
    "functional_factor": 1.087333482662009
}