{
    "structural_factor": 1.5594712696181705,
    "functional_factor": 3.933157710536861
}