{
    "structural_factor": 4.008147057572022,
    "functional_factor": 1.0185007012160634
}