{
    "structural_factor": 1.8000804601360552,
    "functional_factor": 3.7701621961140726
}