{
    "structural_factor": 2.32894221650084,
    "functional_factor": 3.5620988085138143
}