{
    "structural_factor": 4.999684679683738,
    "functional_factor": 1.0035271545247546
}