{
    "structural_factor": 1.679570423649829,
    "functional_factor": 1.4982144447989707
}