{
    "structural_factor": 2.0081454741383546,
    "functional_factor": 0.991769710180722
}