{
    "structural_factor": 0.9640000808371706,
    "functional_factor": 1.2660624954322963
}