{
    "structural_factor": 2.7600148480694844,
    "functional_factor": 2.0782457202345395
}