{
    "structural_factor": 1.081266894698496,
    "functional_factor": 3.725764868893743
}