{
    "structural_factor": 0.8669651310912141,
    "functional_factor": 3.9002793603125174
}