{
    "structural_factor": 1.8152867728235613,
    "functional_factor": 3.043481981214811
}