{
    "structural_factor": 0.9790276847219769,
    "functional_factor": 1.7185207371041504
}