{
    "structural_factor": 3.2560719574083086,
    "functional_factor": 1.9321536283009517
}