{
    "structural_factor": 4.496695763583128,
    "functional_factor": 1.2014238819563725
}