{
    "structural_factor": 3.023759144562149,
    "functional_factor": 1.1190788644329255
}