{
    "structural_factor": 2.522794555525539,
    "functional_factor": 1.4864491311973484
}