{
    "structural_factor": 4.25523813667019,
    "functional_factor": 1.0200201849335142
}