{
    "structural_factor": 2.0698130427155714,
    "functional_factor": 1.122829120102917
}