{
    "structural_factor": 3.0129126661263035,
    "functional_factor": 1.3746673628129165
}