{
    "structural_factor": 2.5944418809895966,
    "functional_factor": 4.404098171251072
}