{
    "structural_factor": 2.5659490149179462,
    "functional_factor": 1.3814089194095553
}