{
    "structural_factor": 2.7808493920260973,
    "functional_factor": 3.4921437483654394
}