{
    "structural_factor": 1.417702686946539,
    "functional_factor": 5.708000748936396
}