{
    "structural_factor": 2.4217891474859234,
    "functional_factor": 1.1646107525200435
}