{
    "structural_factor": 3.810729219688496,
    "functional_factor": 1.2376555166217444
}