{
    "structural_factor": 2.543686911228841,
    "functional_factor": 1.711599973370247
}