{
    "structural_factor": 1.7496310628748746,
    "functional_factor": 1.0000490908735014
}