{
    "structural_factor": 4.02026797786549,
    "functional_factor": 2.0270424411077395
}