{
    "structural_factor": 2.4897689449111673,
    "functional_factor": 1.0189283174623005
}