{
    "structural_factor": 3.6224934419326424,
    "functional_factor": 3.064276379297382
}