{
    "structural_factor": 1.269005928646948,
    "functional_factor": 1.0537645047228283
}