{
    "structural_factor": 1.6335875849467874,
    "functional_factor": 4.258223296658892
}