{
    "structural_factor": 2.0170843430313776,
    "functional_factor": 0.9883534040010464
}