{
    "structural_factor": 3.0388436117998787,
    "functional_factor": 3.743443742784605
}