{
    "structural_factor": 4.277566304797403,
    "functional_factor": 1.1815148128999404
}