{
    "structural_factor": 3.7843339878382314,
    "functional_factor": 1.1321679324605476
}