{
    "structural_factor": 3.0009365759466666,
    "functional_factor": 0.9947852380710841
}