{
    "structural_factor": 3.575556694573109,
    "functional_factor": 4.934766905489717
}