{
    "structural_factor": 4.301659646572162,
    "functional_factor": 1.2360230175619695
}