{
    "structural_factor": 4.760901523963119,
    "functional_factor": 0.9941204331909467
}