{
    "structural_factor": 4.324675474562174,
    "functional_factor": 3.056440865013921
}