{
    "structural_factor": 4.76137370258942,
    "functional_factor": 1.3880470156744331
}