{
    "structural_factor": 2.5696720080643365,
    "functional_factor": 1.3442347775344272
}