{
    "structural_factor": 2.0025300997190114,
    "functional_factor": 1.0154568723563775
}