{
    "structural_factor": 2.3428800982732825,
    "functional_factor": 1.283556445448655
}