{
    "structural_factor": 1.7143758521717192,
    "functional_factor": 2.3152782776632184
}