{
    "structural_factor": 4.010503978681167,
    "functional_factor": 0.9941665505895084
}