{
    "structural_factor": 2.4498844079352176,
    "functional_factor": 1.732814177337305
}