{
    "structural_factor": 4.026766053485335,
    "functional_factor": 1.7838567957397047
}