{
    "structural_factor": 2.202820437509768,
    "functional_factor": 2.5384542096371314
}