{
    "structural_factor": 1.2378032273082213,
    "functional_factor": 1.0730133253168663
}