{
    "structural_factor": 1.203986500077258,
    "functional_factor": 1.2188620247522377
}