{
    "structural_factor": 1.1876102575446854,
    "functional_factor": 1.5306050115444392
}