{
    "structural_factor": 2.3244163217578877,
    "functional_factor": 1.3767199739817078
}