{
    "structural_factor": 1.0183705599201167,
    "functional_factor": 2.551237587320691
}