{
    "structural_factor": 2.4791987176880337,
    "functional_factor": 1.0702409882184305
}