{
    "structural_factor": 4.570823958462866,
    "functional_factor": 1.3754560139920338
}