{
    "structural_factor": 3.0230395606519025,
    "functional_factor": 1.1814482055608433
}