{
    "structural_factor": 4.261213974693465,
    "functional_factor": 1.5662442708372528
}