{
    "structural_factor": 1.4253502488948568,
    "functional_factor": 1.5245594538450025
}