{
    "structural_factor": 3.474555144961131,
    "functional_factor": 1.938282070846678
}