{
    "structural_factor": 3.0269519911482248,
    "functional_factor": 3.2809434291758546
}