{
    "structural_factor": 3.7823563234327686,
    "functional_factor": 1.4137816835154773
}