{
    "structural_factor": 1.478340152383974,
    "functional_factor": 1.1671093598422522
}