{
    "structural_factor": 3.329015898220464,
    "functional_factor": 2.217562201357373
}