{
    "structural_factor": 1.190806626885748,
    "functional_factor": 8.11533476881031
}