{
    "structural_factor": 4.758665387472808,
    "functional_factor": 1.2490234773888136
}