{
    "structural_factor": 2.2867599998860806,
    "functional_factor": 1.6123995192300917
}