{
    "structural_factor": 3.0372612659770906,
    "functional_factor": 4.0988596995746835
}