{
    "structural_factor": 4.045608031012741,
    "functional_factor": 1.321655316679616
}