{
    "structural_factor": 3.494769283964374,
    "functional_factor": 1.002173902814025
}