{
    "structural_factor": 1.7550787989892611,
    "functional_factor": 0.99110306914444
}