{
    "structural_factor": 3.45778605052823,
    "functional_factor": 3.2818657464573278
}