{
    "structural_factor": 2.106587784298265,
    "functional_factor": 2.5313461089251152
}