{
    "structural_factor": 0.9660131207151897,
    "functional_factor": 1.849744975429735
}