{
    "structural_factor": 3.5116150396239805,
    "functional_factor": 1.0049240393869208
}