{
    "structural_factor": 1.8401118395409835,
    "functional_factor": 1.2829740328155677
}