{
    "structural_factor": 4.494458121330728,
    "functional_factor": 1.3871039723243894
}