{
    "structural_factor": 2.991766197515875,
    "functional_factor": 1.4187457318287813
}