{
    "structural_factor": 2.051067173860895,
    "functional_factor": 10.717018362180315
}