{
    "structural_factor": 2.851567625505467,
    "functional_factor": 1.3428911463736461
}