{
    "structural_factor": 4.000371847516567,
    "functional_factor": 0.9997570112930116
}