{
    "structural_factor": 4.245071350908797,
    "functional_factor": 1.531144636937639
}