{
    "structural_factor": 4.008820082292853,
    "functional_factor": 1.0431992305615596
}