{
    "structural_factor": 2.0064234748908834,
    "functional_factor": 1.0008368533645333
}