{
    "structural_factor": 1.2679375895837262,
    "functional_factor": 1.0603402571666434
}