{
    "structural_factor": 4.7632330566366194,
    "functional_factor": 1.049115217124268
}