{
    "structural_factor": 1.1182176321959765,
    "functional_factor": 2.153452655045639
}