{
    "structural_factor": 3.3658602941678777,
    "functional_factor": 1.9609680288509619
}