{
    "structural_factor": 4.514775009510154,
    "functional_factor": 1.0029200208477065
}