{
    "structural_factor": 1.5712848939278947,
    "functional_factor": 1.286136849454511
}