{
    "structural_factor": 1.5439169587455377,
    "functional_factor": 2.523067679254273
}