{
    "structural_factor": 3.757362320168517,
    "functional_factor": 1.0033719739878644
}