{
    "structural_factor": 3.0488964522218827,
    "functional_factor": 1.188998059167933
}