{
    "structural_factor": 1.3855297086406266,
    "functional_factor": 2.5805807265585283
}