{
    "structural_factor": 1.9904368521483964,
    "functional_factor": 2.49523890398641
}