{
    "structural_factor": 1.643103652973665,
    "functional_factor": 3.568946810978379
}