{
    "structural_factor": 3.5013302574616345,
    "functional_factor": 1.0061958308149503
}