{
    "structural_factor": 3.2902096210578757,
    "functional_factor": 1.0649954430767317
}