{
    "structural_factor": 3.6683389861800753,
    "functional_factor": 2.0125843149712295
}