{
    "structural_factor": 3.5267840084209765,
    "functional_factor": 1.1777947900411454
}