{
    "structural_factor": 1.270084154437755,
    "functional_factor": 1.0581391218168403
}