{
    "structural_factor": 3.7572302406780054,
    "functional_factor": 1.0180985612813995
}