{
    "structural_factor": 2.2304348703810692,
    "functional_factor": 1.5268011613274037
}