{
    "structural_factor": 2.30748640574999,
    "functional_factor": 1.2471662236594234
}