{
    "structural_factor": 2.656626221919422,
    "functional_factor": 4.043245703348894
}