{
    "structural_factor": 1.4954794247065553,
    "functional_factor": 1.0028647492965166
}