{
    "structural_factor": 4.997890086370734,
    "functional_factor": 1.0483446779889116
}