{
    "structural_factor": 1.9836916919560132,
    "functional_factor": 1.1554811707606631
}