{
    "structural_factor": 2.3345492478836283,
    "functional_factor": 2.101075069976741
}