{
    "structural_factor": 0.9741180975350539,
    "functional_factor": 1.8938428582661668
}