{
    "structural_factor": 2.2529581950784565,
    "functional_factor": 1.7274153564393901
}