{
    "structural_factor": 0.9954890470353589,
    "functional_factor": 1.0208506478027906
}