{
    "structural_factor": 3.017065894134926,
    "functional_factor": 2.591836416320543
}