{
    "structural_factor": 2.5582475239900226,
    "functional_factor": 1.1057243130205152
}