{
    "structural_factor": 1.2248620745624923,
    "functional_factor": 1.0745530259364673
}