{
    "structural_factor": 2.563661516564452,
    "functional_factor": 1.2617602103942245
}