{
    "structural_factor": 4.260220429046378,
    "functional_factor": 1.5022469985067892
}