{
    "structural_factor": 1.5082044288303396,
    "functional_factor": 2.459534456275697
}