{
    "structural_factor": 2.755379515556826,
    "functional_factor": 1.0034121246903533
}