{
    "structural_factor": 4.6008986614588085,
    "functional_factor": 1.720017955602301
}