{
    "structural_factor": 4.077339589484054,
    "functional_factor": 1.2832764860212122
}