{
    "structural_factor": 2.7616772433542116,
    "functional_factor": 1.015409797723136
}