{
    "structural_factor": 3.715842534612066,
    "functional_factor": 1.0738692728028494
}