{
    "structural_factor": 4.505871251184807,
    "functional_factor": 1.020063163295737
}