{
    "structural_factor": 3.3488239780768145,
    "functional_factor": 1.364564062513703
}