{
    "structural_factor": 1.6618647334687258,
    "functional_factor": 3.0114577640958355
}