{
    "structural_factor": 0.9973407899907746,
    "functional_factor": 3.228525952056289
}