{
    "structural_factor": 0.9874577234228159,
    "functional_factor": 1.0400782582162056
}