{
    "structural_factor": 4.036423143804468,
    "functional_factor": 1.201723683126863
}