{
    "structural_factor": 3.002184409749159,
    "functional_factor": 0.996637137924165
}