{
    "structural_factor": 0.9978111346399038,
    "functional_factor": 0.998303188024956
}