{
    "structural_factor": 1.2514224188637386,
    "functional_factor": 1.0035362956129354
}