{
    "structural_factor": 3.0324117105191988,
    "functional_factor": 1.4588174901297775
}