{
    "structural_factor": 4.775416852485123,
    "functional_factor": 0.9996476799682446
}