{
    "structural_factor": 3.538927853798725,
    "functional_factor": 1.275631149019234
}