{
    "structural_factor": 4.262400125768787,
    "functional_factor": 1.8086713728378807
}