{
    "structural_factor": 4.0037367252717475,
    "functional_factor": 1.1349766377820532
}