{
    "structural_factor": 1.996081035506855,
    "functional_factor": 9.718343051735896
}