{
    "structural_factor": 3.305635706220748,
    "functional_factor": 1.1898781022668388
}