{
    "structural_factor": 4.253472398250109,
    "functional_factor": 1.1214124633043223
}