{
    "structural_factor": 4.276514949706057,
    "functional_factor": 1.1150828587941888
}