{
    "structural_factor": 4.560258360101553,
    "functional_factor": 1.561269209352408
}