{
    "structural_factor": 1.2345831714287014,
    "functional_factor": 1.142693889690159
}