{
    "structural_factor": 1.2536696119711832,
    "functional_factor": 3.9216490807881357
}