{
    "structural_factor": 3.5207483087761555,
    "functional_factor": 1.120855109425616
}