{
    "structural_factor": 4.094652768414965,
    "functional_factor": 1.8555423770517825
}