{
    "structural_factor": 1.8441569909164006,
    "functional_factor": 1.3437623080431742
}