{
    "structural_factor": 4.180720723088037,
    "functional_factor": 2.4460967468399697
}