{
    "structural_factor": 1.4710541054796689,
    "functional_factor": 1.1919207184123608
}