{
    "structural_factor": 1.981468307912211,
    "functional_factor": 2.580221154641234
}