{
    "structural_factor": 2.0606631465191008,
    "functional_factor": 1.6710301557670595
}