{
    "structural_factor": 2.9617593147174563,
    "functional_factor": 2.650600389582965
}