{
    "structural_factor": 1.0768267133513216,
    "functional_factor": 3.1478108039020154
}