{
    "structural_factor": 4.3019553639134855,
    "functional_factor": 1.6307020747204404
}