{
    "structural_factor": 3.975160329390023,
    "functional_factor": 2.8249230158608287
}