{
    "structural_factor": 1.9198196620510664,
    "functional_factor": 6.2242243371383
}