{
    "structural_factor": 3.793610429741568,
    "functional_factor": 3.2913626549443995
}