{
    "structural_factor": 3.7549303894673196,
    "functional_factor": 1.0036467880614193
}