{
    "structural_factor": 3.5112718544375308,
    "functional_factor": 1.044668464879776
}