{
    "structural_factor": 4.509651089388431,
    "functional_factor": 0.9933119159641149
}