{
    "structural_factor": 2.803618806146066,
    "functional_factor": 1.1045043435722772
}