{
    "structural_factor": 1.256086290545318,
    "functional_factor": 1.0149292789503985
}