{
    "structural_factor": 2.895237235990112,
    "functional_factor": 3.2145890786405533
}