{
    "structural_factor": 3.9946533922355276,
    "functional_factor": 1.0056254912190123
}