{
    "structural_factor": 1.2920230027330366,
    "functional_factor": 1.9683205241159893
}