{
    "structural_factor": 3.4585839068601576,
    "functional_factor": 1.8754394292578898
}