{
    "structural_factor": 1.5021790746181016,
    "functional_factor": 5.967079359488394
}