{
    "structural_factor": 1.5025827762027235,
    "functional_factor": 1.9030579255739477
}