{
    "structural_factor": 1.0134297945591306,
    "functional_factor": 1.0595737383414905
}