{
    "structural_factor": 4.7351631412382815,
    "functional_factor": 1.0214557582855681
}