{
    "structural_factor": 3.054263252197372,
    "functional_factor": 1.5907795297432687
}