{
    "structural_factor": 2.239215602302363,
    "functional_factor": 1.1007179975014476
}