{
    "structural_factor": 2.2607479065538008,
    "functional_factor": 1.1258581114281194
}