{
    "structural_factor": 3.769056434198425,
    "functional_factor": 1.0707055204940927
}