{
    "structural_factor": 4.7388239335524895,
    "functional_factor": 1.4271765878344258
}