{
    "structural_factor": 3.093998993908844,
    "functional_factor": 1.8254033463887778
}