{
    "structural_factor": 2.9470127798088868,
    "functional_factor": 1.236526925249196
}