{
    "structural_factor": 2.009959877872464,
    "functional_factor": 1.0133791112512147
}