{
    "structural_factor": 4.271773831311237,
    "functional_factor": 1.1277483584133856
}