{
    "structural_factor": 1.8666162183014547,
    "functional_factor": 1.9756162168801226
}