{
    "structural_factor": 1.2555315244380825,
    "functional_factor": 0.994751609798598
}