{
    "structural_factor": 1.523162360923451,
    "functional_factor": 3.368381841672341
}