{
    "structural_factor": 0.8957295058506142,
    "functional_factor": 2.4945866868645292
}