{
    "structural_factor": 3.981771706901736,
    "functional_factor": 1.0772779498180096
}