{
    "structural_factor": 2.0123238206599274,
    "functional_factor": 1.0253450198642828
}