{
    "structural_factor": 2.2611984645179,
    "functional_factor": 1.0138074610097674
}