{
    "structural_factor": 2.6187058536488625,
    "functional_factor": 1.2985244595759362
}