{
    "structural_factor": 3.1591886550222306,
    "functional_factor": 1.692129103442049
}