{
    "structural_factor": 1.165768698879108,
    "functional_factor": 3.3060806558662885
}