{
    "structural_factor": 1.0132716289146382,
    "functional_factor": 1.1603373043076657
}