{
    "structural_factor": 2.8236799068088096,
    "functional_factor": 1.2527569738264992
}