{
    "structural_factor": 2.5209066942761353,
    "functional_factor": 1.2297273203172863
}