{
    "structural_factor": 4.27257389614493,
    "functional_factor": 1.0393790440792272
}