{
    "structural_factor": 2.8903480917662625,
    "functional_factor": 1.2319959043380646
}