{
    "structural_factor": 2.750560872541462,
    "functional_factor": 0.9948631843149798
}