{
    "structural_factor": 1.5568279269515821,
    "functional_factor": 4.646777017012367
}