{
    "structural_factor": 2.0757698602440673,
    "functional_factor": 5.960450852750877
}