{
    "structural_factor": 2.5813557777445117,
    "functional_factor": 3.287545940910844
}