{
    "structural_factor": 2.232099932694933,
    "functional_factor": 1.2041805909467846
}