{
    "structural_factor": 4.136851453198498,
    "functional_factor": 1.571780622960871
}