{
    "structural_factor": 3.7925093564829506,
    "functional_factor": 1.2278631887013083
}