{
    "structural_factor": 3.335690642569003,
    "functional_factor": 4.16376618890249
}