{
    "structural_factor": 0.964758634073843,
    "functional_factor": 1.4971084423940673
}