{
    "structural_factor": 1.9996253244334221,
    "functional_factor": 1.0000269913790065
}