{
    "structural_factor": 3.3495237948899987,
    "functional_factor": 4.177250162870683
}