{
    "structural_factor": 2.7545466338081424,
    "functional_factor": 0.9923808426765306
}