{
    "structural_factor": 3.3379081475680783,
    "functional_factor": 3.277530292281709
}