{
    "structural_factor": 4.313878931922895,
    "functional_factor": 1.2340752953636633
}