{
    "structural_factor": 1.7095900344169606,
    "functional_factor": 4.461342559507069
}