{
    "structural_factor": 1.8259341277257735,
    "functional_factor": 3.4633394705193
}