{
    "structural_factor": 1.5033095085172492,
    "functional_factor": 0.994848147805889
}