{
    "structural_factor": 1.5406281878228343,
    "functional_factor": 1.0904994000037804
}