{
    "structural_factor": 1.8382372406956935,
    "functional_factor": 1.181285827266511
}