{
    "structural_factor": 4.9505023478813674,
    "functional_factor": 1.2157487412278543
}