{
    "structural_factor": 4.505779333728852,
    "functional_factor": 1.0424011865637712
}