{
    "structural_factor": 0.6922501362344411,
    "functional_factor": 8.768128325112311
}