{
    "structural_factor": 1.2928391426359358,
    "functional_factor": 1.1858828955062355
}