{
    "structural_factor": 1.729128504157045,
    "functional_factor": 1.0820100865149938
}