{
    "structural_factor": 3.021836891287721,
    "functional_factor": 1.0378872874327936
}