{
    "structural_factor": 4.80807620503359,
    "functional_factor": 1.5113143581631079
}