{
    "structural_factor": 1.9441286122164607,
    "functional_factor": 4.0686196245773685
}