{
    "structural_factor": 3.490002532516418,
    "functional_factor": 1.0377906465280464
}