{
    "structural_factor": 1.570374512558911,
    "functional_factor": 1.1830064226949344
}