{
    "structural_factor": 3.0106379367803604,
    "functional_factor": 1.0140742761880934
}