{
    "structural_factor": 1.3862534239648725,
    "functional_factor": 3.2908496753132783
}