{
    "structural_factor": 3.731477509550963,
    "functional_factor": 1.0786438044160596
}