{
    "structural_factor": 1.927280380986732,
    "functional_factor": 4.819597653381956
}