{
    "structural_factor": 2.7780795062633814,
    "functional_factor": 3.75616477320679
}