{
    "structural_factor": 1.7034810991849065,
    "functional_factor": 2.1604424456314697
}