{
    "structural_factor": 1.9798653250233484,
    "functional_factor": 3.2708811839601504
}