{
    "structural_factor": 1.7271558506513507,
    "functional_factor": 4.649554366697066
}