{
    "structural_factor": 1.8351931071202,
    "functional_factor": 1.4942662225505887
}