{
    "structural_factor": 1.7692891493736693,
    "functional_factor": 4.767124474730183
}