{
    "structural_factor": 4.015860418591543,
    "functional_factor": 0.992688558823433
}