{
    "structural_factor": 2.328237650871882,
    "functional_factor": 1.3285632535657945
}