{
    "structural_factor": 0.8677037175933217,
    "functional_factor": 2.478304936277424
}