{
    "structural_factor": 1.2724155525145762,
    "functional_factor": 2.4460760882497965
}