{
    "structural_factor": 3.5573120173282757,
    "functional_factor": 1.4388853130106234
}