{
    "structural_factor": 1.0385816199761233,
    "functional_factor": 1.879920002986448
}