{
    "structural_factor": 3.2785504605680136,
    "functional_factor": 1.1219763053687954
}