{
    "structural_factor": 1.7510686035962386,
    "functional_factor": 2.9162181886945455
}