{
    "structural_factor": 1.2553207056163316,
    "functional_factor": 1.0133844750874963
}