{
    "structural_factor": 1.1671165794336331,
    "functional_factor": 1.7138813930580457
}