{
    "structural_factor": 1.6375343382237861,
    "functional_factor": 1.9745110956344756
}