{
    "structural_factor": 4.488749727913789,
    "functional_factor": 1.2860725268902196
}