{
    "structural_factor": 2.0803068759601206,
    "functional_factor": 5.606459342327692
}