{
    "structural_factor": 2.809125132593782,
    "functional_factor": 1.5831262676536293
}