{
    "structural_factor": 1.0899789915619535,
    "functional_factor": 1.7852671163954426
}