{
    "structural_factor": 2.5833744176464726,
    "functional_factor": 1.1259172208100297
}