{
    "structural_factor": 0.9075160768619911,
    "functional_factor": 1.4634560647147228
}