{
    "structural_factor": 5.018055084034113,
    "functional_factor": 1.0207770399862586
}