{
    "structural_factor": 3.052593683067382,
    "functional_factor": 1.8832762610417046
}