{
    "structural_factor": 1.5749393219316226,
    "functional_factor": 3.677620287665096
}