{
    "structural_factor": 1.7497222570063011,
    "functional_factor": 1.000024953444673
}