{
    "structural_factor": 1.9735216180843027,
    "functional_factor": 1.2222125081779214
}