{
    "structural_factor": 5.037569872748087,
    "functional_factor": 1.3521474526375794
}