{
    "structural_factor": 1.8592392718501844,
    "functional_factor": 4.652723662980411
}