{
    "structural_factor": 4.590945726317026,
    "functional_factor": 1.5179824533206099
}