{
    "structural_factor": 3.7867750827670235,
    "functional_factor": 1.7502213596220588
}