{
    "structural_factor": 4.238169565021009,
    "functional_factor": 1.2026570610317902
}