{
    "structural_factor": 1.387617712882597,
    "functional_factor": 1.7130543905235078
}