{
    "structural_factor": 1.5148688053730355,
    "functional_factor": 1.4923397535860607
}