{
    "structural_factor": 1.493255865956353,
    "functional_factor": 1.7284074793788269
}