{
    "structural_factor": 0.9378628291710407,
    "functional_factor": 4.574910903430761
}