{
    "structural_factor": 5.0181907117667865,
    "functional_factor": 1.1268363899901173
}