{
    "structural_factor": 4.016472343622947,
    "functional_factor": 1.0449565718689893
}