{
    "structural_factor": 3.8695052445067737,
    "functional_factor": 2.4404064173027966
}