{
    "structural_factor": 3.47757264592544,
    "functional_factor": 1.4925938408184591
}