{
    "structural_factor": 1.2483569908108467,
    "functional_factor": 4.864096517283192
}