{
    "structural_factor": 3.5024670792999917,
    "functional_factor": 1.2014162571953229
}