{
    "structural_factor": 1.4899977065511583,
    "functional_factor": 1.0840234825496016
}