{
    "structural_factor": 4.002814875063058,
    "functional_factor": 1.0470961730533
}