{
    "structural_factor": 4.524476156184862,
    "functional_factor": 1.160146587899003
}