{
    "structural_factor": 1.2401662775540376,
    "functional_factor": 1.0560036420332102
}