{
    "structural_factor": 2.770178312583607,
    "functional_factor": 1.035717199979746
}