{
    "structural_factor": 2.6303513859518146,
    "functional_factor": 2.8786464313928746
}