{
    "structural_factor": 4.755084704243372,
    "functional_factor": 1.0197939216428955
}