{
    "structural_factor": 5.002999436161215,
    "functional_factor": 0.9992367178943948
}