{
    "structural_factor": 2.4996118754171293,
    "functional_factor": 1.0000061486990224
}