{
    "structural_factor": 2.7653169762968637,
    "functional_factor": 2.5971263936353344
}