{
    "structural_factor": 2.991356705351794,
    "functional_factor": 0.9973498759574392
}