{
    "structural_factor": 4.993345708909345,
    "functional_factor": 1.2761764138519938
}