{
    "structural_factor": 2.841138546940432,
    "functional_factor": 3.9723672328503614
}