{
    "structural_factor": 1.7930724996620202,
    "functional_factor": 1.1581395341107878
}