{
    "structural_factor": 2.031002048183291,
    "functional_factor": 2.0558996588690306
}