{
    "structural_factor": 1.6871031210368004,
    "functional_factor": 1.522595071725014
}