{
    "structural_factor": 1.4788526870203909,
    "functional_factor": 1.1929366782964732
}