{
    "structural_factor": 1.0794647913482829,
    "functional_factor": 2.621727622258779
}