{
    "structural_factor": 2.188724112781136,
    "functional_factor": 2.223944961174972
}