{
    "structural_factor": 4.254869310998609,
    "functional_factor": 1.0442252899964068
}