{
    "structural_factor": 2.0189407633298546,
    "functional_factor": 2.4060704269383457
}