{
    "structural_factor": 1.3690784978284067,
    "functional_factor": 2.570322527002669
}