{
    "structural_factor": 1.4803724083563206,
    "functional_factor": 1.0846775513514022
}