{
    "structural_factor": 2.0664104909284693,
    "functional_factor": 3.2288684213436856
}