{
    "structural_factor": 2.8053622584851254,
    "functional_factor": 1.1166986478919516
}