{
    "structural_factor": 2.895886992455605,
    "functional_factor": 4.55982288618536
}