{
    "structural_factor": 3.0459927725111826,
    "functional_factor": 1.1640373146989031
}