{
    "structural_factor": 4.230311570449904,
    "functional_factor": 2.073057061010804
}