{
    "structural_factor": 1.3189105648426607,
    "functional_factor": 6.105644465342273
}