{
    "structural_factor": 4.124973372995618,
    "functional_factor": 1.3740572630916088
}