{
    "structural_factor": 1.9955009106115205,
    "functional_factor": 1.0197437236439504
}