{
    "structural_factor": 3.502707491541297,
    "functional_factor": 1.0045236079075963
}