{
    "structural_factor": 3.978468193833431,
    "functional_factor": 1.2119183824472557
}