{
    "structural_factor": 4.7782971041470415,
    "functional_factor": 1.203444259509668
}