{
    "structural_factor": 1.5791917972008518,
    "functional_factor": 1.3569069226533994
}