{
    "structural_factor": 4.1436173217389864,
    "functional_factor": 2.5819453082110133
}