{
    "structural_factor": 2.05568186938236,
    "functional_factor": 3.4941253879760983
}