{
    "structural_factor": 2.4706637069721875,
    "functional_factor": 1.0677610199143486
}