{
    "structural_factor": 1.2514383979602497,
    "functional_factor": 1.003608883516772
}