{
    "structural_factor": 1.0138208295951991,
    "functional_factor": 1.2293301216563524
}