{
    "structural_factor": 3.287390861617072,
    "functional_factor": 2.5766152284499384
}