{
    "structural_factor": 1.429806216465885,
    "functional_factor": 2.014230565376338
}