{
    "structural_factor": 2.825442408752168,
    "functional_factor": 1.3909338199156356
}