{
    "structural_factor": 4.752889789214186,
    "functional_factor": 1.0049801897095747
}