{
    "structural_factor": 4.771261436770518,
    "functional_factor": 1.810972472897514
}