{
    "structural_factor": 2.4474125015748127,
    "functional_factor": 1.2213003367089028
}