{
    "structural_factor": 1.0134478489199372,
    "functional_factor": 1.112300040678092
}