{
    "structural_factor": 2.7486959609732073,
    "functional_factor": 1.3695601769433514
}