{
    "structural_factor": 4.496981151896322,
    "functional_factor": 1.1228540149907316
}