{
    "structural_factor": 2.633037154572863,
    "functional_factor": 1.1523495575406664
}