{
    "structural_factor": 0.9315523769388303,
    "functional_factor": 3.446701729034926
}