{
    "structural_factor": 2.7754331659529807,
    "functional_factor": 1.0356232746578067
}