{
    "structural_factor": 4.745104968253272,
    "functional_factor": 1.2755014424813516
}