{
    "structural_factor": 2.170075623255548,
    "functional_factor": 2.639099489007906
}