{
    "structural_factor": 3.2360255024393347,
    "functional_factor": 3.1009839006585254
}