{
    "structural_factor": 2.797224922823628,
    "functional_factor": 1.120459044686631
}