{
    "structural_factor": 3.0262497733437788,
    "functional_factor": 1.752926907649801
}