{
    "structural_factor": 3.5051871756279755,
    "functional_factor": 1.0187758211025912
}