{
    "structural_factor": 5.002621746529446,
    "functional_factor": 1.0470768104353778
}