{
    "structural_factor": 1.0445486620976756,
    "functional_factor": 1.6308495965865808
}