{
    "structural_factor": 4.2573265788653485,
    "functional_factor": 1.0166884233090485
}