{
    "structural_factor": 1.7526976179266134,
    "functional_factor": 1.0030159697105694
}