{
    "structural_factor": 4.744056022342378,
    "functional_factor": 1.176966533623058
}