{
    "structural_factor": 5.017550132087524,
    "functional_factor": 1.165602779931836
}