{
    "structural_factor": 2.6534082780329586,
    "functional_factor": 3.2007143847136112
}