{
    "structural_factor": 4.927380828512958,
    "functional_factor": 1.130945529694385
}