{
    "structural_factor": 3.8388133542036873,
    "functional_factor": 3.9318834639199665
}