{
    "structural_factor": 2.704911814165257,
    "functional_factor": 1.6149697705146728
}