{
    "structural_factor": 5.010089851745295,
    "functional_factor": 0.9932511583485594
}