{
    "structural_factor": 3.772277074235929,
    "functional_factor": 1.1297700945610127
}