{
    "structural_factor": 1.9340714206798761,
    "functional_factor": 3.257058351534767
}