{
    "structural_factor": 2.7399454287525042,
    "functional_factor": 1.7428582481516934
}