{
    "structural_factor": 3.5179051792560307,
    "functional_factor": 1.0387041225168203
}