{
    "structural_factor": 4.9543417412499835,
    "functional_factor": 2.8807594410726374
}