{
    "structural_factor": 0.5538382713876013,
    "functional_factor": 3.610282511400381
}