{
    "structural_factor": 2.0207988824624006,
    "functional_factor": 2.3158136357401937
}