{
    "structural_factor": 3.2206077157348068,
    "functional_factor": 4.450459820033942
}