{
    "structural_factor": 3.6249652434414354,
    "functional_factor": 9.522143940447574
}