{
    "structural_factor": 2.5879612170101094,
    "functional_factor": 1.2854104951703407
}