{
    "structural_factor": 0.930715990485375,
    "functional_factor": 1.7081455914814712
}