{
    "structural_factor": 2.3551420419563223,
    "functional_factor": 1.4998810602445427
}