{
    "structural_factor": 3.5480774603492824,
    "functional_factor": 5.980316751653469
}