{
    "structural_factor": 2.2032701853446945,
    "functional_factor": 1.2206573705512718
}