{
    "structural_factor": 1.180488098466669,
    "functional_factor": 3.1455966535856152
}