{
    "structural_factor": 0.6936680378050433,
    "functional_factor": 7.618424614115845
}