{
    "structural_factor": 3.2557106349003746,
    "functional_factor": 0.995293537071776
}