{
    "structural_factor": 1.7498262921424312,
    "functional_factor": 1.0012022529607623
}