{
    "structural_factor": 4.251648476389318,
    "functional_factor": 1.0048822634819723
}