{
    "structural_factor": 1.851017615716015,
    "functional_factor": 1.7317952028602566
}