{
    "structural_factor": 3.9986612741528664,
    "functional_factor": 1.5544667965122339
}