{
    "structural_factor": 0.9611991793882457,
    "functional_factor": 1.122894577393767
}