{
    "structural_factor": 1.3051033048264897,
    "functional_factor": 1.2273920143958579
}