{
    "structural_factor": 5.009809076432003,
    "functional_factor": 1.039324300154691
}