{
    "structural_factor": 1.520616973942139,
    "functional_factor": 4.085874040889858
}