{
    "structural_factor": 3.788659099151347,
    "functional_factor": 1.7180505009281632
}