{
    "structural_factor": 2.805120479918683,
    "functional_factor": 1.7261463088028886
}