{
    "structural_factor": 3.826477401743444,
    "functional_factor": 1.3710828354569347
}