{
    "structural_factor": 1.7400764661523118,
    "functional_factor": 1.0818365720870033
}