{
    "structural_factor": 4.501773398468297,
    "functional_factor": 1.004865373752822
}