{
    "structural_factor": 3.2352680570255026,
    "functional_factor": 2.127574178059627
}