{
    "structural_factor": 5.033648254014745,
    "functional_factor": 1.2494910984744583
}