{
    "structural_factor": 2.0504181980357696,
    "functional_factor": 1.375648311674693
}