{
    "structural_factor": 3.752568409599282,
    "functional_factor": 1.0046184943050733
}