{
    "structural_factor": 2.413773253118239,
    "functional_factor": 5.877120478245453
}