{
    "structural_factor": 3.860631280607671,
    "functional_factor": 2.234555342606065
}