{
    "structural_factor": 2.247736672939482,
    "functional_factor": 1.0014175191103223
}