{
    "structural_factor": 5.026777073556292,
    "functional_factor": 1.2042773656454582
}