{
    "structural_factor": 1.1419555662818766,
    "functional_factor": 3.168642404094233
}