{
    "structural_factor": 4.423573826299331,
    "functional_factor": 1.958846647343318
}