{
    "structural_factor": 4.750461633400284,
    "functional_factor": 1.1910583914455437
}