{
    "structural_factor": 1.5246452919032434,
    "functional_factor": 4.089567723718935
}