{
    "structural_factor": 1.0086258276396831,
    "functional_factor": 1.4625839822992284
}