{
    "structural_factor": 4.946317412906108,
    "functional_factor": 1.555184591843966
}