{
    "structural_factor": 3.4443598629897583,
    "functional_factor": 2.5403412183926948
}