{
    "structural_factor": 1.7240859279045335,
    "functional_factor": 1.688080102832948
}