{
    "structural_factor": 2.787810517915871,
    "functional_factor": 1.8035604923870034
}