{
    "structural_factor": 2.252358939356007,
    "functional_factor": 1.0032813813604275
}