{
    "structural_factor": 2.207404121717254,
    "functional_factor": 3.9628747733990415
}