{
    "structural_factor": 3.5130789471124273,
    "functional_factor": 1.0387507342672881
}