{
    "structural_factor": 4.67230971284094,
    "functional_factor": 2.4621614633884557
}