{
    "structural_factor": 1.256206143874256,
    "functional_factor": 3.346272003848949
}