{
    "structural_factor": 2.7495018726626848,
    "functional_factor": 0.9999909620358988
}