{
    "structural_factor": 3.815301730670302,
    "functional_factor": 1.2568391432243176
}