{
    "structural_factor": 4.022921998279298,
    "functional_factor": 1.0810030933693546
}