{
    "structural_factor": 3.995395478020392,
    "functional_factor": 1.5590228120864433
}