{
    "structural_factor": 1.637889610665622,
    "functional_factor": 1.7277097174751703
}