{
    "structural_factor": 4.261405592513364,
    "functional_factor": 1.1129859052260966
}