{
    "structural_factor": 3.2559768656842807,
    "functional_factor": 1.0008055270910525
}