{
    "structural_factor": 2.9830453285412064,
    "functional_factor": 1.7468287920537464
}