{
    "structural_factor": 0.41842049750538807,
    "functional_factor": 4.5378924758500325
}