{
    "structural_factor": 2.567277700268975,
    "functional_factor": 1.3331103431690314
}