{
    "structural_factor": 2.045124013313435,
    "functional_factor": 1.6973918751351005
}