{
    "structural_factor": 2.796472634736432,
    "functional_factor": 3.382102180456183
}