{
    "structural_factor": 1.7295710399999802,
    "functional_factor": 1.7226655387532852
}