{
    "structural_factor": 1.992055511327965,
    "functional_factor": 1.0208734241234372
}