{
    "structural_factor": 3.766755470976475,
    "functional_factor": 1.0847645970299729
}