{
    "structural_factor": 3.0719205830588243,
    "functional_factor": 1.225370496428023
}