{
    "structural_factor": 4.222310594142241,
    "functional_factor": 1.8643550552875865
}