{
    "structural_factor": 3.1729417838107055,
    "functional_factor": 2.543872404873365
}