{
    "structural_factor": 3.736021541798223,
    "functional_factor": 3.436023054081536
}