{
    "structural_factor": 2.040080590284945,
    "functional_factor": 2.3103145529491482
}