{
    "structural_factor": 5.008083825997804,
    "functional_factor": 1.019776951391579
}