{
    "structural_factor": 1.5301424588710315,
    "functional_factor": 2.360220568419673
}