{
    "structural_factor": 3.5202625752639465,
    "functional_factor": 1.1263409905150892
}