{
    "structural_factor": 0.9471251790850888,
    "functional_factor": 2.2587587256856203
}