{
    "structural_factor": 1.996710307569397,
    "functional_factor": 1.0170369263236265
}