{
    "structural_factor": 2.786826567259919,
    "functional_factor": 3.648428888690485
}