{
    "structural_factor": 0.6639663862825079,
    "functional_factor": 5.829580493181131
}