{
    "structural_factor": 3.517982751113526,
    "functional_factor": 1.0408477173274389
}