{
    "structural_factor": 2.266686613248998,
    "functional_factor": 1.3565254006359455
}