{
    "structural_factor": 2.753306690072758,
    "functional_factor": 1.0035347792767155
}