{
    "structural_factor": 4.0030963423548185,
    "functional_factor": 1.0164374828771867
}