{
    "structural_factor": 4.447515270983146,
    "functional_factor": 1.075830567980861
}