{
    "structural_factor": 1.2455820570168794,
    "functional_factor": 1.018936783042546
}