{
    "structural_factor": 4.252704348851903,
    "functional_factor": 1.0046999965411443
}