{
    "structural_factor": 3.738550487597009,
    "functional_factor": 1.0502300405014078
}