{
    "structural_factor": 1.8420306910235873,
    "functional_factor": 1.517152250051693
}