{
    "structural_factor": 1.498551910936803,
    "functional_factor": 1.0178883602401336
}