{
    "structural_factor": 1.4997078698576876,
    "functional_factor": 1.0000247944751102
}