{
    "structural_factor": 0.9660304053781583,
    "functional_factor": 1.111336123630629
}