{
    "structural_factor": 3.1169488014334066,
    "functional_factor": 5.38390523947565
}