{
    "structural_factor": 0.7431530735725785,
    "functional_factor": 3.839625307635775
}