{
    "structural_factor": 2.2046024533353847,
    "functional_factor": 3.760564267589583
}