{
    "structural_factor": 3.119545915376407,
    "functional_factor": 3.276736134453156
}