{
    "structural_factor": 3.0071645951372945,
    "functional_factor": 1.0354118485310198
}