{
    "structural_factor": 2.5399562484343976,
    "functional_factor": 1.065955740455656
}