{
    "structural_factor": 1.9341448265504653,
    "functional_factor": 1.7636086216954627
}