{
    "structural_factor": 2.5022223074287524,
    "functional_factor": 1.003378601773055
}