{
    "structural_factor": 1.7811781449801123,
    "functional_factor": 1.7455613638231202
}