{
    "structural_factor": 1.3439026541118853,
    "functional_factor": 2.9758528980701198
}