{
    "structural_factor": 3.248017121476909,
    "functional_factor": 2.0717765666085843
}