{
    "structural_factor": 4.007612205026017,
    "functional_factor": 1.0413614755084324
}