{
    "structural_factor": 4.3650101674152175,
    "functional_factor": 1.375667753704101
}