{
    "structural_factor": 3.8166291692997336,
    "functional_factor": 1.269064020279221
}