{
    "structural_factor": 2.2593984919619032,
    "functional_factor": 2.426437723324028
}