{
    "structural_factor": 1.3039860912305012,
    "functional_factor": 2.199811410847581
}