{
    "structural_factor": 4.064072097676749,
    "functional_factor": 1.3689438437321912
}