{
    "structural_factor": 0.9738972296231394,
    "functional_factor": 2.960050374011092
}