{
    "structural_factor": 0.9509961460249904,
    "functional_factor": 2.607941645235052
}