{
    "structural_factor": 0.9760696855068085,
    "functional_factor": 1.1895179600060761
}