{
    "structural_factor": 1.5190798146199769,
    "functional_factor": 1.0360028949852729
}