{
    "structural_factor": 2.064131820231457,
    "functional_factor": 1.7125724912758848
}