{
    "structural_factor": 1.3119661385359913,
    "functional_factor": 1.8483193768159698
}