{
    "structural_factor": 2.560955968319723,
    "functional_factor": 1.7164096756207696
}