{
    "structural_factor": 2.4827212198805917,
    "functional_factor": 1.0495235410058081
}