{
    "structural_factor": 4.115470186247554,
    "functional_factor": 1.370016133295234
}