{
    "structural_factor": 5.003767428626712,
    "functional_factor": 1.0045651516443015
}