{
    "structural_factor": 3.4492345561860906,
    "functional_factor": 1.9526871635726955
}