{
    "structural_factor": 3.7494831448458172,
    "functional_factor": 1.2861525835230345
}