{
    "structural_factor": 4.004915000227335,
    "functional_factor": 1.18937205821467
}