{
    "structural_factor": 4.262630927481397,
    "functional_factor": 1.1252173511379338
}