{
    "structural_factor": 3.504241682167614,
    "functional_factor": 1.0365885600247104
}