{
    "structural_factor": 3.0139502693714832,
    "functional_factor": 1.0823932157967517
}