{
    "structural_factor": 2.005287275925391,
    "functional_factor": 0.9940016166479678
}