{
    "structural_factor": 2.148622277770304,
    "functional_factor": 3.5388917026116404
}