{
    "structural_factor": 0.5695440636838603,
    "functional_factor": 5.167394394832024
}