{
    "structural_factor": 3.5017068864498477,
    "functional_factor": 0.9947482252643063
}