{
    "structural_factor": 4.000193348138252,
    "functional_factor": 0.9998178393060336
}