{
    "structural_factor": 1.3295137869872395,
    "functional_factor": 1.4779746364111954
}