{
    "structural_factor": 0.9525083844991613,
    "functional_factor": 1.1580807380147509
}