{
    "structural_factor": 1.8567801076463528,
    "functional_factor": 1.9498198388118726
}