{
    "structural_factor": 1.595834668658106,
    "functional_factor": 1.5274408352424493
}