{
    "structural_factor": 1.3820782765625936,
    "functional_factor": 2.30630571796587
}