{
    "structural_factor": 4.281330114760465,
    "functional_factor": 1.7011210803328831
}