{
    "structural_factor": 1.124485743757977,
    "functional_factor": 4.381217958798142
}