{
    "structural_factor": 1.5785564337589804,
    "functional_factor": 3.137029612525085
}