{
    "structural_factor": 5.02066955405337,
    "functional_factor": 1.1430654766886055
}