{
    "structural_factor": 4.276637260189366,
    "functional_factor": 1.1253674744803221
}