{
    "structural_factor": 1.7254699599361585,
    "functional_factor": 1.217780148012595
}