{
    "structural_factor": 2.750065452320203,
    "functional_factor": 2.63522304781317
}