{
    "structural_factor": 1.5275110330258639,
    "functional_factor": 1.055718759420113
}