{
    "structural_factor": 3.811955812528333,
    "functional_factor": 1.1684283519573442
}