{
    "structural_factor": 2.519599543182514,
    "functional_factor": 1.9306203831608288
}