{
    "structural_factor": 4.024804673689154,
    "functional_factor": 1.7246853625917846
}