{
    "structural_factor": 1.246420514931072,
    "functional_factor": 1.0168725179531783
}