{
    "structural_factor": 3.7870356513716534,
    "functional_factor": 1.7798418056551468
}