{
    "structural_factor": 3.4992061696498378,
    "functional_factor": 1.1602770683663421
}