{
    "structural_factor": 2.017995374801979,
    "functional_factor": 1.065470235587329
}