{
    "structural_factor": 2.7290730950616586,
    "functional_factor": 1.2021175061647815
}