{
    "structural_factor": 1.9951501669490115,
    "functional_factor": 1.044168784796616
}