{
    "structural_factor": 4.816285348662657,
    "functional_factor": 1.5590848311637284
}