{
    "structural_factor": 1.6135479139530229,
    "functional_factor": 3.4798044159438923
}