{
    "structural_factor": 2.773057172699272,
    "functional_factor": 3.1094295639057306
}