{
    "structural_factor": 3.5832078817345043,
    "functional_factor": 4.562865186817042
}