{
    "structural_factor": 3.995948321118288,
    "functional_factor": 1.0009291926361705
}