{
    "structural_factor": 0.9998044866887913,
    "functional_factor": 1.000028886607807
}