{
    "structural_factor": 2.416387658172645,
    "functional_factor": 1.7054137114061623
}