{
    "structural_factor": 3.325470420995638,
    "functional_factor": 1.5241562024547375
}