{
    "structural_factor": 0.3869622954459915,
    "functional_factor": 8.536374354371837
}