{
    "structural_factor": 4.251433763348793,
    "functional_factor": 1.016300654348308
}