{
    "structural_factor": 4.265310352815582,
    "functional_factor": 0.9936040337039264
}