{
    "structural_factor": 2.574903067709547,
    "functional_factor": 5.86703994127664
}