{
    "structural_factor": 4.358626853633583,
    "functional_factor": 1.719542340010979
}