{
    "structural_factor": 4.0898950533652805,
    "functional_factor": 3.0560255500734845
}