{
    "structural_factor": 1.759875101787389,
    "functional_factor": 1.0136844749012033
}