{
    "structural_factor": 4.499788375583375,
    "functional_factor": 1.0042787020495065
}