{
    "structural_factor": 2.2217363939161037,
    "functional_factor": 3.2744355973905406
}