{
    "structural_factor": 2.251733413818632,
    "functional_factor": 1.0422388601356993
}