{
    "structural_factor": 4.503001731260775,
    "functional_factor": 1.003870050824456
}