{
    "structural_factor": 1.4168177561624904,
    "functional_factor": 8.717294695734399
}