{
    "structural_factor": 3.504367533995933,
    "functional_factor": 0.9955412248917236
}