{
    "structural_factor": 1.583067472827289,
    "functional_factor": 1.3412358600493763
}