{
    "structural_factor": 1.2236702046482453,
    "functional_factor": 1.1269955772033184
}