{
    "structural_factor": 3.591659230940369,
    "functional_factor": 3.331288044842009
}