{
    "structural_factor": 3.249033819823086,
    "functional_factor": 1.01818826649919
}