{
    "structural_factor": 1.7511570409356891,
    "functional_factor": 1.0018330467994945
}