{
    "structural_factor": 1.042928238490767,
    "functional_factor": 1.3050784079983069
}