{
    "structural_factor": 1.3619469510887825,
    "functional_factor": 1.3567853717670164
}