{
    "structural_factor": 3.7566957926302784,
    "functional_factor": 1.004900716679338
}