{
    "structural_factor": 0.9974311502053351,
    "functional_factor": 0.9977924115953923
}