{
    "structural_factor": 1.8694756117505458,
    "functional_factor": 11.244257606480973
}