{
    "structural_factor": 1.0006375509662173,
    "functional_factor": 2.4799661663682473
}