{
    "structural_factor": 1.6537736666048914,
    "functional_factor": 3.214391239726615
}