{
    "structural_factor": 2.547042808593362,
    "functional_factor": 1.1070112281064084
}