{
    "structural_factor": 3.268809686909416,
    "functional_factor": 1.4950129905869143
}