{
    "structural_factor": 2.45538411453528,
    "functional_factor": 3.109746308932404
}