{
    "structural_factor": 3.759051383701845,
    "functional_factor": 1.0179848803319556
}