{
    "structural_factor": 1.7497056222770893,
    "functional_factor": 1.0000226267453562
}