{
    "structural_factor": 1.398178495571007,
    "functional_factor": 1.9895285822466438
}