{
    "structural_factor": 1.3847903444461362,
    "functional_factor": 2.0060375967381265
}