{
    "structural_factor": 4.125886501649339,
    "functional_factor": 2.0310070196668564
}