{
    "structural_factor": 4.569493719455746,
    "functional_factor": 2.9389616383844746
}