{
    "structural_factor": 2.486953211726879,
    "functional_factor": 3.7559779671214972
}