{
    "structural_factor": 3.9667147086367454,
    "functional_factor": 2.827105741339094
}