{
    "structural_factor": 2.506046463095057,
    "functional_factor": 1.5185116764106124
}