{
    "structural_factor": 0.9740152126642996,
    "functional_factor": 10.202015579683735
}