{
    "structural_factor": 0.9843364044192343,
    "functional_factor": 1.078507356591033
}