{
    "structural_factor": 2.7528324929964727,
    "functional_factor": 1.0036625656706035
}