{
    "structural_factor": 3.5206140142896216,
    "functional_factor": 1.1937517959277528
}