{
    "structural_factor": 2.9726256457053055,
    "functional_factor": 2.8219829722420458
}