{
    "structural_factor": 3.0458212865170395,
    "functional_factor": 1.0616053496360796
}