{
    "structural_factor": 2.1523013708345093,
    "functional_factor": 1.5623245861378483
}