{
    "structural_factor": 3.0231654357147764,
    "functional_factor": 1.0355523098320787
}