{
    "structural_factor": 1.9722916654798721,
    "functional_factor": 1.7786581623594417
}