{
    "structural_factor": 1.5017583014914568,
    "functional_factor": 4.366175228890906
}