{
    "structural_factor": 1.8167044847891642,
    "functional_factor": 1.1576821964806934
}