{
    "structural_factor": 3.753371692239779,
    "functional_factor": 1.0366026015083654
}