{
    "structural_factor": 4.77744109821175,
    "functional_factor": 1.0768167514684066
}