{
    "structural_factor": 5.02702370931916,
    "functional_factor": 1.4075923176429752
}