{
    "structural_factor": 3.499866574080227,
    "functional_factor": 2.1845835331386128
}