{
    "structural_factor": 5.0194497383442505,
    "functional_factor": 1.0362247330958074
}