{
    "structural_factor": 3.0093770157845605,
    "functional_factor": 1.1640706640972902
}