{
    "structural_factor": 5.024394527885195,
    "functional_factor": 0.9921350666430919
}