{
    "structural_factor": 0.7848652887789406,
    "functional_factor": 3.8413961277982374
}