{
    "structural_factor": 2.0738415402338806,
    "functional_factor": 1.1591903970136777
}