{
    "structural_factor": 2.1693692489905643,
    "functional_factor": 3.9674523227710417
}