{
    "structural_factor": 2.54738861393507,
    "functional_factor": 1.4428920715317652
}