{
    "structural_factor": 1.2448644384127965,
    "functional_factor": 1.8736598868174057
}