{
    "structural_factor": 0.950743441242112,
    "functional_factor": 1.5425478190067516
}