{
    "structural_factor": 2.767126548366577,
    "functional_factor": 1.6057019432229285
}