{
    "structural_factor": 2.0783074313074663,
    "functional_factor": 1.3231109358658015
}