{
    "structural_factor": 2.146073528842015,
    "functional_factor": 2.951488545181081
}