{
    "structural_factor": 4.780378086654476,
    "functional_factor": 0.9922589669228131
}