{
    "structural_factor": 2.070013801279061,
    "functional_factor": 4.779548222706888
}