{
    "structural_factor": 0.754508948607772,
    "functional_factor": 4.063488052639644
}