{
    "structural_factor": 4.41532944917997,
    "functional_factor": 2.305554999862291
}