{
    "structural_factor": 3.5250615064733366,
    "functional_factor": 1.074800855669159
}