{
    "structural_factor": 1.7220146503881397,
    "functional_factor": 1.7896556907253147
}