{
    "structural_factor": 1.2189019286202265,
    "functional_factor": 2.3058664348774607
}