{
    "structural_factor": 3.27077279472304,
    "functional_factor": 1.3304025199270846
}