{
    "structural_factor": 4.780195419756814,
    "functional_factor": 2.9448161812905287
}