{
    "structural_factor": 1.139384294682301,
    "functional_factor": 1.7036301510376617
}