{
    "structural_factor": 3.5650529418054098,
    "functional_factor": 1.2666370047521673
}