{
    "structural_factor": 3.0006273842892055,
    "functional_factor": 1.0192740965734928
}