{
    "structural_factor": 2.225560326908206,
    "functional_factor": 1.4581358598568026
}