{
    "structural_factor": 2.523217493636654,
    "functional_factor": 1.1812121101435453
}