{
    "structural_factor": 1.485108741919679,
    "functional_factor": 1.1494817085126858
}