{
    "structural_factor": 3.138138813037624,
    "functional_factor": 9.866179663490838
}