{
    "structural_factor": 2.25277404502769,
    "functional_factor": 1.0823144515834469
}