{
    "structural_factor": 1.500455858195919,
    "functional_factor": 1.00177129675663
}