{
    "structural_factor": 3.7016529938645815,
    "functional_factor": 3.2079374079583913
}