{
    "structural_factor": 2.2496488337532425,
    "functional_factor": 1.0000167411577197
}