{
    "structural_factor": 3.252522220706624,
    "functional_factor": 1.0036728850895733
}