{
    "structural_factor": 1.5291022797566682,
    "functional_factor": 1.789127098669455
}