{
    "structural_factor": 1.0073970554909986,
    "functional_factor": 2.6100238338755406
}