{
    "structural_factor": 3.945720974440239,
    "functional_factor": 1.7652805723350995
}