{
    "structural_factor": 3.230627355026166,
    "functional_factor": 3.3534619821053573
}