{
    "structural_factor": 4.205290147716748,
    "functional_factor": 1.8209722597073248
}