{
    "structural_factor": 4.966341584148958,
    "functional_factor": 2.0774583572779113
}