{
    "structural_factor": 4.769431501413052,
    "functional_factor": 1.0349841866531855
}