{
    "structural_factor": 2.4971939048899503,
    "functional_factor": 0.9939528928250283
}