{
    "structural_factor": 2.0133884990957607,
    "functional_factor": 1.1250082410578548
}