{
    "structural_factor": 2.286943329250131,
    "functional_factor": 1.1711185905226371
}