{
    "structural_factor": 3.533621425496076,
    "functional_factor": 2.3366384058210947
}