{
    "structural_factor": 4.000279549625356,
    "functional_factor": 1.0186636841876189
}