{
    "structural_factor": 3.239965441448998,
    "functional_factor": 1.2038081422566864
}