{
    "structural_factor": 2.026162765236062,
    "functional_factor": 1.358573176714249
}