{
    "structural_factor": 3.467410394319527,
    "functional_factor": 1.2104078477472227
}