{
    "structural_factor": 1.047721267353511,
    "functional_factor": 1.322348890161739
}