{
    "structural_factor": 0.755810269030835,
    "functional_factor": 3.1553958580407895
}