{
    "structural_factor": 3.641143833972751,
    "functional_factor": 2.9725813748992214
}