{
    "structural_factor": 3.089070641904278,
    "functional_factor": 1.3554131160650937
}