{
    "structural_factor": 2.5095233823747645,
    "functional_factor": 1.0335487101160827
}