{
    "structural_factor": 2.528292965101882,
    "functional_factor": 1.0293627279512012
}