{
    "structural_factor": 2.503687752545509,
    "functional_factor": 1.0369481898296327
}