{
    "structural_factor": 1.8076071705270809,
    "functional_factor": 1.093935995967591
}