{
    "structural_factor": 5.00500578086168,
    "functional_factor": 1.0415000141619124
}