{
    "structural_factor": 3.7809076594783178,
    "functional_factor": 1.1881619833702195
}