{
    "structural_factor": 1.491864033977938,
    "functional_factor": 6.111854230212049
}