{
    "structural_factor": 1.4837109135695359,
    "functional_factor": 1.501386293964425
}