{
    "structural_factor": 1.1991252859558321,
    "functional_factor": 2.6363119510836603
}