{
    "structural_factor": 1.6451646711589285,
    "functional_factor": 1.1801206076470698
}