{
    "structural_factor": 1.4407536502840783,
    "functional_factor": 3.913742728997541
}