{
    "structural_factor": 5.058605915364535,
    "functional_factor": 1.5146651223029588
}