{
    "structural_factor": 1.5067290070992883,
    "functional_factor": 1.02795331384956
}