{
    "structural_factor": 3.2846940091361625,
    "functional_factor": 1.123024752789291
}