{
    "structural_factor": 2.003993527200023,
    "functional_factor": 1.0837469674719713
}