{
    "structural_factor": 3.605047710421025,
    "functional_factor": 2.548630166259796
}