{
    "structural_factor": 1.9001354240532355,
    "functional_factor": 5.962846300095944
}