{
    "structural_factor": 0.8217776852001513,
    "functional_factor": 6.9531564435785365
}