{
    "structural_factor": 2.986732001007339,
    "functional_factor": 8.597161395737361
}