{
    "structural_factor": 2.010495029078714,
    "functional_factor": 1.027970574461608
}