{
    "structural_factor": 1.4349360994296805,
    "functional_factor": 1.9879147455721575
}