{
    "structural_factor": 3.239010166308488,
    "functional_factor": 1.0160872776239973
}