{
    "structural_factor": 3.5273790499464917,
    "functional_factor": 1.7963484594101016
}