{
    "structural_factor": 1.6419905737639233,
    "functional_factor": 1.988416131927669
}