{
    "structural_factor": 3.64911756891326,
    "functional_factor": 1.1730163244742136
}