{
    "structural_factor": 0.616537873905222,
    "functional_factor": 3.8895489722523924
}