{
    "structural_factor": 3.012622710978322,
    "functional_factor": 1.0156009550626013
}