{
    "structural_factor": 1.1429152433525889,
    "functional_factor": 2.558876777211102
}