{
    "structural_factor": 3.0488067054550347,
    "functional_factor": 1.2658981337001618
}