{
    "structural_factor": 2.2496415808130723,
    "functional_factor": 1.00000623804231
}