{
    "structural_factor": 4.259944967472793,
    "functional_factor": 0.9939988077068643
}