{
    "structural_factor": 4.113080133540362,
    "functional_factor": 3.4036470386380318
}