{
    "structural_factor": 4.012769895168627,
    "functional_factor": 2.5931436748125254
}