{
    "structural_factor": 1.7795125025118035,
    "functional_factor": 2.0567425574151863
}