{
    "structural_factor": 1.0871876318094422,
    "functional_factor": 1.865514813273871
}