{
    "structural_factor": 1.1522815056086966,
    "functional_factor": 3.715696987528276
}