{
    "structural_factor": 1.912885700395677,
    "functional_factor": 1.8373231732817366
}