{
    "structural_factor": 2.2509292861295966,
    "functional_factor": 1.0064882811921683
}