{
    "structural_factor": 3.4392550958830395,
    "functional_factor": 1.2323628092352206
}