{
    "structural_factor": 1.4523380331605147,
    "functional_factor": 1.1093610442088373
}