{
    "structural_factor": 3.138810782944143,
    "functional_factor": 2.2335826943164188
}