{
    "structural_factor": 4.51940093900927,
    "functional_factor": 1.0833947232268348
}