{
    "structural_factor": 3.8038333395281168,
    "functional_factor": 1.3161171382104777
}