{
    "structural_factor": 0.9149255579415354,
    "functional_factor": 3.0178067870888987
}