{
    "structural_factor": 2.019827487911615,
    "functional_factor": 1.0323526273828938
}