{
    "structural_factor": 1.0229782378767218,
    "functional_factor": 3.300614278669562
}