{
    "structural_factor": 2.4436785048635374,
    "functional_factor": 3.0421272209542423
}