{
    "structural_factor": 4.27081973104009,
    "functional_factor": 1.0831619098655911
}