{
    "structural_factor": 3.656391571232863,
    "functional_factor": 2.2751737301712707
}