{
    "structural_factor": 4.91834648070325,
    "functional_factor": 1.4894116853402384
}