{
    "structural_factor": 4.240733837220157,
    "functional_factor": 1.0028514566120397
}