{
    "structural_factor": 1.5081536040406762,
    "functional_factor": 0.992480159103914
}