{
    "structural_factor": 3.269226026669539,
    "functional_factor": 1.003046955165725
}