{
    "structural_factor": 1.329648515879447,
    "functional_factor": 8.330605235878593
}