{
    "structural_factor": 1.5469526731386758,
    "functional_factor": 1.096602221338327
}