{
    "structural_factor": 2.6833793327289928,
    "functional_factor": 2.2504744634072273
}