{
    "structural_factor": 4.777858080320723,
    "functional_factor": 1.7257796954217952
}