{
    "structural_factor": 2.009810086856717,
    "functional_factor": 1.013765542597504
}