{
    "structural_factor": 3.7900389740155394,
    "functional_factor": 1.1557911719148706
}