{
    "structural_factor": 0.9967173949095377,
    "functional_factor": 1.0165848593805027
}