{
    "structural_factor": 2.964818990954419,
    "functional_factor": 2.281452035353945
}