{
    "structural_factor": 2.7173596763352292,
    "functional_factor": 3.231790466209185
}