{
    "structural_factor": 3.2602273813979328,
    "functional_factor": 1.0752019481895796
}