{
    "structural_factor": 3.0428438643586078,
    "functional_factor": 1.7323230197921433
}