{
    "structural_factor": 3.7557108439125924,
    "functional_factor": 1.0429735188523406
}