{
    "structural_factor": 1.3316958073746576,
    "functional_factor": 4.454102617249128
}