{
    "structural_factor": 3.927463466584104,
    "functional_factor": 1.2317911876364145
}