{
    "structural_factor": 3.3999919777336514,
    "functional_factor": 4.379564050858707
}