{
    "structural_factor": 2.2824120913594834,
    "functional_factor": 1.0616040659433554
}