{
    "structural_factor": 3.796848724738745,
    "functional_factor": 1.3423664250522116
}