{
    "structural_factor": 3.5072535965947167,
    "functional_factor": 1.0177754491056417
}