{
    "structural_factor": 0.991155415059273,
    "functional_factor": 1.074180364703054
}