{
    "structural_factor": 3.062936173322727,
    "functional_factor": 1.3776660174743687
}