{
    "structural_factor": 1.2539688680526686,
    "functional_factor": 1.0241048996232132
}