{
    "structural_factor": 2.354851094279464,
    "functional_factor": 3.86542203347273
}