{
    "structural_factor": 4.515830201229871,
    "functional_factor": 1.0749349140660704
}