{
    "structural_factor": 2.504823667841687,
    "functional_factor": 1.0182758124191658
}