{
    "structural_factor": 4.015160198291141,
    "functional_factor": 1.072745517676882
}