{
    "structural_factor": 1.505929533076308,
    "functional_factor": 1.012470400159382
}