{
    "structural_factor": 4.729615995505291,
    "functional_factor": 1.0505931410909877
}