{
    "structural_factor": 3.5260731269391035,
    "functional_factor": 1.072934679514974
}