{
    "structural_factor": 1.9981411029703782,
    "functional_factor": 1.058164622732969
}