{
    "structural_factor": 3.502559088903354,
    "functional_factor": 1.4984358982303618
}