{
    "structural_factor": 1.0137503526153477,
    "functional_factor": 1.060678530357433
}