{
    "structural_factor": 1.316316681014467,
    "functional_factor": 1.2952185350888237
}