{
    "structural_factor": 2.7373173714781434,
    "functional_factor": 3.4414349182799358
}