{
    "structural_factor": 4.908467385822017,
    "functional_factor": 1.5689163219510411
}