{
    "structural_factor": 2.7508965752535093,
    "functional_factor": 1.0035693715884395
}