{
    "structural_factor": 3.5509996841950677,
    "functional_factor": 1.3567887064536688
}