{
    "structural_factor": 3.4121383032541996,
    "functional_factor": 1.5634178710831519
}