{
    "structural_factor": 1.8444222973841529,
    "functional_factor": 1.7036866226055702
}