{
    "structural_factor": 2.325597286557267,
    "functional_factor": 1.1663464483751993
}