{
    "structural_factor": 3.2525301322271067,
    "functional_factor": 1.0145854504490521
}