{
    "structural_factor": 1.3086395052591506,
    "functional_factor": 3.005673200263973
}