{
    "structural_factor": 4.030123546504882,
    "functional_factor": 1.1078910242004265
}