{
    "structural_factor": 1.2385993704488714,
    "functional_factor": 3.806309833232187
}