{
    "structural_factor": 3.2879056352077205,
    "functional_factor": 2.46908236782061
}