{
    "structural_factor": 0.7390118684037295,
    "functional_factor": 3.333465728769466
}