{
    "structural_factor": 4.28149408790262,
    "functional_factor": 1.9971003044098028
}