{
    "structural_factor": 4.281042746497509,
    "functional_factor": 1.3646989955048965
}