{
    "structural_factor": 5.001513768687291,
    "functional_factor": 1.7502974771720448
}