{
    "structural_factor": 3.7648649319764655,
    "functional_factor": 1.002629879607418
}