{
    "structural_factor": 4.710959068139652,
    "functional_factor": 1.958013104173344
}