{
    "structural_factor": 1.307157095506624,
    "functional_factor": 1.2672999021710847
}