{
    "structural_factor": 0.9264240059666039,
    "functional_factor": 2.8273927497702314
}