{
    "structural_factor": 4.502885691323241,
    "functional_factor": 1.0044983169613677
}