{
    "structural_factor": 3.0089472962816446,
    "functional_factor": 1.8008864934341753
}