{
    "structural_factor": 3.7689600882355947,
    "functional_factor": 1.0437073166195976
}