{
    "structural_factor": 4.674507751820774,
    "functional_factor": 1.8267392701059786
}