{
    "structural_factor": 0.8085129459033125,
    "functional_factor": 3.4999930101442462
}