{
    "structural_factor": 4.713048689534819,
    "functional_factor": 2.880929130142576
}