{
    "structural_factor": 2.5441088203681237,
    "functional_factor": 1.0628026202469418
}