{
    "structural_factor": 1.4416804271942933,
    "functional_factor": 1.4859206562607228
}