{
    "structural_factor": 1.003744349645204,
    "functional_factor": 3.344517133408238
}