{
    "structural_factor": 2.0746598699367667,
    "functional_factor": 4.154635830537714
}