{
    "structural_factor": 1.54823669038785,
    "functional_factor": 4.653439714071926
}