{
    "structural_factor": 0.8647406489724045,
    "functional_factor": 3.0972500901097466
}