{
    "structural_factor": 0.9945171225279269,
    "functional_factor": 1.0396059909692976
}