{
    "structural_factor": 3.4024248344845565,
    "functional_factor": 2.571589342596731
}