{
    "structural_factor": 2.787884947208655,
    "functional_factor": 1.0591688981015028
}