{
    "structural_factor": 1.6552490173990597,
    "functional_factor": 2.041529969008972
}