{
    "structural_factor": 3.0969787360142886,
    "functional_factor": 3.552042936894885
}