{
    "structural_factor": 4.485005589637865,
    "functional_factor": 1.0219566145783465
}