{
    "structural_factor": 1.2497430947482084,
    "functional_factor": 1.000019114570523
}