{
    "structural_factor": 3.2579428226317138,
    "functional_factor": 1.0064000215911169
}