{
    "structural_factor": 2.3789673758695247,
    "functional_factor": 4.888541917779347
}