{
    "structural_factor": 3.0216223811041187,
    "functional_factor": 1.1806695343479918
}