{
    "structural_factor": 2.24926672741637,
    "functional_factor": 1.0020198256227462
}