{
    "structural_factor": 1.45147785854866,
    "functional_factor": 1.344316194889924
}