{
    "structural_factor": 0.9978132156872118,
    "functional_factor": 0.9964824120257967
}