{
    "structural_factor": 1.2971715752790731,
    "functional_factor": 2.7302921028725473
}