{
    "structural_factor": 3.4766617039299788,
    "functional_factor": 4.916484960830075
}