{
    "structural_factor": 5.009534743916947,
    "functional_factor": 1.042491005381024
}