{
    "structural_factor": 2.3278677601109634,
    "functional_factor": 2.9856004460131547
}