{
    "structural_factor": 2.512374018799897,
    "functional_factor": 1.0146404927109376
}