{
    "structural_factor": 3.514656575521256,
    "functional_factor": 1.0463814070513608
}