{
    "structural_factor": 2.1274179227291983,
    "functional_factor": 4.115874455128516
}