{
    "structural_factor": 1.7798258485540082,
    "functional_factor": 2.967130333625044
}