{
    "structural_factor": 4.53219603123114,
    "functional_factor": 1.1296821334746565
}