{
    "structural_factor": 1.5246080240248416,
    "functional_factor": 1.053225066202047
}