{
    "structural_factor": 2.0400564890731534,
    "functional_factor": 1.1098686997410852
}