{
    "structural_factor": 4.244239633845099,
    "functional_factor": 1.1415550898425886
}