{
    "structural_factor": 1.0334549547367184,
    "functional_factor": 5.947814237442362
}