{
    "structural_factor": 1.6369657201777577,
    "functional_factor": 3.8591937402974206
}