{
    "structural_factor": 3.0648800711541755,
    "functional_factor": 2.3811144298865985
}