{
    "structural_factor": 4.74964828924679,
    "functional_factor": 1.2858435649563449
}