{
    "structural_factor": 3.9501792588466955,
    "functional_factor": 1.3448177568463524
}