{
    "structural_factor": 1.402176744374683,
    "functional_factor": 4.6755708297128225
}