{
    "structural_factor": 2.307296062157087,
    "functional_factor": 1.4842059955576934
}