{
    "structural_factor": 1.7533158167012903,
    "functional_factor": 1.0185281880403028
}