{
    "structural_factor": 3.40149146713206,
    "functional_factor": 2.6376349432892017
}