{
    "structural_factor": 1.5017281208350703,
    "functional_factor": 0.9935196745406131
}