{
    "structural_factor": 1.1957440374337185,
    "functional_factor": 3.9238958954895917
}