{
    "structural_factor": 4.0001785605922775,
    "functional_factor": 0.9998073863858882
}