{
    "structural_factor": 4.303587157510482,
    "functional_factor": 1.2425845374942726
}