{
    "structural_factor": 4.514246351570229,
    "functional_factor": 1.079632469358003
}