{
    "structural_factor": 4.010227344985573,
    "functional_factor": 0.9987293909251422
}