{
    "structural_factor": 3.0224141694254008,
    "functional_factor": 2.0595165517539726
}