{
    "structural_factor": 2.7521200270154305,
    "functional_factor": 1.0037134996740786
}