{
    "structural_factor": 2.502453253659328,
    "functional_factor": 1.4135094416320433
}