{
    "structural_factor": 2.2669035517947127,
    "functional_factor": 1.5053739889792421
}