{
    "structural_factor": 2.514828607577343,
    "functional_factor": 1.178362801600379
}