{
    "structural_factor": 1.7782737835528757,
    "functional_factor": 1.0627716396306657
}