{
    "structural_factor": 3.2452374429558044,
    "functional_factor": 1.0176142159630743
}