{
    "structural_factor": 1.626085115079328,
    "functional_factor": 3.853112586715392
}