{
    "structural_factor": 2.9919977421994726,
    "functional_factor": 3.4261553698984946
}