{
    "structural_factor": 3.3742218562651964,
    "functional_factor": 3.433137448312882
}