{
    "structural_factor": 1.861988599919041,
    "functional_factor": 1.6022092001879442
}