{
    "structural_factor": 1.1993155496304022,
    "functional_factor": 1.281816649169859
}