{
    "structural_factor": 4.729758793316685,
    "functional_factor": 1.1640380220250703
}