{
    "structural_factor": 2.0652290124138886,
    "functional_factor": 1.1486845552820122
}