{
    "structural_factor": 2.8674667243744856,
    "functional_factor": 2.421340834715774
}