{
    "structural_factor": 1.6129157605063993,
    "functional_factor": 2.9137709209799856
}