{
    "structural_factor": 4.005177277036237,
    "functional_factor": 1.0196584277541094
}