{
    "structural_factor": 1.76473264905544,
    "functional_factor": 1.7053960837597086
}