{
    "structural_factor": 2.4527947799254597,
    "functional_factor": 2.9650633804790925
}