{
    "structural_factor": 4.084363031312599,
    "functional_factor": 1.5211916515220925
}