{
    "structural_factor": 1.9996439747090986,
    "functional_factor": 1.0000323199795014
}