{
    "structural_factor": 2.502654191627171,
    "functional_factor": 1.003651757885861
}