{
    "structural_factor": 1.3383120823291441,
    "functional_factor": 5.038111653560006
}