{
    "structural_factor": 3.9944568620873837,
    "functional_factor": 1.5114222723380273
}