{
    "structural_factor": 4.478837723469634,
    "functional_factor": 1.0774051964723719
}