{
    "structural_factor": 4.0131084019569006,
    "functional_factor": 1.0401879124067972
}