{
    "structural_factor": 2.506103949017939,
    "functional_factor": 3.10662951882678
}