{
    "structural_factor": 1.4429507850474783,
    "functional_factor": 3.1857638295957784
}