{
    "structural_factor": 1.2412006684247097,
    "functional_factor": 1.04891766421277
}