{
    "structural_factor": 3.5327821386587837,
    "functional_factor": 1.5522944381347341
}