{
    "structural_factor": 4.1216024238636955,
    "functional_factor": 2.015041283160767
}