{
    "structural_factor": 3.533355735755199,
    "functional_factor": 1.205532312149659
}