{
    "structural_factor": 1.0074731362869374,
    "functional_factor": 1.6776889640786856
}