{
    "structural_factor": 0.5485406533687339,
    "functional_factor": 2.2235569073812704
}