{
    "structural_factor": 2.995000538599827,
    "functional_factor": 1.2945670700621121
}