{
    "structural_factor": 4.2181115967009095,
    "functional_factor": 1.6384682453691592
}