{
    "structural_factor": 2.04249041218224,
    "functional_factor": 2.753919411369835
}