{
    "structural_factor": 1.3034894914666666,
    "functional_factor": 1.801698295763971
}