{
    "structural_factor": 1.3753816272898063,
    "functional_factor": 1.3394794593263326
}