{
    "structural_factor": 2.514825305613053,
    "functional_factor": 1.0149122963879993
}