{
    "structural_factor": 0.9820194571768643,
    "functional_factor": 1.7250149676615558
}