{
    "structural_factor": 1.9228638241019524,
    "functional_factor": 6.4384463215846495
}