{
    "structural_factor": 4.518021421345251,
    "functional_factor": 0.9939954986867422
}