{
    "structural_factor": 2.948846490669251,
    "functional_factor": 3.2083251378861806
}