{
    "structural_factor": 1.14805436603233,
    "functional_factor": 1.3437617993363073
}