{
    "structural_factor": 3.7669364283838025,
    "functional_factor": 1.0467146330047263
}