{
    "structural_factor": 3.031057193342052,
    "functional_factor": 2.003131909527728
}