{
    "structural_factor": 2.123226192482499,
    "functional_factor": 8.729926491851081
}