{
    "structural_factor": 4.520862916472295,
    "functional_factor": 1.1172614753405818
}