{
    "structural_factor": 1.3178832505371347,
    "functional_factor": 3.7303498703681393
}