{
    "structural_factor": 2.7618487782139747,
    "functional_factor": 1.7056659025036058
}