{
    "structural_factor": 0.8124053794485053,
    "functional_factor": 9.886950630957722
}