{
    "structural_factor": 4.009015960993056,
    "functional_factor": 1.143399592184167
}