{
    "structural_factor": 3.2517152337076984,
    "functional_factor": 3.7437942740682404
}