{
    "structural_factor": 2.2541058917063768,
    "functional_factor": 0.9943852808604328
}