{
    "structural_factor": 2.7938388597613306,
    "functional_factor": 2.5385499384990764
}