{
    "structural_factor": 4.831835166350144,
    "functional_factor": 3.0426961068161593
}