{
    "structural_factor": 5.005506732992524,
    "functional_factor": 1.004114663156603
}