{
    "structural_factor": 3.5437641011163357,
    "functional_factor": 1.3639580327856964
}