{
    "structural_factor": 2.545703402823044,
    "functional_factor": 1.0588891915809076
}