{
    "structural_factor": 2.29700978491862,
    "functional_factor": 4.124189463056801
}