{
    "structural_factor": 4.130921152850531,
    "functional_factor": 2.9589653750257225
}