{
    "structural_factor": 2.9379129509030624,
    "functional_factor": 1.1286975747698138
}