{
    "structural_factor": 3.5892979508639375,
    "functional_factor": 1.344918021931119
}