{
    "structural_factor": 4.501222843410047,
    "functional_factor": 0.9995773733030865
}