{
    "structural_factor": 2.1741079274016037,
    "functional_factor": 1.168543829022155
}