{
    "structural_factor": 3.602413358789648,
    "functional_factor": 5.991119481564536
}