{
    "structural_factor": 4.0058113445749415,
    "functional_factor": 1.1250529982872812
}