{
    "structural_factor": 4.757041430496478,
    "functional_factor": 1.0198809167735745
}