{
    "structural_factor": 1.2506823148858903,
    "functional_factor": 1.0035377541686379
}