{
    "structural_factor": 4.055849216965148,
    "functional_factor": 1.3001117696230922
}