{
    "structural_factor": 1.4498823851459621,
    "functional_factor": 1.278366058452841
}