{
    "structural_factor": 2.710004277097899,
    "functional_factor": 1.9402982482017397
}