{
    "structural_factor": 3.355846002961904,
    "functional_factor": 2.636495684985851
}