{
    "structural_factor": 4.448817517421789,
    "functional_factor": 1.5371922269804992
}