{
    "structural_factor": 1.4952742366342846,
    "functional_factor": 1.0474398301945067
}