{
    "structural_factor": 4.514323598511675,
    "functional_factor": 1.0031314276239551
}