{
    "structural_factor": 3.5607443004529995,
    "functional_factor": 1.4059694355845644
}