{
    "structural_factor": 1.1212828813774427,
    "functional_factor": 5.873632605939821
}