{
    "structural_factor": 4.0403458974518545,
    "functional_factor": 1.1551186142182077
}