{
    "structural_factor": 3.9289926353616043,
    "functional_factor": 1.557569722563824
}