{
    "structural_factor": 1.4878059941585908,
    "functional_factor": 1.1273552716458572
}