{
    "structural_factor": 4.570647083336936,
    "functional_factor": 1.2138358541264629
}