{
    "structural_factor": 1.941671265625621,
    "functional_factor": 1.4946542143544728
}