{
    "structural_factor": 3.47565399028751,
    "functional_factor": 2.4764073585471076
}