{
    "structural_factor": 1.0221424842780702,
    "functional_factor": 1.1489780952689945
}