{
    "structural_factor": 4.467248893810906,
    "functional_factor": 1.165650800901494
}