{
    "structural_factor": 3.0432654710667406,
    "functional_factor": 3.996337910971139
}