{
    "structural_factor": 2.503227197694264,
    "functional_factor": 1.0036657896789973
}