{
    "structural_factor": 3.88555473560728,
    "functional_factor": 3.2626518706293415
}