{
    "structural_factor": 1.500370926091813,
    "functional_factor": 0.9951073661711229
}