{
    "structural_factor": 2.265597507458539,
    "functional_factor": 1.0250773900045256
}