{
    "structural_factor": 2.2896972216812093,
    "functional_factor": 2.2477284319170514
}