{
    "structural_factor": 1.246916548887921,
    "functional_factor": 0.9956000802137
}