{
    "structural_factor": 1.025041398206741,
    "functional_factor": 1.5462272221193725
}