{
    "structural_factor": 4.253438402353212,
    "functional_factor": 1.019747323261642
}