{
    "structural_factor": 3.69865687983351,
    "functional_factor": 1.7575824256064363
}