{
    "structural_factor": 3.252393303889676,
    "functional_factor": 2.8823997728906257
}