{
    "structural_factor": 1.1945639916628703,
    "functional_factor": 1.2711792733953113
}