{
    "structural_factor": 4.5077493866274585,
    "functional_factor": 1.0357678178646101
}