{
    "structural_factor": 3.8506225750755827,
    "functional_factor": 2.6381842439809233
}