{
    "structural_factor": 2.346197315315581,
    "functional_factor": 2.1060162731851073
}