{
    "structural_factor": 3.771039219189468,
    "functional_factor": 1.745682730737544
}