{
    "structural_factor": 1.249784279550583,
    "functional_factor": 1.0000121914343467
}