{
    "structural_factor": 3.7472496470415537,
    "functional_factor": 1.2985561123400915
}