{
    "structural_factor": 3.03455163080208,
    "functional_factor": 1.3411160896298453
}