{
    "structural_factor": 0.9334113779947595,
    "functional_factor": 1.2469447075409832
}