{
    "structural_factor": 1.5717937587007667,
    "functional_factor": 2.9974952419402574
}