{
    "structural_factor": 1.016774462318955,
    "functional_factor": 3.3575804650404533
}