{
    "structural_factor": 3.464270914850127,
    "functional_factor": 1.606979561625967
}