{
    "structural_factor": 2.74004438541922,
    "functional_factor": 1.0694028002250755
}