{
    "structural_factor": 4.006712814316863,
    "functional_factor": 1.0168896384380666
}