{
    "structural_factor": 1.7555039306638918,
    "functional_factor": 0.9992552652697588
}