{
    "structural_factor": 4.014492867059494,
    "functional_factor": 1.0024598679316217
}