{
    "structural_factor": 3.106552369470033,
    "functional_factor": 1.3012373528587884
}