{
    "structural_factor": 1.7513234617767015,
    "functional_factor": 1.0030001642734638
}