{
    "structural_factor": 0.9492990982286361,
    "functional_factor": 1.9549101156478208
}