{
    "structural_factor": 1.0278365097609623,
    "functional_factor": 4.128941014418018
}