{
    "structural_factor": 1.2017748053512036,
    "functional_factor": 5.866926296558657
}