{
    "structural_factor": 2.568884731342162,
    "functional_factor": 2.4429912581113697
}