{
    "structural_factor": 4.673362384996008,
    "functional_factor": 1.9671726120366195
}