{
    "structural_factor": 0.9761827104415488,
    "functional_factor": 1.6145421831881286
}