{
    "structural_factor": 2.186429649072886,
    "functional_factor": 1.6994084994408363
}