{
    "structural_factor": 1.9116877649526374,
    "functional_factor": 3.4878343384606154
}