{
    "structural_factor": 1.0903701573624511,
    "functional_factor": 1.9657982873110271
}