{
    "structural_factor": 2.700181385085402,
    "functional_factor": 1.6774734274584122
}