{
    "structural_factor": 2.548923461242981,
    "functional_factor": 1.088753642831525
}