{
    "structural_factor": 1.757547049355431,
    "functional_factor": 1.0146786886230477
}