{
    "structural_factor": 1.4718163071233585,
    "functional_factor": 4.0961905175594895
}