{
    "structural_factor": 0.9834385214288194,
    "functional_factor": 1.0805471683985128
}