{
    "structural_factor": 1.2302519257463436,
    "functional_factor": 4.02980550278189
}