{
    "structural_factor": 3.0368203492940116,
    "functional_factor": 1.073234683632207
}