{
    "structural_factor": 3.014878577180051,
    "functional_factor": 1.0161118783843248
}