{
    "structural_factor": 2.9100529762583704,
    "functional_factor": 3.2454148216036915
}