{
    "structural_factor": 3.2656040724633235,
    "functional_factor": 1.185630795177331
}