{
    "structural_factor": 4.9938674211071135,
    "functional_factor": 1.0231074181985558
}