{
    "structural_factor": 0.7987031112059155,
    "functional_factor": 1.8775402062702544
}