{
    "structural_factor": 1.5753976187712782,
    "functional_factor": 1.851701141746898
}