{
    "structural_factor": 1.8123899676813204,
    "functional_factor": 1.4114057126319293
}