{
    "structural_factor": 2.7461736121487514,
    "functional_factor": 1.417946789921184
}