{
    "structural_factor": 1.0468488733444048,
    "functional_factor": 1.217786603532066
}