{
    "structural_factor": 2.206599377485303,
    "functional_factor": 1.9863095288053898
}