{
    "structural_factor": 1.3857015053423787,
    "functional_factor": 1.608400413897047
}