{
    "structural_factor": 4.969933357826791,
    "functional_factor": 1.079445372623276
}