{
    "structural_factor": 3.0311702148846233,
    "functional_factor": 1.1819806805888982
}