{
    "structural_factor": 4.454397551001144,
    "functional_factor": 1.1065014199722636
}