{
    "structural_factor": 1.008490495681767,
    "functional_factor": 1.4200104382202134
}