{
    "structural_factor": 1.75086330371151,
    "functional_factor": 1.0126092105468802
}