{
    "structural_factor": 3.508688906003384,
    "functional_factor": 1.1332608439812515
}