{
    "structural_factor": 1.6805901437377422,
    "functional_factor": 1.7521504753852162
}