{
    "structural_factor": 3.971138191887849,
    "functional_factor": 1.052256391870792
}