{
    "structural_factor": 1.7709556890870792,
    "functional_factor": 1.033012428511807
}