{
    "structural_factor": 2.2830480108876934,
    "functional_factor": 1.5869690914265497
}