{
    "structural_factor": 2.167999340589672,
    "functional_factor": 1.289924608184297
}