{
    "structural_factor": 2.2505378768339748,
    "functional_factor": 1.0046015173326142
}