{
    "structural_factor": 0.6800506897559607,
    "functional_factor": 2.8281007292764446
}