{
    "structural_factor": 4.7526661400427255,
    "functional_factor": 2.120832744746612
}