{
    "structural_factor": 4.055865544600924,
    "functional_factor": 1.1703198133563597
}