{
    "structural_factor": 4.18572363230685,
    "functional_factor": 1.2206928477990238
}