{
    "structural_factor": 3.225603571691744,
    "functional_factor": 1.0729211484715584
}