{
    "structural_factor": 3.7319042105789926,
    "functional_factor": 1.1646991335120245
}