{
    "structural_factor": 1.3345871928969533,
    "functional_factor": 3.0623902190859655
}