{
    "structural_factor": 4.023107762098571,
    "functional_factor": 1.7602824288240695
}