{
    "structural_factor": 2.561381953669898,
    "functional_factor": 1.0976384776390695
}