{
    "structural_factor": 5.011096315756083,
    "functional_factor": 1.0781976401451456
}