{
    "structural_factor": 1.9792197358186807,
    "functional_factor": 1.1699781290093463
}