{
    "structural_factor": 4.934499794465278,
    "functional_factor": 1.7689436228992639
}