{
    "structural_factor": 0.926779990727697,
    "functional_factor": 1.6105188811711746
}