{
    "structural_factor": 4.493499643655672,
    "functional_factor": 1.0032233909389994
}