{
    "structural_factor": 5.00990281501371,
    "functional_factor": 1.7601677236276532
}