{
    "structural_factor": 1.7529766089383338,
    "functional_factor": 1.0023525961327622
}