{
    "structural_factor": 1.5975852446695946,
    "functional_factor": 2.6030793793294507
}