{
    "structural_factor": 2.508498999940321,
    "functional_factor": 1.000197574366393
}