{
    "structural_factor": 0.9528194636470112,
    "functional_factor": 3.7010615789992833
}