{
    "structural_factor": 2.0023836281384777,
    "functional_factor": 1.003869646145934
}