{
    "structural_factor": 3.262249330866608,
    "functional_factor": 1.8496016176484955
}