{
    "structural_factor": 2.7571659442761822,
    "functional_factor": 1.0031040647593834
}