{
    "structural_factor": 1.0253510807730166,
    "functional_factor": 1.1279574802597006
}