{
    "structural_factor": 4.500864076425399,
    "functional_factor": 0.9996277541205132
}