{
    "structural_factor": 1.984379824093562,
    "functional_factor": 1.4481626535148135
}