{
    "structural_factor": 1.7589242605272788,
    "functional_factor": 0.9977265289745382
}