{
    "structural_factor": 0.9994465466917076,
    "functional_factor": 1.003481653244292
}