{
    "structural_factor": 1.8047450531028677,
    "functional_factor": 1.8376498639365328
}