{
    "structural_factor": 3.489857782122445,
    "functional_factor": 1.0173115752800233
}