{
    "structural_factor": 3.502740332201427,
    "functional_factor": 1.0465760983592944
}