{
    "structural_factor": 1.0486054517620473,
    "functional_factor": 1.2520015547744878
}