{
    "structural_factor": 2.890495744053202,
    "functional_factor": 2.332114701796908
}