{
    "structural_factor": 4.008163357758371,
    "functional_factor": 1.1296860708558885
}