{
    "structural_factor": 4.0051864202846765,
    "functional_factor": 1.0464251184074087
}