{
    "structural_factor": 1.79690946474668,
    "functional_factor": 4.340920073235094
}