{
    "structural_factor": 4.5618986072044025,
    "functional_factor": 1.5630048658709725
}