{
    "structural_factor": 4.700132685866446,
    "functional_factor": 1.5538632792668807
}