{
    "structural_factor": 1.8352289243004651,
    "functional_factor": 1.2208851245409356
}