{
    "structural_factor": 2.0027800603615478,
    "functional_factor": 1.0031322475573676
}