{
    "structural_factor": 2.41967250147071,
    "functional_factor": 9.002284771973331
}