{
    "structural_factor": 3.2590327893864637,
    "functional_factor": 1.0151516449540505
}