{
    "structural_factor": 2.496969167712343,
    "functional_factor": 1.0381630888913829
}