{
    "structural_factor": 2.4763624941633937,
    "functional_factor": 2.594357907435156
}