{
    "structural_factor": 2.3438941506288193,
    "functional_factor": 3.078245549762348
}