{
    "structural_factor": 1.5399327213705714,
    "functional_factor": 1.410933324682454
}