{
    "structural_factor": 2.7578254901563968,
    "functional_factor": 1.017159700628746
}