{
    "structural_factor": 3.308679683601397,
    "functional_factor": 1.5862825086865857
}