{
    "structural_factor": 4.021825089763106,
    "functional_factor": 1.238582583821244
}