{
    "structural_factor": 0.9998057685051501,
    "functional_factor": 1.0000160832781337
}