{
    "structural_factor": 5.019125695178759,
    "functional_factor": 1.7309835680051087
}