{
    "structural_factor": 3.663987491207622,
    "functional_factor": 1.361462677388666
}