{
    "structural_factor": 2.8404878880119315,
    "functional_factor": 1.7690227232785047
}