{
    "structural_factor": 2.091138165386629,
    "functional_factor": 1.2684321023517788
}