{
    "structural_factor": 4.339509734610238,
    "functional_factor": 1.3514902621496008
}