{
    "structural_factor": 2.2692805704814547,
    "functional_factor": 4.652323636448727
}