{
    "structural_factor": 2.525924828923088,
    "functional_factor": 1.036022723402493
}