{
    "structural_factor": 3.2591754829835455,
    "functional_factor": 1.018712801075734
}