{
    "structural_factor": 2.651762653179295,
    "functional_factor": 2.2611104440497547
}