{
    "structural_factor": 2.295506923333563,
    "functional_factor": 1.0565755466819389
}