{
    "structural_factor": 2.0749548472972745,
    "functional_factor": 1.2413479570899504
}