{
    "structural_factor": 1.7657842205672116,
    "functional_factor": 2.878703119415669
}