{
    "structural_factor": 4.983310106006392,
    "functional_factor": 1.0808447201041598
}