{
    "structural_factor": 1.496756713056625,
    "functional_factor": 1.9682142132560438
}