{
    "structural_factor": 3.535048500184957,
    "functional_factor": 1.069632775275302
}