{
    "structural_factor": 3.240009746500658,
    "functional_factor": 4.109999391070119
}