{
    "structural_factor": 2.7169602309233953,
    "functional_factor": 1.210506004830842
}