{
    "structural_factor": 3.431970005456137,
    "functional_factor": 4.7749528246117725
}