{
    "structural_factor": 1.7561877882755792,
    "functional_factor": 7.490436580107074
}