{
    "structural_factor": 1.6138253127367208,
    "functional_factor": 1.4932684644999912
}