{
    "structural_factor": 4.779800742059723,
    "functional_factor": 1.190723786456345
}