{
    "structural_factor": 0.8305768507455926,
    "functional_factor": 2.10954098432162
}