{
    "structural_factor": 1.7511904453457365,
    "functional_factor": 0.9904754341749005
}