{
    "structural_factor": 2.78783875140636,
    "functional_factor": 1.4524701478519901
}