{
    "structural_factor": 4.772119482660838,
    "functional_factor": 1.1300779232190394
}