{
    "structural_factor": 1.22613686318043,
    "functional_factor": 1.1962330166314117
}