{
    "structural_factor": 5.010821451870177,
    "functional_factor": 1.479674470190106
}