{
    "structural_factor": 1.5646730504957556,
    "functional_factor": 1.3117882852325589
}