{
    "structural_factor": 1.8889872265739507,
    "functional_factor": 3.0741541688652023
}