{
    "structural_factor": 1.1860003391617449,
    "functional_factor": 1.2852525456837327
}