{
    "structural_factor": 2.2196329910121912,
    "functional_factor": 1.0782125033949899
}