{
    "structural_factor": 2.4741456674659554,
    "functional_factor": 2.6273791081238818
}