{
    "structural_factor": 3.332960122826922,
    "functional_factor": 1.247324669398926
}