{
    "structural_factor": 1.5889357776754964,
    "functional_factor": 1.45789463164392
}