{
    "structural_factor": 1.2069685235150682,
    "functional_factor": 3.303074551605409
}