{
    "structural_factor": 0.9951830541923233,
    "functional_factor": 1.0152680193167096
}