{
    "structural_factor": 4.679830663888423,
    "functional_factor": 1.484531197300941
}