{
    "structural_factor": 3.009864972076111,
    "functional_factor": 1.0168262643442636
}