{
    "structural_factor": 2.8203614278015143,
    "functional_factor": 1.3885509871243993
}