{
    "structural_factor": 2.0812587420372193,
    "functional_factor": 1.2768742207086627
}