{
    "structural_factor": 1.0277494199184356,
    "functional_factor": 2.239661135139012
}