{
    "structural_factor": 1.799195155059291,
    "functional_factor": 1.0929133153442558
}