{
    "structural_factor": 3.174192947054974,
    "functional_factor": 1.2408100163019946
}