{
    "structural_factor": 1.4868774153162037,
    "functional_factor": 1.290909197933632
}