{
    "structural_factor": 1.569107551978422,
    "functional_factor": 2.824555940604858
}