{
    "structural_factor": 2.121435613927109,
    "functional_factor": 2.0832750027533176
}