{
    "structural_factor": 1.9616334660178025,
    "functional_factor": 4.2089460628383595
}