{
    "structural_factor": 4.269769531965478,
    "functional_factor": 1.082815026907511
}