{
    "structural_factor": 2.1208490895537553,
    "functional_factor": 3.3449647074593827
}