{
    "structural_factor": 0.9844920539936235,
    "functional_factor": 3.3209357551131395
}