{
    "structural_factor": 2.007746065650335,
    "functional_factor": 0.9925760089083419
}