{
    "structural_factor": 3.9596486136641484,
    "functional_factor": 2.0708494734766107
}