{
    "structural_factor": 1.8133944739651917,
    "functional_factor": 1.681492738261316
}