{
    "structural_factor": 1.2465011530850012,
    "functional_factor": 1.7548884149436865
}