{
    "structural_factor": 3.263814986212339,
    "functional_factor": 1.0340023955268736
}