{
    "structural_factor": 2.2509286645408046,
    "functional_factor": 1.0214390992353781
}