{
    "structural_factor": 1.9752920630063904,
    "functional_factor": 2.313850587089992
}