{
    "structural_factor": 3.4933100333252174,
    "functional_factor": 1.760057781658218
}