{
    "structural_factor": 2.0016572056246797,
    "functional_factor": 1.0130424592460638
}