{
    "structural_factor": 2.8178975359228393,
    "functional_factor": 2.5890326248127264
}