{
    "structural_factor": 2.124302643963041,
    "functional_factor": 9.02053376286841
}