{
    "structural_factor": 3.495870776893062,
    "functional_factor": 4.05853003596447
}