{
    "structural_factor": 2.180612792660302,
    "functional_factor": 3.4190436165029654
}