{
    "structural_factor": 2.5971210267051035,
    "functional_factor": 3.2870068801797028
}