{
    "structural_factor": 0.823075843669814,
    "functional_factor": 5.760096148163779
}