{
    "structural_factor": 4.1328854949765415,
    "functional_factor": 3.2497402995102007
}