{
    "structural_factor": 2.2283309727844873,
    "functional_factor": 1.1235380434063438
}