{
    "structural_factor": 3.71506433846051,
    "functional_factor": 1.211591146080628
}