{
    "structural_factor": 1.4089031039574833,
    "functional_factor": 7.355979490694198
}