{
    "structural_factor": 1.348740672114894,
    "functional_factor": 2.5376505467912107
}