{
    "structural_factor": 1.5380687301412097,
    "functional_factor": 1.1440050408641818
}