{
    "structural_factor": 3.511768033337246,
    "functional_factor": 1.0051438958293948
}