{
    "structural_factor": 3.502439313005813,
    "functional_factor": 1.0041306937071997
}