{
    "structural_factor": 1.6225479576761432,
    "functional_factor": 1.3346919688670262
}