{
    "structural_factor": 4.760358946378393,
    "functional_factor": 2.5948448644329445
}