{
    "structural_factor": 3.8303891019189953,
    "functional_factor": 3.534181644101652
}