{
    "structural_factor": 0.37105279870432856,
    "functional_factor": 6.719303079212286
}