{
    "structural_factor": 2.291908325787782,
    "functional_factor": 1.4681166162700297
}