{
    "structural_factor": 2.851185121439578,
    "functional_factor": 2.646012519688749
}