{
    "structural_factor": 4.254424378647932,
    "functional_factor": 0.994184842170869
}