{
    "structural_factor": 3.6637826331986743,
    "functional_factor": 1.9931726704784853
}