{
    "structural_factor": 1.968869804928759,
    "functional_factor": 9.091566129413394
}