{
    "structural_factor": 2.9464540647936444,
    "functional_factor": 3.873818538885592
}