{
    "structural_factor": 3.0023544089000906,
    "functional_factor": 3.720539225582883
}