{
    "structural_factor": 2.5614109472912254,
    "functional_factor": 3.5646033482084998
}