{
    "structural_factor": 2.1540920534528647,
    "functional_factor": 1.7554178489439327
}