{
    "structural_factor": 3.4621762487351013,
    "functional_factor": 3.3881055288330235
}