{
    "structural_factor": 4.255042358837952,
    "functional_factor": 1.0856132714308766
}