{
    "structural_factor": 2.9123535286014675,
    "functional_factor": 1.8726626053571205
}