{
    "structural_factor": 3.5297242727679263,
    "functional_factor": 1.0783176180013136
}