{
    "structural_factor": 2.7491553195385725,
    "functional_factor": 0.9962721894716483
}