{
    "structural_factor": 2.309993810448158,
    "functional_factor": 1.7386511973481227
}