{
    "structural_factor": 4.0193723001588895,
    "functional_factor": 2.078158036309149
}