{
    "structural_factor": 1.3147129570065477,
    "functional_factor": 2.0185269636693994
}