{
    "structural_factor": 2.3014238664375526,
    "functional_factor": 2.5753897846402904
}