{
    "structural_factor": 1.2203061216489,
    "functional_factor": 1.078699226809684
}