{
    "structural_factor": 3.0221848297866165,
    "functional_factor": 1.0404931381861031
}