{
    "structural_factor": 3.5014019546668855,
    "functional_factor": 1.042046209237745
}