{
    "structural_factor": 4.609576922134201,
    "functional_factor": 1.1779907940381484
}