{
    "structural_factor": 4.336602315303751,
    "functional_factor": 3.422704281856684
}