{
    "structural_factor": 2.0095393455866453,
    "functional_factor": 11.682535829308934
}