{
    "structural_factor": 0.9188584440758918,
    "functional_factor": 1.4880911280958242
}