{
    "structural_factor": 1.214275503644814,
    "functional_factor": 1.3079857047640988
}