{
    "structural_factor": 2.9646399988348664,
    "functional_factor": 1.2143536782506763
}