{
    "structural_factor": 1.7497344201899023,
    "functional_factor": 0.9999992105181212
}