{
    "structural_factor": 3.2527953244990955,
    "functional_factor": 2.8758928805923705
}