{
    "structural_factor": 1.1787874584987894,
    "functional_factor": 1.946451899309966
}