{
    "structural_factor": 1.7505440337186815,
    "functional_factor": 1.0387408183745328
}