{
    "structural_factor": 4.626214104219201,
    "functional_factor": 3.0496248226985285
}