{
    "structural_factor": 3.4851354030785338,
    "functional_factor": 1.6212205485591435
}