{
    "structural_factor": 1.0908109297711097,
    "functional_factor": 4.466173531300993
}