{
    "structural_factor": 3.7628323825698926,
    "functional_factor": 2.133715964961848
}