{
    "structural_factor": 3.727781245035887,
    "functional_factor": 1.7537926532234678
}