{
    "structural_factor": 1.8836191813208323,
    "functional_factor": 3.5755296399071663
}