{
    "structural_factor": 1.2512155312460689,
    "functional_factor": 1.0037383952113963
}