{
    "structural_factor": 4.504455941055712,
    "functional_factor": 1.0498355556148813
}