{
    "structural_factor": 4.502341116582776,
    "functional_factor": 1.0051119245517253
}