{
    "structural_factor": 4.205984057652311,
    "functional_factor": 2.693987058482675
}