{
    "structural_factor": 3.536187671467093,
    "functional_factor": 1.2295336052216121
}