{
    "structural_factor": 4.436971137359102,
    "functional_factor": 1.2206279670303992
}