{
    "structural_factor": 1.273747272102986,
    "functional_factor": 1.0620282705691784
}