{
    "structural_factor": 3.408055753796472,
    "functional_factor": 1.2742800900353084
}