{
    "structural_factor": 2.5876189511020913,
    "functional_factor": 1.2429669321459929
}