{
    "structural_factor": 2.467350971191201,
    "functional_factor": 2.800813191860289
}