{
    "structural_factor": 2.3955078168836788,
    "functional_factor": 3.4662789801204354
}