{
    "structural_factor": 0.8006652673835016,
    "functional_factor": 3.4345795907814916
}