{
    "structural_factor": 3.9482832298335557,
    "functional_factor": 1.2161731011329893
}