{
    "structural_factor": 1.6793888474236585,
    "functional_factor": 3.23000049060574
}