{
    "structural_factor": 4.323056244131209,
    "functional_factor": 1.2687192584697828
}