{
    "structural_factor": 1.524220896355117,
    "functional_factor": 2.788444501502327
}