{
    "structural_factor": 3.8736284290001954,
    "functional_factor": 1.364344392370128
}