{
    "structural_factor": 3.3415932615001624,
    "functional_factor": 1.2991450532616753
}