{
    "structural_factor": 0.46711870901175895,
    "functional_factor": 2.7740405142004194
}