{
    "structural_factor": 2.6760237161330833,
    "functional_factor": 2.8331583435646754
}