{
    "structural_factor": 3.562732459903247,
    "functional_factor": 1.5506820630569682
}