{
    "structural_factor": 1.2138250616128539,
    "functional_factor": 1.3830741009381309
}