{
    "structural_factor": 1.7302563255925805,
    "functional_factor": 1.2099105097509977
}