{
    "structural_factor": 0.8396557553279981,
    "functional_factor": 7.575144917803981
}