{
    "structural_factor": 3.5967487763326225,
    "functional_factor": 1.806893412866084
}