{
    "structural_factor": 2.962524333825971,
    "functional_factor": 1.8310648223185768
}