{
    "structural_factor": 4.501373419403186,
    "functional_factor": 0.9995261260888714
}