{
    "structural_factor": 2.511733734510339,
    "functional_factor": 1.013165628875839
}