{
    "structural_factor": 4.250330111849539,
    "functional_factor": 0.9997177983206976
}