{
    "structural_factor": 4.502609529677833,
    "functional_factor": 1.0049567720729558
}