{
    "structural_factor": 1.52507129146858,
    "functional_factor": 1.0597328161330912
}