{
    "structural_factor": 3.2283216617170836,
    "functional_factor": 3.1117800831939184
}