{
    "structural_factor": 3.4922149834877563,
    "functional_factor": 1.1202075372899392
}