{
    "structural_factor": 2.6149240751292515,
    "functional_factor": 1.9906534334027897
}