{
    "structural_factor": 3.602122854769092,
    "functional_factor": 1.633514919167381
}