{
    "structural_factor": 2.5235419482248367,
    "functional_factor": 1.0296467257587283
}