{
    "structural_factor": 4.755557989737652,
    "functional_factor": 1.0836133447812177
}