{
    "structural_factor": 3.792848653072381,
    "functional_factor": 2.46687294029608
}