{
    "structural_factor": 1.8679333452025826,
    "functional_factor": 3.669626627701734
}