{
    "structural_factor": 4.014386736426034,
    "functional_factor": 1.8014803372816954
}