{
    "structural_factor": 1.3181673090918185,
    "functional_factor": 1.3141620225469073
}