{
    "structural_factor": 5.01105456001362,
    "functional_factor": 1.085619369469332
}