{
    "structural_factor": 1.4973029180769515,
    "functional_factor": 1.0001640283082478
}