{
    "structural_factor": 2.839978922455659,
    "functional_factor": 1.213734077434328
}