{
    "structural_factor": 1.909021411061507,
    "functional_factor": 2.55958941258302
}