{
    "structural_factor": 2.2765945847813254,
    "functional_factor": 2.828380184053313
}