{
    "structural_factor": 0.8710427304803,
    "functional_factor": 8.115711917051897
}