{
    "structural_factor": 0.997904347061001,
    "functional_factor": 1.0344732843239506
}