{
    "structural_factor": 2.080992594891024,
    "functional_factor": 2.6620792815470162
}