{
    "structural_factor": 4.77177025520719,
    "functional_factor": 1.0780445955852551
}