{
    "structural_factor": 2.996195666022623,
    "functional_factor": 1.0179207337364502
}