{
    "structural_factor": 0.990541399085105,
    "functional_factor": 1.0485146142574207
}