{
    "structural_factor": 1.5219205428877933,
    "functional_factor": 2.551933099964233
}