{
    "structural_factor": 4.022873394714418,
    "functional_factor": 1.5521368339774237
}