{
    "structural_factor": 1.228598353275018,
    "functional_factor": 1.7197989178925746
}