{
    "structural_factor": 3.264876670799142,
    "functional_factor": 1.0401758351950896
}