{
    "structural_factor": 5.002002648486576,
    "functional_factor": 0.999430726155931
}