{
    "structural_factor": 1.501663242446402,
    "functional_factor": 1.0029718252529438
}