{
    "structural_factor": 1.0335684688843407,
    "functional_factor": 1.3007386606318525
}