{
    "structural_factor": 3.292887787886657,
    "functional_factor": 1.1071261303962716
}