{
    "structural_factor": 3.9850313793877667,
    "functional_factor": 7.567241471158969
}