{
    "structural_factor": 1.757954910664866,
    "functional_factor": 0.9896695921596871
}