{
    "structural_factor": 3.9373241470683835,
    "functional_factor": 3.134420777339995
}