{
    "structural_factor": 3.6060442049100545,
    "functional_factor": 1.8187839836201856
}