{
    "structural_factor": 1.6333697047233975,
    "functional_factor": 3.8176698260372577
}