{
    "structural_factor": 2.2708109474486182,
    "functional_factor": 2.779320223841963
}