{
    "structural_factor": 1.244836332979421,
    "functional_factor": 1.084195419699136
}