{
    "structural_factor": 3.522654494023345,
    "functional_factor": 1.2381288039272313
}