{
    "structural_factor": 2.509155942265278,
    "functional_factor": 1.0771587477429856
}