{
    "structural_factor": 3.989879313382013,
    "functional_factor": 1.0373870597050348
}