{
    "structural_factor": 1.0230658317033174,
    "functional_factor": 1.1033260986428652
}