{
    "structural_factor": 4.234112661065021,
    "functional_factor": 3.527097526154146
}