{
    "structural_factor": 3.376542087584189,
    "functional_factor": 1.3792590185378784
}