{
    "structural_factor": 3.749917312984077,
    "functional_factor": 0.9998476173632618
}