{
    "structural_factor": 0.8308403351254322,
    "functional_factor": 5.786901999497485
}