{
    "structural_factor": 2.7292509365814523,
    "functional_factor": 3.421383693711297
}