{
    "structural_factor": 4.173643198110669,
    "functional_factor": 1.1302462912520639
}