{
    "structural_factor": 3.693806085497131,
    "functional_factor": 3.3894224876756165
}