{
    "structural_factor": 4.267075539273838,
    "functional_factor": 1.729860830121545
}