{
    "structural_factor": 1.8098926239219282,
    "functional_factor": 1.8735213206728818
}