{
    "structural_factor": 3.7743740279334674,
    "functional_factor": 1.566235265428826
}