{
    "structural_factor": 3.047748135371091,
    "functional_factor": 1.2506373395729893
}