{
    "structural_factor": 1.6586881657940302,
    "functional_factor": 1.5196404171460984
}