{
    "structural_factor": 4.498822766683546,
    "functional_factor": 1.1428871707287707
}