{
    "structural_factor": 1.1751195724928107,
    "functional_factor": 3.5341610286566505
}