{
    "structural_factor": 1.6215517011377003,
    "functional_factor": 2.0746631240478517
}