{
    "structural_factor": 2.7596232214387353,
    "functional_factor": 0.9940091836026822
}