{
    "structural_factor": 2.550127812044194,
    "functional_factor": 1.256010104855754
}