{
    "structural_factor": 1.6446240408151973,
    "functional_factor": 1.2901703417934842
}