{
    "structural_factor": 3.4997227405253026,
    "functional_factor": 0.9999202687735109
}