{
    "structural_factor": 3.5029949652970336,
    "functional_factor": 1.5338587625213733
}