{
    "structural_factor": 1.8410536616336346,
    "functional_factor": 1.497533087762546
}