{
    "structural_factor": 1.2492987444433188,
    "functional_factor": 0.9961502964575962
}