{
    "structural_factor": 3.502805269172409,
    "functional_factor": 1.004466438365876
}