{
    "structural_factor": 2.340363715102968,
    "functional_factor": 3.878110840126867
}