{
    "structural_factor": 3.751296715112964,
    "functional_factor": 1.0048105064851527
}