{
    "structural_factor": 0.9812148330404934,
    "functional_factor": 1.1340079757351302
}