{
    "structural_factor": 3.7528008543630498,
    "functional_factor": 1.0046291326899486
}