{
    "structural_factor": 2.4164428741273802,
    "functional_factor": 1.4797381486166146
}