{
    "structural_factor": 5.013785580907426,
    "functional_factor": 1.0404326467101213
}