{
    "structural_factor": 2.260409547472574,
    "functional_factor": 1.0758117570661547
}