{
    "structural_factor": 2.9913662383516697,
    "functional_factor": 1.049816667794186
}