{
    "structural_factor": 4.0133464482940955,
    "functional_factor": 1.3537387646007855
}