{
    "structural_factor": 4.53429657874523,
    "functional_factor": 1.4027047071111882
}