{
    "structural_factor": 1.540758898972039,
    "functional_factor": 1.8358498303184105
}