{
    "structural_factor": 4.722710381609093,
    "functional_factor": 1.078935156124219
}