{
    "structural_factor": 2.3331552644913707,
    "functional_factor": 3.2170674900017495
}