{
    "structural_factor": 3.970574620231235,
    "functional_factor": 1.628654167492448
}