{
    "structural_factor": 3.0027904397953713,
    "functional_factor": 1.0040124690211825
}