{
    "structural_factor": 1.7565214570607575,
    "functional_factor": 1.3396560206527695
}