{
    "structural_factor": 4.496073815586445,
    "functional_factor": 1.0209987702233878
}