{
    "structural_factor": 3.001522881050096,
    "functional_factor": 1.0426397612013298
}