{
    "structural_factor": 1.0533001291451805,
    "functional_factor": 8.610172992897905
}