{
    "structural_factor": 3.047854326786716,
    "functional_factor": 1.0623517072501805
}