{
    "structural_factor": 3.2576090414410728,
    "functional_factor": 1.125044382348616
}