{
    "structural_factor": 2.4298920481914865,
    "functional_factor": 1.4971643676660753
}