{
    "structural_factor": 1.141822884859685,
    "functional_factor": 1.5323719787834893
}