{
    "structural_factor": 2.677250515883171,
    "functional_factor": 1.4999635673511613
}