{
    "structural_factor": 0.3100191271170771,
    "functional_factor": 8.389881113636026
}