{
    "structural_factor": 2.705910367867975,
    "functional_factor": 2.5355141659261617
}