{
    "structural_factor": 4.019800764388894,
    "functional_factor": 1.1899850131584455
}