{
    "structural_factor": 3.29552594529164,
    "functional_factor": 2.0237074848660965
}