{
    "structural_factor": 4.575166181028247,
    "functional_factor": 2.2263695014264053
}