{
    "structural_factor": 1.0116909808898655,
    "functional_factor": 1.0612964585166096
}