{
    "structural_factor": 4.04395524163031,
    "functional_factor": 1.1313481469827442
}