{
    "structural_factor": 2.67598282300514,
    "functional_factor": 1.3652766176775888
}