{
    "structural_factor": 1.9184165811432174,
    "functional_factor": 4.646877113327289
}