{
    "structural_factor": 1.7158070916136001,
    "functional_factor": 1.2626702274548092
}