{
    "structural_factor": 4.269283703112576,
    "functional_factor": 1.0736532769567502
}