{
    "structural_factor": 4.250113353219443,
    "functional_factor": 0.9997938184151361
}