{
    "structural_factor": 4.2917752286175475,
    "functional_factor": 1.5631646057297217
}