{
    "structural_factor": 1.0034608483066918,
    "functional_factor": 1.0138519124674037
}