{
    "structural_factor": 2.953708096120543,
    "functional_factor": 4.575810859234518
}