{
    "structural_factor": 1.1723942985549998,
    "functional_factor": 1.9102184494516052
}