{
    "structural_factor": 3.4454164239906437,
    "functional_factor": 1.8312990096055217
}