{
    "structural_factor": 1.4420212806780732,
    "functional_factor": 1.502480354604385
}