{
    "structural_factor": 1.7205487120208496,
    "functional_factor": 1.0773988440428643
}