{
    "structural_factor": 1.2503359015425526,
    "functional_factor": 0.9978785962792721
}