{
    "structural_factor": 4.359406388476279,
    "functional_factor": 2.281585058204404
}