{
    "structural_factor": 4.489194524455473,
    "functional_factor": 1.0390175663574563
}