{
    "structural_factor": 3.6509805727290754,
    "functional_factor": 1.710040700789959
}