{
    "structural_factor": 2.972662275794146,
    "functional_factor": 1.1044306166570894
}