{
    "structural_factor": 1.032738746993757,
    "functional_factor": 1.3166054583437299
}