{
    "structural_factor": 1.2489646492449886,
    "functional_factor": 1.002406107763185
}