{
    "structural_factor": 2.3072302604822554,
    "functional_factor": 1.1584256434217965
}