{
    "structural_factor": 0.9621305602722126,
    "functional_factor": 1.5309350511814788
}