{
    "structural_factor": 4.0072450351961555,
    "functional_factor": 1.0170945925154409
}