{
    "structural_factor": 4.481450500986655,
    "functional_factor": 3.5495211593938674
}