{
    "structural_factor": 3.2688188125132296,
    "functional_factor": 1.0353837311159177
}