{
    "structural_factor": 1.7684434061503194,
    "functional_factor": 1.0265443509046235
}