{
    "structural_factor": 1.7193172634441731,
    "functional_factor": 9.05791406185783
}