{
    "structural_factor": 2.523879701763751,
    "functional_factor": 1.0327438604868007
}