{
    "structural_factor": 1.1866844837878232,
    "functional_factor": 2.878350027548174
}