{
    "structural_factor": 1.4555821953506858,
    "functional_factor": 4.35255388833766
}