{
    "structural_factor": 2.2456936567779873,
    "functional_factor": 1.0615411284789866
}