{
    "structural_factor": 5.040923946163902,
    "functional_factor": 1.5697252523016874
}