{
    "structural_factor": 2.0422706886442668,
    "functional_factor": 1.059515311810443
}