{
    "structural_factor": 4.672559414459517,
    "functional_factor": 1.221439555667111
}