{
    "structural_factor": 3.550493076958942,
    "functional_factor": 1.4091995345841544
}