{
    "structural_factor": 1.110139005847702,
    "functional_factor": 2.279568538614176
}