{
    "structural_factor": 3.861409423744899,
    "functional_factor": 2.0302880585015393
}