{
    "structural_factor": 3.060645332566742,
    "functional_factor": 14.791739631992474
}