{
    "structural_factor": 3.527080724566057,
    "functional_factor": 1.076956019259013
}