{
    "structural_factor": 3.2125979715139614,
    "functional_factor": 1.6714116996107273
}