{
    "structural_factor": 1.0007621571087393,
    "functional_factor": 1.00392572773463
}