{
    "structural_factor": 4.114918955056155,
    "functional_factor": 2.5764663166572066
}