{
    "structural_factor": 3.9288745059092003,
    "functional_factor": 3.334485462353947
}