{
    "structural_factor": 3.4826550361129374,
    "functional_factor": 1.4207380975643893
}