{
    "structural_factor": 1.9837490472470325,
    "functional_factor": 1.0791483915675988
}