{
    "structural_factor": 3.2034546197533302,
    "functional_factor": 3.1770538313556282
}