{
    "structural_factor": 2.8200889607777944,
    "functional_factor": 1.3484640980587708
}