{
    "structural_factor": 2.793684044745732,
    "functional_factor": 1.0609063443975442
}