{
    "structural_factor": 2.277230897159843,
    "functional_factor": 2.0260682880711114
}