{
    "structural_factor": 0.9940605293029567,
    "functional_factor": 1.0413207125456332
}