{
    "structural_factor": 2.0122758393956213,
    "functional_factor": 0.9942354709427316
}