{
    "structural_factor": 4.9463612106367885,
    "functional_factor": 1.6428930087981413
}