{
    "structural_factor": 2.291390009487897,
    "functional_factor": 1.113229632646312
}