{
    "structural_factor": 3.253942641212149,
    "functional_factor": 3.382801613491439
}