{
    "structural_factor": 2.280086716657016,
    "functional_factor": 1.0361462553391922
}