{
    "structural_factor": 2.087128385934622,
    "functional_factor": 1.4869821392593732
}