{
    "structural_factor": 4.030098966309443,
    "functional_factor": 1.1600877184405551
}