{
    "structural_factor": 2.2640220669894737,
    "functional_factor": 6.421147027856694
}