{
    "structural_factor": 3.4840212221909077,
    "functional_factor": 2.0775476061625
}