{
    "structural_factor": 0.9964041035683959,
    "functional_factor": 3.725920786239106
}