{
    "structural_factor": 2.5853320133944337,
    "functional_factor": 1.5144750640500306
}