{
    "structural_factor": 1.7515641954460397,
    "functional_factor": 1.0034772047080252
}