{
    "structural_factor": 3.2618570888314076,
    "functional_factor": 1.0780928480591647
}