{
    "structural_factor": 1.007287291792154,
    "functional_factor": 1.0346183641186384
}