{
    "structural_factor": 4.440321466749731,
    "functional_factor": 1.4530978900391736
}