{
    "structural_factor": 2.5413495467787492,
    "functional_factor": 2.0963473532586674
}