{
    "structural_factor": 4.800099422717949,
    "functional_factor": 1.212965222098673
}