{
    "structural_factor": 3.0129034641003534,
    "functional_factor": 1.0154725731716923
}