{
    "structural_factor": 2.174720188019285,
    "functional_factor": 1.5004484965190552
}