{
    "structural_factor": 4.287946580480196,
    "functional_factor": 1.3928566918082137
}