{
    "structural_factor": 1.50404010661917,
    "functional_factor": 3.348419340488598
}