{
    "structural_factor": 1.7227207021564739,
    "functional_factor": 1.5310016604925003
}