{
    "structural_factor": 2.091570881417019,
    "functional_factor": 3.71219999001191
}