{
    "structural_factor": 2.0026496458160508,
    "functional_factor": 1.003265697826195
}