{
    "structural_factor": 3.316733137167175,
    "functional_factor": 1.43800636076555
}