{
    "structural_factor": 1.242545517963959,
    "functional_factor": 1.0397671517129106
}