{
    "structural_factor": 2.751711103633304,
    "functional_factor": 1.0411448850202696
}