{
    "structural_factor": 0.9522581639429915,
    "functional_factor": 1.3955846638927283
}