{
    "structural_factor": 1.0947526697586103,
    "functional_factor": 2.0857920983592906
}