{
    "structural_factor": 4.385455231413201,
    "functional_factor": 2.956623450183929
}