{
    "structural_factor": 2.8684766287130765,
    "functional_factor": 1.5438187102145247
}