{
    "structural_factor": 3.254472458685291,
    "functional_factor": 0.9960974442330411
}