{
    "structural_factor": 4.508398820785395,
    "functional_factor": 0.9929891548084274
}