{
    "structural_factor": 2.0809582338245374,
    "functional_factor": 1.3600422438517537
}