{
    "structural_factor": 3.568826300831683,
    "functional_factor": 5.903364873905226
}