{
    "structural_factor": 3.517878569186937,
    "functional_factor": 1.0705454356204334
}