{
    "structural_factor": 4.234368238924042,
    "functional_factor": 1.34707785343569
}