{
    "structural_factor": 2.999479737598441,
    "functional_factor": 1.0000019600764654
}