{
    "structural_factor": 1.750570444071752,
    "functional_factor": 1.0035421007426035
}