{
    "structural_factor": 1.7496723811995718,
    "functional_factor": 1.000022990299083
}