{
    "structural_factor": 4.0630510777905124,
    "functional_factor": 1.5377969499415154
}