{
    "structural_factor": 1.0067823327042638,
    "functional_factor": 1.0311371488940047
}