{
    "structural_factor": 4.000597810123226,
    "functional_factor": 0.9997048880314853
}