{
    "structural_factor": 4.980119203805805,
    "functional_factor": 2.820768059751732
}