{
    "structural_factor": 4.510746878101213,
    "functional_factor": 1.0496347367003316
}