{
    "structural_factor": 1.8213741585388128,
    "functional_factor": 1.3151394812066748
}