{
    "structural_factor": 3.772657668769724,
    "functional_factor": 1.0166816161644132
}