{
    "structural_factor": 0.7688083901398574,
    "functional_factor": 4.517206548609875
}