{
    "structural_factor": 2.622678338179661,
    "functional_factor": 1.4312465787701072
}