{
    "structural_factor": 2.5219660277021996,
    "functional_factor": 1.1165169701901114
}