{
    "structural_factor": 5.022455342134013,
    "functional_factor": 1.291349055232216
}