{
    "structural_factor": 3.2368323243607033,
    "functional_factor": 1.7471074429892974
}