{
    "structural_factor": 3.045923597908223,
    "functional_factor": 1.113749528820384
}