{
    "structural_factor": 2.2474442964161336,
    "functional_factor": 1.0473320951523113
}