{
    "structural_factor": 1.4431040253092542,
    "functional_factor": 1.2168435338902368
}