{
    "structural_factor": 1.0132261372384699,
    "functional_factor": 2.4175124172105456
}