{
    "structural_factor": 1.570585594831136,
    "functional_factor": 10.53683332766886
}