{
    "structural_factor": 3.246965675088217,
    "functional_factor": 1.3764225000294985
}