{
    "structural_factor": 5.027803109572548,
    "functional_factor": 0.9938299693670989
}