{
    "structural_factor": 0.5796528125030714,
    "functional_factor": 8.801405287236973
}