{
    "structural_factor": 3.829155593425857,
    "functional_factor": 2.5552135307180897
}