{
    "structural_factor": 3.516638598244731,
    "functional_factor": 1.187531725498177
}