{
    "structural_factor": 1.4597306061749014,
    "functional_factor": 1.3274167477243852
}