{
    "structural_factor": 2.002317814163617,
    "functional_factor": 1.0038530147057905
}