{
    "structural_factor": 2.295896425839639,
    "functional_factor": 1.0634537468647143
}