{
    "structural_factor": 3.009724681352333,
    "functional_factor": 1.0043700371874222
}