{
    "structural_factor": 4.251008998058858,
    "functional_factor": 1.2447014082183463
}