{
    "structural_factor": 4.998315194419738,
    "functional_factor": 1.0194760254976498
}