{
    "structural_factor": 3.9336719589619404,
    "functional_factor": 1.8472388141649947
}