{
    "structural_factor": 3.434243585819957,
    "functional_factor": 2.6616030311120444
}