{
    "structural_factor": 3.2918089314509387,
    "functional_factor": 1.1682810074552124
}