{
    "structural_factor": 4.751643100374962,
    "functional_factor": 0.9994481477418592
}