{
    "structural_factor": 1.9716777448143308,
    "functional_factor": 1.2187541023881536
}