{
    "structural_factor": 1.0006715401224997,
    "functional_factor": 3.1590451694985893
}