{
    "structural_factor": 2.1332660406493873,
    "functional_factor": 4.412152564915697
}