{
    "structural_factor": 3.77360530086527,
    "functional_factor": 1.0743777259375982
}