{
    "structural_factor": 3.1622122218523265,
    "functional_factor": 4.007774237746697
}