{
    "structural_factor": 1.3244651597096995,
    "functional_factor": 7.567955439152186
}