{
    "structural_factor": 0.6757660601484321,
    "functional_factor": 7.6127378292974
}