{
    "structural_factor": 1.7540810105282076,
    "functional_factor": 0.9932218842612709
}