{
    "structural_factor": 1.4839926478337269,
    "functional_factor": 1.2091424644575701
}