{
    "structural_factor": 1.7793378617436293,
    "functional_factor": 1.1110789693804126
}