{
    "structural_factor": 3.0031358321674753,
    "functional_factor": 1.0040552164980447
}