{
    "structural_factor": 3.771676575297712,
    "functional_factor": 1.1885605207740544
}