{
    "structural_factor": 0.9820564824409499,
    "functional_factor": 1.072295358118155
}