{
    "structural_factor": 4.666231927762838,
    "functional_factor": 1.84393758766585
}