{
    "structural_factor": 4.577133865865952,
    "functional_factor": 1.7685183437025578
}