{
    "structural_factor": 2.6196630798429292,
    "functional_factor": 1.5383093645238213
}