{
    "structural_factor": 3.5038367420854755,
    "functional_factor": 1.0201024266864218
}