{
    "structural_factor": 1.2231009925998602,
    "functional_factor": 2.8336152075245673
}