{
    "structural_factor": 2.4237359922930204,
    "functional_factor": 2.212794265190794
}