{
    "structural_factor": 4.753342361852084,
    "functional_factor": 1.0046110876239682
}