{
    "structural_factor": 1.001073542430598,
    "functional_factor": 1.0249373159001787
}