{
    "structural_factor": 1.7725925223099277,
    "functional_factor": 1.0358283379842907
}