{
    "structural_factor": 2.735528765304854,
    "functional_factor": 1.3417191086146416
}