{
    "structural_factor": 2.483153703896941,
    "functional_factor": 3.7132361349183065
}