{
    "structural_factor": 1.548731214280399,
    "functional_factor": 1.5441420876157033
}