{
    "structural_factor": 4.600844063961381,
    "functional_factor": 1.2483601709010155
}