{
    "structural_factor": 1.4656151852093315,
    "functional_factor": 1.2115843631373315
}