{
    "structural_factor": 0.8851380100930335,
    "functional_factor": 2.3453178771004333
}