{
    "structural_factor": 4.249501012041185,
    "functional_factor": 1.0194495023177674
}