{
    "structural_factor": 0.7779854014911879,
    "functional_factor": 5.652330831932302
}