{
    "structural_factor": 1.0400860334406432,
    "functional_factor": 1.7885621502614506
}