{
    "structural_factor": 1.2438674564944265,
    "functional_factor": 1.0038659959838958
}