{
    "structural_factor": 5.017225153236115,
    "functional_factor": 1.0035599810732956
}