{
    "structural_factor": 2.0891803701828398,
    "functional_factor": 1.2280158958103797
}