{
    "structural_factor": 4.257591053602506,
    "functional_factor": 2.6052293348375404
}