{
    "structural_factor": 1.7372764392629334,
    "functional_factor": 2.4263066435731315
}