{
    "structural_factor": 1.7519145327433674,
    "functional_factor": 1.0035286364646123
}