{
    "structural_factor": 2.8019915431699896,
    "functional_factor": 3.141353411205332
}