{
    "structural_factor": 4.000385743639996,
    "functional_factor": 0.9931916659601261
}