{
    "structural_factor": 0.9634534558620609,
    "functional_factor": 9.039793323089604
}