{
    "structural_factor": 5.002614084047344,
    "functional_factor": 1.0180413445839835
}