{
    "structural_factor": 2.385522489243795,
    "functional_factor": 1.5342742726078025
}