{
    "structural_factor": 1.5013844401809482,
    "functional_factor": 1.0037988696467963
}