{
    "structural_factor": 3.672754888717057,
    "functional_factor": 1.129004406080875
}