{
    "structural_factor": 4.626941543892281,
    "functional_factor": 1.8829314656971088
}