{
    "structural_factor": 2.0057953067424568,
    "functional_factor": 1.003823758532257
}