{
    "structural_factor": 2.4509678909028607,
    "functional_factor": 1.123156801094848
}