{
    "structural_factor": 2.3297458665256494,
    "functional_factor": 1.777832473876437
}