{
    "structural_factor": 2.763315317759628,
    "functional_factor": 1.081836159246741
}