{
    "structural_factor": 3.9320112461334276,
    "functional_factor": 2.3154854441810997
}