{
    "structural_factor": 2.5132890762033133,
    "functional_factor": 1.000401762742771
}