{
    "structural_factor": 3.0426151788145845,
    "functional_factor": 1.0683440946811609
}