{
    "structural_factor": 2.310005546450727,
    "functional_factor": 1.3665759491273504
}