{
    "structural_factor": 3.040440416380359,
    "functional_factor": 1.067142863581015
}