{
    "structural_factor": 1.2497404839905695,
    "functional_factor": 5.883332860408411
}