{
    "structural_factor": 3.895141716161929,
    "functional_factor": 2.0149850083182197
}