{
    "structural_factor": 4.505555916893833,
    "functional_factor": 1.0501788500661746
}