{
    "structural_factor": 1.2581457519564254,
    "functional_factor": 2.520037105826553
}