{
    "structural_factor": 2.7475598326348436,
    "functional_factor": 1.006157798417024
}