{
    "structural_factor": 2.3913042233300166,
    "functional_factor": 2.305648737343455
}