{
    "structural_factor": 2.2533988152662197,
    "functional_factor": 1.0033209922886388
}