{
    "structural_factor": 1.2512001350732702,
    "functional_factor": 1.0034609719471688
}