{
    "structural_factor": 3.5016187258001117,
    "functional_factor": 1.0774742172154192
}