{
    "structural_factor": 4.77608227863426,
    "functional_factor": 1.7621261976720708
}