{
    "structural_factor": 3.746332213647234,
    "functional_factor": 1.020607428972171
}