{
    "structural_factor": 0.562699905238246,
    "functional_factor": 3.5648075365376215
}