{
    "structural_factor": 3.1457585406900774,
    "functional_factor": 2.285683052791554
}