{
    "structural_factor": 4.2325001044858315,
    "functional_factor": 1.0490338529519798
}