{
    "structural_factor": 2.7487407126453793,
    "functional_factor": 1.078941912073464
}