{
    "structural_factor": 3.0065877436128496,
    "functional_factor": 1.0400456686914663
}