{
    "structural_factor": 1.3761629558064343,
    "functional_factor": 2.605220088508186
}