{
    "structural_factor": 4.780570181250041,
    "functional_factor": 1.3469207475202871
}