{
    "structural_factor": 3.743369466177434,
    "functional_factor": 1.200206366768955
}