{
    "structural_factor": 4.52634565180075,
    "functional_factor": 1.0767093003655013
}