{
    "structural_factor": 2.33364498601659,
    "functional_factor": 1.3333637587970593
}