{
    "structural_factor": 3.7191887475269656,
    "functional_factor": 1.3436109872006816
}