{
    "structural_factor": 2.262013296495993,
    "functional_factor": 1.1812506231638324
}