{
    "structural_factor": 2.4977458421363474,
    "functional_factor": 1.0420649021097192
}