{
    "structural_factor": 4.00110061419951,
    "functional_factor": 1.0049688019091316
}