{
    "structural_factor": 1.2005613939971937,
    "functional_factor": 1.2466630692403589
}