{
    "structural_factor": 4.255620197924104,
    "functional_factor": 0.9944316047041238
}