{
    "structural_factor": 1.8032519012686878,
    "functional_factor": 1.5516423924909948
}