{
    "structural_factor": 2.331104338096411,
    "functional_factor": 4.0877797030003675
}