{
    "structural_factor": 2.796840224134622,
    "functional_factor": 1.0595763938691036
}