{
    "structural_factor": 2.794799098223558,
    "functional_factor": 6.158201246829295
}