{
    "structural_factor": 4.23563997021204,
    "functional_factor": 1.0499989949037982
}