{
    "structural_factor": 1.2319952625835144,
    "functional_factor": 1.0821151255374855
}