{
    "structural_factor": 4.047679784361644,
    "functional_factor": 3.4157392201403645
}