{
    "structural_factor": 2.4840376662409556,
    "functional_factor": 4.419756002130365
}