{
    "structural_factor": 4.035715715270437,
    "functional_factor": 1.1138930282746273
}