{
    "structural_factor": 1.5803969601357464,
    "functional_factor": 1.2525654507300208
}