{
    "structural_factor": 1.1381184342148891,
    "functional_factor": 1.4705701884368179
}