{
    "structural_factor": 3.75461109252673,
    "functional_factor": 1.0188895309625174
}