{
    "structural_factor": 1.0029527235805584,
    "functional_factor": 1.0136275147305116
}