{
    "structural_factor": 4.093342569370137,
    "functional_factor": 2.6383072134521877
}