{
    "structural_factor": 3.424147641207395,
    "functional_factor": 1.2418093227064657
}