{
    "structural_factor": 3.503113020794718,
    "functional_factor": 1.004424497087424
}