{
    "structural_factor": 4.220903588267949,
    "functional_factor": 1.1648062248030584
}