{
    "structural_factor": 2.4750628362559546,
    "functional_factor": 1.2060388898874885
}