{
    "structural_factor": 2.2719367926390053,
    "functional_factor": 1.0334935764972646
}