{
    "structural_factor": 2.255973349373882,
    "functional_factor": 1.0017586813860335
}