{
    "structural_factor": 4.500639339646694,
    "functional_factor": 0.9996986889112993
}