{
    "structural_factor": 2.251145747609742,
    "functional_factor": 1.0170668525913817
}