{
    "structural_factor": 1.9658818528911208,
    "functional_factor": 3.2190057533680605
}