{
    "structural_factor": 1.7591493802859104,
    "functional_factor": 1.0140384211457147
}