{
    "structural_factor": 3.1296244382845955,
    "functional_factor": 4.906956572479189
}