{
    "structural_factor": 2.9327018666307487,
    "functional_factor": 3.0662495181765084
}