{
    "structural_factor": 1.9894015143703727,
    "functional_factor": 1.0490150447650215
}