{
    "structural_factor": 4.073992213299533,
    "functional_factor": 1.2664494460712228
}