{
    "structural_factor": 3.562806194075622,
    "functional_factor": 1.5505669776345843
}