{
    "structural_factor": 2.0397036682311085,
    "functional_factor": 1.054918076967073
}