{
    "structural_factor": 4.521511318778204,
    "functional_factor": 1.1925867016483895
}