{
    "structural_factor": 2.8682230011746737,
    "functional_factor": 1.8161758374798802
}