{
    "structural_factor": 2.7535837494123703,
    "functional_factor": 1.0190821501735026
}