{
    "structural_factor": 4.401088134204292,
    "functional_factor": 2.01654846411601
}