{
    "structural_factor": 2.8951390623087834,
    "functional_factor": 1.7107002446209314
}