{
    "structural_factor": 3.8240964842619203,
    "functional_factor": 4.903673605820229
}