{
    "structural_factor": 2.088189749415815,
    "functional_factor": 2.0843679245547353
}