{
    "structural_factor": 3.528147968859928,
    "functional_factor": 2.1278161094278327
}