{
    "structural_factor": 2.0751966658132206,
    "functional_factor": 3.232558854541083
}