{
    "structural_factor": 2.7697748958644883,
    "functional_factor": 1.077574421669212
}