{
    "structural_factor": 4.781448499139945,
    "functional_factor": 1.7931102903359253
}