{
    "structural_factor": 4.075892709809527,
    "functional_factor": 1.3735141132828932
}