{
    "structural_factor": 0.8845665374328742,
    "functional_factor": 4.490540467135398
}