{
    "structural_factor": 2.760195204466106,
    "functional_factor": 1.1621185929411115
}