{
    "structural_factor": 1.9795106709196453,
    "functional_factor": 2.403087315117853
}