{
    "structural_factor": 3.7290720125265,
    "functional_factor": 1.0500927299084062
}