{
    "structural_factor": 1.5054582013849778,
    "functional_factor": 3.147644367942206
}