{
    "structural_factor": 3.7362801389159532,
    "functional_factor": 1.5210458915501253
}