{
    "structural_factor": 1.4561915857415666,
    "functional_factor": 5.574139193093505
}