{
    "structural_factor": 3.2649475907243715,
    "functional_factor": 1.810491841426706
}