{
    "structural_factor": 4.753527089854803,
    "functional_factor": 1.1470764210835698
}