{
    "structural_factor": 2.7189473568521976,
    "functional_factor": 1.2300501074621215
}