{
    "structural_factor": 1.6889807798322427,
    "functional_factor": 1.2438460841315133
}