{
    "structural_factor": 3.2715614494691345,
    "functional_factor": 2.5622474028249527
}