{
    "structural_factor": 2.5022227649716706,
    "functional_factor": 1.0032552527903165
}