{
    "structural_factor": 4.57514536297831,
    "functional_factor": 1.6430878772111683
}