{
    "structural_factor": 3.5094522553657286,
    "functional_factor": 1.0836367684266557
}