{
    "structural_factor": 2.4981554340351,
    "functional_factor": 1.00115871105484
}