{
    "structural_factor": 3.8961473290359265,
    "functional_factor": 1.7107397733736385
}