{
    "structural_factor": 2.83082897713635,
    "functional_factor": 4.071694721253455
}