{
    "structural_factor": 2.538192510566712,
    "functional_factor": 1.0909338927080863
}