{
    "structural_factor": 4.529733462641697,
    "functional_factor": 1.36538792188289
}