{
    "structural_factor": 3.823221670074588,
    "functional_factor": 1.8012919373060616
}