{
    "structural_factor": 2.5753095914522466,
    "functional_factor": 4.077765002637912
}