{
    "structural_factor": 2.29231363702225,
    "functional_factor": 1.0602356775679447
}