{
    "structural_factor": 1.9664670667731035,
    "functional_factor": 2.519696604335095
}