{
    "structural_factor": 1.4219045011520874,
    "functional_factor": 4.671495523035752
}