{
    "structural_factor": 4.395417333166986,
    "functional_factor": 1.7723000587300186
}