{
    "structural_factor": 2.3161894885927325,
    "functional_factor": 1.1273830590281695
}