{
    "structural_factor": 1.2865085113762218,
    "functional_factor": 3.8094901920799855
}