{
    "structural_factor": 2.306423319846806,
    "functional_factor": 1.0982330486170697
}