{
    "structural_factor": 1.1888021361607544,
    "functional_factor": 2.5224204894701057
}