{
    "structural_factor": 3.2562231173669796,
    "functional_factor": 0.9962303407191871
}