{
    "structural_factor": 3.5173649476396025,
    "functional_factor": 1.7756929478237105
}