{
    "structural_factor": 4.0039046762706185,
    "functional_factor": 1.1150248000043421
}