{
    "structural_factor": 2.505946194233646,
    "functional_factor": 3.1899906169453884
}