{
    "structural_factor": 1.890060829700668,
    "functional_factor": 3.93512599034232
}