{
    "structural_factor": 5.021103283670357,
    "functional_factor": 1.113086116068032
}