{
    "structural_factor": 2.742618983808353,
    "functional_factor": 1.781915821434412
}