{
    "structural_factor": 1.326828859824192,
    "functional_factor": 3.6731881725941107
}