{
    "structural_factor": 4.752280946498861,
    "functional_factor": 0.9993581010308723
}