{
    "structural_factor": 0.847106898607103,
    "functional_factor": 3.4630786329588363
}