{
    "structural_factor": 4.753680027273297,
    "functional_factor": 1.7944902128493003
}