{
    "structural_factor": 0.3852776403157592,
    "functional_factor": 5.285539165878281
}