{
    "structural_factor": 3.8787556556252034,
    "functional_factor": 2.2863069865920163
}