{
    "structural_factor": 2.6597104370001077,
    "functional_factor": 1.7094610956387113
}