{
    "structural_factor": 4.7448823531035735,
    "functional_factor": 1.020437764593634
}