{
    "structural_factor": 1.2495470685594652,
    "functional_factor": 1.0033245414131111
}