{
    "structural_factor": 4.327860894410687,
    "functional_factor": 1.3731965537611814
}