{
    "structural_factor": 2.3420862972505376,
    "functional_factor": 5.082147840898616
}