{
    "structural_factor": 2.2393171881351788,
    "functional_factor": 1.0466195780756644
}