{
    "structural_factor": 4.4731746341369405,
    "functional_factor": 1.9537820221063982
}