{
    "structural_factor": 3.7549566990829835,
    "functional_factor": 1.0774130239801778
}