{
    "structural_factor": 4.217954940359082,
    "functional_factor": 1.1098885940998329
}