{
    "structural_factor": 2.3876444302078585,
    "functional_factor": 4.4013409123785
}