{
    "structural_factor": 1.3025870232354115,
    "functional_factor": 1.3472766312334614
}