{
    "structural_factor": 3.1891073687298013,
    "functional_factor": 2.427079584720802
}