{
    "structural_factor": 0.5674228904384278,
    "functional_factor": 2.7668996549173044
}