{
    "structural_factor": 0.9695308992800125,
    "functional_factor": 1.2209236680460425
}