{
    "structural_factor": 2.011108673147283,
    "functional_factor": 1.1801261727124182
}