{
    "structural_factor": 2.575143749661499,
    "functional_factor": 1.3447108663377085
}