{
    "structural_factor": 3.260452519663941,
    "functional_factor": 1.0169341414139246
}