{
    "structural_factor": 3.457049690831643,
    "functional_factor": 2.915507935111509
}