{
    "structural_factor": 3.510214045276105,
    "functional_factor": 0.9952427817949872
}