{
    "structural_factor": 3.7377847962564403,
    "functional_factor": 1.564629829193807
}