{
    "structural_factor": 1.0138171255212722,
    "functional_factor": 4.937009194916484
}