{
    "structural_factor": 2.4142406055085583,
    "functional_factor": 4.007512148284404
}