{
    "structural_factor": 1.4647088786395805,
    "functional_factor": 1.7001961011195668
}