{
    "structural_factor": 4.575264714475289,
    "functional_factor": 1.370244827550175
}