{
    "structural_factor": 4.757750870881339,
    "functional_factor": 1.246905009698923
}