{
    "structural_factor": 3.0795831944491554,
    "functional_factor": 2.574768070559357
}