{
    "structural_factor": 4.11958394118585,
    "functional_factor": 1.1740518541723957
}