{
    "structural_factor": 2.459180906372628,
    "functional_factor": 2.331885196250926
}