{
    "structural_factor": 2.547526645956842,
    "functional_factor": 1.785158600406443
}