{
    "structural_factor": 3.496251668617292,
    "functional_factor": 1.0403935290762982
}