{
    "structural_factor": 3.010415423121128,
    "functional_factor": 1.513536562069722
}