{
    "structural_factor": 4.272169335826682,
    "functional_factor": 1.1270694549769107
}