{
    "structural_factor": 1.4973450229662013,
    "functional_factor": 1.0195553428130733
}