{
    "structural_factor": 1.8121232917763317,
    "functional_factor": 1.1882314418779922
}