{
    "structural_factor": 3.206824812309093,
    "functional_factor": 2.0182469368118454
}