{
    "structural_factor": 4.990512579483432,
    "functional_factor": 1.205284830720365
}