{
    "structural_factor": 2.503340862959244,
    "functional_factor": 1.003700551786472
}