{
    "structural_factor": 1.0482078413477427,
    "functional_factor": 1.3482417865117247
}