{
    "structural_factor": 0.5421706061951923,
    "functional_factor": 3.579647128312619
}