{
    "structural_factor": 4.188237385518038,
    "functional_factor": 1.8372864140420484
}