{
    "structural_factor": 4.252101817539708,
    "functional_factor": 0.9998131596255491
}