{
    "structural_factor": 2.7810343738791126,
    "functional_factor": 1.9292711506076083
}