{
    "structural_factor": 2.41390018335983,
    "functional_factor": 1.2851514257591639
}