{
    "structural_factor": 1.6436656227671622,
    "functional_factor": 2.0470974313015953
}