{
    "structural_factor": 4.010486646347581,
    "functional_factor": 1.0037932357590247
}