{
    "structural_factor": 2.014621762693596,
    "functional_factor": 1.7118989624692242
}