{
    "structural_factor": 3.7520590710959514,
    "functional_factor": 1.0045667742652333
}