{
    "structural_factor": 1.595195109376798,
    "functional_factor": 2.017942572188912
}