{
    "structural_factor": 2.505335165904346,
    "functional_factor": 2.000263337656566
}