{
    "structural_factor": 3.773184372262507,
    "functional_factor": 1.2368338617589265
}