{
    "structural_factor": 4.508612608099599,
    "functional_factor": 2.1154103583001533
}