{
    "structural_factor": 1.7686732497300026,
    "functional_factor": 1.0279580499851035
}