{
    "structural_factor": 3.0491543983850664,
    "functional_factor": 1.2810722430905448
}