{
    "structural_factor": 1.2497730788923442,
    "functional_factor": 1.0000143009385989
}