{
    "structural_factor": 3.009925199059802,
    "functional_factor": 1.0313276759922048
}