{
    "structural_factor": 1.5068889726885786,
    "functional_factor": 1.012625943267875
}