{
    "structural_factor": 1.0257412524317129,
    "functional_factor": 2.307846469173425
}