{
    "structural_factor": 4.265875378542963,
    "functional_factor": 1.0440811320721672
}