{
    "structural_factor": 3.278076444577436,
    "functional_factor": 1.076148220821682
}