{
    "structural_factor": 2.311800170825277,
    "functional_factor": 1.4297854400623378
}