{
    "structural_factor": 1.7365553744728195,
    "functional_factor": 1.1500821108592876
}