{
    "structural_factor": 1.3221261644958047,
    "functional_factor": 4.530422942311267
}