{
    "structural_factor": 1.2304770445816098,
    "functional_factor": 1.1328230747508354
}