{
    "structural_factor": 2.5324935062502223,
    "functional_factor": 2.533038531269179
}