{
    "structural_factor": 3.004156318874225,
    "functional_factor": 1.016933084877041
}