{
    "structural_factor": 1.3720355433420086,
    "functional_factor": 3.188930281686778
}