{
    "structural_factor": 1.7801114161617002,
    "functional_factor": 2.540208413673253
}