{
    "structural_factor": 3.488443154459645,
    "functional_factor": 2.1153413122652514
}