{
    "structural_factor": 1.6244551272142285,
    "functional_factor": 1.9381324869170298
}