{
    "structural_factor": 3.5064623151141703,
    "functional_factor": 0.9986793058474409
}