{
    "structural_factor": 1.2789043126614896,
    "functional_factor": 1.0943530034290356
}