{
    "structural_factor": 4.756803384566617,
    "functional_factor": 1.0199933452702974
}