{
    "structural_factor": 5.012232353603654,
    "functional_factor": 0.9978306475394907
}