{
    "structural_factor": 2.312345789360645,
    "functional_factor": 3.256535403918787
}