{
    "structural_factor": 3.9696738165095513,
    "functional_factor": 1.5269180159035618
}