{
    "structural_factor": 2.9758788995390506,
    "functional_factor": 3.1506486569957333
}