{
    "structural_factor": 1.303958486112983,
    "functional_factor": 1.1706387807305976
}