{
    "structural_factor": 1.7669670850624695,
    "functional_factor": 2.8201444986493205
}