{
    "structural_factor": 2.105670947733594,
    "functional_factor": 3.9231346735312194
}