{
    "structural_factor": 1.9981336887833974,
    "functional_factor": 1.002616851984443
}