{
    "structural_factor": 1.6476185346022314,
    "functional_factor": 4.088516250446552
}