{
    "structural_factor": 3.608644963102828,
    "functional_factor": 3.2140794735221254
}