{
    "structural_factor": 2.0103091630043197,
    "functional_factor": 1.1839208482692627
}