{
    "structural_factor": 1.1135174232596543,
    "functional_factor": 4.042579908658037
}