{
    "structural_factor": 3.0152090358905554,
    "functional_factor": 1.0322189514307392
}