{
    "structural_factor": 1.7201307106070274,
    "functional_factor": 1.2283896822318823
}