{
    "structural_factor": 2.5936422342022634,
    "functional_factor": 1.5248328140371907
}