{
    "structural_factor": 3.4919136441919743,
    "functional_factor": 1.295019815857385
}