{
    "structural_factor": 3.6025452578271477,
    "functional_factor": 2.587984150574595
}