{
    "structural_factor": 3.75237462415102,
    "functional_factor": 1.0706231554505943
}