{
    "structural_factor": 3.259219930185072,
    "functional_factor": 0.993378189237714
}