{
    "structural_factor": 5.009264992686403,
    "functional_factor": 1.0202347495094444
}