{
    "structural_factor": 1.2612259723826034,
    "functional_factor": 3.1995981555176165
}