{
    "structural_factor": 1.234615859993499,
    "functional_factor": 1.1250345018475754
}