{
    "structural_factor": 5.010571693861235,
    "functional_factor": 1.0356790797262867
}