{
    "structural_factor": 2.7471427502142327,
    "functional_factor": 1.871108425711924
}