{
    "structural_factor": 2.16068758085421,
    "functional_factor": 5.079006687956322
}