{
    "structural_factor": 4.2505622143207615,
    "functional_factor": 0.9997235379093796
}