{
    "structural_factor": 1.5599914939172697,
    "functional_factor": 1.152403227594601
}