{
    "structural_factor": 3.2478070275289945,
    "functional_factor": 1.2931487173074365
}