{
    "structural_factor": 3.7723781870954904,
    "functional_factor": 1.4046059041744199
}