{
    "structural_factor": 1.7915702055298857,
    "functional_factor": 3.537194003426462
}