{
    "structural_factor": 4.263885350227138,
    "functional_factor": 1.0024065380209193
}