{
    "structural_factor": 3.018699871754935,
    "functional_factor": 1.179230903715278
}