{
    "structural_factor": 3.002727710038954,
    "functional_factor": 1.0033106582875715
}