{
    "structural_factor": 0.7132945321463876,
    "functional_factor": 4.418550990678166
}