{
    "structural_factor": 2.507182367596927,
    "functional_factor": 1.0334096207830554
}