{
    "structural_factor": 3.851879389774329,
    "functional_factor": 1.2640304393651982
}