{
    "structural_factor": 2.2891414591042043,
    "functional_factor": 1.0610500189956302
}