{
    "structural_factor": 2.7203779473627923,
    "functional_factor": 2.301604940886638
}