{
    "structural_factor": 3.2574850341506383,
    "functional_factor": 1.0171223141661774
}