{
    "structural_factor": 0.8350469689571728,
    "functional_factor": 2.508443175461839
}