{
    "structural_factor": 1.4972314847209904,
    "functional_factor": 1.040645869821016
}