{
    "structural_factor": 4.786798685709002,
    "functional_factor": 1.290772593704498
}