{
    "structural_factor": 4.032200003491991,
    "functional_factor": 1.4196720846784676
}