{
    "structural_factor": 3.273242261630436,
    "functional_factor": 1.0407807286883823
}