{
    "structural_factor": 2.0559480235706884,
    "functional_factor": 4.123670787430134
}