{
    "structural_factor": 1.6776800534073506,
    "functional_factor": 6.597037786420052
}