{
    "structural_factor": 1.3732306378501247,
    "functional_factor": 1.5300293503532483
}