{
    "structural_factor": 2.0913420140443644,
    "functional_factor": 1.9903120540695525
}