{
    "structural_factor": 4.295519035820197,
    "functional_factor": 2.195212452674506
}