{
    "structural_factor": 2.957060568376596,
    "functional_factor": 1.3432505168159505
}