{
    "structural_factor": 1.2068117710758064,
    "functional_factor": 1.2343267847669412
}