{
    "structural_factor": 2.054189252640544,
    "functional_factor": 1.104400338513614
}