{
    "structural_factor": 4.992185597918596,
    "functional_factor": 1.1461346895196618
}