{
    "structural_factor": 3.023963624174042,
    "functional_factor": 3.3838649014216955
}