{
    "structural_factor": 1.0240959624246058,
    "functional_factor": 1.4370977887594552
}