{
    "structural_factor": 4.2869697062986605,
    "functional_factor": 1.1568126801723446
}