{
    "structural_factor": 2.730361776733911,
    "functional_factor": 1.1021175594548693
}