{
    "structural_factor": 2.4921618663340817,
    "functional_factor": 2.285480036453948
}