{
    "structural_factor": 1.9250221975925963,
    "functional_factor": 1.3511971116408048
}