{
    "structural_factor": 4.518765414146198,
    "functional_factor": 1.184481496534414
}