{
    "structural_factor": 1.9371720156251242,
    "functional_factor": 4.011273477132481
}