{
    "structural_factor": 4.033607512475952,
    "functional_factor": 1.6104858528944743
}