{
    "structural_factor": 2.0107011329537055,
    "functional_factor": 1.0140182475484518
}