{
    "structural_factor": 4.752126398134494,
    "functional_factor": 1.004608692864959
}