{
    "structural_factor": 4.822383592369104,
    "functional_factor": 1.2165210532952788
}