{
    "structural_factor": 1.753364727320236,
    "functional_factor": 1.082021616651949
}