{
    "structural_factor": 3.308936663754054,
    "functional_factor": 1.399702401366413
}