{
    "structural_factor": 2.7663739669544847,
    "functional_factor": 5.396417580272451
}