{
    "structural_factor": 2.5685929329750703,
    "functional_factor": 1.1932610410616658
}