{
    "structural_factor": 0.8651568817720943,
    "functional_factor": 1.3454249187260598
}