{
    "structural_factor": 1.3030351364627453,
    "functional_factor": 1.1926517298211021
}