{
    "structural_factor": 4.380082245592323,
    "functional_factor": 1.8251060979588096
}