{
    "structural_factor": 5.034814587021271,
    "functional_factor": 1.4219927615362473
}