{
    "structural_factor": 1.9749549068832712,
    "functional_factor": 1.677184644043753
}