{
    "structural_factor": 0.6792926397728041,
    "functional_factor": 4.498546973026777
}