{
    "structural_factor": 4.001172445958642,
    "functional_factor": 1.00420842038514
}