{
    "structural_factor": 1.1607874586571585,
    "functional_factor": 1.9908326723592096
}