{
    "structural_factor": 2.991474090246378,
    "functional_factor": 1.0705904040941325
}