{
    "structural_factor": 1.8122195703055723,
    "functional_factor": 3.909182022668346
}