{
    "structural_factor": 1.2275967559388907,
    "functional_factor": 1.8826428514814184
}