{
    "structural_factor": 4.1016384564186605,
    "functional_factor": 1.5781904632571035
}