{
    "structural_factor": 2.2476678823168137,
    "functional_factor": 1.2861663540715114
}