{
    "structural_factor": 3.2717962930751203,
    "functional_factor": 1.1777551129339499
}