{
    "structural_factor": 3.3144798401548368,
    "functional_factor": 1.1428833649120989
}