{
    "structural_factor": 0.9998127034272177,
    "functional_factor": 1.0000097965381298
}