{
    "structural_factor": 3.0270079406235673,
    "functional_factor": 1.0650410503106655
}