{
    "structural_factor": 3.918711795802143,
    "functional_factor": 1.6722428356865087
}