{
    "structural_factor": 1.8346275060834765,
    "functional_factor": 1.6095206383747858
}