{
    "structural_factor": 2.754208807415567,
    "functional_factor": 1.1510748624494465
}