{
    "structural_factor": 0.5426383713823993,
    "functional_factor": 7.412638794998831
}