{
    "structural_factor": 1.9159519665914717,
    "functional_factor": 3.613739197873166
}