{
    "structural_factor": 2.492754570010547,
    "functional_factor": 1.1534801329504565
}