{
    "structural_factor": 1.6226120842379408,
    "functional_factor": 1.599622102025933
}