{
    "structural_factor": 0.998930678547959,
    "functional_factor": 1.0018796325326296
}