{
    "structural_factor": 3.003380063108392,
    "functional_factor": 1.0053366611050827
}