{
    "structural_factor": 3.361120901001364,
    "functional_factor": 2.964785054256441
}