{
    "structural_factor": 0.973625789882098,
    "functional_factor": 1.1339493251643653
}