{
    "structural_factor": 4.536767800499289,
    "functional_factor": 1.210979506138596
}