{
    "structural_factor": 2.805240819994262,
    "functional_factor": 1.1075628173154957
}