{
    "structural_factor": 2.5129465376538414,
    "functional_factor": 1.0427075930432717
}