{
    "structural_factor": 4.0071497905567375,
    "functional_factor": 1.019314389194197
}