{
    "structural_factor": 1.9787364185027785,
    "functional_factor": 1.2250045243180658
}