{
    "structural_factor": 2.48558531638106,
    "functional_factor": 1.101997137207036
}