{
    "structural_factor": 4.1093917227835535,
    "functional_factor": 1.7167623894555997
}