{
    "structural_factor": 2.5160483868304717,
    "functional_factor": 1.0261332935423542
}