{
    "structural_factor": 2.7933463546231203,
    "functional_factor": 1.275785578639138
}