{
    "structural_factor": 2.5683513717817004,
    "functional_factor": 2.111223696447859
}