{
    "structural_factor": 2.010927943448209,
    "functional_factor": 1.01314330582025
}