{
    "structural_factor": 1.926949719143223,
    "functional_factor": 2.4556686062755664
}