{
    "structural_factor": 4.2551462220768705,
    "functional_factor": 1.0413503005777391
}