{
    "structural_factor": 3.7524238644837147,
    "functional_factor": 0.9948181739055392
}