{
    "structural_factor": 3.5614665768148766,
    "functional_factor": 1.146115111334072
}