{
    "structural_factor": 0.8628576746335348,
    "functional_factor": 10.366133826631536
}