{
    "structural_factor": 4.834613440879828,
    "functional_factor": 1.3693243634910641
}