{
    "structural_factor": 2.5033754770859704,
    "functional_factor": 2.8149603156604805
}