{
    "structural_factor": 2.8389011158887247,
    "functional_factor": 1.337246424696099
}