{
    "structural_factor": 2.9216675651915276,
    "functional_factor": 1.9469266357016586
}