{
    "structural_factor": 3.8218994609412738,
    "functional_factor": 1.5031173855538171
}