{
    "structural_factor": 1.0574659356040794,
    "functional_factor": 1.4493825937384013
}