{
    "structural_factor": 4.501415873538436,
    "functional_factor": 0.9994688943926567
}