{
    "structural_factor": 2.951661912299275,
    "functional_factor": 2.4372654864276444
}