{
    "structural_factor": 2.5710100067920236,
    "functional_factor": 1.2162657843090758
}