{
    "structural_factor": 4.746009814693541,
    "functional_factor": 1.0507132444246858
}