{
    "structural_factor": 2.1016620441696645,
    "functional_factor": 1.760503672958994
}