{
    "structural_factor": 0.9212019628145922,
    "functional_factor": 3.7718067076049477
}