{
    "structural_factor": 1.7436111661854854,
    "functional_factor": 1.0473483247775948
}