{
    "structural_factor": 2.4049413658551235,
    "functional_factor": 1.4266243733032273
}