{
    "structural_factor": 1.5081068447415378,
    "functional_factor": 1.0145506932666797
}