{
    "structural_factor": 1.2094180503404026,
    "functional_factor": 1.7418582497772706
}