{
    "structural_factor": 1.276435319469978,
    "functional_factor": 1.079815985397209
}