{
    "structural_factor": 3.5959225727661948,
    "functional_factor": 1.212058841621788
}