{
    "structural_factor": 4.407945390054144,
    "functional_factor": 1.2380823216384318
}