{
    "structural_factor": 1.757333671246126,
    "functional_factor": 1.0123968401757688
}