{
    "structural_factor": 2.9304347593138145,
    "functional_factor": 1.555969757451426
}