{
    "structural_factor": 3.612332611973393,
    "functional_factor": 2.9052990141266863
}