{
    "structural_factor": 2.2478203037884605,
    "functional_factor": 1.01654581060721
}