{
    "structural_factor": 3.0969464496171897,
    "functional_factor": 13.724800128939709
}