{
    "structural_factor": 3.1118081839879927,
    "functional_factor": 1.3623437792828044
}