{
    "structural_factor": 2.5017733288403727,
    "functional_factor": 1.0171028627474223
}