{
    "structural_factor": 2.2398480843609163,
    "functional_factor": 1.0754660764921746
}