{
    "structural_factor": 1.5765606074219236,
    "functional_factor": 2.271184284914301
}