{
    "structural_factor": 1.3856143582112503,
    "functional_factor": 4.061607004141429
}