{
    "structural_factor": 3.1633855149339736,
    "functional_factor": 2.9512534616889368
}