{
    "structural_factor": 1.5515586640733023,
    "functional_factor": 3.8212221531617447
}