{
    "structural_factor": 2.7321798195053466,
    "functional_factor": 1.0513342640544867
}