{
    "structural_factor": 3.2809581933473573,
    "functional_factor": 4.069211093804303
}