{
    "structural_factor": 0.9867022682793495,
    "functional_factor": 1.1488685556144007
}