{
    "structural_factor": 4.251998568297169,
    "functional_factor": 1.0051546307429278
}