{
    "structural_factor": 4.769693036370565,
    "functional_factor": 1.9165694744516517
}