{
    "structural_factor": 2.2530843811628993,
    "functional_factor": 6.541654939816458
}