{
    "structural_factor": 1.1488933046850176,
    "functional_factor": 1.4903651685568586
}