{
    "structural_factor": 3.7534472748568875,
    "functional_factor": 0.9957121879688893
}