{
    "structural_factor": 4.284429603710696,
    "functional_factor": 1.5830055457955352
}