{
    "structural_factor": 1.529778962360843,
    "functional_factor": 1.0601065879734595
}