{
    "structural_factor": 2.052750852412824,
    "functional_factor": 2.2224154357759702
}