{
    "structural_factor": 0.8924999149958733,
    "functional_factor": 1.3646614179228214
}