{
    "structural_factor": 1.1929892159966384,
    "functional_factor": 1.936807177549675
}