{
    "structural_factor": 3.258887756031326,
    "functional_factor": 1.0168905017485186
}