{
    "structural_factor": 1.3363023863962935,
    "functional_factor": 2.775593943822841
}