{
    "structural_factor": 4.2583622794744205,
    "functional_factor": 0.9939025720905724
}