{
    "structural_factor": 3.681258161087387,
    "functional_factor": 1.7166790325997516
}