{
    "structural_factor": 1.6785100611737822,
    "functional_factor": 1.5655928798549883
}