{
    "structural_factor": 0.9993504874919099,
    "functional_factor": 0.9970387970340764
}