{
    "structural_factor": 2.2434432348798437,
    "functional_factor": 1.0208983213768108
}