{
    "structural_factor": 4.258599646079243,
    "functional_factor": 1.0148202487997608
}