{
    "structural_factor": 2.244165182605987,
    "functional_factor": 1.0392140159113323
}