{
    "structural_factor": 2.705566292495277,
    "functional_factor": 3.2116835646541415
}