{
    "structural_factor": 1.554765874312293,
    "functional_factor": 1.7700049525092743
}