{
    "structural_factor": 1.2305937788332333,
    "functional_factor": 3.308643500863508
}