{
    "structural_factor": 3.058715043773277,
    "functional_factor": 2.2849116056219314
}