{
    "structural_factor": 3.777293147042576,
    "functional_factor": 1.0782206456958148
}