{
    "structural_factor": 1.7457958456218017,
    "functional_factor": 1.018437956820931
}