{
    "structural_factor": 2.6081090517477246,
    "functional_factor": 2.2477309486856223
}