{
    "structural_factor": 4.554672163973146,
    "functional_factor": 1.6283706139284195
}