{
    "structural_factor": 3.7518589155534756,
    "functional_factor": 1.0039603178032614
}