{
    "structural_factor": 3.2618670078653027,
    "functional_factor": 1.004607869927123
}