{
    "structural_factor": 2.9993769265374066,
    "functional_factor": 1.0000173306759592
}