{
    "structural_factor": 0.9998253376997398,
    "functional_factor": 0.9961891098000155
}