{
    "structural_factor": 2.204579606382451,
    "functional_factor": 1.1250868156674279
}