{
    "structural_factor": 2.722962701067689,
    "functional_factor": 3.3517785779667513
}