{
    "structural_factor": 1.4997326492635443,
    "functional_factor": 1.0000151384159832
}