{
    "structural_factor": 1.7552178478205904,
    "functional_factor": 0.98972483752995
}