{
    "structural_factor": 3.5033091066025848,
    "functional_factor": 0.9950901945595367
}