{
    "structural_factor": 4.455264780002528,
    "functional_factor": 1.7609071103588048
}