{
    "structural_factor": 2.547826354407935,
    "functional_factor": 1.1674218499849456
}