{
    "structural_factor": 1.9603432451011948,
    "functional_factor": 3.3289886021856274
}