{
    "structural_factor": 5.034323422356382,
    "functional_factor": 1.237454916450716
}