{
    "structural_factor": 2.903875783413417,
    "functional_factor": 2.2177780761153185
}