{
    "structural_factor": 1.951748032108632,
    "functional_factor": 1.3495803214913349
}