{
    "structural_factor": 3.0161476258491255,
    "functional_factor": 4.866351554879913
}