{
    "structural_factor": 3.7575501691824256,
    "functional_factor": 0.9949834631468425
}