{
    "structural_factor": 2.7015237231367077,
    "functional_factor": 2.0182833335042143
}