{
    "structural_factor": 3.217451984219644,
    "functional_factor": 3.339056445611811
}