{
    "structural_factor": 1.5062682128986593,
    "functional_factor": 1.120048748304339
}