{
    "structural_factor": 5.00881696910995,
    "functional_factor": 1.0032564670960016
}