{
    "structural_factor": 1.2210422019420226,
    "functional_factor": 1.4286714570534345
}