{
    "structural_factor": 3.7568827698441676,
    "functional_factor": 0.9955148774239645
}