{
    "structural_factor": 4.5231202259650685,
    "functional_factor": 3.407451616746574
}