{
    "structural_factor": 4.033133050265526,
    "functional_factor": 1.4427221068810379
}