{
    "structural_factor": 3.3197449178900094,
    "functional_factor": 1.3615883669868423
}