{
    "structural_factor": 4.502417999085688,
    "functional_factor": 1.0044788495795611
}