{
    "structural_factor": 1.0055319425617997,
    "functional_factor": 1.0312032089966605
}