{
    "structural_factor": 3.546823531714429,
    "functional_factor": 1.4154380239168434
}