{
    "structural_factor": 4.511187466128586,
    "functional_factor": 2.5940177475261885
}