{
    "structural_factor": 1.7082229016519286,
    "functional_factor": 3.0782695534609124
}