{
    "structural_factor": 3.727284951834353,
    "functional_factor": 1.6255090573721003
}