{
    "structural_factor": 3.7632865201447774,
    "functional_factor": 1.1244999417191193
}