{
    "structural_factor": 4.255200211595045,
    "functional_factor": 1.0180475848516637
}