{
    "structural_factor": 1.2599450632335636,
    "functional_factor": 1.0295624031543997
}