{
    "structural_factor": 1.0382927033878204,
    "functional_factor": 1.2757696803601621
}