{
    "structural_factor": 3.0878619366792237,
    "functional_factor": 1.4897156321693121
}