{
    "structural_factor": 4.319398849529023,
    "functional_factor": 1.2826138401888516
}