{
    "structural_factor": 1.4965721890735317,
    "functional_factor": 1.7610989366271053
}