{
    "structural_factor": 2.9637527376280706,
    "functional_factor": 3.2648541075853448
}