{
    "structural_factor": 1.569311678605708,
    "functional_factor": 1.1688795707787873
}