{
    "structural_factor": 1.2715673671806185,
    "functional_factor": 4.413080600543548
}