{
    "structural_factor": 2.76339136860064,
    "functional_factor": 1.014638392846416
}