{
    "structural_factor": 2.348275971420498,
    "functional_factor": 1.6128472111569037
}