{
    "structural_factor": 1.542792390284116,
    "functional_factor": 2.3202524833691767
}