{
    "structural_factor": 0.528944742768122,
    "functional_factor": 4.685641298943556
}