{
    "structural_factor": 2.3117622322564593,
    "functional_factor": 1.2506217363382977
}