{
    "structural_factor": 1.0003996409186102,
    "functional_factor": 1.0037628348136811
}