{
    "structural_factor": 3.267133142738266,
    "functional_factor": 1.236430758648118
}