{
    "structural_factor": 3.495881851609882,
    "functional_factor": 1.0167974415148764
}