{
    "structural_factor": 1.202061435697138,
    "functional_factor": 9.12190968693701
}