{
    "structural_factor": 4.562834575384368,
    "functional_factor": 1.1594338511073998
}