{
    "structural_factor": 3.3675691420447134,
    "functional_factor": 1.3443431242664325
}