{
    "structural_factor": 2.0211283802991233,
    "functional_factor": 1.4956834638658332
}