{
    "structural_factor": 2.8686247933552274,
    "functional_factor": 4.4150490747978655
}