{
    "structural_factor": 2.6905304617738692,
    "functional_factor": 1.1247114056940222
}