{
    "structural_factor": 2.9799730447710333,
    "functional_factor": 2.2989751926517434
}