{
    "structural_factor": 4.773280176930803,
    "functional_factor": 0.9944707140501999
}