{
    "structural_factor": 2.6844581162227934,
    "functional_factor": 3.400004300504491
}