{
    "structural_factor": 1.583779908092801,
    "functional_factor": 3.7087810872756175
}