{
    "structural_factor": 2.482612212628305,
    "functional_factor": 1.148136172016035
}