{
    "structural_factor": 3.4998643422160947,
    "functional_factor": 0.9998908401152126
}