{
    "structural_factor": 2.7428790358824506,
    "functional_factor": 3.2305792466994325
}