{
    "structural_factor": 1.2390836456973757,
    "functional_factor": 1.040514602171006
}