{
    "structural_factor": 4.598656060726163,
    "functional_factor": 2.5759878852844182
}