{
    "structural_factor": 2.6961013412550145,
    "functional_factor": 2.3336491554492933
}