{
    "structural_factor": 1.6930047001022042,
    "functional_factor": 2.87935723271412
}