{
    "structural_factor": 4.416916525904293,
    "functional_factor": 1.5592153760571283
}