{
    "structural_factor": 3.7498110791339405,
    "functional_factor": 0.9999097041064445
}