{
    "structural_factor": 1.00370999140563,
    "functional_factor": 1.0149358799680992
}