{
    "structural_factor": 1.4997390275222473,
    "functional_factor": 1.000006198982322
}