{
    "structural_factor": 1.5579074906696537,
    "functional_factor": 2.2259937708483837
}