{
    "structural_factor": 4.174084921440825,
    "functional_factor": 2.3071204981434374
}