{
    "structural_factor": 4.379187821178315,
    "functional_factor": 1.2465564940588831
}