{
    "structural_factor": 4.993769173047967,
    "functional_factor": 1.0819939793388573
}