{
    "structural_factor": 0.8295140347859117,
    "functional_factor": 3.151819946262561
}