{
    "structural_factor": 3.802054483612314,
    "functional_factor": 1.1955288070202696
}