{
    "structural_factor": 2.5618212308417965,
    "functional_factor": 2.9261182773215406
}