{
    "structural_factor": 1.0117971705085262,
    "functional_factor": 1.0629481721441356
}