{
    "structural_factor": 1.4930240100231698,
    "functional_factor": 1.4130171752014524
}