{
    "structural_factor": 2.2234229733668727,
    "functional_factor": 2.414618070095837
}