{
    "structural_factor": 1.2271777809279858,
    "functional_factor": 3.2033944730353023
}