{
    "structural_factor": 4.738415833810034,
    "functional_factor": 1.0191788667537969
}