{
    "structural_factor": 2.50234160268697,
    "functional_factor": 1.0776016239056507
}