{
    "structural_factor": 2.0559850823743386,
    "functional_factor": 2.266999519170066
}