{
    "structural_factor": 2.7624927191196607,
    "functional_factor": 1.030523416358189
}