{
    "structural_factor": 3.326038353914558,
    "functional_factor": 4.425687173938097
}