{
    "structural_factor": 3.501716137161143,
    "functional_factor": 1.0045402763545566
}