{
    "structural_factor": 3.492050670721314,
    "functional_factor": 1.0729492107007614
}