{
    "structural_factor": 0.7024838495526329,
    "functional_factor": 5.109576431225949
}