{
    "structural_factor": 2.5999568080294866,
    "functional_factor": 1.6150908424916182
}