{
    "structural_factor": 2.9176398091554097,
    "functional_factor": 1.362509398818023
}