{
    "structural_factor": 2.425989592085008,
    "functional_factor": 1.5073381919762994
}