{
    "structural_factor": 2.942077093076259,
    "functional_factor": 9.362539417305905
}