{
    "structural_factor": 1.1515971293314167,
    "functional_factor": 1.3346439148281706
}