{
    "structural_factor": 4.4428187054225114,
    "functional_factor": 1.3880401082964904
}