{
    "structural_factor": 2.99880683312392,
    "functional_factor": 1.0027961085981754
}