{
    "structural_factor": 1.850637814217162,
    "functional_factor": 1.3136460402392252
}