{
    "structural_factor": 2.4768167454163077,
    "functional_factor": 1.939295395414457
}