{
    "structural_factor": 1.2918464853980913,
    "functional_factor": 1.2227249419785085
}