{
    "structural_factor": 3.5900829737631708,
    "functional_factor": 2.958117411788898
}