{
    "structural_factor": 5.04163812659874,
    "functional_factor": 1.3298320635876812
}