{
    "structural_factor": 4.262957642069778,
    "functional_factor": 1.0375758695421242
}