{
    "structural_factor": 3.7852248806435336,
    "functional_factor": 1.8315682693355209
}