{
    "structural_factor": 1.168431090407317,
    "functional_factor": 1.179905702089846
}