{
    "structural_factor": 2.5035463908138818,
    "functional_factor": 1.0034424514341949
}