{
    "structural_factor": 1.2547154530941114,
    "functional_factor": 1.0141938762988771
}