{
    "structural_factor": 1.7953257274182362,
    "functional_factor": 1.1058514355290852
}