{
    "structural_factor": 3.0576303862008776,
    "functional_factor": 1.2202563154090293
}