{
    "structural_factor": 1.0646901562222248,
    "functional_factor": 3.7148812216481955
}