{
    "structural_factor": 3.4385743038631236,
    "functional_factor": 2.010863493377301
}