{
    "structural_factor": 3.5167580008566803,
    "functional_factor": 1.139942413099051
}