{
    "structural_factor": 1.4617524163917497,
    "functional_factor": 10.25721084243924
}