{
    "structural_factor": 0.5020799464255778,
    "functional_factor": 8.832523280273776
}