{
    "structural_factor": 4.542350742771185,
    "functional_factor": 1.300198138021152
}