{
    "structural_factor": 4.52311538736361,
    "functional_factor": 1.111560909004941
}