{
    "structural_factor": 1.000021507950185,
    "functional_factor": 0.9984174781596445
}