{
    "structural_factor": 3.003092549885279,
    "functional_factor": 1.0037763276917449
}