{
    "structural_factor": 3.992607927321581,
    "functional_factor": 7.902943565275311
}