{
    "structural_factor": 3.383646878190022,
    "functional_factor": 1.4975336782732054
}