{
    "structural_factor": 3.9398351983717785,
    "functional_factor": 1.3374252238361557
}