{
    "structural_factor": 2.096334996178007,
    "functional_factor": 1.3261539329101704
}