{
    "structural_factor": 2.0172197053734537,
    "functional_factor": 2.8416438609439925
}