{
    "structural_factor": 1.0458805748626125,
    "functional_factor": 2.5081704585082054
}