{
    "structural_factor": 2.3093504203783164,
    "functional_factor": 8.533798945573972
}