{
    "structural_factor": 2.293314766586955,
    "functional_factor": 1.058322298511818
}