{
    "structural_factor": 2.4671116412129384,
    "functional_factor": 1.0807807691702682
}