{
    "structural_factor": 5.006995850584999,
    "functional_factor": 1.0190303714345368
}