{
    "structural_factor": 2.0768154850878267,
    "functional_factor": 3.115351556318803
}