{
    "structural_factor": 2.7844612116652327,
    "functional_factor": 1.1167542018276233
}