{
    "structural_factor": 4.494965755490737,
    "functional_factor": 1.1760155808673711
}