{
    "structural_factor": 3.3888091866253003,
    "functional_factor": 1.7511380597666162
}