{
    "structural_factor": 2.8069123362131583,
    "functional_factor": 2.3167799492920875
}