{
    "structural_factor": 4.228415424835159,
    "functional_factor": 1.075667502377533
}