{
    "structural_factor": 4.346600817982017,
    "functional_factor": 1.298790056719316
}