{
    "structural_factor": 5.022550405635194,
    "functional_factor": 1.084083516928066
}