{
    "structural_factor": 4.256986533949583,
    "functional_factor": 1.0199701448879857
}