{
    "structural_factor": 4.985580682736735,
    "functional_factor": 1.2545902605626709
}