{
    "structural_factor": 1.2782588083083093,
    "functional_factor": 2.0375773798256924
}