{
    "structural_factor": 3.5183272395994183,
    "functional_factor": 1.0368239831236978
}