{
    "structural_factor": 3.335271977150177,
    "functional_factor": 1.361033828511047
}