{
    "structural_factor": 2.4865323905497148,
    "functional_factor": 3.3233413352175827
}