{
    "structural_factor": 4.569238094235002,
    "functional_factor": 1.4141634566372683
}