{
    "structural_factor": 2.3260886861175893,
    "functional_factor": 1.333360398635592
}