{
    "structural_factor": 3.7491674740148504,
    "functional_factor": 1.857354207793186
}