{
    "structural_factor": 1.5018381189305983,
    "functional_factor": 1.0035525698429346
}