{
    "structural_factor": 2.2494734652705337,
    "functional_factor": 1.000043532480713
}