{
    "structural_factor": 1.4880916393060937,
    "functional_factor": 1.0834359566459408
}