{
    "structural_factor": 3.5337394145450123,
    "functional_factor": 1.1858056150048273
}