{
    "structural_factor": 1.172793090721682,
    "functional_factor": 2.244728159185274
}