{
    "structural_factor": 2.5130397694759554,
    "functional_factor": 3.224343929930935
}