{
    "structural_factor": 0.885686687255818,
    "functional_factor": 7.762355561352187
}