{
    "structural_factor": 3.1099098322235705,
    "functional_factor": 3.7470734433357284
}