{
    "structural_factor": 1.8134867406470327,
    "functional_factor": 2.7195538197556726
}