{
    "structural_factor": 2.7570283978954864,
    "functional_factor": 1.1978198037091685
}