{
    "structural_factor": 2.7996665966432097,
    "functional_factor": 1.7934233307678213
}