{
    "structural_factor": 1.3067803438018846,
    "functional_factor": 1.779943934694108
}