{
    "structural_factor": 4.761708803554318,
    "functional_factor": 1.0428779174757532
}