{
    "structural_factor": 2.6898131118494755,
    "functional_factor": 1.5498842750385817
}