{
    "structural_factor": 4.691662282701387,
    "functional_factor": 1.077635046946367
}