{
    "structural_factor": 3.6929406953447304,
    "functional_factor": 1.9567987391899881
}