{
    "structural_factor": 2.2484336194556103,
    "functional_factor": 3.0966707422434325
}