{
    "structural_factor": 1.4128418566069247,
    "functional_factor": 1.2895106868878117
}