{
    "structural_factor": 0.24510514271140268,
    "functional_factor": 6.587071724085056
}