{
    "structural_factor": 2.493424283740026,
    "functional_factor": 3.408923868132581
}