{
    "structural_factor": 4.369527608316535,
    "functional_factor": 2.130600890844411
}