{
    "structural_factor": 4.433930436261139,
    "functional_factor": 1.8394502416498197
}