{
    "structural_factor": 3.982946261566544,
    "functional_factor": 1.161490024458838
}