{
    "structural_factor": 2.3343316252129633,
    "functional_factor": 1.284506094760856
}