{
    "structural_factor": 2.003467816143614,
    "functional_factor": 2.0270001056320845
}