{
    "structural_factor": 1.337763341317093,
    "functional_factor": 3.1980697562355056
}