{
    "structural_factor": 2.7926808120232773,
    "functional_factor": 1.17408508456771
}