{
    "structural_factor": 4.737955476282226,
    "functional_factor": 1.1244267129471432
}