{
    "structural_factor": 3.2815272349325664,
    "functional_factor": 1.7301476947063377
}