{
    "structural_factor": 3.142294926245117,
    "functional_factor": 1.2321663106160126
}