{
    "structural_factor": 2.2604889684587137,
    "functional_factor": 1.0134936992048202
}