{
    "structural_factor": 3.3968575601386237,
    "functional_factor": 2.0009164690730294
}