{
    "structural_factor": 4.506017464892249,
    "functional_factor": 1.0455672949691295
}