{
    "structural_factor": 2.089244544661307,
    "functional_factor": 1.330966482184443
}