{
    "structural_factor": 2.4983412306608814,
    "functional_factor": 1.0070173744149737
}