{
    "structural_factor": 3.2560551652423313,
    "functional_factor": 1.0407436196191029
}