{
    "structural_factor": 2.3467407939737517,
    "functional_factor": 3.5740232684882227
}