{
    "structural_factor": 3.253816480961657,
    "functional_factor": 1.004265355664289
}