{
    "structural_factor": 1.1865640760279195,
    "functional_factor": 4.05034384089397
}