{
    "structural_factor": 1.2920440790239682,
    "functional_factor": 1.7012046066241557
}