{
    "structural_factor": 2.054984333194813,
    "functional_factor": 1.4283713410858199
}