{
    "structural_factor": 2.565752431842222,
    "functional_factor": 1.9822751836391308
}