{
    "structural_factor": 4.756486394653986,
    "functional_factor": 1.0410917062361935
}