{
    "structural_factor": 1.2749394075696328,
    "functional_factor": 1.09984463583033
}