{
    "structural_factor": 4.000843075682491,
    "functional_factor": 1.0048229769647727
}