{
    "structural_factor": 4.2597711293845535,
    "functional_factor": 1.018735438592389
}