{
    "structural_factor": 1.4487765017073981,
    "functional_factor": 1.7379600835613842
}