{
    "structural_factor": 4.482490143344225,
    "functional_factor": 1.0806457567378687
}