{
    "structural_factor": 2.7529524124724083,
    "functional_factor": 1.0040895609534093
}