{
    "structural_factor": 3.8503680753325096,
    "functional_factor": 1.2119108699068626
}