{
    "structural_factor": 2.74814484157967,
    "functional_factor": 1.0188483081975823
}