{
    "structural_factor": 1.5672278274446243,
    "functional_factor": 1.3490275000098795
}