{
    "structural_factor": 2.814848565950708,
    "functional_factor": 1.2136327777128664
}