{
    "structural_factor": 2.264830932222545,
    "functional_factor": 1.0794261638235085
}