{
    "structural_factor": 4.025184853813542,
    "functional_factor": 1.0716750505028403
}