{
    "structural_factor": 2.0362077926084483,
    "functional_factor": 3.0157919758032814
}