{
    "structural_factor": 5.0661939476703575,
    "functional_factor": 1.2742910734224973
}