{
    "structural_factor": 4.487030169104801,
    "functional_factor": 1.075775178073532
}