{
    "structural_factor": 4.251974026453497,
    "functional_factor": 1.0045548825489972
}