{
    "structural_factor": 4.502951004760056,
    "functional_factor": 1.00463463709665
}