{
    "structural_factor": 3.9693059750211295,
    "functional_factor": 1.5066697094177586
}