{
    "structural_factor": 4.513896074446728,
    "functional_factor": 1.0448688440086018
}