{
    "structural_factor": 4.1773408427532575,
    "functional_factor": 1.4832213164783719
}