{
    "structural_factor": 5.04531336163734,
    "functional_factor": 1.1783511356769059
}