{
    "structural_factor": 5.015556116566454,
    "functional_factor": 0.9930675861384083
}