{
    "structural_factor": 3.9580592230157574,
    "functional_factor": 3.209337036183352
}