{
    "structural_factor": 3.9038600445808185,
    "functional_factor": 1.4993974105766656
}