{
    "structural_factor": 4.519012312049347,
    "functional_factor": 1.1237377129123571
}