{
    "structural_factor": 1.5189982481970754,
    "functional_factor": 2.876628040046946
}