{
    "structural_factor": 3.6896203223068795,
    "functional_factor": 2.3146054935286724
}