{
    "structural_factor": 1.2842236201992596,
    "functional_factor": 1.5459119446190617
}