{
    "structural_factor": 0.9264571569525345,
    "functional_factor": 1.6009203374495582
}