{
    "structural_factor": 1.754396172574832,
    "functional_factor": 15.28855795850439
}