{
    "structural_factor": 1.8118631715886324,
    "functional_factor": 1.2261629209077172
}