{
    "structural_factor": 1.3571292449220835,
    "functional_factor": 3.619961044104157
}