{
    "structural_factor": 1.493341848192772,
    "functional_factor": 1.115341990844251
}