{
    "structural_factor": 2.1075232160933286,
    "functional_factor": 1.28899840444639
}