{
    "structural_factor": 2.9171680626682224,
    "functional_factor": 1.989765757813064
}