{
    "structural_factor": 3.1325781928862355,
    "functional_factor": 1.2906940870915053
}