{
    "structural_factor": 0.9812420012567591,
    "functional_factor": 1.2058177087188786
}