{
    "structural_factor": 1.2070860724883958,
    "functional_factor": 1.4977336644907275
}