{
    "structural_factor": 2.6014131869193116,
    "functional_factor": 2.3163273299301443
}