{
    "structural_factor": 2.9873097395380017,
    "functional_factor": 1.0824963073090108
}