{
    "structural_factor": 3.2635790878111473,
    "functional_factor": 1.0358606460742878
}