{
    "structural_factor": 2.2424910821342565,
    "functional_factor": 0.9999783619760921
}