{
    "structural_factor": 2.4903228515361673,
    "functional_factor": 2.5524603947412166
}