{
    "structural_factor": 1.8740410234498897,
    "functional_factor": 3.2377606935410266
}