{
    "structural_factor": 1.776600313105877,
    "functional_factor": 2.2559346718301856
}