{
    "structural_factor": 3.1513535385385554,
    "functional_factor": 1.5039689576667503
}