{
    "structural_factor": 4.755605942752623,
    "functional_factor": 1.0178311222858138
}