{
    "structural_factor": 4.028818961756741,
    "functional_factor": 1.4139286749933873
}