{
    "structural_factor": 4.75223676478833,
    "functional_factor": 1.0047883431803724
}