{
    "structural_factor": 0.994038579801561,
    "functional_factor": 1.0084056485771855
}