{
    "structural_factor": 1.2434451507111746,
    "functional_factor": 1.0344416739362152
}