{
    "structural_factor": 2.7119098678413023,
    "functional_factor": 1.468168625692422
}