{
    "structural_factor": 5.033050767859692,
    "functional_factor": 1.129400832911595
}