{
    "structural_factor": 3.897294114122655,
    "functional_factor": 1.8599989885371184
}