{
    "structural_factor": 2.557529854039655,
    "functional_factor": 1.1055728251489323
}