{
    "structural_factor": 2.2756655125942036,
    "functional_factor": 1.4515878947543044
}