{
    "structural_factor": 0.2008630527182365,
    "functional_factor": 6.4855344328512
}