{
    "structural_factor": 5.073087402283766,
    "functional_factor": 1.3159153864690711
}