{
    "structural_factor": 4.722439121242574,
    "functional_factor": 1.2145369558969181
}