{
    "structural_factor": 1.336343238353132,
    "functional_factor": 2.1623095800268755
}