{
    "structural_factor": 3.0019111762703883,
    "functional_factor": 1.003726369103178
}