{
    "structural_factor": 0.8249054396783885,
    "functional_factor": 2.9323361011005695
}