{
    "structural_factor": 0.7259659504480032,
    "functional_factor": 5.208501467249453
}