{
    "structural_factor": 1.4542815356116836,
    "functional_factor": 3.4611577125063686
}