{
    "structural_factor": 3.077902512744145,
    "functional_factor": 1.2181572244368548
}