{
    "structural_factor": 2.4970666217340254,
    "functional_factor": 1.0176613871013669
}