{
    "structural_factor": 1.6346389136837414,
    "functional_factor": 3.7190141665301883
}