{
    "structural_factor": 3.322355617049725,
    "functional_factor": 1.199799849885165
}