{
    "structural_factor": 1.5710372070724874,
    "functional_factor": 1.3902207848437995
}