{
    "structural_factor": 0.5235672948422838,
    "functional_factor": 7.186786925190252
}