{
    "structural_factor": 2.259158361313832,
    "functional_factor": 1.045440173270511
}