{
    "structural_factor": 1.4685174825986627,
    "functional_factor": 1.076740398093882
}