{
    "structural_factor": 3.251606887652948,
    "functional_factor": 1.0197637947608205
}