{
    "structural_factor": 0.9807919319491412,
    "functional_factor": 1.6933321925009879
}