{
    "structural_factor": 1.5012942364805877,
    "functional_factor": 3.061762516785371
}