{
    "structural_factor": 4.508363652493871,
    "functional_factor": 1.0410378585548192
}