{
    "structural_factor": 2.154850400205155,
    "functional_factor": 4.79636429321932
}