{
    "structural_factor": 4.019665516837034,
    "functional_factor": 1.268138083661038
}