{
    "structural_factor": 2.9792034473888274,
    "functional_factor": 1.6681197748887702
}