{
    "structural_factor": 3.1890663002182316,
    "functional_factor": 3.8792321570531145
}