{
    "structural_factor": 2.622042282644106,
    "functional_factor": 1.8959659433101241
}