{
    "structural_factor": 2.197339917320426,
    "functional_factor": 1.3354840171463909
}