{
    "structural_factor": 1.2564884175358935,
    "functional_factor": 2.4620161592170655
}