{
    "structural_factor": 2.2529631949587277,
    "functional_factor": 1.0031452394580247
}