{
    "structural_factor": 2.4965811809117406,
    "functional_factor": 0.9955340700902264
}