{
    "structural_factor": 3.4998621608500007,
    "functional_factor": 0.9999054477415933
}