{
    "structural_factor": 1.249720968998713,
    "functional_factor": 1.0000456504806714
}