{
    "structural_factor": 3.2859462195899103,
    "functional_factor": 1.1019311179534041
}