{
    "structural_factor": 1.2608308625512297,
    "functional_factor": 1.0339370384026172
}