{
    "structural_factor": 4.9337650430057955,
    "functional_factor": 1.0784098333538288
}