{
    "structural_factor": 2.016871375245484,
    "functional_factor": 1.0334547271112804
}