{
    "structural_factor": 1.8104409362601586,
    "functional_factor": 1.4757742098004845
}