{
    "structural_factor": 2.595459660745301,
    "functional_factor": 3.132543813637722
}