{
    "structural_factor": 2.3537710864738415,
    "functional_factor": 8.625581182187362
}