{
    "structural_factor": 1.8197441807578574,
    "functional_factor": 1.355343548956357
}