{
    "structural_factor": 3.4070579702095087,
    "functional_factor": 1.539520117336357
}