{
    "structural_factor": 1.5518195674694701,
    "functional_factor": 1.1210526404075942
}