{
    "structural_factor": 1.9975829665124651,
    "functional_factor": 1.0216180483348076
}