{
    "structural_factor": 3.5641896359029204,
    "functional_factor": 1.3639376678703516
}