{
    "structural_factor": 4.238132719464146,
    "functional_factor": 1.017947152236211
}