{
    "structural_factor": 1.9885942795692222,
    "functional_factor": 1.9776397030908193
}