{
    "structural_factor": 2.3005682971762265,
    "functional_factor": 11.050478171587832
}