{
    "structural_factor": 1.0064634307437916,
    "functional_factor": 1.0326027208079112
}