{
    "structural_factor": 1.8151230976419506,
    "functional_factor": 3.973767031132116
}