{
    "structural_factor": 3.7658635396206663,
    "functional_factor": 1.1094858419955516
}