{
    "structural_factor": 3.2664590949137873,
    "functional_factor": 1.0832279701298115
}