{
    "structural_factor": 1.6966830468147696,
    "functional_factor": 4.151833773353705
}