{
    "structural_factor": 4.538721063608854,
    "functional_factor": 1.2901085066209101
}