{
    "structural_factor": 2.5432280305725747,
    "functional_factor": 1.061622132677175
}