{
    "structural_factor": 1.5764932996204204,
    "functional_factor": 3.901731067635797
}