{
    "structural_factor": 1.0025345832277448,
    "functional_factor": 7.536129119743724
}