{
    "structural_factor": 4.298316469491124,
    "functional_factor": 1.1972538610285242
}