{
    "structural_factor": 3.717709880471882,
    "functional_factor": 1.7940654725308351
}