{
    "structural_factor": 2.8539085052861974,
    "functional_factor": 1.6240391808494683
}