{
    "structural_factor": 4.715687997005355,
    "functional_factor": 1.3026935268679758
}