{
    "structural_factor": 1.8774942813285582,
    "functional_factor": 1.3271933407293122
}