{
    "structural_factor": 2.0279909632830773,
    "functional_factor": 2.560777779439284
}