{
    "structural_factor": 2.4143095459399517,
    "functional_factor": 1.7697896642895548
}