{
    "structural_factor": 2.273310233660456,
    "functional_factor": 1.0297568011526572
}