{
    "structural_factor": 2.4504793208003837,
    "functional_factor": 4.444997469738144
}