{
    "structural_factor": 4.542971209130702,
    "functional_factor": 1.4174392745529358
}