{
    "structural_factor": 1.996214141783114,
    "functional_factor": 1.043712392248011
}