{
    "structural_factor": 1.2357223482047885,
    "functional_factor": 1.0839673245251407
}