{
    "structural_factor": 0.9163131958190683,
    "functional_factor": 2.5588212582772933
}