{
    "structural_factor": 1.7521363798676486,
    "functional_factor": 1.003387601870718
}