{
    "structural_factor": 2.0520562342067294,
    "functional_factor": 1.1303184535551503
}