{
    "structural_factor": 1.7354938237409017,
    "functional_factor": 2.644825705317246
}