{
    "structural_factor": 2.3871882143682988,
    "functional_factor": 1.4017317832697567
}