{
    "structural_factor": 1.451194624142876,
    "functional_factor": 4.05649754974715
}