{
    "structural_factor": 4.041436047386179,
    "functional_factor": 1.202988292245776
}