{
    "structural_factor": 3.976081720511294,
    "functional_factor": 2.4503612310599854
}