{
    "structural_factor": 4.570572763486919,
    "functional_factor": 1.3152895200040944
}