{
    "structural_factor": 2.6553873092966604,
    "functional_factor": 1.780494511677439
}