{
    "structural_factor": 2.034749238274002,
    "functional_factor": 1.05385456766221
}