{
    "structural_factor": 1.736176267127655,
    "functional_factor": 1.290653370744572
}