{
    "structural_factor": 1.481782495075433,
    "functional_factor": 1.1560573253382849
}