{
    "structural_factor": 1.1390715618176863,
    "functional_factor": 6.949831309562741
}