{
    "structural_factor": 1.923885651778445,
    "functional_factor": 1.285371765263274
}