{
    "structural_factor": 3.0770483418875005,
    "functional_factor": 1.5512824481011425
}