{
    "structural_factor": 0.5693712931812828,
    "functional_factor": 6.647681049955273
}