{
    "structural_factor": 2.2147352054398635,
    "functional_factor": 1.724294800052339
}