{
    "structural_factor": 4.569711039514907,
    "functional_factor": 1.2709234757472874
}