{
    "structural_factor": 1.9783977826629633,
    "functional_factor": 1.078150228174504
}