{
    "structural_factor": 3.187379089308764,
    "functional_factor": 2.991347108857035
}