{
    "structural_factor": 1.0402130164838286,
    "functional_factor": 5.87695721717122
}