{
    "structural_factor": 3.584194783550704,
    "functional_factor": 1.156095010662688
}