{
    "structural_factor": 0.3549116614814262,
    "functional_factor": 3.485442428948221
}