{
    "structural_factor": 2.180833008656449,
    "functional_factor": 2.451285891240512
}