{
    "structural_factor": 1.2059270435515683,
    "functional_factor": 3.22057147820107
}