{
    "structural_factor": 1.5425978694636804,
    "functional_factor": 1.0905956243347605
}