{
    "structural_factor": 1.751918545054288,
    "functional_factor": 1.0034205042278326
}