{
    "structural_factor": 2.051569503628267,
    "functional_factor": 1.0981796499360115
}