{
    "structural_factor": 3.036782778436836,
    "functional_factor": 1.1063252838061903
}