{
    "structural_factor": 2.5480036944561903,
    "functional_factor": 5.743426343550392
}