{
    "structural_factor": 4.55197619459243,
    "functional_factor": 1.241434866044464
}