{
    "structural_factor": 3.7606045373658503,
    "functional_factor": 1.018535866598243
}