{
    "structural_factor": 4.260619028147968,
    "functional_factor": 1.0346249851300036
}