{
    "structural_factor": 4.010650410711332,
    "functional_factor": 1.2000332845764343
}