{
    "structural_factor": 4.191779894163461,
    "functional_factor": 1.7664191242946206
}