{
    "structural_factor": 1.7824392892964627,
    "functional_factor": 3.247123184618339
}