{
    "structural_factor": 1.4391131451812489,
    "functional_factor": 1.5300651265596654
}