{
    "structural_factor": 4.0075699770551365,
    "functional_factor": 0.992905183894899
}