{
    "structural_factor": 3.5437436189876856,
    "functional_factor": 1.7450492831779012
}