{
    "structural_factor": 3.7802376035581937,
    "functional_factor": 2.022484733228723
}