{
    "structural_factor": 5.003730892039344,
    "functional_factor": 1.004824904936669
}