{
    "structural_factor": 1.0988271120682873,
    "functional_factor": 4.393035069185871
}