{
    "structural_factor": 1.0251699414020043,
    "functional_factor": 1.2291305461411826
}