{
    "structural_factor": 3.8182941776668766,
    "functional_factor": 1.6107273181414226
}