{
    "structural_factor": 1.5138610892168811,
    "functional_factor": 3.9367345539854606
}