{
    "structural_factor": 2.0208858609638853,
    "functional_factor": 1.1468762149948708
}