{
    "structural_factor": 2.7742559157090154,
    "functional_factor": 1.1206380889708003
}