{
    "structural_factor": 0.8891924641172221,
    "functional_factor": 2.1875404025033776
}