{
    "structural_factor": 1.0385936297845695,
    "functional_factor": 1.1780052992357637
}