{
    "structural_factor": 1.3213969728615749,
    "functional_factor": 1.7744168710025496
}