{
    "structural_factor": 2.3596306957497184,
    "functional_factor": 1.8766260679266562
}