{
    "structural_factor": 0.6536400185382757,
    "functional_factor": 2.620370520781972
}