{
    "structural_factor": 1.0028661100471732,
    "functional_factor": 1.0149843101433487
}