{
    "structural_factor": 3.9090823075015644,
    "functional_factor": 4.03973852020944
}