{
    "structural_factor": 0.755335500126528,
    "functional_factor": 4.039779263137802
}