{
    "structural_factor": 0.949319615448236,
    "functional_factor": 1.2861279739069478
}