{
    "structural_factor": 2.3334753131305868,
    "functional_factor": 1.207500260205468
}