{
    "structural_factor": 1.2396622515899864,
    "functional_factor": 1.0483425361461598
}