{
    "structural_factor": 2.140912940190207,
    "functional_factor": 1.1560136567187462
}