{
    "structural_factor": 0.43429493782254747,
    "functional_factor": 7.371069927624766
}