{
    "structural_factor": 2.46936529136626,
    "functional_factor": 2.9023926625490146
}