{
    "structural_factor": 1.8894071759032272,
    "functional_factor": 5.530061223831849
}