{
    "structural_factor": 2.7673389908612096,
    "functional_factor": 1.1771673051165823
}