{
    "structural_factor": 1.4924909805138604,
    "functional_factor": 1.0393016613639443
}