{
    "structural_factor": 4.5038173627428595,
    "functional_factor": 1.0022308133062376
}