{
    "structural_factor": 4.052324284183182,
    "functional_factor": 1.5541498430143905
}