{
    "structural_factor": 2.254609993558978,
    "functional_factor": 0.9924230547012296
}