{
    "structural_factor": 5.031454255919324,
    "functional_factor": 1.1532273043119625
}