{
    "structural_factor": 3.0124487199281846,
    "functional_factor": 1.082684652846125
}