{
    "structural_factor": 2.509958443091824,
    "functional_factor": 1.0154296868069153
}