{
    "structural_factor": 4.290739103763661,
    "functional_factor": 1.7093018849155053
}