{
    "structural_factor": 2.538504192682291,
    "functional_factor": 1.7447302516888052
}