{
    "structural_factor": 1.7182874847506622,
    "functional_factor": 1.499069806511003
}