{
    "structural_factor": 4.7628403021164365,
    "functional_factor": 1.0371718772634066
}