{
    "structural_factor": 4.655990489940716,
    "functional_factor": 1.1312254022540853
}