{
    "structural_factor": 1.544939230165351,
    "functional_factor": 1.5433154063433168
}