{
    "structural_factor": 3.7499451758941333,
    "functional_factor": 0.9998677571155428
}