{
    "structural_factor": 2.843281543121308,
    "functional_factor": 2.4960689037287622
}