{
    "structural_factor": 2.0347041785736812,
    "functional_factor": 1.2098652414773967
}