{
    "structural_factor": 3.7695863192386057,
    "functional_factor": 1.5570953802504859
}