{
    "structural_factor": 3.1362078330892373,
    "functional_factor": 1.958891423661719
}