{
    "structural_factor": 1.7851294709945498,
    "functional_factor": 1.06246112392249
}