{
    "structural_factor": 1.8331392298254248,
    "functional_factor": 2.740481399476501
}