{
    "structural_factor": 4.769360883916265,
    "functional_factor": 1.0821589693765628
}