{
    "structural_factor": 2.98886356514323,
    "functional_factor": 1.161162146093625
}