{
    "structural_factor": 5.018090789700772,
    "functional_factor": 1.0849606577415671
}