{
    "structural_factor": 4.279445308549949,
    "functional_factor": 1.9090352840338227
}