{
    "structural_factor": 2.797034940285348,
    "functional_factor": 1.6812999023504973
}