{
    "structural_factor": 2.5047149367338992,
    "functional_factor": 1.0006302987021964
}