{
    "structural_factor": 4.040608021617254,
    "functional_factor": 1.3629170225751128
}