{
    "structural_factor": 2.2648410848298286,
    "functional_factor": 2.8454653964590353
}