{
    "structural_factor": 2.2496027801384537,
    "functional_factor": 1.0000230819027203
}