{
    "structural_factor": 1.6626310542188745,
    "functional_factor": 1.2687717606342281
}