{
    "structural_factor": 4.961065981080809,
    "functional_factor": 3.3953612387422467
}