{
    "structural_factor": 4.67178712309785,
    "functional_factor": 2.447251427635043
}