{
    "structural_factor": 1.2453517766403037,
    "functional_factor": 1.0189133730320554
}