{
    "structural_factor": 1.4319318806957333,
    "functional_factor": 3.745287283913828
}