{
    "structural_factor": 2.3054620606065757,
    "functional_factor": 2.8420050091008915
}