{
    "structural_factor": 2.9972419153579164,
    "functional_factor": 1.0028495580159613
}