{
    "structural_factor": 1.684190404131291,
    "functional_factor": 4.169698589617802
}