{
    "structural_factor": 1.6796924734687693,
    "functional_factor": 2.5212902144741243
}