{
    "structural_factor": 3.389024101811382,
    "functional_factor": 2.2373790137326677
}