{
    "structural_factor": 2.85509315733149,
    "functional_factor": 1.5413716319535093
}