{
    "structural_factor": 4.261409224850064,
    "functional_factor": 3.299293208821889
}