{
    "structural_factor": 4.25659484672954,
    "functional_factor": 1.0191616784347386
}