{
    "structural_factor": 1.2271321635330728,
    "functional_factor": 1.168813307147044
}