{
    "structural_factor": 1.7599866062533793,
    "functional_factor": 0.9977418961847119
}