{
    "structural_factor": 4.771671896706629,
    "functional_factor": 1.112470014531692
}