{
    "structural_factor": 4.523127516824053,
    "functional_factor": 1.124772528860855
}