{
    "structural_factor": 4.438000036400885,
    "functional_factor": 1.7879411372374565
}