{
    "structural_factor": 3.812564494615067,
    "functional_factor": 1.3673261502874876
}