{
    "structural_factor": 2.1841227476387157,
    "functional_factor": 1.2365906247664467
}