{
    "structural_factor": 2.0400141821723206,
    "functional_factor": 1.0579344071289982
}