{
    "structural_factor": 4.025687161287385,
    "functional_factor": 1.074598295854687
}