{
    "structural_factor": 3.5707427860182968,
    "functional_factor": 1.5293482582135514
}