{
    "structural_factor": 2.295788004828964,
    "functional_factor": 1.06044439980731
}