{
    "structural_factor": 3.6293196595243797,
    "functional_factor": 3.2658177597016897
}