{
    "structural_factor": 2.253028757240173,
    "functional_factor": 1.0037610835309956
}