{
    "structural_factor": 3.231069238306445,
    "functional_factor": 1.6313950100176948
}