{
    "structural_factor": 3.4994116867000193,
    "functional_factor": 0.9999772793353789
}