{
    "structural_factor": 2.5411845842364063,
    "functional_factor": 1.0651153579586243
}