{
    "structural_factor": 3.8970706114237395,
    "functional_factor": 1.5686410154678214
}