{
    "structural_factor": 2.8123497193036626,
    "functional_factor": 3.6086819015080915
}