{
    "structural_factor": 2.7297521122729305,
    "functional_factor": 1.1423650794233247
}