{
    "structural_factor": 5.003057885033784,
    "functional_factor": 0.9992077700980343
}