{
    "structural_factor": 2.2701127919627933,
    "functional_factor": 2.5812564465375454
}