{
    "structural_factor": 3.2670425777778016,
    "functional_factor": 1.0362995411714981
}