{
    "structural_factor": 0.8809742321137853,
    "functional_factor": 1.7874363879971977
}