{
    "structural_factor": 2.2416186784268506,
    "functional_factor": 1.2022358851019412
}