{
    "structural_factor": 3.6900861776192504,
    "functional_factor": 1.229684125014954
}