{
    "structural_factor": 4.002730485320683,
    "functional_factor": 1.0046314721799676
}