{
    "structural_factor": 1.1132500409453887,
    "functional_factor": 14.031563563811753
}