{
    "structural_factor": 0.9970721135523655,
    "functional_factor": 1.0213621334048604
}