{
    "structural_factor": 2.8143389965407937,
    "functional_factor": 1.179765571029954
}