{
    "structural_factor": 1.0651091256185465,
    "functional_factor": 15.2805625890415
}