{
    "structural_factor": 1.0943850340627523,
    "functional_factor": 2.4189085403298627
}