{
    "structural_factor": 2.6975712594265997,
    "functional_factor": 2.6089436742711634
}