{
    "structural_factor": 4.471642848553435,
    "functional_factor": 2.812124013255956
}