{
    "structural_factor": 2.088334669868241,
    "functional_factor": 2.5550437027034656
}