{
    "structural_factor": 3.2495766107448083,
    "functional_factor": 0.9999612604488085
}