{
    "structural_factor": 3.6985943324817767,
    "functional_factor": 3.2400692541366967
}