{
    "structural_factor": 1.9997038477801623,
    "functional_factor": 0.9999877701497265
}