{
    "structural_factor": 5.045590360753529,
    "functional_factor": 1.567595768303374
}