{
    "structural_factor": 4.468350266841105,
    "functional_factor": 1.5062817208177903
}