{
    "structural_factor": 1.2511359701489964,
    "functional_factor": 1.0037895176902611
}