{
    "structural_factor": 2.3982348234315483,
    "functional_factor": 1.821936388717201
}