{
    "structural_factor": 2.004178859053001,
    "functional_factor": 4.711843457599778
}