{
    "structural_factor": 1.4851588692809552,
    "functional_factor": 3.8227270032049745
}