{
    "structural_factor": 2.142812316779791,
    "functional_factor": 1.4954694306607588
}