{
    "structural_factor": 1.759680171112223,
    "functional_factor": 1.0277679444597616
}