{
    "structural_factor": 0.6299057085223094,
    "functional_factor": 2.359693223945674
}