{
    "structural_factor": 1.4840400182162696,
    "functional_factor": 5.378142475778357
}