{
    "structural_factor": 3.7515808784391176,
    "functional_factor": 1.1856104652282886
}