{
    "structural_factor": 3.4249534942323807,
    "functional_factor": 2.371913487527128
}