{
    "structural_factor": 1.8080874687671353,
    "functional_factor": 7.972790584840235
}