{
    "structural_factor": 2.550944054910776,
    "functional_factor": 1.866589289867506
}