{
    "structural_factor": 4.508146174424388,
    "functional_factor": 2.355682123151699
}