{
    "structural_factor": 0.9284806110565389,
    "functional_factor": 1.3395024236457926
}