{
    "structural_factor": 2.782913563077158,
    "functional_factor": 1.2564122306637129
}