{
    "structural_factor": 1.0904357055990863,
    "functional_factor": 3.5333923861806475
}