{
    "structural_factor": 2.733291250751468,
    "functional_factor": 1.5314369052518872
}