{
    "structural_factor": 0.7927530608509518,
    "functional_factor": 3.653721773823447
}