{
    "structural_factor": 3.783926446908638,
    "functional_factor": 2.643671849348774
}