{
    "structural_factor": 3.245077390151863,
    "functional_factor": 0.9943212730214743
}