{
    "structural_factor": 3.021052125593047,
    "functional_factor": 3.226651640890777
}