{
    "structural_factor": 1.2440508901496576,
    "functional_factor": 2.4538145376329865
}