{
    "structural_factor": 2.325618246275877,
    "functional_factor": 4.556101663320859
}