{
    "structural_factor": 3.5065791025513864,
    "functional_factor": 1.0168957748382463
}