{
    "structural_factor": 4.253339816657104,
    "functional_factor": 3.546071283014376
}