{
    "structural_factor": 2.754290335508131,
    "functional_factor": 1.0146399804171022
}