{
    "structural_factor": 2.4096624970373455,
    "functional_factor": 2.9318031312435107
}