{
    "structural_factor": 1.7496855114300396,
    "functional_factor": 1.0000189792270515
}