{
    "structural_factor": 2.7521934860575015,
    "functional_factor": 1.001410436594804
}