{
    "structural_factor": 3.955770633354571,
    "functional_factor": 1.8436874638180696
}