{
    "structural_factor": 4.761052102473962,
    "functional_factor": 0.992911569232833
}