{
    "structural_factor": 3.7721242181428267,
    "functional_factor": 2.838523276040056
}