{
    "structural_factor": 2.1684473980914034,
    "functional_factor": 1.4228668287763337
}