{
    "structural_factor": 1.489075944247207,
    "functional_factor": 1.0755682211122872
}