{
    "structural_factor": 3.297428456505468,
    "functional_factor": 1.195772477228431
}