{
    "structural_factor": 2.2495708110231205,
    "functional_factor": 1.0000196609091927
}