{
    "structural_factor": 2.5752066284587407,
    "functional_factor": 1.28294809365224
}