{
    "structural_factor": 1.7574621172262441,
    "functional_factor": 0.9969771908613234
}