{
    "structural_factor": 4.277568962981893,
    "functional_factor": 1.7593164459901478
}