{
    "structural_factor": 3.24942752521536,
    "functional_factor": 0.9999836159506947
}