{
    "structural_factor": 3.820212628647496,
    "functional_factor": 1.3091184763882584
}