{
    "structural_factor": 2.829008665152274,
    "functional_factor": 3.7222770305840363
}