{
    "structural_factor": 2.468367375970543,
    "functional_factor": 1.6803647225711118
}