{
    "structural_factor": 2.172367410147091,
    "functional_factor": 1.777323719332279
}