{
    "structural_factor": 1.3622442374523103,
    "functional_factor": 2.9272550000074378
}