{
    "structural_factor": 3.0346182716542067,
    "functional_factor": 1.072312653294896
}