{
    "structural_factor": 2.9165521187088523,
    "functional_factor": 1.2392528080741085
}