{
    "structural_factor": 2.0259989416613675,
    "functional_factor": 8.653554039937763
}