{
    "structural_factor": 1.2497943800388427,
    "functional_factor": 1.0000146727775348
}