{
    "structural_factor": 3.7449600798354057,
    "functional_factor": 1.0208360955988702
}