{
    "structural_factor": 4.292098663336837,
    "functional_factor": 3.2525367167416723
}