{
    "structural_factor": 2.7929150520953874,
    "functional_factor": 4.010579052887952
}