{
    "structural_factor": 1.3018054391485303,
    "functional_factor": 1.3434615668744232
}