{
    "structural_factor": 3.9792671922342353,
    "functional_factor": 2.884379623933266
}