{
    "structural_factor": 2.1364387072619317,
    "functional_factor": 9.100016244691535
}