{
    "structural_factor": 0.4881501881567967,
    "functional_factor": 3.483053072075043
}