{
    "structural_factor": 4.7222177586613565,
    "functional_factor": 3.4049335270400936
}