{
    "structural_factor": 1.8275683881248586,
    "functional_factor": 1.1716568247524064
}