{
    "structural_factor": 0.9997940009956517,
    "functional_factor": 1.0000214340719336
}