{
    "structural_factor": 3.7665479913368696,
    "functional_factor": 1.1226325291347021
}