{
    "structural_factor": 2.0568853904620887,
    "functional_factor": 1.095369732700373
}