{
    "structural_factor": 1.8243887882348386,
    "functional_factor": 1.377375917720052
}