{
    "structural_factor": 1.7588973292231074,
    "functional_factor": 1.0130849046856574
}