{
    "structural_factor": 3.4480276090625,
    "functional_factor": 1.1260311545579826
}