{
    "structural_factor": 4.203131154310393,
    "functional_factor": 3.4030367630993408
}