{
    "structural_factor": 1.2455023196785306,
    "functional_factor": 2.348693162363614
}