{
    "structural_factor": 2.533344159882183,
    "functional_factor": 1.7070668583065713
}