{
    "structural_factor": 2.87836163969378,
    "functional_factor": 3.5432537553446535
}