{
    "structural_factor": 2.2466705971950685,
    "functional_factor": 0.9960568464189876
}