{
    "structural_factor": 1.2484522764472106,
    "functional_factor": 1.0126790352501234
}