{
    "structural_factor": 4.500600784445273,
    "functional_factor": 1.0383196903270966
}