{
    "structural_factor": 3.8055153177532537,
    "functional_factor": 1.2320639600256902
}