{
    "structural_factor": 0.9904998251311852,
    "functional_factor": 1.0508610265215843
}