{
    "structural_factor": 1.815265183956978,
    "functional_factor": 3.329018827672453
}