{
    "structural_factor": 1.222372231518388,
    "functional_factor": 1.2612072072055542
}