{
    "structural_factor": 1.0729337290259002,
    "functional_factor": 1.3442138133355572
}