{
    "structural_factor": 1.2996666472402503,
    "functional_factor": 1.3145682645414054
}