{
    "structural_factor": 3.5674060725681507,
    "functional_factor": 1.2030984391091397
}