{
    "structural_factor": 4.902265627311596,
    "functional_factor": 1.388741098146118
}