{
    "structural_factor": 2.8204961048435244,
    "functional_factor": 3.31618878966589
}