{
    "structural_factor": 3.235644612783855,
    "functional_factor": 1.9475568988840193
}