{
    "structural_factor": 5.019060960615236,
    "functional_factor": 1.1338506675836304
}