{
    "structural_factor": 1.5864525241029506,
    "functional_factor": 1.2046892192739673
}