{
    "structural_factor": 1.0629576007740742,
    "functional_factor": 5.122894839912542
}