{
    "structural_factor": 3.2540648687857905,
    "functional_factor": 1.0175229509755077
}