{
    "structural_factor": 3.7613320216868456,
    "functional_factor": 1.0413946056886478
}