{
    "structural_factor": 3.508615954374445,
    "functional_factor": 1.018288472944065
}