{
    "structural_factor": 3.0045297127483375,
    "functional_factor": 1.1266707029138263
}