{
    "structural_factor": 2.594644280591264,
    "functional_factor": 3.973364390898781
}