{
    "structural_factor": 0.60922762820818,
    "functional_factor": 3.9765853613303186
}