{
    "structural_factor": 1.9124219708213575,
    "functional_factor": 4.428343274641307
}