{
    "structural_factor": 4.512255267316506,
    "functional_factor": 1.0811694319700669
}