{
    "structural_factor": 3.255984372088836,
    "functional_factor": 1.0353339978091978
}