{
    "structural_factor": 4.056909916292603,
    "functional_factor": 1.232935444103053
}