{
    "structural_factor": 2.4996950732754004,
    "functional_factor": 0.9999914649750294
}