{
    "structural_factor": 5.001685405995361,
    "functional_factor": 1.0183776584569888
}