{
    "structural_factor": 2.8342855884368943,
    "functional_factor": 1.2113354672194738
}