{
    "structural_factor": 1.7382563788456786,
    "functional_factor": 1.0766198751923488
}