{
    "structural_factor": 3.000049822941157,
    "functional_factor": 1.0020625977189703
}