{
    "structural_factor": 2.1841020170886143,
    "functional_factor": 2.461816143678453
}