{
    "structural_factor": 0.8188416138944691,
    "functional_factor": 2.8627077040724056
}