{
    "structural_factor": 3.9732908081625844,
    "functional_factor": 3.4096483156164035
}