{
    "structural_factor": 1.1463303718298687,
    "functional_factor": 2.904763001181409
}