{
    "structural_factor": 5.030873059041389,
    "functional_factor": 1.2213465323455328
}