{
    "structural_factor": 3.8860743611331956,
    "functional_factor": 1.765299793091668
}