{
    "structural_factor": 3.0212867199910005,
    "functional_factor": 2.5576936593987996
}