{
    "structural_factor": 2.1387037344484,
    "functional_factor": 5.456027850348431
}