{
    "structural_factor": 4.008254797232624,
    "functional_factor": 1.0197087061086467
}