{
    "structural_factor": 2.7653582179464564,
    "functional_factor": 2.116447353293513
}