{
    "structural_factor": 1.1415617278764751,
    "functional_factor": 3.887661980016229
}