{
    "structural_factor": 1.276122305738038,
    "functional_factor": 1.1451609617873013
}