{
    "structural_factor": 1.492027793601212,
    "functional_factor": 1.489197315786178
}