{
    "structural_factor": 1.2535586812624344,
    "functional_factor": 1.0283207710936373
}