{
    "structural_factor": 0.9373893438518568,
    "functional_factor": 1.1807291308632544
}