{
    "structural_factor": 0.5899405195714348,
    "functional_factor": 7.25417728984579
}