{
    "structural_factor": 1.008533251343307,
    "functional_factor": 1.744646455436784
}