{
    "structural_factor": 2.0417396100073977,
    "functional_factor": 2.007083403035435
}