{
    "structural_factor": 1.0048994680114933,
    "functional_factor": 1.111554117518902
}