{
    "structural_factor": 1.981673885398428,
    "functional_factor": 1.1482439362699033
}