{
    "structural_factor": 1.6099305594499491,
    "functional_factor": 2.512770313602876
}