{
    "structural_factor": 4.504362249657123,
    "functional_factor": 1.0866921409649424
}