{
    "structural_factor": 0.9962062761578703,
    "functional_factor": 1.0182966725130314
}