{
    "structural_factor": 1.9162185384433428,
    "functional_factor": 2.5086890102244377
}