{
    "structural_factor": 2.902593057203723,
    "functional_factor": 3.7731497358690853
}