{
    "structural_factor": 3.5564900088182934,
    "functional_factor": 3.2746440136455113
}