{
    "structural_factor": 1.2367969055522492,
    "functional_factor": 1.7038707071545491
}