{
    "structural_factor": 3.5110182020565857,
    "functional_factor": 1.0371994551965182
}