{
    "structural_factor": 4.025306661174164,
    "functional_factor": 1.1294313304503987
}