{
    "structural_factor": 3.0125969691886216,
    "functional_factor": 1.0142849492495647
}