{
    "structural_factor": 2.006713831208743,
    "functional_factor": 0.9993860320901358
}