{
    "structural_factor": 1.6720005616705893,
    "functional_factor": 1.1624773551939225
}