{
    "structural_factor": 2.7593178908657583,
    "functional_factor": 1.0006559478767971
}