{
    "structural_factor": 2.4917776838841235,
    "functional_factor": 3.8918300175708205
}