{
    "structural_factor": 4.491318600175371,
    "functional_factor": 1.0175505291201439
}