{
    "structural_factor": 1.7057651630470394,
    "functional_factor": 3.0380536340428015
}