{
    "structural_factor": 1.254549559169228,
    "functional_factor": 7.146438596792036
}