{
    "structural_factor": 4.752537485413447,
    "functional_factor": 1.0047845200355983
}