{
    "structural_factor": 3.3084670776040976,
    "functional_factor": 1.3491846277441975
}