{
    "structural_factor": 2.30242029482466,
    "functional_factor": 1.2357315799586095
}