{
    "structural_factor": 3.935993598014274,
    "functional_factor": 2.1247991706167846
}