{
    "structural_factor": 3.9516185843340503,
    "functional_factor": 2.596310904815461
}