{
    "structural_factor": 0.9450748385585496,
    "functional_factor": 1.3638640533421293
}