{
    "structural_factor": 4.5030986754062,
    "functional_factor": 1.0378518992800223
}