{
    "structural_factor": 1.7583073222802927,
    "functional_factor": 3.407242495967438
}