{
    "structural_factor": 1.4198047268798462,
    "functional_factor": 1.8653447071696523
}