{
    "structural_factor": 1.127801106364211,
    "functional_factor": 6.127502359821236
}