{
    "structural_factor": 3.7160772383265117,
    "functional_factor": 1.2094742693770892
}