{
    "structural_factor": 3.851208217128654,
    "functional_factor": 1.1552913841478123
}