{
    "structural_factor": 3.5370012673472333,
    "functional_factor": 1.7019737872034557
}