{
    "structural_factor": 3.3266542620898263,
    "functional_factor": 1.5378535159483613
}