{
    "structural_factor": 3.511597885397624,
    "functional_factor": 1.1265560290604606
}