{
    "structural_factor": 1.931263649484591,
    "functional_factor": 1.5321345027539965
}