{
    "structural_factor": 1.5300905527621549,
    "functional_factor": 1.0611717271561039
}