{
    "structural_factor": 3.5017857390508893,
    "functional_factor": 1.020641214092498
}