{
    "structural_factor": 2.9963829504817467,
    "functional_factor": 0.9953857132688052
}