{
    "structural_factor": 2.249640483357923,
    "functional_factor": 0.9999961925101758
}