{
    "structural_factor": 1.1880164825170305,
    "functional_factor": 1.160260406530556
}