{
    "structural_factor": 1.6934880229667093,
    "functional_factor": 3.112378241409337
}