{
    "structural_factor": 4.8022254381191924,
    "functional_factor": 1.4186891732816607
}