{
    "structural_factor": 2.834165690484824,
    "functional_factor": 1.1468946711778027
}