{
    "structural_factor": 3.058318588143974,
    "functional_factor": 2.124939371391715
}