{
    "structural_factor": 2.2612149099124124,
    "functional_factor": 1.0010695899123085
}