{
    "structural_factor": 1.4990839732275327,
    "functional_factor": 1.012055130586572
}