{
    "structural_factor": 1.028506270883218,
    "functional_factor": 3.085482274942612
}