{
    "structural_factor": 1.5700282567799106,
    "functional_factor": 1.1882548541161373
}