{
    "structural_factor": 2.1580115395129185,
    "functional_factor": 2.559451578530197
}