{
    "structural_factor": 5.0488019774998945,
    "functional_factor": 1.607680951901484
}