{
    "structural_factor": 1.2985997582943911,
    "functional_factor": 2.3858971550096064
}