{
    "structural_factor": 1.7351307630347435,
    "functional_factor": 1.2075312076442484
}