{
    "structural_factor": 4.731311586483526,
    "functional_factor": 2.081875906406273
}