{
    "structural_factor": 0.8412388257250691,
    "functional_factor": 2.4513848831635516
}