{
    "structural_factor": 4.166779435675223,
    "functional_factor": 1.337445509330887
}