{
    "structural_factor": 4.254819200374354,
    "functional_factor": 1.1521702676480345
}