{
    "structural_factor": 4.771482060981815,
    "functional_factor": 1.1422570338292635
}