{
    "structural_factor": 1.240843193075843,
    "functional_factor": 1.9038310433909214
}