{
    "structural_factor": 2.4955129728904195,
    "functional_factor": 1.289998929439021
}