{
    "structural_factor": 3.505560718814692,
    "functional_factor": 1.0772168250777674
}