{
    "structural_factor": 2.8646883311230096,
    "functional_factor": 4.33989127705212
}