{
    "structural_factor": 3.012604977946365,
    "functional_factor": 1.0175432831626747
}