{
    "structural_factor": 3.260305286332871,
    "functional_factor": 1.0162526080261967
}