{
    "structural_factor": 4.540504884000933,
    "functional_factor": 1.3106280346286694
}