{
    "structural_factor": 4.749420578202931,
    "functional_factor": 1.755261972796087
}