{
    "structural_factor": 3.3003063452965993,
    "functional_factor": 1.1498001424091193
}