{
    "structural_factor": 0.9763461013549665,
    "functional_factor": 1.7034531356988427
}