{
    "structural_factor": 3.545046839364087,
    "functional_factor": 1.1533608194314806
}