{
    "structural_factor": 1.5291850625079526,
    "functional_factor": 1.192938371396775
}