{
    "structural_factor": 2.7537573317633206,
    "functional_factor": 1.0036268441537288
}