{
    "structural_factor": 2.678823548405463,
    "functional_factor": 2.0164322619891086
}