{
    "structural_factor": 1.5130661080796424,
    "functional_factor": 1.028529393893031
}