{
    "structural_factor": 1.6944543900832179,
    "functional_factor": 3.8968523359483287
}