{
    "structural_factor": 1.0305096234537656,
    "functional_factor": 2.7496688803101708
}