{
    "structural_factor": 1.3188927328315103,
    "functional_factor": 1.2957070528022467
}