{
    "structural_factor": 4.514549106262228,
    "functional_factor": 0.9946993388434927
}