{
    "structural_factor": 4.264643421999004,
    "functional_factor": 1.1861564461606913
}