{
    "structural_factor": 3.3790134900204176,
    "functional_factor": 1.3647176320681107
}