{
    "structural_factor": 2.7908341488294766,
    "functional_factor": 1.9820796346898981
}