{
    "structural_factor": 2.3246314895445286,
    "functional_factor": 1.1965983946293788
}