{
    "structural_factor": 3.993959089400389,
    "functional_factor": 1.0195226645911561
}