{
    "structural_factor": 1.0014423221627302,
    "functional_factor": 7.149213519607117
}