{
    "structural_factor": 0.9843557489349933,
    "functional_factor": 1.4900437977723457
}