{
    "structural_factor": 4.006115283783677,
    "functional_factor": 0.9945418420352707
}