{
    "structural_factor": 3.502248508615343,
    "functional_factor": 2.881821548451561
}