{
    "structural_factor": 2.0786149799893052,
    "functional_factor": 1.1579959811400609
}