{
    "structural_factor": 1.5748986447689233,
    "functional_factor": 1.2154224286968836
}