{
    "structural_factor": 2.3557906290632853,
    "functional_factor": 1.2199329273281516
}