{
    "structural_factor": 2.2616672861079907,
    "functional_factor": 1.013870210962004
}