{
    "structural_factor": 2.3191901406395115,
    "functional_factor": 1.5184428409618043
}