{
    "structural_factor": 1.8812298999562633,
    "functional_factor": 4.4503371507222305
}