{
    "structural_factor": 1.7378370823865465,
    "functional_factor": 2.384436801948011
}