{
    "structural_factor": 4.273303581116397,
    "functional_factor": 1.1108032302944697
}