{
    "structural_factor": 1.453917840252145,
    "functional_factor": 1.1354866504964003
}