{
    "structural_factor": 1.5284314689852416,
    "functional_factor": 2.0538545618359274
}