{
    "structural_factor": 3.701651642830598,
    "functional_factor": 3.0977081609812136
}