{
    "structural_factor": 3.9899946493809315,
    "functional_factor": 1.2997821630917068
}