{
    "structural_factor": 3.0301355856373577,
    "functional_factor": 2.0123939334197423
}