{
    "structural_factor": 2.9970999247297376,
    "functional_factor": 4.080320263206191
}