{
    "structural_factor": 2.108817128964425,
    "functional_factor": 3.5979784904741465
}