{
    "structural_factor": 1.5920009386872547,
    "functional_factor": 1.470827003554424
}