{
    "structural_factor": 4.587618033764501,
    "functional_factor": 1.3739284233406432
}