{
    "structural_factor": 1.77592291148233,
    "functional_factor": 2.52707270682812
}