{
    "structural_factor": 4.300454726763516,
    "functional_factor": 1.5621923914679603
}