{
    "structural_factor": 1.0197632164182977,
    "functional_factor": 1.6672303062380058
}