{
    "structural_factor": 1.2192540444727875,
    "functional_factor": 1.1335676779997
}