{
    "structural_factor": 1.5509631849480918,
    "functional_factor": 1.7056622062566658
}