{
    "structural_factor": 4.626185941940832,
    "functional_factor": 1.3391505380573274
}