{
    "structural_factor": 1.8331846093418256,
    "functional_factor": 1.990484794346305
}