{
    "structural_factor": 2.2526549311784754,
    "functional_factor": 1.018038348054686
}