{
    "structural_factor": 0.7947249782290355,
    "functional_factor": 10.245724261140525
}