{
    "structural_factor": 3.749550588919499,
    "functional_factor": 1.0197758575764362
}