{
    "structural_factor": 4.130731696651529,
    "functional_factor": 2.4090702898428322
}