{
    "structural_factor": 3.039978469778672,
    "functional_factor": 1.1987939299681971
}