{
    "structural_factor": 2.0988401478697183,
    "functional_factor": 1.327328456768219
}