{
    "structural_factor": 0.8803988755866141,
    "functional_factor": 4.103536856055799
}