{
    "structural_factor": 2.3435133585537997,
    "functional_factor": 5.006466367153024
}