{
    "structural_factor": 2.6672927390834418,
    "functional_factor": 1.483266191420892
}