{
    "structural_factor": 4.5978304301740796,
    "functional_factor": 2.1315337153992733
}