{
    "structural_factor": 2.476570581756445,
    "functional_factor": 1.8103846555086447
}