{
    "structural_factor": 1.0599921280227391,
    "functional_factor": 1.480996873539597
}