{
    "structural_factor": 3.559148965678042,
    "functional_factor": 1.4935105764713537
}