{
    "structural_factor": 4.7468902085101,
    "functional_factor": 1.204169560691898
}