{
    "structural_factor": 3.536980699885304,
    "functional_factor": 1.1297632192067457
}