{
    "structural_factor": 4.179332628068702,
    "functional_factor": 1.2335792878931706
}