{
    "structural_factor": 2.7631864690184305,
    "functional_factor": 2.853913469924604
}