{
    "structural_factor": 2.796211870648863,
    "functional_factor": 1.2621976732253986
}