{
    "structural_factor": 3.199603531990938,
    "functional_factor": 1.3561012203315497
}