{
    "structural_factor": 2.2800212401657944,
    "functional_factor": 2.0731077940560865
}