{
    "structural_factor": 3.111686036818639,
    "functional_factor": 1.796946839906009
}