{
    "structural_factor": 3.72735624454143,
    "functional_factor": 2.4679136236820627
}