{
    "structural_factor": 2.245548808227814,
    "functional_factor": 1.0757776623170414
}