{
    "structural_factor": 3.919105787371285,
    "functional_factor": 5.949458039770058
}