{
    "structural_factor": 3.752100952263312,
    "functional_factor": 1.004479824274617
}