{
    "structural_factor": 1.5527076902909744,
    "functional_factor": 1.6657385434321788
}