{
    "structural_factor": 3.5029554810769614,
    "functional_factor": 1.0041406232210084
}