{
    "structural_factor": 1.4811965977502355,
    "functional_factor": 1.256189128215429
}