{
    "structural_factor": 3.597314640916929,
    "functional_factor": 1.366489809906669
}