{
    "structural_factor": 3.29346947474292,
    "functional_factor": 1.6955013733686453
}