{
    "structural_factor": 1.0119099274510959,
    "functional_factor": 1.0840893195154158
}