{
    "structural_factor": 1.7507736655448167,
    "functional_factor": 1.0204953504977157
}