{
    "structural_factor": 4.271740049524557,
    "functional_factor": 1.0770958385963005
}