{
    "structural_factor": 1.9361046027765272,
    "functional_factor": 1.246125085410994
}