{
    "structural_factor": 3.328146998235763,
    "functional_factor": 1.2188735487863476
}