{
    "structural_factor": 2.4089702686411436,
    "functional_factor": 1.8865080076519394
}